path,status,evidence_class,bytes,sha256,operation_count,applied_operation_count,failed_operation_count,failed_after_last_seed,last_seed_kind,last_event_kind,reference_count,first_reference_ms,last_reference_ms,last_reference_item_id
.DS_Store,REFERENCE_ONLY,CACHE_OR_OS_METADATA,,,0,0,0,0,,,1,,,PREEXTRACTED_COMMAND_OUTPUT_PATH_LIST
HRIS-porting-master-plan.md,RECOVERED_PARTIAL_EVENT_CHAIN,BLUEPRINT_ARTIFACT,38487,54f3f3925629cce2a9eb3e875e622bf48ce7b43214e37ce2be78adc8e49679a4,19,18,1,1,snapshot,update,1,,,PREEXTRACTED_COMMAND_OUTPUT_PATH_LIST
README.md,RECOVERED_EVENT_CHAIN_COMPLETE,BLUEPRINT_ARTIFACT,11967,76fe0a03a957aab7519051ab61600264ee9117173d81921baf7d30c20c97790a,69,67,2,0,snapshot,snapshot,1,,,PREEXTRACTED_COMMAND_OUTPUT_PATH_LIST
authorization-blueprint.md,RECOVERED_EVENT_CHAIN_COMPLETE,BLUEPRINT_ARTIFACT,27811,33b6ceedddd98ebac16f5509ca67f091f788bcfa4e6e9da411f620cfdcccdc48,29,29,0,0,snapshot,snapshot,1,,,PREEXTRACTED_COMMAND_OUTPUT_PATH_LIST
coding-readiness/.generate_api_pep_bindings.py.tmp,HISTORICALLY_DELETED,TEMP_OR_CANDIDATE,,,6,6,0,0,add,delete,0,,,
coding-readiness/01-full-coding-architecture.md,RECOVERED_EVENT_CHAIN_COMPLETE,BLUEPRINT_ARTIFACT,13334,a893290b90d560018bd532fde75632930e5bb1ef96733ad2cf2128a12c016f7e,28,28,0,0,snapshot,snapshot,1,,,PREEXTRACTED_COMMAND_OUTPUT_PATH_LIST
coding-readiness/02-frontend-module-architecture.md,RECOVERED_EVENT_CHAIN_COMPLETE,BLUEPRINT_ARTIFACT,12217,4257b83d4ca1b0313f93310e15c08f44d376af615dcb1d6d28bdd6f74a95c645,21,20,1,0,snapshot,snapshot,1,,,PREEXTRACTED_COMMAND_OUTPUT_PATH_LIST
coding-readiness/03-backend-service-architecture.md,RECOVERED_EVENT_CHAIN_COMPLETE,BLUEPRINT_ARTIFACT,16914,8dc979dc37eb59490b4c721cf561780196a4ebb2fae39ed37882115b9108e47b,33,30,3,0,snapshot,snapshot,1,,,PREEXTRACTED_COMMAND_OUTPUT_PATH_LIST
coding-readiness/04-data-api-event-contract.md,RECOVERED_EVENT_CHAIN_COMPLETE,BLUEPRINT_ARTIFACT,14842,2cf23c303d053ef0451c996909992c1fbcb15ed07e3fda23839edc13a70c012b,27,25,2,0,snapshot,snapshot,1,,,PREEXTRACTED_COMMAND_OUTPUT_PATH_LIST
coding-readiness/05-security-privacy-compliance.md,RECOVERED_EVENT_CHAIN_COMPLETE,BLUEPRINT_ARTIFACT,7956,bb5743657ea77e2eba72ab7f7a92fb4881df3ce917971df639137ad57c4f72da,18,18,0,0,snapshot,snapshot,1,,,PREEXTRACTED_COMMAND_OUTPUT_PATH_LIST
coding-readiness/06-quality-operations-release.md,RECOVERED_EVENT_CHAIN_COMPLETE,BLUEPRINT_ARTIFACT,11290,6bc85d8e2ecd169c9ae4171b896acef8f454cc3103e9eae33c390dc9fae06601,18,17,1,0,snapshot,snapshot,1,,,PREEXTRACTED_COMMAND_OUTPUT_PATH_LIST
coding-readiness/07-modern-capability-coding-contract.md,RECOVERED_EVENT_CHAIN_COMPLETE,BLUEPRINT_ARTIFACT,17398,afabbc8a65ef5fdce1178bc1fedbe346cdbc59060c742ff9e6000d9830fd8eaa,22,13,9,0,snapshot,snapshot,1,,,PREEXTRACTED_COMMAND_OUTPUT_PATH_LIST
coding-readiness/07-modern-capability-exact-coding-contract.md,HISTORICALLY_DELETED,BLUEPRINT_ARTIFACT,,,3,3,0,0,snapshot,delete,0,,,
coding-readiness/08-transport-schema-contract.md,RECOVERED_EVENT_CHAIN_COMPLETE,BLUEPRINT_ARTIFACT,7689,681bb72403f9f3e11cb09d761e9d0bd43b70d71c79b4bedd49c92dd7c06b9d48,11,11,0,0,snapshot,update,1,,,PREEXTRACTED_COMMAND_OUTPUT_PATH_LIST
coding-readiness/09-information-architecture-contract.md,RECOVERED_EVENT_CHAIN_COMPLETE,BLUEPRINT_ARTIFACT,5670,dcf04fb7a50b19f07cd3e8c5a776a829a69c97634958e4c1b84e5c61a6621161,17,17,0,0,snapshot,snapshot,1,,,PREEXTRACTED_COMMAND_OUTPUT_PATH_LIST
coding-readiness/10-g3-slice-code-go-contract.md,RECOVERED_EVENT_CHAIN_COMPLETE,BLUEPRINT_ARTIFACT,7060,5dfcba188b733601985c06db9f41b6047a1889ecaf8f4f1b1860f720ba09d3d4,27,25,2,0,snapshot,snapshot,1,,,PREEXTRACTED_COMMAND_OUTPUT_PATH_LIST
coding-readiness/README.md,RECOVERED_PARTIAL_EVENT_CHAIN,BLUEPRINT_ARTIFACT,27581,b3ad60aebca40bb3b4904b0fbc642bdf60e7531179d3736fde1a6bb676a3f819,60,53,7,1,snapshot,update,1,,,PREEXTRACTED_COMMAND_OUTPUT_PATH_LIST
coding-readiness/__pycache__/generate_information_architecture_register.cpython-312.pyc,REFERENCE_ONLY,CACHE_OR_OS_METADATA,,,0,0,0,0,,,1,,,PREEXTRACTED_COMMAND_OUTPUT_PATH_LIST
coding-readiness/__pycache__/test_modern_semantic_field_lineage.cpython-312.pyc,REFERENCE_ONLY,CACHE_OR_OS_METADATA,,,0,0,0,0,,,1,,,PREEXTRACTED_COMMAND_OUTPUT_PATH_LIST
coding-readiness/__pycache__/validate_full_coding_readiness.cpython-312.pyc,REFERENCE_ONLY,CACHE_OR_OS_METADATA,,,0,0,0,0,,,1,,,PREEXTRACTED_COMMAND_OUTPUT_PATH_LIST
coding-readiness/__pycache__/validate_modern_capability_contracts.cpython-312.pyc,REFERENCE_ONLY,CACHE_OR_OS_METADATA,,,0,0,0,0,,,1,,,PREEXTRACTED_COMMAND_OUTPUT_PATH_LIST
coding-readiness/__pycache__/validate_modern_semantic_field_lineage.cpython-312.pyc,REFERENCE_ONLY,CACHE_OR_OS_METADATA,,,0,0,0,0,,,1,,,PREEXTRACTED_COMMAND_OUTPUT_PATH_LIST
coding-readiness/activation-gate-register.csv,RECOVERED_EVENT_CHAIN_COMPLETE,BLUEPRINT_ARTIFACT,7234,83f65e30f2382bf10fbd17fb63948c6bfd3ace66d401e615bae2691c76aada15,10,10,0,0,snapshot,update,1,,,PREEXTRACTED_COMMAND_OUTPUT_PATH_LIST
coding-readiness/api-pep-binding-register.csv,RECOVERED_EVENT_CHAIN_COMPLETE,BLUEPRINT_ARTIFACT,126576,0e38d724516a8b271069241ffa0fb6400984dc703758767de53cbaffb4f93da3,18,18,0,0,add,update,1,,,PREEXTRACTED_COMMAND_OUTPUT_PATH_LIST
coding-readiness/architecture-decision-register.csv,RECOVERED_EVENT_CHAIN_COMPLETE,BLUEPRINT_ARTIFACT,7814,bf085f568088126544056cc8532c139701ce8e23a602682361246129cc480d0c,3,1,2,0,snapshot,snapshot,1,,,PREEXTRACTED_COMMAND_OUTPUT_PATH_LIST
coding-readiness/audit_module_exact_business_start.py,RECOVERED_EVENT_CHAIN_COMPLETE,BLUEPRINT_ARTIFACT,30231,1fb457b3af99538e6263f3afff7d2d7069f7d4a46d3649457427d6b9c645e205,6,6,0,0,add,update,1,,,PREEXTRACTED_COMMAND_OUTPUT_PATH_LIST
coding-readiness/audit_sys_exact_business_start.cjs,RECOVERED_EVENT_CHAIN_COMPLETE,BLUEPRINT_ARTIFACT,99011,544307f4449422b29018b0273f0b630f24aba74bc4cce1bbd706cf608bb92726,43,43,0,0,add,update,1,,,PREEXTRACTED_COMMAND_OUTPUT_PATH_LIST
coding-readiness/build_modern_causal_independent_oracle.py,RECOVERED_EVENT_CHAIN_COMPLETE,BLUEPRINT_ARTIFACT,346949,ef0b5a52f4afc64f8153935eda08e4d127076de4ed0e2acd4b6cc9726ad7bd4f,148,148,0,0,add,update,1,,,PREEXTRACTED_COMMAND_OUTPUT_PATH_LIST
coding-readiness/country-pack-boundary-register.csv,RECOVERED_EVENT_CHAIN_COMPLETE,BLUEPRINT_ARTIFACT,0,e3b0c44298fc1c149afbf4c8996fb92427ae41e4649b934ca495991b7852b855,5,5,0,0,snapshot,snapshot,1,,,PREEXTRACTED_COMMAND_OUTPUT_PATH_LIST
coding-readiness/cross-cutting-ownership-register.csv,RECOVERED_EVENT_CHAIN_COMPLETE,BLUEPRINT_ARTIFACT,9651,c40c4e12cd986aed272c6bb7ce85e9858e8aa3e7d86c9b65d024de4a3fc33efc,12,12,0,0,snapshot,snapshot,1,,,PREEXTRACTED_COMMAND_OUTPUT_PATH_LIST
coding-readiness/cross-module-canonical-schemas.v1.json,RECOVERED_EVENT_CHAIN_COMPLETE,BLUEPRINT_ARTIFACT,29031,f6fb63f52e2b6043b62f8afdd87b7acdbd89fe9db3330d8a2818be9e5c8326c4,14,14,0,0,add,update,1,,,PREEXTRACTED_COMMAND_OUTPUT_PATH_LIST
coding-readiness/cross-module-contract-register.csv,RECOVERED_EVENT_CHAIN_COMPLETE,BLUEPRINT_ARTIFACT,13108,783bd3f6c6fdcf5d35da73020b2cc01f0c59cfd6e9fe9d56ffa75a3cd380f725,21,21,0,0,snapshot,snapshot,1,,,PREEXTRACTED_COMMAND_OUTPUT_PATH_LIST
coding-readiness/cross-module-schema-binding-register.csv,RECOVERED_EVENT_CHAIN_COMPLETE,BLUEPRINT_ARTIFACT,27892,b78fbae31c9cd48c4eadc37ea689d4f6987642ee8562700205f3c14bad0c6334,23,23,0,0,snapshot,update,1,,,PREEXTRACTED_COMMAND_OUTPUT_PATH_LIST
coding-readiness/decimal-value-types.v1.json,RECOVERED_EVENT_CHAIN_COMPLETE,BLUEPRINT_ARTIFACT,5766,8597640fa5cf5051cccc14fe4b83a4f179d54dfe36f0ffdaa319dc1149b5c6a6,4,3,1,0,snapshot,snapshot,1,,,PREEXTRACTED_COMMAND_OUTPUT_PATH_LIST
coding-readiness/external-input-classification-register.csv,RECOVERED_EVENT_CHAIN_COMPLETE,BLUEPRINT_ARTIFACT,2338,77684699f7fe6911a3dba6e7f537b973ff5f6744c30324dc0c0f1ba146c188b4,4,4,0,0,snapshot,snapshot,1,,,PREEXTRACTED_COMMAND_OUTPUT_PATH_LIST
coding-readiness/frontend-shared-presentation-binding-register.csv,RECOVERED_EVENT_CHAIN_COMPLETE,BLUEPRINT_ARTIFACT,733,bae83248ffab0c314e81c721ceb1f3770bf3e44ce7daaa7ea3852250f4541832,2,2,0,0,add,update,1,,,PREEXTRACTED_COMMAND_OUTPUT_PATH_LIST
coding-readiness/g3-contract-primary-ownership-register.csv,REFERENCE_ONLY,BLUEPRINT_ARTIFACT,,,1,0,1,1,,update,1,,,PREEXTRACTED_COMMAND_OUTPUT_PATH_LIST
coding-readiness/g3-file-allocation-register.csv,RECOVERED_EVENT_CHAIN_COMPLETE,BLUEPRINT_ARTIFACT,28987,a9deb03deff95bc7fc8c3126666d71a552eb9503c82508f2483d8bf4e1561219,57,54,3,0,snapshot,snapshot,1,,,PREEXTRACTED_COMMAND_OUTPUT_PATH_LIST
coding-readiness/g3-slice-code-go-register.csv,RECOVERED_HASH_VERIFIED_NUMBERED_EVIDENCE,BLUEPRINT_ARTIFACT,305301,fb646668329e93ca0b83b74e2a3e43619954cec1cb2f6770029677edbc8d5725,16,0,16,16,numbered_evidence,update,1,,,PREEXTRACTED_COMMAND_OUTPUT_PATH_LIST
coding-readiness/g4-functional-gate-contract.v1.json,REFERENCE_ONLY,BLUEPRINT_ARTIFACT,,,0,0,0,0,,,1,,,PREEXTRACTED_COMMAND_OUTPUT_PATH_LIST
coding-readiness/g5a-design-ai-package-allocation-register.csv,RECOVERED_EVENT_CHAIN_COMPLETE,BLUEPRINT_ARTIFACT,2782,2c0e84180aefe109345f4e530f46fba51bdcecd121cb0940878b1ea370d7e330,7,7,0,0,snapshot,snapshot,1,,,PREEXTRACTED_COMMAND_OUTPUT_PATH_LIST
coding-readiness/g5a_image_ocr.swift,RECOVERED_EVENT_CHAIN_COMPLETE,BLUEPRINT_ARTIFACT,1780,9d7272fd540626fb3d525dd9bbfb7f8ec43eed2c21a3e07b3bcb811cefdf3b2c,2,2,0,0,snapshot,snapshot,1,,,PREEXTRACTED_COMMAND_OUTPUT_PATH_LIST
coding-readiness/generate_g3_slice_code_go_register.py,RECOVERED_PARTIAL_EVENT_CHAIN,BLUEPRINT_ARTIFACT,10173,b0b34eb028f38b10e98a57ec9fc56d2ac5c4e2e0023a600f51b5dd283a6ac182,49,7,42,42,snapshot,update,1,,,PREEXTRACTED_COMMAND_OUTPUT_PATH_LIST
coding-readiness/generate_ia_entry_query_projection_schemas.py,RECOVERED_EVENT_CHAIN_COMPLETE,BLUEPRINT_ARTIFACT,38446,11041a6c61fc8aacb5d101574604c12af464bd930525c247bf85d7da80733cf7,27,27,0,0,add,update,1,,,PREEXTRACTED_COMMAND_OUTPUT_PATH_LIST
coding-readiness/generate_information_architecture_register.py,RECOVERED_PARTIAL_EVENT_CHAIN,BLUEPRINT_ARTIFACT,26148,8eedf9827658370e308add177b7237898f0252b0e09e82d8300d2230d299fdd8,18,15,3,3,add,update,1,,,PREEXTRACTED_COMMAND_OUTPUT_PATH_LIST
coding-readiness/generate_modern_canonical_five_successor.py,RECOVERED_EVENT_CHAIN_COMPLETE,BLUEPRINT_ARTIFACT,7864,b194782344484bff2b1ce6fc354f17458e1d668d4bbf00aac5298e26c44de5a5,6,6,0,0,snapshot,update,1,,,PREEXTRACTED_COMMAND_OUTPUT_PATH_LIST
coding-readiness/generate_modern_causal_module_successor.py,RECOVERED_EVENT_CHAIN_COMPLETE,BLUEPRINT_ARTIFACT,93031,96b12e8c1fa59c8b0f8b5b338629037ef3d168abe48efff17adae5db43448106,31,31,0,0,add,update,1,,,PREEXTRACTED_COMMAND_OUTPUT_PATH_LIST
coding-readiness/generate_modern_causal_successor.py,RECOVERED_EVENT_CHAIN_COMPLETE,BLUEPRINT_ARTIFACT,18045,560f7b321a5890b0903cc91798abb8c51336c8061aa767bc54dec9ad81bb0122,20,20,0,0,snapshot,update,1,,,PREEXTRACTED_COMMAND_OUTPUT_PATH_LIST
coding-readiness/generate_modern_closed_set_manifest.py,RECOVERED_EVENT_CHAIN_COMPLETE,BLUEPRINT_ARTIFACT,32186,2a1f62c81eb626c55fe54b8508a50b87307961b9f63dcf273da6764557d43b52,39,39,0,0,snapshot,update,1,,,PREEXTRACTED_COMMAND_OUTPUT_PATH_LIST
coding-readiness/generate_modern_event_successor_lineage.py,RECOVERED_EVENT_CHAIN_COMPLETE,BLUEPRINT_ARTIFACT,13943,79060782e28faebc0cf174acb893e23d414495a35e824cd91873199335e98c0d,8,8,0,0,snapshot,update,1,,,PREEXTRACTED_COMMAND_OUTPUT_PATH_LIST
coding-readiness/generate_modern_exact_event_successor.py,RECOVERED_PARTIAL_EVENT_CHAIN,BLUEPRINT_ARTIFACT,317345,bb6a74e268200286150b8ab99ffed9226ce8a495c117c5c67b2400965c72ef5c,213,203,10,10,add,update,1,,,PREEXTRACTED_COMMAND_OUTPUT_PATH_LIST
coding-readiness/generate_modern_operation_ssot_successor.py,RECOVERED_EVENT_CHAIN_COMPLETE,BLUEPRINT_ARTIFACT,619181,e9a79ea821258868e6ed1db6252d3126a1459ba6eb4cf8feca7ef9540489092d,349,349,0,0,add,update,1,,,PREEXTRACTED_COMMAND_OUTPUT_PATH_LIST
coding-readiness/generate_modern_semantic_field_lineage.py,RECOVERED_EVENT_CHAIN_COMPLETE,BLUEPRINT_ARTIFACT,156034,b64d7bf7164e754f51dc1e6fa7d88e03f36c1845bdb37e6cb91c3b299eabc389,138,138,0,0,add,update,1,,,PREEXTRACTED_COMMAND_OUTPUT_PATH_LIST
coding-readiness/generate_modern_semantic_identity_successor.py,RECOVERED_EVENT_CHAIN_COMPLETE,BLUEPRINT_ARTIFACT,24261,77253c10d20cc2033e4d1a20d0411c2b09d160a04964bac2cc6c4fb86fc62c96,9,9,0,0,snapshot,update,1,,,PREEXTRACTED_COMMAND_OUTPUT_PATH_LIST
coding-readiness/generate_sys_listening_stream_authority_successor.py,RECOVERED_EVENT_CHAIN_COMPLETE,BLUEPRINT_ARTIFACT,3619,7d000266c7f71e43e2c1915b04c9ab18003536923639832615114851f9fdf868,7,7,0,0,add,update,1,,,PREEXTRACTED_COMMAND_OUTPUT_PATH_LIST
coding-readiness/generated-contract-runtime-invariant-register.csv,RECOVERED_EVENT_CHAIN_COMPLETE,BLUEPRINT_ARTIFACT,42902,8fefef56ae0b7877ee67c3bad5fc8e8e51872aff5b40d7c6e69138cc0c7583d5,2,2,0,0,add,update,1,,,PREEXTRACTED_COMMAND_OUTPUT_PATH_LIST
coding-readiness/home-browser-pep-matrix.csv,RECOVERED_EVENT_CHAIN_COMPLETE,BLUEPRINT_ARTIFACT,4630,70239cd8d294db72fe91de100d550ad07af4e6b52fc06a94482100661156fa68,2,2,0,0,add,update,1,,,PREEXTRACTED_COMMAND_OUTPUT_PATH_LIST
coding-readiness/home-materialization-security-register.csv,RECOVERED_EVENT_CHAIN_COMPLETE,BLUEPRINT_ARTIFACT,5012,e5a0855091992de0e1f894a980422a5d426ebd96bb5f4ff811accb407f99fe59,13,13,0,0,add,update,1,,,PREEXTRACTED_COMMAND_OUTPUT_PATH_LIST
coding-readiness/hris-api-sor-transition-register.csv,RECOVERED_EVENT_CHAIN_COMPLETE,BLUEPRINT_ARTIFACT,13591,cf12fa5c42e2a1653633ec5e401379491891d8b216c611b84e687e03ae24c962,7,7,0,0,add,update,1,,,PREEXTRACTED_COMMAND_OUTPUT_PATH_LIST
coding-readiness/hris-information-architecture-register.csv,RECOVERED_EVENT_CHAIN_COMPLETE,BLUEPRINT_ARTIFACT,103877,ab506a2bb2f80c8ab81a4b9d575374d6bda83b312d11dce07495d4812bdf4686,2,2,0,0,add,add,1,,,PREEXTRACTED_COMMAND_OUTPUT_PATH_LIST
coding-readiness/hris-shell-navigation-register.csv,RECOVERED_EVENT_CHAIN_COMPLETE,BLUEPRINT_ARTIFACT,3226,f85ee40a66ce4100c5578fd3ca96bc89b652b0762e19d74cc7aeb76338009000,11,11,0,0,snapshot,snapshot,1,,,PREEXTRACTED_COMMAND_OUTPUT_PATH_LIST
coding-readiness/hris-workbench-task-group-register.csv,RECOVERED_EVENT_CHAIN_COMPLETE,BLUEPRINT_ARTIFACT,13920,f0b1ebb316e4d5944aac90002e144f25d8c1318216b6733e674cdc8c5042872b,4,4,0,0,snapshot,snapshot,1,,,PREEXTRACTED_COMMAND_OUTPUT_PATH_LIST
coding-readiness/hrm-transport-schema-supplement.v1.json,RECOVERED_EVENT_CHAIN_COMPLETE,BLUEPRINT_ARTIFACT,20613,85d29729961f4348b595f9773c76afd7232e4b92c5f198351afb4d8ac0dcf404,11,11,0,0,snapshot,snapshot,1,,,PREEXTRACTED_COMMAND_OUTPUT_PATH_LIST
coding-readiness/ia-entry-query-action-key-register.csv,REFERENCE_ONLY,BLUEPRINT_ARTIFACT,,,0,0,0,0,,,1,,,PREEXTRACTED_COMMAND_OUTPUT_PATH_LIST
coding-readiness/ia-entry-query-api-contract-register.csv,REFERENCE_ONLY,BLUEPRINT_ARTIFACT,,,0,0,0,0,,,1,,,PREEXTRACTED_COMMAND_OUTPUT_PATH_LIST
coding-readiness/ia-entry-query-field-type-register.csv,RECOVERED_EVENT_CHAIN_COMPLETE,BLUEPRINT_ARTIFACT,9315,1e103d8c823d62518607334f7b985ae416f7b5ceee55ef8098aae94972a7a948,1,1,0,0,add,add,1,,,PREEXTRACTED_COMMAND_OUTPUT_PATH_LIST
coding-readiness/ia-entry-query-projection-register.csv,RECOVERED_EVENT_CHAIN_COMPLETE,BLUEPRINT_ARTIFACT,28935,86c55b9d4be19056fcb550b8ea05ff662c88684a8da85c7a2d2b17423329fb6f,4,4,0,0,add,update,1,,,PREEXTRACTED_COMMAND_OUTPUT_PATH_LIST
coding-readiness/ia-entry-query-projection-schemas.v1.json,RECOVERED_EVENT_CHAIN_COMPLETE,BLUEPRINT_ARTIFACT,400112,48b5fbe05470c52de95a2f86fc098ba4c06cf3e6bceb7db2330e08483826b196,6,6,0,0,add,add,1,,,PREEXTRACTED_COMMAND_OUTPUT_PATH_LIST
coding-readiness/ia-entry-query-runtime-invariant-register.csv,REFERENCE_ONLY,BLUEPRINT_ARTIFACT,,,0,0,0,0,,,1,,,PREEXTRACTED_COMMAND_OUTPUT_PATH_LIST
coding-readiness/ia-node-access-contract-register.csv,RECOVERED_EVENT_CHAIN_COMPLETE,BLUEPRINT_ARTIFACT,46496,3fc33ce63642c337c9cf8dc6cfbd3b9287d9b1202c5b709e137744c7b28494bf,1,1,0,0,add,add,1,,,PREEXTRACTED_COMMAND_OUTPUT_PATH_LIST
coding-readiness/ia-shared-authorization-exception-register.csv,RECOVERED_EVENT_CHAIN_COMPLETE,BLUEPRINT_ARTIFACT,3239,80aa6a5da61d0f9716e375c8dbb1b66b7a22394af602ba233f78b1b8ea27c4b8,5,5,0,0,snapshot,update,1,,,PREEXTRACTED_COMMAND_OUTPUT_PATH_LIST
coding-readiness/materialize_g3_primary_ownership_once.py,HISTORICALLY_DELETED,BLUEPRINT_ARTIFACT,,,2,2,0,0,add,delete,0,,,
coding-readiness/materialize_tfr_roles_once.py,HISTORICALLY_DELETED,BLUEPRINT_ARTIFACT,,,2,2,0,0,add,delete,0,,,
coding-readiness/modern-canonical-candidate.2eZCXW/modern-capability-causal-state-contracts.v2.json,REFERENCE_ONLY,TEMP_OR_CANDIDATE,,,0,0,0,0,,,1,,,PREEXTRACTED_COMMAND_OUTPUT_PATH_LIST
coding-readiness/modern-canonical-candidate.2eZCXW/modern-capability-closed-set-manifest.v3.json,REFERENCE_ONLY,TEMP_OR_CANDIDATE,,,0,0,0,0,,,1,,,PREEXTRACTED_COMMAND_OUTPUT_PATH_LIST
coding-readiness/modern-canonical-candidate.2eZCXW/modern-capability-event-payload-contracts.v1.json,REFERENCE_ONLY,TEMP_OR_CANDIDATE,,,0,0,0,0,,,1,,,PREEXTRACTED_COMMAND_OUTPUT_PATH_LIST
coding-readiness/modern-canonical-candidate.2eZCXW/modern-capability-exact-schema-contracts.v1.json,REFERENCE_ONLY,TEMP_OR_CANDIDATE,,,0,0,0,0,,,1,,,PREEXTRACTED_COMMAND_OUTPUT_PATH_LIST
coding-readiness/modern-canonical-candidate.2eZCXW/modern-capability-operation-causal-contract-ssot.v2.json,REFERENCE_ONLY,TEMP_OR_CANDIDATE,,,0,0,0,0,,,1,,,PREEXTRACTED_COMMAND_OUTPUT_PATH_LIST
coding-readiness/modern-canonical-candidate.2eZCXW/modern-capability-public-identity-registry.v1.json,REFERENCE_ONLY,TEMP_OR_CANDIDATE,,,0,0,0,0,,,1,,,PREEXTRACTED_COMMAND_OUTPUT_PATH_LIST
coding-readiness/modern-canonical-candidate.2eZCXW/modern-capability-semantic-bindings.v1.json,REFERENCE_ONLY,TEMP_OR_CANDIDATE,,,0,0,0,0,,,1,,,PREEXTRACTED_COMMAND_OUTPUT_PATH_LIST
coding-readiness/modern-canonical-candidate.A7K8Kj/modern-capability-causal-state-contracts.v2.json,REFERENCE_ONLY,TEMP_OR_CANDIDATE,,,0,0,0,0,,,1,,,PREEXTRACTED_COMMAND_OUTPUT_PATH_LIST
coding-readiness/modern-canonical-candidate.A7K8Kj/modern-capability-closed-set-manifest.v3.json,REFERENCE_ONLY,TEMP_OR_CANDIDATE,,,0,0,0,0,,,1,,,PREEXTRACTED_COMMAND_OUTPUT_PATH_LIST
coding-readiness/modern-canonical-candidate.A7K8Kj/modern-capability-event-payload-contracts.v1.json,REFERENCE_ONLY,TEMP_OR_CANDIDATE,,,0,0,0,0,,,1,,,PREEXTRACTED_COMMAND_OUTPUT_PATH_LIST
coding-readiness/modern-canonical-candidate.A7K8Kj/modern-capability-exact-schema-contracts.v1.json,REFERENCE_ONLY,TEMP_OR_CANDIDATE,,,0,0,0,0,,,1,,,PREEXTRACTED_COMMAND_OUTPUT_PATH_LIST
coding-readiness/modern-canonical-candidate.A7K8Kj/modern-capability-operation-causal-contract-ssot.v2.json,REFERENCE_ONLY,TEMP_OR_CANDIDATE,,,0,0,0,0,,,1,,,PREEXTRACTED_COMMAND_OUTPUT_PATH_LIST
coding-readiness/modern-canonical-candidate.A7K8Kj/modern-capability-public-identity-registry.v1.json,REFERENCE_ONLY,TEMP_OR_CANDIDATE,,,0,0,0,0,,,1,,,PREEXTRACTED_COMMAND_OUTPUT_PATH_LIST
coding-readiness/modern-canonical-candidate.A7K8Kj/modern-capability-semantic-bindings.v1.json,REFERENCE_ONLY,TEMP_OR_CANDIDATE,,,0,0,0,0,,,1,,,PREEXTRACTED_COMMAND_OUTPUT_PATH_LIST
coding-readiness/modern-canonical-candidate.A7K8Kj/sys-listening-stream-authority-successor.v2.json,REFERENCE_ONLY,TEMP_OR_CANDIDATE,,,0,0,0,0,,,1,,,PREEXTRACTED_COMMAND_OUTPUT_PATH_LIST
coding-readiness/modern-canonical-candidate.Qs4ngh/modern-capability-causal-state-contracts.v2.json,REFERENCE_ONLY,TEMP_OR_CANDIDATE,,,0,0,0,0,,,1,,,PREEXTRACTED_COMMAND_OUTPUT_PATH_LIST
coding-readiness/modern-canonical-candidate.Qs4ngh/modern-capability-closed-set-manifest.v3.json,REFERENCE_ONLY,TEMP_OR_CANDIDATE,,,0,0,0,0,,,1,,,PREEXTRACTED_COMMAND_OUTPUT_PATH_LIST
coding-readiness/modern-canonical-candidate.Qs4ngh/modern-capability-event-payload-contracts.v1.json,REFERENCE_ONLY,TEMP_OR_CANDIDATE,,,0,0,0,0,,,1,,,PREEXTRACTED_COMMAND_OUTPUT_PATH_LIST
coding-readiness/modern-canonical-candidate.Qs4ngh/modern-capability-exact-schema-contracts.v1.json,REFERENCE_ONLY,TEMP_OR_CANDIDATE,,,0,0,0,0,,,1,,,PREEXTRACTED_COMMAND_OUTPUT_PATH_LIST
coding-readiness/modern-canonical-candidate.Qs4ngh/modern-capability-operation-causal-contract-ssot.v2.json,REFERENCE_ONLY,TEMP_OR_CANDIDATE,,,0,0,0,0,,,1,,,PREEXTRACTED_COMMAND_OUTPUT_PATH_LIST
coding-readiness/modern-canonical-candidate.Qs4ngh/modern-capability-public-identity-registry.v1.json,REFERENCE_ONLY,TEMP_OR_CANDIDATE,,,0,0,0,0,,,1,,,PREEXTRACTED_COMMAND_OUTPUT_PATH_LIST
coding-readiness/modern-canonical-candidate.Qs4ngh/modern-capability-semantic-bindings.v1.json,REFERENCE_ONLY,TEMP_OR_CANDIDATE,,,0,0,0,0,,,1,,,PREEXTRACTED_COMMAND_OUTPUT_PATH_LIST
coding-readiness/modern-canonical-candidate.ZorhI5/modern-capability-closed-set-manifest.v3.json,REFERENCE_ONLY,TEMP_OR_CANDIDATE,,,0,0,0,0,,,1,,,PREEXTRACTED_COMMAND_OUTPUT_PATH_LIST
coding-readiness/modern-canonical-candidate.ZorhI5/modern-capability-event-payload-contracts.v1.json,REFERENCE_ONLY,TEMP_OR_CANDIDATE,,,0,0,0,0,,,1,,,PREEXTRACTED_COMMAND_OUTPUT_PATH_LIST
coding-readiness/modern-canonical-candidate.ZorhI5/modern-capability-exact-schema-contracts.v1.json,REFERENCE_ONLY,TEMP_OR_CANDIDATE,,,0,0,0,0,,,1,,,PREEXTRACTED_COMMAND_OUTPUT_PATH_LIST
coding-readiness/modern-canonical-candidate.ZorhI5/modern-capability-operation-causal-contract-ssot.v2.json,REFERENCE_ONLY,TEMP_OR_CANDIDATE,,,0,0,0,0,,,1,,,PREEXTRACTED_COMMAND_OUTPUT_PATH_LIST
coding-readiness/modern-canonical-candidate.ZorhI5/modern-capability-public-identity-registry.v1.json,REFERENCE_ONLY,TEMP_OR_CANDIDATE,,,0,0,0,0,,,1,,,PREEXTRACTED_COMMAND_OUTPUT_PATH_LIST
coding-readiness/modern-canonical-candidate.ZorhI5/modern-capability-semantic-bindings.v1.json,REFERENCE_ONLY,TEMP_OR_CANDIDATE,,,0,0,0,0,,,1,,,PREEXTRACTED_COMMAND_OUTPUT_PATH_LIST
coding-readiness/modern-canonical-candidate.ZorhI5/sys-listening-stream-authority-successor.v2.json,REFERENCE_ONLY,TEMP_OR_CANDIDATE,,,0,0,0,0,,,1,,,PREEXTRACTED_COMMAND_OUTPUT_PATH_LIST
coding-readiness/modern-canonical-candidate.q0mnJg/modern-capability-causal-state-contracts.v2.json,REFERENCE_ONLY,TEMP_OR_CANDIDATE,,,0,0,0,0,,,1,,,PREEXTRACTED_COMMAND_OUTPUT_PATH_LIST
coding-readiness/modern-canonical-candidate.q0mnJg/modern-capability-closed-set-manifest.v3.json,REFERENCE_ONLY,TEMP_OR_CANDIDATE,,,0,0,0,0,,,1,,,PREEXTRACTED_COMMAND_OUTPUT_PATH_LIST
coding-readiness/modern-canonical-candidate.q0mnJg/modern-capability-event-payload-contracts.v1.json,REFERENCE_ONLY,TEMP_OR_CANDIDATE,,,0,0,0,0,,,1,,,PREEXTRACTED_COMMAND_OUTPUT_PATH_LIST
coding-readiness/modern-canonical-candidate.q0mnJg/modern-capability-exact-schema-contracts.v1.json,REFERENCE_ONLY,TEMP_OR_CANDIDATE,,,0,0,0,0,,,1,,,PREEXTRACTED_COMMAND_OUTPUT_PATH_LIST
coding-readiness/modern-canonical-candidate.q0mnJg/modern-capability-operation-causal-contract-ssot.v2.json,REFERENCE_ONLY,TEMP_OR_CANDIDATE,,,0,0,0,0,,,1,,,PREEXTRACTED_COMMAND_OUTPUT_PATH_LIST
coding-readiness/modern-canonical-candidate.q0mnJg/modern-capability-public-identity-registry.v1.json,REFERENCE_ONLY,TEMP_OR_CANDIDATE,,,0,0,0,0,,,1,,,PREEXTRACTED_COMMAND_OUTPUT_PATH_LIST
coding-readiness/modern-canonical-candidate.q0mnJg/modern-capability-semantic-bindings.v1.json,REFERENCE_ONLY,TEMP_OR_CANDIDATE,,,0,0,0,0,,,1,,,PREEXTRACTED_COMMAND_OUTPUT_PATH_LIST
coding-readiness/modern-canonical-candidate.uaHfXj/modern-capability-causal-state-contracts.v2.json,REFERENCE_ONLY,TEMP_OR_CANDIDATE,,,0,0,0,0,,,1,,,PREEXTRACTED_COMMAND_OUTPUT_PATH_LIST
coding-readiness/modern-canonical-candidate.uaHfXj/modern-capability-closed-set-manifest.v3.json,REFERENCE_ONLY,TEMP_OR_CANDIDATE,,,0,0,0,0,,,1,,,PREEXTRACTED_COMMAND_OUTPUT_PATH_LIST
coding-readiness/modern-canonical-candidate.uaHfXj/modern-capability-event-payload-contracts.v1.json,REFERENCE_ONLY,TEMP_OR_CANDIDATE,,,0,0,0,0,,,1,,,PREEXTRACTED_COMMAND_OUTPUT_PATH_LIST
coding-readiness/modern-canonical-candidate.uaHfXj/modern-capability-exact-schema-contracts.v1.json,REFERENCE_ONLY,TEMP_OR_CANDIDATE,,,0,0,0,0,,,1,,,PREEXTRACTED_COMMAND_OUTPUT_PATH_LIST
coding-readiness/modern-canonical-candidate.uaHfXj/modern-capability-operation-causal-contract-ssot.v2.json,REFERENCE_ONLY,TEMP_OR_CANDIDATE,,,0,0,0,0,,,1,,,PREEXTRACTED_COMMAND_OUTPUT_PATH_LIST
coding-readiness/modern-canonical-candidate.uaHfXj/modern-capability-public-identity-registry.v1.json,REFERENCE_ONLY,TEMP_OR_CANDIDATE,,,0,0,0,0,,,1,,,PREEXTRACTED_COMMAND_OUTPUT_PATH_LIST
coding-readiness/modern-canonical-candidate.uaHfXj/modern-capability-semantic-bindings.v1.json,REFERENCE_ONLY,TEMP_OR_CANDIDATE,,,0,0,0,0,,,1,,,PREEXTRACTED_COMMAND_OUTPUT_PATH_LIST
coding-readiness/modern-canonical-candidate.uaHfXj/sys-listening-stream-authority-successor.v2.json,REFERENCE_ONLY,TEMP_OR_CANDIDATE,,,0,0,0,0,,,1,,,PREEXTRACTED_COMMAND_OUTPUT_PATH_LIST
coding-readiness/modern-canonical-candidate.v5p1363-final/modern-capability-causal-state-contracts.v2.json,REFERENCE_ONLY,TEMP_OR_CANDIDATE,,,0,0,0,0,,,1,,,PREEXTRACTED_COMMAND_OUTPUT_PATH_LIST
coding-readiness/modern-canonical-candidate.v5p1363-final/modern-capability-closed-set-manifest.v3.json,REFERENCE_ONLY,TEMP_OR_CANDIDATE,,,0,0,0,0,,,1,,,PREEXTRACTED_COMMAND_OUTPUT_PATH_LIST
coding-readiness/modern-canonical-candidate.v5p1363-final/modern-capability-event-payload-contracts.v1.json,REFERENCE_ONLY,TEMP_OR_CANDIDATE,,,0,0,0,0,,,1,,,PREEXTRACTED_COMMAND_OUTPUT_PATH_LIST
coding-readiness/modern-canonical-candidate.v5p1363-final/modern-capability-exact-schema-contracts.v1.json,REFERENCE_ONLY,TEMP_OR_CANDIDATE,,,0,0,0,0,,,1,,,PREEXTRACTED_COMMAND_OUTPUT_PATH_LIST
coding-readiness/modern-canonical-candidate.v5p1363-final/modern-capability-operation-causal-contract-ssot.v2.json,REFERENCE_ONLY,TEMP_OR_CANDIDATE,,,0,0,0,0,,,1,,,PREEXTRACTED_COMMAND_OUTPUT_PATH_LIST
coding-readiness/modern-canonical-candidate.v5p1363-final/modern-capability-public-identity-registry.v1.json,REFERENCE_ONLY,TEMP_OR_CANDIDATE,,,0,0,0,0,,,1,,,PREEXTRACTED_COMMAND_OUTPUT_PATH_LIST
coding-readiness/modern-canonical-candidate.v5p1363-final/modern-capability-semantic-bindings.v1.json,REFERENCE_ONLY,TEMP_OR_CANDIDATE,,,0,0,0,0,,,1,,,PREEXTRACTED_COMMAND_OUTPUT_PATH_LIST
coding-readiness/modern-canonical-candidate.v5p1363-final/sys-listening-stream-authority-successor.v2.json,REFERENCE_ONLY,TEMP_OR_CANDIDATE,,,0,0,0,0,,,1,,,PREEXTRACTED_COMMAND_OUTPUT_PATH_LIST
coding-readiness/modern-canonical-candidate.v5sigfix/modern-capability-causal-state-contracts.v2.json,REFERENCE_ONLY,TEMP_OR_CANDIDATE,,,0,0,0,0,,,1,,,PREEXTRACTED_COMMAND_OUTPUT_PATH_LIST
coding-readiness/modern-canonical-candidate.v5sigfix/modern-capability-closed-set-manifest.v3.json,REFERENCE_ONLY,TEMP_OR_CANDIDATE,,,0,0,0,0,,,1,,,PREEXTRACTED_COMMAND_OUTPUT_PATH_LIST
coding-readiness/modern-canonical-candidate.v5sigfix/modern-capability-event-payload-contracts.v1.json,REFERENCE_ONLY,TEMP_OR_CANDIDATE,,,0,0,0,0,,,1,,,PREEXTRACTED_COMMAND_OUTPUT_PATH_LIST
coding-readiness/modern-canonical-candidate.v5sigfix/modern-capability-exact-schema-contracts.v1.json,REFERENCE_ONLY,TEMP_OR_CANDIDATE,,,0,0,0,0,,,1,,,PREEXTRACTED_COMMAND_OUTPUT_PATH_LIST
coding-readiness/modern-canonical-candidate.v5sigfix/modern-capability-operation-causal-contract-ssot.v2.json,REFERENCE_ONLY,TEMP_OR_CANDIDATE,,,0,0,0,0,,,1,,,PREEXTRACTED_COMMAND_OUTPUT_PATH_LIST
coding-readiness/modern-canonical-candidate.v5sigfix/modern-capability-public-identity-registry.v1.json,REFERENCE_ONLY,TEMP_OR_CANDIDATE,,,0,0,0,0,,,1,,,PREEXTRACTED_COMMAND_OUTPUT_PATH_LIST
coding-readiness/modern-canonical-candidate.v5sigfix/modern-capability-semantic-bindings.v1.json,REFERENCE_ONLY,TEMP_OR_CANDIDATE,,,0,0,0,0,,,1,,,PREEXTRACTED_COMMAND_OUTPUT_PATH_LIST
coding-readiness/modern-canonical-candidate.v5sigfix/sys-listening-stream-authority-successor.v2.json,REFERENCE_ONLY,TEMP_OR_CANDIDATE,,,0,0,0,0,,,1,,,PREEXTRACTED_COMMAND_OUTPUT_PATH_LIST
coding-readiness/modern-canonical-predecessor-byte-baseline.v1.json,RECOVERED_EVENT_CHAIN_COMPLETE,BLUEPRINT_ARTIFACT,1828,5b542f126474809f9123ce8424962dc0ec10a3ecbcd77c6cb3321271fca5ffdb,2,2,0,0,add,update,1,,,PREEXTRACTED_COMMAND_OUTPUT_PATH_LIST
coding-readiness/modern-capability-authorization-register.csv,RECOVERED_EVENT_CHAIN_COMPLETE,BLUEPRINT_ARTIFACT,35458,c6e44f59f1ac258ddcb9e54a89fdbd5c5495aa8bb2f68f2029056ee6a9f15cac,6,6,0,0,add,update,1,,,PREEXTRACTED_COMMAND_OUTPUT_PATH_LIST
coding-readiness/modern-capability-causal-state-contracts.v2.json,REFERENCE_ONLY,BLUEPRINT_ARTIFACT,,,0,0,0,0,,,1,,,PREEXTRACTED_COMMAND_OUTPUT_PATH_LIST
coding-readiness/modern-capability-closed-set-manifest.v3.json,REFERENCE_ONLY,BLUEPRINT_ARTIFACT,,,0,0,0,0,,,1,,,PREEXTRACTED_COMMAND_OUTPUT_PATH_LIST
coding-readiness/modern-capability-coding-contract-register.csv,RECOVERED_PARTIAL_EVENT_CHAIN,BLUEPRINT_ARTIFACT,11776,5bce5bbc5946695c79f121964c80c76f8bec306fdf39d5fa974f511f7362c95c,13,10,3,3,snapshot,update,1,,,PREEXTRACTED_COMMAND_OUTPUT_PATH_LIST
coding-readiness/modern-capability-delivery-register.csv,RECOVERED_EVENT_CHAIN_COMPLETE,BLUEPRINT_ARTIFACT,8151,a15ecff207915aa046830c94a98ba60acb450f437b1fd110289a08e1888250ce,9,9,0,0,snapshot,snapshot,1,,,PREEXTRACTED_COMMAND_OUTPUT_PATH_LIST
coding-readiness/modern-capability-event-payload-contracts.v1.json,RECOVERED_EVENT_CHAIN_COMPLETE,BLUEPRINT_ARTIFACT,76337,ae9619899fad6dcfe19ad270b38b62371fdeef51f9de4eb8dee425d4d878a12f,1,1,0,0,add,add,1,,,PREEXTRACTED_COMMAND_OUTPUT_PATH_LIST
coding-readiness/modern-capability-event-successor-lineage.v2.json,REFERENCE_ONLY,BLUEPRINT_ARTIFACT,,,0,0,0,0,,,1,,,PREEXTRACTED_COMMAND_OUTPUT_PATH_LIST
coding-readiness/modern-capability-exact-schema-contracts.v1.json,RECOVERED_PARTIAL_EVENT_CHAIN,BLUEPRINT_ARTIFACT,631484,f2d27507dfac54ddd4079f46cd09e2203c09a19a6d6cd078fd5472b525ea1ff0,11,6,5,5,add,update,1,,,PREEXTRACTED_COMMAND_OUTPUT_PATH_LIST
coding-readiness/modern-capability-operation-causal-contract-ssot.v2.json,REFERENCE_ONLY,BLUEPRINT_ARTIFACT,,,42,0,42,42,,update,1,,,PREEXTRACTED_COMMAND_OUTPUT_PATH_LIST
coding-readiness/modern-capability-public-identity-registry.v1.json,REFERENCE_ONLY,BLUEPRINT_ARTIFACT,,,0,0,0,0,,,1,,,PREEXTRACTED_COMMAND_OUTPUT_PATH_LIST
coding-readiness/modern-capability-semantic-bindings.v1.json,REFERENCE_ONLY,BLUEPRINT_ARTIFACT,,,0,0,0,0,,,1,,,PREEXTRACTED_COMMAND_OUTPUT_PATH_LIST
coding-readiness/modern-capability-trace-register.csv,RECOVERED_EVENT_CHAIN_COMPLETE,BLUEPRINT_ARTIFACT,12179,c980e93cb586ad5b77307ee2263c1222f6e24e1cac7b7c52bcea0f1ac548ff19,6,6,0,0,snapshot,update,1,,,PREEXTRACTED_COMMAND_OUTPUT_PATH_LIST
coding-readiness/modern-causal-independent-oracle.v1.json,REFERENCE_ONLY,BLUEPRINT_ARTIFACT,,,0,0,0,0,,,1,,,PREEXTRACTED_COMMAND_OUTPUT_PATH_LIST
coding-readiness/modern-causal-independent-pg-fixtures.v1.json,REFERENCE_ONLY,BLUEPRINT_ARTIFACT,,,0,0,0,0,,,1,,,PREEXTRACTED_COMMAND_OUTPUT_PATH_LIST
coding-readiness/modern-causal-independent-review-inventory.v1.json,REFERENCE_ONLY,BLUEPRINT_ARTIFACT,,,0,0,0,0,,,1,,,PREEXTRACTED_COMMAND_OUTPUT_PATH_LIST
coding-readiness/modern-causal-independent-reviewed-finalization.v1.json,REFERENCE_ONLY,BLUEPRINT_ARTIFACT,,,2,0,2,2,,update,1,,,PREEXTRACTED_COMMAND_OUTPUT_PATH_LIST
coding-readiness/modern-causal-module-successor-projection-rules.md,RECOVERED_EVENT_CHAIN_COMPLETE,BLUEPRINT_ARTIFACT,2688,7514dba4d550f7c9a0a4a5701b6161466103b4caf745449a510b40ac50124cbc,2,2,0,0,snapshot,snapshot,1,,,PREEXTRACTED_COMMAND_OUTPUT_PATH_LIST
coding-readiness/modern-independent-successor/README.md,RECOVERED_EVENT_CHAIN_COMPLETE,BLUEPRINT_ARTIFACT,1329,1a65c95efcb62751aa117a83e2108b8cf19adea43efce43295e4b026a775c708,1,1,0,0,add,add,1,,,PREEXTRACTED_COMMAND_OUTPUT_PATH_LIST
coding-readiness/modern-independent-successor/approved-table-scope-change-oracle.v1.json,RECOVERED_EVENT_CHAIN_COMPLETE,BLUEPRINT_ARTIFACT,2829,4a37c24c1b59aac8cbea453ae8b413bac6327a18c3d8dc35ed9ab0e21ccc138e,2,2,0,0,add,update,1,,,PREEXTRACTED_COMMAND_OUTPUT_PATH_LIST
coding-readiness/modern-independent-successor/audit_global_hcm_v3_validator_hostile.py,RECOVERED_EVENT_CHAIN_COMPLETE,BLUEPRINT_ARTIFACT,29035,99d9706193d010c0a812f5cc33458031b41537a57fae4f1a33ff0bc44d92c0f9,1,1,0,0,add,add,1,,,PREEXTRACTED_COMMAND_OUTPUT_PATH_LIST
coding-readiness/modern-independent-successor/audit_global_hcm_v4_validator_hostile.py,RECOVERED_EVENT_CHAIN_COMPLETE,BLUEPRINT_ARTIFACT,19512,6b86c07e6264944192d15222d8786bb594efb975aeb8aa8618b858d3c68257c8,2,2,0,0,snapshot,snapshot,1,,,PREEXTRACTED_COMMAND_OUTPUT_PATH_LIST
coding-readiness/modern-independent-successor/audit_global_hcm_v5_validator_hostile.py,RECOVERED_EVENT_CHAIN_COMPLETE,BLUEPRINT_ARTIFACT,25512,a41b6134833d5e453366d1eecbbad8d9f38248f797d3095ffc5a359584f45532,3,3,0,0,snapshot,update,1,,,PREEXTRACTED_COMMAND_OUTPUT_PATH_LIST
coding-readiness/modern-independent-successor/audit_modern_132_owner_stream_boundaries.py,RECOVERED_EVENT_CHAIN_COMPLETE,BLUEPRINT_ARTIFACT,102649,505e872e43c73304b26d919cc66dbcf3ea75c90c15b9e181cff1a5959f9304fb,33,33,0,0,add,update,1,,,PREEXTRACTED_COMMAND_OUTPUT_PATH_LIST
coding-readiness/modern-independent-successor/audit_modern_operation_semantics.py,RECOVERED_EVENT_CHAIN_COMPLETE,BLUEPRINT_ARTIFACT,152167,a5fe4e7e90d27cef53901659f9aa810051cdc25ed32df0969a6fe780030692a1,50,50,0,0,add,update,1,,,PREEXTRACTED_COMMAND_OUTPUT_PATH_LIST
coding-readiness/modern-independent-successor/audit_modern_route_taxonomy.py,RECOVERED_EVENT_CHAIN_COMPLETE,BLUEPRINT_ARTIFACT,20946,3c2bb1df13e9d67fe0786000889ff578d58052257dfb294ac66c5a5b45cbc6df,2,2,0,0,add,update,1,,,PREEXTRACTED_COMMAND_OUTPUT_PATH_LIST
coding-readiness/modern-independent-successor/audit_successor_dependency_dag.py,RECOVERED_EVENT_CHAIN_COMPLETE,BLUEPRINT_ARTIFACT,22871,396ea7071f018627fd099c947d8e7255c64796a69bb0bbfa19df5bf86b335784,13,13,0,0,add,update,1,,,PREEXTRACTED_COMMAND_OUTPUT_PATH_LIST
coding-readiness/modern-independent-successor/business-provenance-replacement-findings.snapshot-v1.json,RECOVERED_EVENT_CHAIN_COMPLETE,BLUEPRINT_ARTIFACT,15459,7a7c735fcb8445d89921c9b9d8f5ae80a4a467367e28198e482e002f8246c07b,1,1,0,0,add,add,1,,,PREEXTRACTED_COMMAND_OUTPUT_PATH_LIST
coding-readiness/modern-independent-successor/global-hcm-table-expansion-acceptance-policy.v1.json,RECOVERED_PARTIAL_EVENT_CHAIN,BLUEPRINT_ARTIFACT,7903,7ba3a6ab7728e552fd3aa489b9cc29a03d0acbb2eceee29dbfd77e8749264a79,3,2,1,1,add,update,0,,,
coding-readiness/modern-independent-successor/global-hcm-table-expansion-acceptance-policy.v2.json,REFERENCE_ONLY,BLUEPRINT_ARTIFACT,,,6,0,6,6,,update,1,,,PREEXTRACTED_COMMAND_OUTPUT_PATH_LIST
coding-readiness/modern-independent-successor/global-hcm-table-expansion-acceptance-policy.v3.json,RECOVERED_EVENT_CHAIN_COMPLETE,BLUEPRINT_ARTIFACT,11196,02fe8f0e5aebf06bc2c8b3cbe09f0947138310f6c921056c8be2f43d222cbd57,11,10,1,0,add,add,1,,,PREEXTRACTED_COMMAND_OUTPUT_PATH_LIST
coding-readiness/modern-independent-successor/global-hcm-table-expansion-acceptance-policy.v4.json,RECOVERED_EVENT_CHAIN_COMPLETE,BLUEPRINT_ARTIFACT,13708,afb844e6ce31f588ec04b3fc46f759c616c13227742bc3d688d8f246d92c83de,2,1,1,0,snapshot,snapshot,1,,,PREEXTRACTED_COMMAND_OUTPUT_PATH_LIST
coding-readiness/modern-independent-successor/global-hcm-table-expansion-acceptance-policy.v5.json,RECOVERED_EVENT_CHAIN_COMPLETE,BLUEPRINT_ARTIFACT,19619,ec29008105473639a2a6ffcf116295e410de4c017d5bf1c0fd5a02c228cb088b,2,2,0,0,add,update,1,,,PREEXTRACTED_COMMAND_OUTPUT_PATH_LIST
coding-readiness/modern-independent-successor/initial-independent-findings.v1.json,RECOVERED_EVENT_CHAIN_COMPLETE,BLUEPRINT_ARTIFACT,15718,b597300c71fad84303e923ebc044d027f6a3de39b1482a25b114b696ba15879b,1,1,0,0,add,add,1,,,PREEXTRACTED_COMMAND_OUTPUT_PATH_LIST
coding-readiness/modern-independent-successor/reports/global-hcm-live-acceptance-latest.v1.json,REFERENCE_ONLY,REPORT_OR_RECEIPT,,,0,0,0,0,,,1,,,PREEXTRACTED_COMMAND_OUTPUT_PATH_LIST
coding-readiness/modern-independent-successor/reports/global-hcm-v3-validator-hostile-audit-latest.v1.json,REFERENCE_ONLY,REPORT_OR_RECEIPT,,,0,0,0,0,,,1,,,PREEXTRACTED_COMMAND_OUTPUT_PATH_LIST
coding-readiness/modern-independent-successor/reports/global-hcm-v4-validator-hostile-audit-latest.v1.json,REFERENCE_ONLY,REPORT_OR_RECEIPT,,,0,0,0,0,,,1,,,PREEXTRACTED_COMMAND_OUTPUT_PATH_LIST
coding-readiness/modern-independent-successor/reports/modern-132-owner-stream-boundary-q0mnjg-latest.v1.json,REFERENCE_ONLY,REPORT_OR_RECEIPT,,,0,0,0,0,,,1,,,PREEXTRACTED_COMMAND_OUTPUT_PATH_LIST
coding-readiness/modern-independent-successor/reports/modern-132-owner-stream-boundary-q0mnjg.v1.json,REFERENCE_ONLY,REPORT_OR_RECEIPT,,,0,0,0,0,,,1,,,PREEXTRACTED_COMMAND_OUTPUT_PATH_LIST
coding-readiness/modern-independent-successor/reports/modern-independent-successor-selftest-latest.v1.json,REFERENCE_ONLY,REPORT_OR_RECEIPT,,,0,0,0,0,,,1,,,PREEXTRACTED_COMMAND_OUTPUT_PATH_LIST
coding-readiness/modern-independent-successor/reports/modern-independent-successor-static-latest.v1.json,REFERENCE_ONLY,REPORT_OR_RECEIPT,,,0,0,0,0,,,1,,,PREEXTRACTED_COMMAND_OUTPUT_PATH_LIST
coding-readiness/modern-independent-successor/reports/modern-independent-successor-static-transient.v1.json,REFERENCE_ONLY,TEMP_OR_CANDIDATE,,,0,0,0,0,,,1,,,PREEXTRACTED_COMMAND_OUTPUT_PATH_LIST
coding-readiness/modern-independent-successor/reports/modern-operation-semantics-independent-latest.v1.json,REFERENCE_ONLY,REPORT_OR_RECEIPT,,,0,0,0,0,,,1,,,PREEXTRACTED_COMMAND_OUTPUT_PATH_LIST
coding-readiness/modern-independent-successor/reports/modern-operation-semantics-independent-selftest-latest.v1.json,REFERENCE_ONLY,REPORT_OR_RECEIPT,,,0,0,0,0,,,1,,,PREEXTRACTED_COMMAND_OUTPUT_PATH_LIST
coding-readiness/modern-independent-successor/reports/modern-owner-stream-dual-profile-q0-regression-2026-09-16.v1.json,REFERENCE_ONLY,REPORT_OR_RECEIPT,,,0,0,0,0,,,1,,,PREEXTRACTED_COMMAND_OUTPUT_PATH_LIST
coding-readiness/modern-independent-successor/reports/modern-owner-stream-v4-131-ZorhI5-rejected-regression-2026-09-16.v1.json,REFERENCE_ONLY,REPORT_OR_RECEIPT,,,0,0,0,0,,,1,,,PREEXTRACTED_COMMAND_OUTPUT_PATH_LIST
coding-readiness/modern-independent-successor/reports/modern-route-taxonomy-independent-latest.v1.json,REFERENCE_ONLY,REPORT_OR_RECEIPT,,,0,0,0,0,,,1,,,PREEXTRACTED_COMMAND_OUTPUT_PATH_LIST
coding-readiness/modern-independent-successor/reports/modern-successor-dependency-dag-latest.v1.json,REFERENCE_ONLY,REPORT_OR_RECEIPT,,,0,0,0,0,,,1,,,PREEXTRACTED_COMMAND_OUTPUT_PATH_LIST
coding-readiness/modern-independent-successor/reports/table-scope-expansion-132-independent-review.v1.json,RECOVERED_EVENT_CHAIN_COMPLETE,REPORT_OR_RECEIPT,31009,da7b9a3b5adfe0246f9d53e4dd42d4275135b303033782a7c84450f822198075,1,1,0,0,add,add,1,,,PREEXTRACTED_COMMAND_OUTPUT_PATH_LIST
coding-readiness/modern-independent-successor/reports/table-scope-expansion-132-independent-validator-latest.v1.json,RECOVERED_EVENT_CHAIN_COMPLETE,REPORT_OR_RECEIPT,1436,c75454469a13c203f82dd1efeb9cb9677d388d0bad0a367a6f532a2b7681b027,1,1,0,0,add,add,1,,,PREEXTRACTED_COMMAND_OUTPUT_PATH_LIST
coding-readiness/modern-independent-successor/successor-table-scope-change-review.transient-v1.json,RECOVERED_EVENT_CHAIN_COMPLETE,TEMP_OR_CANDIDATE,5789,c892356709fb5619a16334ef267046c599951fd0d778fb4e794cfad0845276af,1,1,0,0,add,add,1,,,PREEXTRACTED_COMMAND_OUTPUT_PATH_LIST
coding-readiness/modern-independent-successor/validate_global_hcm_live_acceptance.py,RECOVERED_EVENT_CHAIN_COMPLETE,BLUEPRINT_ARTIFACT,274234,90544d198f4af6297f1e21ab3e48968cc74e6c39c65feedf9e4f79efb30e173e,113,113,0,0,add,update,1,,,PREEXTRACTED_COMMAND_OUTPUT_PATH_LIST
coding-readiness/modern-independent-successor/validate_modern_independent_successor.py,RECOVERED_EVENT_CHAIN_COMPLETE,BLUEPRINT_ARTIFACT,110705,80f6a572dba678e129ce9f318a6910038d7b49e3264789e325fb14dab9e6f85e,27,27,0,0,add,update,1,,,PREEXTRACTED_COMMAND_OUTPUT_PATH_LIST
coding-readiness/modern-independent-successor/validate_table_scope_132_independent_review.py,RECOVERED_EVENT_CHAIN_COMPLETE,BLUEPRINT_ARTIFACT,10937,abc9424332fe0bae18f098c68600bd17403c52e45855c965f53768f8c543a223,4,4,0,0,snapshot,update,1,,,PREEXTRACTED_COMMAND_OUTPUT_PATH_LIST
coding-readiness/modern-menu-node-register.csv,RECOVERED_EVENT_CHAIN_COMPLETE,BLUEPRINT_ARTIFACT,5775,75b58edcac568667e914f9649fe89e39cee1d677e728c85ee1b4122d45daf5d9,4,4,0,0,snapshot,update,1,,,PREEXTRACTED_COMMAND_OUTPUT_PATH_LIST
coding-readiness/modern-physical-candidate-tools/README.md,RECOVERED_EVENT_CHAIN_COMPLETE,BLUEPRINT_ARTIFACT,6742,1100d75ae2df5065bf34608c10cc7a6137fe210faad7b064e11a00197213a8bf,8,8,0,0,snapshot,update,1,,,PREEXTRACTED_COMMAND_OUTPUT_PATH_LIST
coding-readiness/modern-physical-candidate-tools/generate_modern_physical_candidate.py,RECOVERED_EVENT_CHAIN_COMPLETE,BLUEPRINT_ARTIFACT,138572,7f8c892af0d1f16a2d61197a96f8fb518f112bf47e44e5c2a187c28d035e9334,73,73,0,0,add,update,1,,,PREEXTRACTED_COMMAND_OUTPUT_PATH_LIST
coding-readiness/modern-physical-candidate-tools/validate_modern_physical_candidate.py,RECOVERED_EVENT_CHAIN_COMPLETE,BLUEPRINT_ARTIFACT,175691,ee3f0fa75269c611131e0ea3e7c357768e2fd5c9fc5451ab9d16bd0e39e01d5e,112,112,0,0,add,update,1,,,PREEXTRACTED_COMMAND_OUTPUT_PATH_LIST
coding-readiness/modern-physical-candidate.A7K8Kj/hrm-modern-forward-ddl.v4.sql,REFERENCE_ONLY,TEMP_OR_CANDIDATE,,,0,0,0,0,,,1,,,PREEXTRACTED_COMMAND_OUTPUT_PATH_LIST
coding-readiness/modern-physical-candidate.A7K8Kj/modern-owner-handler-physical-contracts.v4.json,REFERENCE_ONLY,TEMP_OR_CANDIDATE,,,0,0,0,0,,,1,,,PREEXTRACTED_COMMAND_OUTPUT_PATH_LIST
coding-readiness/modern-physical-candidate.A7K8Kj/modern-query-projection-physical-contracts.v4.json,REFERENCE_ONLY,TEMP_OR_CANDIDATE,,,0,0,0,0,,,1,,,PREEXTRACTED_COMMAND_OUTPUT_PATH_LIST
coding-readiness/modern-physical-candidate.A7K8Kj/per-modern-forward-ddl.v4.sql,REFERENCE_ONLY,TEMP_OR_CANDIDATE,,,0,0,0,0,,,1,,,PREEXTRACTED_COMMAND_OUTPUT_PATH_LIST
coding-readiness/modern-physical-candidate.A7K8Kj/physical-candidate-generation-report.v4.json,REFERENCE_ONLY,TEMP_OR_CANDIDATE,,,0,0,0,0,,,1,,,PREEXTRACTED_COMMAND_OUTPUT_PATH_LIST
coding-readiness/modern-physical-candidate.A7K8Kj/sys-auth-modern-forward-ddl.v4.sql,REFERENCE_ONLY,TEMP_OR_CANDIDATE,,,0,0,0,0,,,1,,,PREEXTRACTED_COMMAND_OUTPUT_PATH_LIST
coding-readiness/modern-physical-candidate.A7K8Kj/sys-platform-modern-forward-ddl.v4.sql,REFERENCE_ONLY,TEMP_OR_CANDIDATE,,,0,0,0,0,,,1,,,PREEXTRACTED_COMMAND_OUTPUT_PATH_LIST
coding-readiness/modern-physical-candidate.A7K8Kj/tim-modern-forward-ddl.v4.sql,REFERENCE_ONLY,TEMP_OR_CANDIDATE,,,0,0,0,0,,,1,,,PREEXTRACTED_COMMAND_OUTPUT_PATH_LIST
coding-readiness/modern-physical-candidate.v5p1363-final/hrm-modern-forward-ddl.v4.sql,REFERENCE_ONLY,TEMP_OR_CANDIDATE,,,0,0,0,0,,,1,,,PREEXTRACTED_COMMAND_OUTPUT_PATH_LIST
coding-readiness/modern-physical-candidate.v5p1363-final/modern-owner-handler-physical-contracts.v4.json,REFERENCE_ONLY,TEMP_OR_CANDIDATE,,,0,0,0,0,,,1,,,PREEXTRACTED_COMMAND_OUTPUT_PATH_LIST
coding-readiness/modern-physical-candidate.v5p1363-final/modern-query-projection-physical-contracts.v4.json,REFERENCE_ONLY,TEMP_OR_CANDIDATE,,,0,0,0,0,,,1,,,PREEXTRACTED_COMMAND_OUTPUT_PATH_LIST
coding-readiness/modern-physical-candidate.v5p1363-final/per-modern-forward-ddl.v4.sql,REFERENCE_ONLY,TEMP_OR_CANDIDATE,,,0,0,0,0,,,1,,,PREEXTRACTED_COMMAND_OUTPUT_PATH_LIST
coding-readiness/modern-physical-candidate.v5p1363-final/physical-candidate-generation-report.v4.json,REFERENCE_ONLY,TEMP_OR_CANDIDATE,,,0,0,0,0,,,1,,,PREEXTRACTED_COMMAND_OUTPUT_PATH_LIST
coding-readiness/modern-physical-candidate.v5p1363-final/sys-auth-modern-forward-ddl.v4.sql,REFERENCE_ONLY,TEMP_OR_CANDIDATE,,,0,0,0,0,,,1,,,PREEXTRACTED_COMMAND_OUTPUT_PATH_LIST
coding-readiness/modern-physical-candidate.v5p1363-final/sys-platform-modern-forward-ddl.v4.sql,REFERENCE_ONLY,TEMP_OR_CANDIDATE,,,0,0,0,0,,,1,,,PREEXTRACTED_COMMAND_OUTPUT_PATH_LIST
coding-readiness/modern-physical-candidate.v5p1363-final/tim-modern-forward-ddl.v4.sql,REFERENCE_ONLY,TEMP_OR_CANDIDATE,,,0,0,0,0,,,1,,,PREEXTRACTED_COMMAND_OUTPUT_PATH_LIST
coding-readiness/modern-physical-candidate.v5sigfix/hrm-modern-forward-ddl.v4.sql,REFERENCE_ONLY,TEMP_OR_CANDIDATE,,,0,0,0,0,,,1,,,PREEXTRACTED_COMMAND_OUTPUT_PATH_LIST
coding-readiness/modern-physical-candidate.v5sigfix/modern-owner-handler-physical-contracts.v4.json,REFERENCE_ONLY,TEMP_OR_CANDIDATE,,,0,0,0,0,,,1,,,PREEXTRACTED_COMMAND_OUTPUT_PATH_LIST
coding-readiness/modern-physical-candidate.v5sigfix/modern-query-projection-physical-contracts.v4.json,REFERENCE_ONLY,TEMP_OR_CANDIDATE,,,0,0,0,0,,,1,,,PREEXTRACTED_COMMAND_OUTPUT_PATH_LIST
coding-readiness/modern-physical-candidate.v5sigfix/per-modern-forward-ddl.v4.sql,REFERENCE_ONLY,TEMP_OR_CANDIDATE,,,0,0,0,0,,,1,,,PREEXTRACTED_COMMAND_OUTPUT_PATH_LIST
coding-readiness/modern-physical-candidate.v5sigfix/physical-candidate-generation-report.v4.json,REFERENCE_ONLY,TEMP_OR_CANDIDATE,,,0,0,0,0,,,1,,,PREEXTRACTED_COMMAND_OUTPUT_PATH_LIST
coding-readiness/modern-physical-candidate.v5sigfix/sys-auth-modern-forward-ddl.v4.sql,REFERENCE_ONLY,TEMP_OR_CANDIDATE,,,0,0,0,0,,,1,,,PREEXTRACTED_COMMAND_OUTPUT_PATH_LIST
coding-readiness/modern-physical-candidate.v5sigfix/sys-platform-modern-forward-ddl.v4.sql,REFERENCE_ONLY,TEMP_OR_CANDIDATE,,,0,0,0,0,,,1,,,PREEXTRACTED_COMMAND_OUTPUT_PATH_LIST
coding-readiness/modern-physical-candidate.v5sigfix/tim-modern-forward-ddl.v4.sql,REFERENCE_ONLY,TEMP_OR_CANDIDATE,,,0,0,0,0,,,1,,,PREEXTRACTED_COMMAND_OUTPUT_PATH_LIST
coding-readiness/modern-physical-successor/hrm-modern-forward-ddl.v3.sql,RECOVERED_EVENT_CHAIN_COMPLETE,BLUEPRINT_ARTIFACT,77937,d88edee25dba8e45393a41fdaec94bc1223ce7a7b7b15a231392173b37631531,8,8,0,0,add,update,1,,,PREEXTRACTED_COMMAND_OUTPUT_PATH_LIST
coding-readiness/modern-physical-successor/modern-owner-handler-physical-contracts.v3.json,RECOVERED_EVENT_CHAIN_COMPLETE,BLUEPRINT_ARTIFACT,45201,2f474415691fc5c9fa71847ba15f4edf56943fb03e1212237b43b55ff2a2b745,2,2,0,0,add,update,1,,,PREEXTRACTED_COMMAND_OUTPUT_PATH_LIST
coding-readiness/modern-physical-successor/modern-query-projection-physical-contracts.v3.json,RECOVERED_EVENT_CHAIN_COMPLETE,BLUEPRINT_ARTIFACT,475917,39e7989d938ff07931dc20699e80e111ec1745123fc831027cc3f03ff8015354,3,3,0,0,add,update,1,,,PREEXTRACTED_COMMAND_OUTPUT_PATH_LIST
coding-readiness/modern-physical-successor/per-modern-forward-ddl.v3.sql,RECOVERED_EVENT_CHAIN_COMPLETE,BLUEPRINT_ARTIFACT,77979,85259c9f336aee17ea49654d88a31f23742d8d11e6a9bfa50f32c45f47e9695e,6,6,0,0,add,update,1,,,PREEXTRACTED_COMMAND_OUTPUT_PATH_LIST
coding-readiness/modern-physical-successor/sys-modern-forward-ddl.v3.sql,RECOVERED_EVENT_CHAIN_COMPLETE,BLUEPRINT_ARTIFACT,123191,fa0ee0903f47fa4a533ca08a4427792533af1cfd19b88fd140ede839d5ee67a0,13,13,0,0,add,update,1,,,PREEXTRACTED_COMMAND_OUTPUT_PATH_LIST
coding-readiness/modern-physical-successor/tim-modern-forward-ddl.v3.sql,RECOVERED_EVENT_CHAIN_COMPLETE,BLUEPRINT_ARTIFACT,43835,608ebed53f1c3612f08ff791e4b8298aa33446451b2024e0de1d974a4a699676,5,5,0,0,add,update,1,,,PREEXTRACTED_COMMAND_OUTPUT_PATH_LIST
coding-readiness/modern-physical-successor/validate_modern_physical_successor.py,RECOVERED_EVENT_CHAIN_COMPLETE,BLUEPRINT_ARTIFACT,18702,372c0b393ef95a49f0c18a68f24a940d25b9f3ac5d2a91a7cf9074d19c713750,4,4,0,0,snapshot,update,1,,,PREEXTRACTED_COMMAND_OUTPUT_PATH_LIST
coding-readiness/modern-successor-supported-reader-inventory.v1.json,RECOVERED_EVENT_CHAIN_COMPLETE,BLUEPRINT_ARTIFACT,12633,631adb66431d30003620f78ccdc0ad9ecc6136874728d66a8185a41a3b85d2a4,5,5,0,0,add,update,1,,,PREEXTRACTED_COMMAND_OUTPUT_PATH_LIST
coding-readiness/modern-successor-supported-reader-inventory.v2.json,RECOVERED_EVENT_CHAIN_COMPLETE,BLUEPRINT_ARTIFACT,13418,81438665462b6945ae867ed6dbed78eb6cfe4aad996518652971eec74f977868,1,1,0,0,add,add,1,,,PREEXTRACTED_COMMAND_OUTPUT_PATH_LIST
coding-readiness/modern-successor-supported-reader-inventory.v3.json,RECOVERED_EVENT_CHAIN_COMPLETE,BLUEPRINT_ARTIFACT,13508,9cec05334b345e5d6cab7ad07c2963da42cac1e7409aa881419ba72618c8d5fe,1,1,0,0,add,add,1,,,PREEXTRACTED_COMMAND_OUTPUT_PATH_LIST
coding-readiness/modern-successor-supported-reader-inventory.v4.json,RECOVERED_EVENT_CHAIN_COMPLETE,BLUEPRINT_ARTIFACT,13508,40d272662a574e67f16779580822d6c68ce2ceb39868825a96f19a15d58eb08c,2,2,0,0,snapshot,snapshot,1,,,PREEXTRACTED_COMMAND_OUTPUT_PATH_LIST
coding-readiness/modern-successor-supported-reader-inventory.v5.json,RECOVERED_EVENT_CHAIN_COMPLETE,BLUEPRINT_ARTIFACT,13762,c9f2a0ea4c0ce3d4b8bb662cf8524ab1d90514fbb52ee7d839a73d4891748730,1,1,0,0,add,add,1,,,PREEXTRACTED_COMMAND_OUTPUT_PATH_LIST
coding-readiness/modern_causal_candidate_projection.py,RECOVERED_EVENT_CHAIN_COMPLETE,BLUEPRINT_ARTIFACT,42182,89e445deb7f38b9c2926ea700446b545ad2c2c7e20b45f98e854f32cb55c62e1,45,45,0,0,add,update,1,,,PREEXTRACTED_COMMAND_OUTPUT_PATH_LIST
coding-readiness/modern_causal_derivative_publication.py,RECOVERED_EVENT_CHAIN_COMPLETE,BLUEPRINT_ARTIFACT,50221,4f3a02d893f236870a0e41b87422b087112e695526d77fbacd5e11a74d6dd9d2,9,9,0,0,add,update,1,,,PREEXTRACTED_COMMAND_OUTPUT_PATH_LIST
coding-readiness/modern_causal_successor.py,RECOVERED_EVENT_CHAIN_COMPLETE,BLUEPRINT_ARTIFACT,266613,0a92d122a5db58fe4a9dbed8eaab876c65edb4e5c9a51e02aa09a4fffb976f14,128,128,0,0,add,update,1,,,PREEXTRACTED_COMMAND_OUTPUT_PATH_LIST
coding-readiness/modern_causal_successor_profile.py,RECOVERED_EVENT_CHAIN_COMPLETE,BLUEPRINT_ARTIFACT,42173,5be53c45c0b7deb99615c0fa23fc7a00e5c6f5d59f38e3dbd8f575f9e8659126,24,24,0,0,snapshot,update,1,,,PREEXTRACTED_COMMAND_OUTPUT_PATH_LIST
coding-readiness/modern_closed_set_design.py,RECOVERED_EVENT_CHAIN_COMPLETE,BLUEPRINT_ARTIFACT,66761,61e5588caf114cf444396446b245b4f32ddf945de32a29dcaa6f87090b5aad66,22,22,0,0,snapshot,update,1,,,PREEXTRACTED_COMMAND_OUTPUT_PATH_LIST
coding-readiness/modern_successor_reader_guard.cjs,RECOVERED_EVENT_CHAIN_COMPLETE,BLUEPRINT_ARTIFACT,3798,acd11803eec561453274982591915e119a3211c4705299e7f6e5e02deade42b1,1,1,0,0,add,add,1,,,PREEXTRACTED_COMMAND_OUTPUT_PATH_LIST
coding-readiness/modern_successor_reader_guard.py,RECOVERED_EVENT_CHAIN_COMPLETE,BLUEPRINT_ARTIFACT,19356,66e7864a283e300e28d279c9d35b743b5afb6b9a59c1badf97ecc47cc8030408,7,7,0,0,add,update,1,,,PREEXTRACTED_COMMAND_OUTPUT_PATH_LIST
coding-readiness/module-code-gate-register.csv,RECOVERED_EVENT_CHAIN_COMPLETE,BLUEPRINT_ARTIFACT,3618,a7a0063948f98cda65981c5a688224dd02bc9182cb749ea155af4feb11ed6d07,13,13,0,0,snapshot,snapshot,1,,,PREEXTRACTED_COMMAND_OUTPUT_PATH_LIST
coding-readiness/module-dependency-register.csv,RECOVERED_EVENT_CHAIN_COMPLETE,BLUEPRINT_ARTIFACT,3652,b8f1a11d1a32cf6f5a9a99ff73066b7e65787319ac18cf0d2b4891d22587c348,22,21,1,0,snapshot,snapshot,1,,,PREEXTRACTED_COMMAND_OUTPUT_PATH_LIST
coding-readiness/module-exact-business-fixtures.v1.json,RECOVERED_EVENT_CHAIN_COMPLETE,BLUEPRINT_ARTIFACT,28104,7fec66f3f49f96d09a7fafb8cfdcc56b49ffe67c6aa528a6367fd56e7b272345,5,5,0,0,add,update,1,,,PREEXTRACTED_COMMAND_OUTPUT_PATH_LIST
coding-readiness/module-exact-business-lineage-register.v1.csv,RECOVERED_EVENT_CHAIN_COMPLETE,BLUEPRINT_ARTIFACT,12839,537b51ba394c4d57ed73e08c34ac44842de6b4e0a7c6b3cdce269925a2d66f07,8,8,0,0,snapshot,snapshot,1,,,PREEXTRACTED_COMMAND_OUTPUT_PATH_LIST
coding-readiness/module-exact-business-schemas.v1.json,RECOVERED_EVENT_CHAIN_COMPLETE,BLUEPRINT_ARTIFACT,23580,aae9414546202ad8b80d4562bf634c2a3b6e4972c6210e8eb96a0828e7dfa31f,4,4,0,0,add,update,1,,,PREEXTRACTED_COMMAND_OUTPUT_PATH_LIST
coding-readiness/module-exact-business-start-canonical.v1.json,RECOVERED_EVENT_CHAIN_COMPLETE,BLUEPRINT_ARTIFACT,38400,483ae9f1aefaa59ed2758a0d0fb0e0280b7e961fb0e1340a60e75d1bbec81b36,7,7,0,0,snapshot,snapshot,1,,,PREEXTRACTED_COMMAND_OUTPUT_PATH_LIST
coding-readiness/module-exact-business-start-pin.v1.json,RECOVERED_EVENT_CHAIN_COMPLETE,BLUEPRINT_ARTIFACT,2783,96468e9b05c1a30e6fc3f326ba96b2ed04d5515965c75e692185fca508e3be33,10,10,0,0,snapshot,snapshot,1,,,PREEXTRACTED_COMMAND_OUTPUT_PATH_LIST
coding-readiness/module-structure-contract-register.csv,RECOVERED_EVENT_CHAIN_COMPLETE,BLUEPRINT_ARTIFACT,7651,4ae2788d38bc423acf00771b456a5d266b8b31f7d2586cb09c23d2ab2822ed82,13,12,1,0,snapshot,snapshot,1,,,PREEXTRACTED_COMMAND_OUTPUT_PATH_LIST
coding-readiness/nonfunctional-requirements-register.csv,RECOVERED_EVENT_CHAIN_COMPLETE,BLUEPRINT_ARTIFACT,5577,3f64aa07f6bcd7748411b0ceab0dbce6af276e2480f97000c44fc3a2f5630d1c,14,13,1,0,snapshot,snapshot,1,,,PREEXTRACTED_COMMAND_OUTPUT_PATH_LIST
coding-readiness/optional-capability-admission-contract.v1.json,REFERENCE_ONLY,BLUEPRINT_ARTIFACT,,,1,0,1,1,,update,1,,,PREEXTRACTED_COMMAND_OUTPUT_PATH_LIST
coding-readiness/optional-capability-implementation-manifest.v1.json,RECOVERED_EVENT_CHAIN_COMPLETE,BLUEPRINT_ARTIFACT,7897,4e833de54def5985cdae5e18765ebefc19f2c66f96eb8ce6589f0a701bf5fa4f,9,9,0,0,add,update,1,,,PREEXTRACTED_COMMAND_OUTPUT_PATH_LIST
coding-readiness/physical-owner-prefix-register.csv,RECOVERED_EVENT_CHAIN_COMPLETE,BLUEPRINT_ARTIFACT,4017,182694bf615ca633ba705f971e07b1285869621ff2dcf7380439d767fa5f9b49,15,14,1,0,snapshot,snapshot,1,,,PREEXTRACTED_COMMAND_OUTPUT_PATH_LIST
coding-readiness/platform-dependency-canonical-schemas.v1.json,RECOVERED_EVENT_CHAIN_COMPLETE,BLUEPRINT_ARTIFACT,25746,5778f82aa3b76511a19dc3df47f4fb1d2f51502d96906197abbe143359eddfd4,5,5,0,0,add,update,1,,,PREEXTRACTED_COMMAND_OUTPUT_PATH_LIST
coding-readiness/platform-dependency-schema-binding-register.csv,RECOVERED_EVENT_CHAIN_COMPLETE,BLUEPRINT_ARTIFACT,21005,de29f3968c16eb2afe118af71c9e1e3bd3efb66533f4661ee441c75a4669fd7c,3,3,0,0,add,update,1,,,PREEXTRACTED_COMMAND_OUTPUT_PATH_LIST
coding-readiness/platform-integration-binding-register.csv,RECOVERED_EVENT_CHAIN_COMPLETE,BLUEPRINT_ARTIFACT,6172,f7454ca7cd0c089e7fb609c452ba56b67f565850943d23a298a44409981c20a5,15,15,0,0,snapshot,snapshot,1,,,PREEXTRACTED_COMMAND_OUTPUT_PATH_LIST
coding-readiness/prepare_modern_causal_final_endorsement.py,RECOVERED_EVENT_CHAIN_COMPLETE,BLUEPRINT_ARTIFACT,70550,63e8e42aaf779bc62858b18474ee948dcb27d64b8e5d8b4220ae2031c8e2515a,42,42,0,0,add,update,1,,,PREEXTRACTED_COMMAND_OUTPUT_PATH_LIST
coding-readiness/promote_modern_successor_bundle.py,RECOVERED_EVENT_CHAIN_COMPLETE,BLUEPRINT_ARTIFACT,81564,16775944d01a082b63ac1972924dee4f5361079634aa4acbefd38627b1d553ae,15,15,0,0,add,update,1,,,PREEXTRACTED_COMMAND_OUTPUT_PATH_LIST
coding-readiness/reports/README.md,RECOVERED_EVENT_CHAIN_COMPLETE,REPORT_OR_RECEIPT,1305,85766542a1af2e473af9d65cf4bbbdf7b0a70018491d71f4b9380bf58809e0ce,7,7,0,0,snapshot,snapshot,1,,,PREEXTRACTED_COMMAND_OUTPUT_PATH_LIST
coding-readiness/reports/_patch_probe.tmp,HISTORICALLY_DELETED,TEMP_OR_CANDIDATE,,,2,2,0,0,add,delete,0,,,
coding-readiness/reports/backend-full-diagnostic-70c996f-2026-09-14.v1.json,RECOVERED_EVENT_CHAIN_COMPLETE,REPORT_OR_RECEIPT,109213,750b7ab388bb9f0e7e53b87e7a2bbec4e0773dc50e705c3e0b25bfd607a7a983,1,1,0,0,add,add,1,,,PREEXTRACTED_COMMAND_OUTPUT_PATH_LIST
coding-readiness/reports/backend-full-diagnostic-70c996f-2026-09-14.v1.md,RECOVERED_EVENT_CHAIN_COMPLETE,REPORT_OR_RECEIPT,5318,fc0d5c68da040ea1d1a0f80de789fd8cc4e9370e7b7fadc04e77c6aac82e23f8,2,2,0,0,snapshot,snapshot,1,,,PREEXTRACTED_COMMAND_OUTPUT_PATH_LIST
coding-readiness/reports/backend-full-diagnostic-70c996f-2026-09-14.xml-manifest.v1.json,RECOVERED_EVENT_CHAIN_COMPLETE,REPORT_OR_RECEIPT,785062,10b3f56ae23b9c3e11083948a68a040438e8abc42308489f7e4e733a63380186,1,1,0,0,add,add,1,,,PREEXTRACTED_COMMAND_OUTPUT_PATH_LIST
coding-readiness/reports/backend-integration-readiness-closeout-2026-09-16.v1.json,RECOVERED_EVENT_CHAIN_COMPLETE,REPORT_OR_RECEIPT,17841,fadee86b3e3ccd3c86c3fafdfe3da0aa5e96ff2557fa5f13a99850aa15802ad3,1,1,0,0,add,add,1,,,PREEXTRACTED_COMMAND_OUTPUT_PATH_LIST
coding-readiness/reports/backend-integration-readiness-independent-audit-2026-09-16.v1.json,RECOVERED_EVENT_CHAIN_COMPLETE,REPORT_OR_RECEIPT,90142,77b2088f23b03bb009b44488786ff880b6eac88106f5bb88097cc80dabd6cd27,2,2,0,0,add,update,1,,,PREEXTRACTED_COMMAND_OUTPUT_PATH_LIST
coding-readiness/reports/base-scope-business-readiness-audit-2026-09-14.json,RECOVERED_EVENT_CHAIN_COMPLETE,REPORT_OR_RECEIPT,164384,b0785ae509688a3094db999b2da4c25f95b7ad86e555f72a417d42b1fdba692d,2,2,0,0,add,update,1,,,PREEXTRACTED_COMMAND_OUTPUT_PATH_LIST
coding-readiness/reports/base-scope-business-readiness-audit-2026-09-14.md,RECOVERED_EVENT_CHAIN_COMPLETE,REPORT_OR_RECEIPT,33957,16a591db0ca0395c6d4deb8d217e9090fb5d15d59abe565ddddf09adb779e83f,2,2,0,0,add,update,1,,,PREEXTRACTED_COMMAND_OUTPUT_PATH_LIST
coding-readiness/reports/c1-c2-transport-pre-c0-independent-audit-2026-09-14.json,RECOVERED_EVENT_CHAIN_COMPLETE,REPORT_OR_RECEIPT,14731,af38adfb95042847460464be81fa032d58558611facf9508604c4eb124b70481,1,1,0,0,add,add,1,,,PREEXTRACTED_COMMAND_OUTPUT_PATH_LIST
coding-readiness/reports/c1-c2-transport-pre-c0-independent-audit-2026-09-14.md,RECOVERED_EVENT_CHAIN_COMPLETE,REPORT_OR_RECEIPT,8571,2b339e7e0b42fe856325b66e4c58e0fdeb81ce900c3362bb10cbf3d45dca6cd5,1,1,0,0,add,add,1,,,PREEXTRACTED_COMMAND_OUTPUT_PATH_LIST
coding-readiness/reports/capture_ack_envelope_2026_09_14.py,RECOVERED_EVENT_CHAIN_COMPLETE,REPORT_OR_RECEIPT,3149,4450d270014df0e4064323df400474d11f184eaa2bb7902c3f81660ca1bca0ea,1,1,0,0,add,add,1,,,PREEXTRACTED_COMMAND_OUTPUT_PATH_LIST
coding-readiness/reports/capture_shell_catalog_semantic_digest_2026_09_14.mjs,RECOVERED_EVENT_CHAIN_COMPLETE,REPORT_OR_RECEIPT,1026,d129f1fb557e9734299a0e6754277eed3778353d69ddbf60480b91ac91369733,5,5,0,0,snapshot,snapshot,1,,,PREEXTRACTED_COMMAND_OUTPUT_PATH_LIST
coding-readiness/reports/common-native-metadata-policy-root-lossless-readback-2026-09-14.json,REFERENCE_ONLY,REPORT_OR_RECEIPT,,,0,0,0,0,,,1,,,PREEXTRACTED_COMMAND_OUTPUT_PATH_LIST
coding-readiness/reports/common-native-metadata-policy-root-lossless-replay-2026-09-14.json,REFERENCE_ONLY,REPORT_OR_RECEIPT,,,0,0,0,0,,,1,,,PREEXTRACTED_COMMAND_OUTPUT_PATH_LIST
coding-readiness/reports/common-native-metadata-policy-root-lossless-replay-2026-09-14.md,REFERENCE_ONLY,REPORT_OR_RECEIPT,,,0,0,0,0,,,1,,,PREEXTRACTED_COMMAND_OUTPUT_PATH_LIST
coding-readiness/reports/common-preparation-root-independent-lossless-final-2026-09-14.json,REFERENCE_ONLY,REPORT_OR_RECEIPT,,,0,0,0,0,,,1,,,PREEXTRACTED_COMMAND_OUTPUT_PATH_LIST
coding-readiness/reports/common-preparation-root-independent-lossless-final-2026-09-14.md,REFERENCE_ONLY,REPORT_OR_RECEIPT,,,0,0,0,0,,,1,,,PREEXTRACTED_COMMAND_OUTPUT_PATH_LIST
coding-readiness/reports/common-runtime-module-start-boundary-independent-audit-2026-09-14.json,RECOVERED_EVENT_CHAIN_COMPLETE,REPORT_OR_RECEIPT,34641,a9ba46abe88d2203f73d70ee7df7c392348e3fe3ffe30fce783b01b9346081d2,2,2,0,0,add,update,1,,,PREEXTRACTED_COMMAND_OUTPUT_PATH_LIST
coding-readiness/reports/common-runtime-module-start-boundary-independent-audit-2026-09-14.md,RECOVERED_EVENT_CHAIN_COMPLETE,REPORT_OR_RECEIPT,13149,7444e39251ac40abc64d8ce7b2965cfebdcb5d7f177b0416fad8276802b64401,1,1,0,0,add,add,1,,,PREEXTRACTED_COMMAND_OUTPUT_PATH_LIST
coding-readiness/reports/control-adoption-active-fence-atomic-transfer-pass-2026-09-14.json.gz.b64,RECOVERED_EVENT_CHAIN_COMPLETE,REPORT_OR_RECEIPT,137803,32c2e2f28e3194a6cc0b8c9b1aa41a59a11b915aa639eb7e1fb349ed189a6b05,1,1,0,0,add,add,1,,,PREEXTRACTED_COMMAND_OUTPUT_PATH_LIST
coding-readiness/reports/control-adoption-active-fence-expanded-remediation-pass-2026-09-14.json.gz.b64,RECOVERED_EVENT_CHAIN_COMPLETE,REPORT_OR_RECEIPT,134161,e3341aa012d8c78be2e3fe2608f7ad832cf1f142f4f5177b0c7a8a0523a417cd,1,1,0,0,add,add,1,,,PREEXTRACTED_COMMAND_OUTPUT_PATH_LIST
coding-readiness/reports/control-adoption-active-fence-minimum-production-plan-2026-09-14.md,RECOVERED_EVENT_CHAIN_COMPLETE,REPORT_OR_RECEIPT,4723,97ca9b24f1d8c01e3f7d19480a2d02186e9d8e65cfb0c5809aed7d734983425c,1,1,0,0,add,add,1,,,PREEXTRACTED_COMMAND_OUTPUT_PATH_LIST
coding-readiness/reports/control-adoption-active-fence-remediation-completion-2026-09-14.json,RECOVERED_EVENT_CHAIN_COMPLETE,REPORT_OR_RECEIPT,13843,0093f96f15a1323a53ffb46a3769a809688708275d3ab1e6240cffcafc41e33f,5,5,0,0,add,add,1,,,PREEXTRACTED_COMMAND_OUTPUT_PATH_LIST
coding-readiness/reports/control-adoption-active-fence-remediation-completion-2026-09-14.md,RECOVERED_EVENT_CHAIN_COMPLETE,REPORT_OR_RECEIPT,5490,7332eb3003bf5874557fda874dac0ce937cde9abd643c9bc6cb1cb8deb7f7db4,4,4,0,0,add,add,1,,,PREEXTRACTED_COMMAND_OUTPUT_PATH_LIST
coding-readiness/reports/control-adoption-active-fence-remediation-pass-2026-09-14.json.gz.b64,RECOVERED_EVENT_CHAIN_COMPLETE,REPORT_OR_RECEIPT,131919,4e161d6cfdb5066b2e4ab7f7cc2739c06e3adda5e8088e400fa91d89d9c14ed2,1,1,0,0,add,add,1,,,PREEXTRACTED_COMMAND_OUTPUT_PATH_LIST
coding-readiness/reports/control-adoption-active-fence-reproduction-before-2026-09-14.json,RECOVERED_EVENT_CHAIN_COMPLETE,REPORT_OR_RECEIPT,5521,b997cdade225f9a50a96447e191d1f14858ca438d16f0ad4ae5360ca58dceb59,1,1,0,0,add,add,1,,,PREEXTRACTED_COMMAND_OUTPUT_PATH_LIST
coding-readiness/reports/control-adoption-active-fence-reproduction-before-2026-09-14.json.gz.b64,RECOVERED_EVENT_CHAIN_COMPLETE,REPORT_OR_RECEIPT,140488,83cebc21620c8c7a7817e42ff590ee403e64a7241c539ad28d2538d2ad8ff80f,1,1,0,0,add,add,1,,,PREEXTRACTED_COMMAND_OUTPUT_PATH_LIST
coding-readiness/reports/control-adoption-active-fence-reproduction-before-2026-09-14.md,RECOVERED_EVENT_CHAIN_COMPLETE,REPORT_OR_RECEIPT,2808,9ee0befc348680a3d4bd1ea955d4559aae4fede475b58d97a70431dc5d5a9212,1,1,0,0,add,add,1,,,PREEXTRACTED_COMMAND_OUTPUT_PATH_LIST
coding-readiness/reports/control-inspection-fence-bridge-author-evidence-2026-09-14.json,RECOVERED_EVENT_CHAIN_COMPLETE,REPORT_OR_RECEIPT,183562,801fefed7487f1c8f8065037848474b4e986106e5bac26b22571ea56fbcbc68b,2,2,0,0,add,update,1,,,PREEXTRACTED_COMMAND_OUTPUT_PATH_LIST
coding-readiness/reports/control-inspection-fence-bridge-author-evidence-2026-09-14.md,RECOVERED_EVENT_CHAIN_COMPLETE,REPORT_OR_RECEIPT,6407,7919d32de595031ed48b22811441527827da12bd58deb576b8cf9745625acfc2,1,1,0,0,add,add,1,,,PREEXTRACTED_COMMAND_OUTPUT_PATH_LIST
coding-readiness/reports/control-metadata-inspection-composition-actual-before-2026-09-14.json,RECOVERED_EVENT_CHAIN_COMPLETE,REPORT_OR_RECEIPT,232837,743d267b65d6e5e67420481d9bffc3886cc9a09d1da102c8ff31c009d06a32af,1,1,0,0,add,add,1,,,PREEXTRACTED_COMMAND_OUTPUT_PATH_LIST
coding-readiness/reports/control-metadata-inspection-composition-actual-before-2026-09-14.md,RECOVERED_EVENT_CHAIN_COMPLETE,REPORT_OR_RECEIPT,3812,a37ba3ad6c62d80b8fe1a624dced4eee8f99cdc3a49b129c2a6fd287a4afc611,2,2,0,0,snapshot,snapshot,1,,,PREEXTRACTED_COMMAND_OUTPUT_PATH_LIST
coding-readiness/reports/control-metadata-inspection-composition-author-after-2026-09-14.json,RECOVERED_EVENT_CHAIN_COMPLETE,REPORT_OR_RECEIPT,223935,c6dbb43c834c178e297ed8a03fc081dcf75ed46004c4e76da0930fa28af8bcf5,1,1,0,0,add,add,1,,,PREEXTRACTED_COMMAND_OUTPUT_PATH_LIST
coding-readiness/reports/control-metadata-inspection-composition-author-after-2026-09-14.md,RECOVERED_EVENT_CHAIN_COMPLETE,REPORT_OR_RECEIPT,3795,1322a657244deb92ef807ab7bc49fd9af5863af77c015fd388dfdf04e3f05ca0,1,1,0,0,add,add,1,,,PREEXTRACTED_COMMAND_OUTPUT_PATH_LIST
coding-readiness/reports/control-startup-authority-independent-initial-repro-2026-09-14.json,RECOVERED_EVENT_CHAIN_COMPLETE,REPORT_OR_RECEIPT,159471,0cb0498e24def7f52339e1dbefc808f88176862e928ac333d6e780ba5a66bd2f,1,1,0,0,add,add,1,,,PREEXTRACTED_COMMAND_OUTPUT_PATH_LIST
coding-readiness/reports/control-startup-authority-independent-initial-repro-2026-09-14.md,RECOVERED_EVENT_CHAIN_COMPLETE,REPORT_OR_RECEIPT,3998,fd650da1f34a3a69c9722c6619df60aa38d8eb6360ec816ba6cf7a907358b86f,1,1,0,0,add,add,1,,,PREEXTRACTED_COMMAND_OUTPUT_PATH_LIST
coding-readiness/reports/control-startup-authority-independent-precision-before-fix-2026-09-14.json,RECOVERED_EVENT_CHAIN_COMPLETE,REPORT_OR_RECEIPT,181666,dc4aca6f16d3542c0ba05a7d16ad46dc6eb4d061dd26293133ba0b0e962192b6,1,1,0,0,add,add,1,,,PREEXTRACTED_COMMAND_OUTPUT_PATH_LIST
coding-readiness/reports/control-startup-authority-independent-precision-before-fix-2026-09-14.md,RECOVERED_EVENT_CHAIN_COMPLETE,REPORT_OR_RECEIPT,3187,5b1f7b01ea27b76f17f784e133a61d3525b931a27798cd216e67900c7f0cba4c,1,1,0,0,add,add,1,,,PREEXTRACTED_COMMAND_OUTPUT_PATH_LIST
coding-readiness/reports/control-startup-authority-independent-remediation-pass-2026-09-14.json,RECOVERED_EVENT_CHAIN_COMPLETE,REPORT_OR_RECEIPT,130943,30f09e4c1115fd668ad4d3b09cf5cec4dd12a57ce6f37147a8a0933a8de42450,1,1,0,0,add,add,1,,,PREEXTRACTED_COMMAND_OUTPUT_PATH_LIST
coding-readiness/reports/control-startup-authority-independent-remediation-pass-2026-09-14.md,RECOVERED_EVENT_CHAIN_COMPLETE,REPORT_OR_RECEIPT,3929,d7d0d0b057ad1e3119a21782ae0e11c2cb91a478181c58914d1922d8c7f723f1,1,1,0,0,add,add,1,,,PREEXTRACTED_COMMAND_OUTPUT_PATH_LIST
coding-readiness/reports/devctl-profile-diagnostic-db0d2b5-2026-09-14.v1.md,RECOVERED_EVENT_CHAIN_COMPLETE,REPORT_OR_RECEIPT,4276,7ce1dcef116b74186521ae07eb17a59b61a6dae43e22cad64bd5de7b2187bcb7,1,1,0,0,snapshot,snapshot,1,,,PREEXTRACTED_COMMAND_OUTPUT_PATH_LIST
coding-readiness/reports/dwp-identity-reuse-independent-audit-2026-09-14.json,RECOVERED_EVENT_CHAIN_COMPLETE,REPORT_OR_RECEIPT,148393,36f8ce83727da04d20bec057700ae40d8436562b02677e115cb8f1871dcecedb,3,3,0,0,add,update,1,,,PREEXTRACTED_COMMAND_OUTPUT_PATH_LIST
coding-readiness/reports/dwp-identity-reuse-independent-audit-2026-09-14.md,RECOVERED_EVENT_CHAIN_COMPLETE,REPORT_OR_RECEIPT,20778,05e315311e01b3af8f7440cff168b9ac80bec324d21b9351f5152773e585ffd7,3,3,0,0,snapshot,snapshot,1,,,PREEXTRACTED_COMMAND_OUTPUT_PATH_LIST
coding-readiness/reports/employment-self-context-clock-fix-independent-reexecution-2026-09-14.json,RECOVERED_EVENT_CHAIN_COMPLETE,REPORT_OR_RECEIPT,202849,6aead9c006480769fadbe86e935c0f255391478355aef863331b5f9b26c72c24,1,1,0,0,add,add,1,,,PREEXTRACTED_COMMAND_OUTPUT_PATH_LIST
coding-readiness/reports/employment-self-context-clock-fix-independent-reexecution-2026-09-14.md,RECOVERED_EVENT_CHAIN_COMPLETE,REPORT_OR_RECEIPT,2002,e73785ea8f8cedca942231eab1f4ab42f67092312c1ad7a0647a54c9b9c8cfec,1,1,0,0,add,add,1,,,PREEXTRACTED_COMMAND_OUTPUT_PATH_LIST
coding-readiness/reports/employment-self-context-clock-remediation-independent-pass-2026-09-14.json,RECOVERED_EVENT_CHAIN_COMPLETE,REPORT_OR_RECEIPT,192773,dc165d1d2618a28a69149cc55a1cf000c537c8ef0c401226206a7042e869ee4e,1,1,0,0,add,add,1,,,PREEXTRACTED_COMMAND_OUTPUT_PATH_LIST
coding-readiness/reports/employment-self-context-clock-remediation-independent-pass-2026-09-14.md,RECOVERED_EVENT_CHAIN_COMPLETE,REPORT_OR_RECEIPT,2318,f5b31e0b6a849d891419613c02c4a8e50cde684dd46d85749a368a635718e692,1,1,0,0,add,add,1,,,PREEXTRACTED_COMMAND_OUTPUT_PATH_LIST
coding-readiness/reports/employment-self-context-progress-clock-independent-repro-2026-09-14.json,RECOVERED_EVENT_CHAIN_COMPLETE,REPORT_OR_RECEIPT,107614,1082d5de68e5a5801afb16458b644df7f6affef24a89a9e54cccea5ffcd88807,2,2,0,0,add,update,1,,,PREEXTRACTED_COMMAND_OUTPUT_PATH_LIST
coding-readiness/reports/employment-self-context-progress-clock-independent-repro-2026-09-14.md,RECOVERED_EVENT_CHAIN_COMPLETE,REPORT_OR_RECEIPT,2472,15eed288f4fc0f37299aba46f82236e0e5c7d7bb08e5bf703d2be3d07bd97d70,1,1,0,0,add,add,1,,,PREEXTRACTED_COMMAND_OUTPUT_PATH_LIST
coding-readiness/reports/five-module-start-readiness-independent-review-2026-09-14.json,RECOVERED_EVENT_CHAIN_COMPLETE,REPORT_OR_RECEIPT,78175,ccb68b6707dea519620b46f4ec1145cb63922399b7cfa5c125c0eb198ab57fe9,10,10,0,0,snapshot,update,1,,,PREEXTRACTED_COMMAND_OUTPUT_PATH_LIST
coding-readiness/reports/five-module-start-readiness-independent-review-2026-09-14.md,RECOVERED_EVENT_CHAIN_COMPLETE,REPORT_OR_RECEIPT,27457,84387eefb395b4b784586b053fd16fa6605f14e8cd13a26f9bad62d2f751a3fa,6,6,0,0,add,update,1,,,PREEXTRACTED_COMMAND_OUTPUT_PATH_LIST
coding-readiness/reports/frontend-api-sor-layer-path-successor-2026-09-14.json,REFERENCE_ONLY,REPORT_OR_RECEIPT,,,0,0,0,0,,,1,,,PREEXTRACTED_COMMAND_OUTPUT_PATH_LIST
coding-readiness/reports/frontend-api-sor-layer-path-successor-2026-09-14.md,REFERENCE_ONLY,REPORT_OR_RECEIPT,,,0,0,0,0,,,1,,,PREEXTRACTED_COMMAND_OUTPUT_PATH_LIST
coding-readiness/reports/frontend-approval-gate-baseline-final-2026-09-14.json,RECOVERED_EVENT_CHAIN_COMPLETE,REPORT_OR_RECEIPT,14676,bea9439cfdd26410dbf74d83264e6b4c2725f722cae7394b2d831e9bd3377708,1,1,0,0,add,add,1,,,PREEXTRACTED_COMMAND_OUTPUT_PATH_LIST
coding-readiness/reports/frontend-approval-gate-baseline-final-2026-09-14.md,RECOVERED_EVENT_CHAIN_COMPLETE,REPORT_OR_RECEIPT,5799,f02b36033ce1c3fcfd47e996dc46b56f11f8633ac2695c03008b2babe57445c3,1,1,0,0,add,add,1,,,PREEXTRACTED_COMMAND_OUTPUT_PATH_LIST
coding-readiness/reports/frontend-civil-date-independent-followup-2026-09-14.json,RECOVERED_EVENT_CHAIN_COMPLETE,REPORT_OR_RECEIPT,221032,5c63f549f433cccc9c18a4a036609de673f88af396a35669f3ca54cd46415eaf,1,1,0,0,add,add,1,,,PREEXTRACTED_COMMAND_OUTPUT_PATH_LIST
coding-readiness/reports/frontend-civil-date-independent-followup-2026-09-14.md,RECOVERED_EVENT_CHAIN_COMPLETE,REPORT_OR_RECEIPT,6486,e39ba8ac1df21743eacd09a736d627dae6a629a03a4a1297b56496e8d9770fae,1,1,0,0,add,add,1,,,PREEXTRACTED_COMMAND_OUTPUT_PATH_LIST
coding-readiness/reports/frontend-civil-date-whole-shared-i18n-root-replay-2026-09-14.json,REFERENCE_ONLY,REPORT_OR_RECEIPT,,,0,0,0,0,,,1,,,PREEXTRACTED_COMMAND_OUTPUT_PATH_LIST
coding-readiness/reports/frontend-current-civil-date-whole-type-quality-root-readback-2026-09-14.json,REFERENCE_ONLY,REPORT_OR_RECEIPT,,,0,0,0,0,,,1,,,PREEXTRACTED_COMMAND_OUTPUT_PATH_LIST
coding-readiness/reports/frontend-current-civil-date-whole-type-quality-root-replay-2026-09-14.json,REFERENCE_ONLY,REPORT_OR_RECEIPT,,,0,0,0,0,,,1,,,PREEXTRACTED_COMMAND_OUTPUT_PATH_LIST
coding-readiness/reports/frontend-current-civil-date-whole-type-quality-root-replay-2026-09-14.md,REFERENCE_ONLY,REPORT_OR_RECEIPT,,,0,0,0,0,,,1,,,PREEXTRACTED_COMMAND_OUTPUT_PATH_LIST
coding-readiness/reports/frontend-current-integration-final-readiness-2026-09-14.json,RECOVERED_EVENT_CHAIN_COMPLETE,REPORT_OR_RECEIPT,26990,1d737fef7c8aa2362e9cdde5632d95127b45937c07d0cdbafba0fd1e7af6f6c8,5,5,0,0,add,update,1,,,PREEXTRACTED_COMMAND_OUTPUT_PATH_LIST
coding-readiness/reports/frontend-current-integration-final-readiness-2026-09-14.md,RECOVERED_EVENT_CHAIN_COMPLETE,REPORT_OR_RECEIPT,7643,3e935951361a770da8084c4d9daa95a6bb8e1d990e391c457cbc7a24bc68ef9f,1,1,0,0,add,add,1,,,PREEXTRACTED_COMMAND_OUTPUT_PATH_LIST
coding-readiness/reports/frontend-full-diagnostic-da7f1d8-2026-09-14.v1.md,RECOVERED_EVENT_CHAIN_COMPLETE,REPORT_OR_RECEIPT,2131,bcaef3aa1fdcb16f891ccdbaff42af7c7a960a30dae193fe7b0207b8fc44e71e,1,1,0,0,snapshot,snapshot,1,,,PREEXTRACTED_COMMAND_OUTPUT_PATH_LIST
coding-readiness/reports/frontend-hrm-people-layer-preparation-readonly-plan-2026-09-14.json,RECOVERED_EVENT_CHAIN_COMPLETE,REPORT_OR_RECEIPT,35510,7a8e0bff71bd3c47e633d21eff9ea577397fcd752d6e8829fa0e1c6fae910280,1,1,0,0,add,add,1,,,PREEXTRACTED_COMMAND_OUTPUT_PATH_LIST
coding-readiness/reports/frontend-hrm-people-layer-preparation-readonly-plan-2026-09-14.md,RECOVERED_EVENT_CHAIN_COMPLETE,REPORT_OR_RECEIPT,4072,e37c0cf94720c2f64488202a4b7f4f1763902f14efd99ed21ebe6d62f5e79fc4,1,1,0,0,add,add,1,,,PREEXTRACTED_COMMAND_OUTPUT_PATH_LIST
coding-readiness/reports/frontend-http-body-lifecycle-actual-fail-before-2026-09-14.json,REFERENCE_ONLY,REPORT_OR_RECEIPT,,,0,0,0,0,,,1,,,PREEXTRACTED_COMMAND_OUTPUT_PATH_LIST
coding-readiness/reports/frontend-http-body-lifecycle-independent-review-2026-09-14.json,RECOVERED_EVENT_CHAIN_COMPLETE,REPORT_OR_RECEIPT,62736,9d080ff69bca1b683b009c1f3da477a91fc2012e523795aabed89ccd8bb55144,1,1,0,0,add,add,1,,,PREEXTRACTED_COMMAND_OUTPUT_PATH_LIST
coding-readiness/reports/frontend-http-body-lifecycle-independent-review-2026-09-14.md,RECOVERED_EVENT_CHAIN_COMPLETE,REPORT_OR_RECEIPT,4546,639a3fc536475d38a9decfbda6989ee2cd207c6fff55996fea9ae35f3bbe5e25,1,1,0,0,add,add,1,,,PREEXTRACTED_COMMAND_OUTPUT_PATH_LIST
coding-readiness/reports/frontend-http-body-lifecycle-root-remediation-pass-2026-09-14.json,REFERENCE_ONLY,REPORT_OR_RECEIPT,,,0,0,0,0,,,1,,,PREEXTRACTED_COMMAND_OUTPUT_PATH_LIST
coding-readiness/reports/frontend-http-body-lifecycle-root-remediation-pass-2026-09-14.md,RECOVERED_EVENT_CHAIN_COMPLETE,REPORT_OR_RECEIPT,1893,3adaa4f991dd69e5619f41500c52fc264bab500431d28578054444ab14f8a1a9,1,1,0,0,snapshot,snapshot,1,,,PREEXTRACTED_COMMAND_OUTPUT_PATH_LIST
coding-readiness/reports/frontend-http-body-lifecycle-whole-shared-utils-root-replay-2026-09-14.json,REFERENCE_ONLY,REPORT_OR_RECEIPT,,,0,0,0,0,,,1,,,PREEXTRACTED_COMMAND_OUTPUT_PATH_LIST
coding-readiness/reports/frontend-http-cancellation-race-actual-fail-before-2026-09-14.json,RECOVERED_EVENT_CHAIN_COMPLETE,REPORT_OR_RECEIPT,61452,0efbac4cf2ce8e5ea601c5bad3737f4ef1b5a29faf0267ce00e236afb11d8306,1,1,0,0,add,add,1,,,PREEXTRACTED_COMMAND_OUTPUT_PATH_LIST
coding-readiness/reports/frontend-http-cancellation-race-remediation-pass-2026-09-14.json,RECOVERED_EVENT_CHAIN_COMPLETE,REPORT_OR_RECEIPT,75928,e48d70d3085fc93094c1c63e4559c1fd020408d86abe9dcddfe818633d602b46,1,1,0,0,add,add,1,,,PREEXTRACTED_COMMAND_OUTPUT_PATH_LIST
coding-readiness/reports/frontend-http-cancellation-race-remediation-pass-2026-09-14.md,RECOVERED_EVENT_CHAIN_COMPLETE,REPORT_OR_RECEIPT,4560,cfef9069846a798c42518c1327cf407f6d5cd2761308c6b5b313569a35df0841,1,1,0,0,add,add,1,,,PREEXTRACTED_COMMAND_OUTPUT_PATH_LIST
coding-readiness/reports/frontend-http-current-whole-shared-utils-root-lossless-readback-2026-09-14.json,REFERENCE_ONLY,REPORT_OR_RECEIPT,,,0,0,0,0,,,1,,,PREEXTRACTED_COMMAND_OUTPUT_PATH_LIST
coding-readiness/reports/frontend-http-current-whole-shared-utils-root-lossless-replay-2026-09-14.json,REFERENCE_ONLY,REPORT_OR_RECEIPT,,,0,0,0,0,,,1,,,PREEXTRACTED_COMMAND_OUTPUT_PATH_LIST
coding-readiness/reports/frontend-http-current-whole-shared-utils-root-lossless-replay-2026-09-14.md,REFERENCE_ONLY,REPORT_OR_RECEIPT,,,0,0,0,0,,,1,,,PREEXTRACTED_COMMAND_OUTPUT_PATH_LIST
coding-readiness/reports/frontend-ia-current-source-successor-2026-09-14.json,RECOVERED_EVENT_CHAIN_COMPLETE,REPORT_OR_RECEIPT,16461,50c295db6ab3d677cc8ac296e9448cbd7dd9cfe6f06b43c65f782cad07143e91,1,1,0,0,add,add,1,,,PREEXTRACTED_COMMAND_OUTPUT_PATH_LIST
coding-readiness/reports/frontend-ia-current-source-successor-2026-09-14.md,RECOVERED_EVENT_CHAIN_COMPLETE,REPORT_OR_RECEIPT,4288,cd6db5c16a94dfc6af87adf43262199172728f388523797f9b850580b32a0d2c,1,1,0,0,add,add,1,,,PREEXTRACTED_COMMAND_OUTPUT_PATH_LIST
coding-readiness/reports/frontend-layer-verification-author-evidence-2026-09-14.json,RECOVERED_EVENT_CHAIN_COMPLETE,REPORT_OR_RECEIPT,93012,205e5d715bac87cfd253b0e01328ed11395ace447fa263f8039bdaded4bc88f3,1,1,0,0,add,add,1,,,PREEXTRACTED_COMMAND_OUTPUT_PATH_LIST
coding-readiness/reports/frontend-layer-verification-author-evidence-2026-09-14.md,RECOVERED_EVENT_CHAIN_COMPLETE,REPORT_OR_RECEIPT,8055,d6830ddcba7b5ec0afd21e6c2717faa29e434af8059cf91bff0df65ab34447f6,1,1,0,0,add,add,1,,,PREEXTRACTED_COMMAND_OUTPUT_PATH_LIST
coding-readiness/reports/frontend-layer-verification-root-independent-replay-2026-09-14.json,REFERENCE_ONLY,REPORT_OR_RECEIPT,,,0,0,0,0,,,1,,,PREEXTRACTED_COMMAND_OUTPUT_PATH_LIST
coding-readiness/reports/frontend-layer-verification-root-independent-replay-2026-09-14.md,REFERENCE_ONLY,REPORT_OR_RECEIPT,,,0,0,0,0,,,1,,,PREEXTRACTED_COMMAND_OUTPUT_PATH_LIST
coding-readiness/reports/frontend-payroll-browser-six-variants-author-2026-09-14.json,REFERENCE_ONLY,REPORT_OR_RECEIPT,,,0,0,0,0,,,1,,,PREEXTRACTED_COMMAND_OUTPUT_PATH_LIST
coding-readiness/reports/frontend-payroll-browser-six-variants-author-2026-09-14.md,REFERENCE_ONLY,REPORT_OR_RECEIPT,,,0,0,0,0,,,1,,,PREEXTRACTED_COMMAND_OUTPUT_PATH_LIST
coding-readiness/reports/frontend-payroll-browser-smoke-author-2026-09-14.json,REFERENCE_ONLY,REPORT_OR_RECEIPT,,,0,0,0,0,,,1,,,PREEXTRACTED_COMMAND_OUTPUT_PATH_LIST
coding-readiness/reports/frontend-payroll-civil-date-root-actual-fail-before-2026-09-14.json,REFERENCE_ONLY,REPORT_OR_RECEIPT,,,0,0,0,0,,,1,,,PREEXTRACTED_COMMAND_OUTPUT_PATH_LIST
coding-readiness/reports/frontend-payroll-civil-date-root-remediation-pass-2026-09-14.json,REFERENCE_ONLY,REPORT_OR_RECEIPT,,,0,0,0,0,,,1,,,PREEXTRACTED_COMMAND_OUTPUT_PATH_LIST
coding-readiness/reports/frontend-payroll-codec-download-remediation-2026-09-14.json,RECOVERED_EVENT_CHAIN_COMPLETE,REPORT_OR_RECEIPT,132478,d8e344bdc070b125128c6a6d3de4447307ce96dc2aee5c130f2c66a2638a999a,1,1,0,0,add,add,1,,,PREEXTRACTED_COMMAND_OUTPUT_PATH_LIST
coding-readiness/reports/frontend-payroll-codec-download-remediation-2026-09-14.md,RECOVERED_EVENT_CHAIN_COMPLETE,REPORT_OR_RECEIPT,6590,3a6640d9f92d6be39869d190b6834d975f9e03e460771a8c92eaa8d4d9c585b6,1,1,0,0,add,add,1,,,PREEXTRACTED_COMMAND_OUTPUT_PATH_LIST
coding-readiness/reports/frontend-payroll-layer-baseline-lock-timeout-2026-09-14.json,REFERENCE_ONLY,REPORT_OR_RECEIPT,,,0,0,0,0,,,1,,,PREEXTRACTED_COMMAND_OUTPUT_PATH_LIST
coding-readiness/reports/frontend-payroll-layer-existing-baseline-2026-09-14.json,REFERENCE_ONLY,REPORT_OR_RECEIPT,,,0,0,0,0,,,1,,,PREEXTRACTED_COMMAND_OUTPUT_PATH_LIST
coding-readiness/reports/frontend-payroll-real-layer-author-replay-2026-09-14.json,REFERENCE_ONLY,REPORT_OR_RECEIPT,,,0,0,0,0,,,1,,,PREEXTRACTED_COMMAND_OUTPUT_PATH_LIST
coding-readiness/reports/frontend-payroll-real-layer-current-ast-scan-2026-09-14.json,REFERENCE_ONLY,REPORT_OR_RECEIPT,,,0,0,0,0,,,1,,,PREEXTRACTED_COMMAND_OUTPUT_PATH_LIST
coding-readiness/reports/frontend-payroll-real-layer-independent-counterexamples-2026-09-14.cjs,RECOVERED_EVENT_CHAIN_COMPLETE,REPORT_OR_RECEIPT,14496,50ce43bbb0c5c18bbdff36ed14ae0b08b7ae4969eaa7dd8cd6afdd6c2c74c96a,2,2,0,0,add,update,1,,,PREEXTRACTED_COMMAND_OUTPUT_PATH_LIST
coding-readiness/reports/frontend-payroll-real-layer-independent-review-2026-09-14.json,RECOVERED_EVENT_CHAIN_COMPLETE,REPORT_OR_RECEIPT,150400,3fb650601ea3b1999d9b237c9fcb3af9c8673d0184242588c5cae939538aaba9,3,3,0,0,add,update,1,,,PREEXTRACTED_COMMAND_OUTPUT_PATH_LIST
coding-readiness/reports/frontend-payroll-real-layer-independent-review-2026-09-14.md,RECOVERED_EVENT_CHAIN_COMPLETE,REPORT_OR_RECEIPT,5840,4ddbd1dc860f5e257759e15f67b3cca8649cb99cdfe36f0f90f52495c67f597a,1,1,0,0,add,add,1,,,PREEXTRACTED_COMMAND_OUTPUT_PATH_LIST
coding-readiness/reports/frontend-payroll-real-layer-preparation-2026-09-14.md,RECOVERED_EVENT_CHAIN_COMPLETE,REPORT_OR_RECEIPT,4272,487f96f9292d542421790f0d0ab1809c40d3ef3c4eea975646e283af37088e9f,1,1,0,0,snapshot,snapshot,1,,,PREEXTRACTED_COMMAND_OUTPUT_PATH_LIST
coding-readiness/reports/frontend-payroll-real-layer-quality-author-replay-2026-09-14.json,REFERENCE_ONLY,REPORT_OR_RECEIPT,,,0,0,0,0,,,1,,,PREEXTRACTED_COMMAND_OUTPUT_PATH_LIST
coding-readiness/reports/frontend-payroll-remediation-exports-same-budget-probe-2026-09-14.json,RECOVERED_EVENT_CHAIN_COMPLETE,REPORT_OR_RECEIPT,19841,ad0d76368e362e5d63e2536561885778845c8df196c4b74f45f223e7c8b8f5ee,1,1,0,0,add,add,1,,,PREEXTRACTED_COMMAND_OUTPUT_PATH_LIST
coding-readiness/reports/frontend-payroll-remediation-fail-before-2026-09-14.json,RECOVERED_EVENT_CHAIN_COMPLETE,REPORT_OR_RECEIPT,41071,6c9a3739c41b09fc78b17f1419c85eed8fe79e70bf6cdc0c91c93021a71048a7,1,1,0,0,add,add,1,,,PREEXTRACTED_COMMAND_OUTPUT_PATH_LIST
coding-readiness/reports/frontend-payroll-remediation-initial-fail-before-2026-09-14.json,RECOVERED_EVENT_CHAIN_COMPLETE,REPORT_OR_RECEIPT,40570,aa5f112242bb538935f1ccbf549a67ab77f5a265c5c140180506cf410905a78f,1,1,0,0,add,add,1,,,PREEXTRACTED_COMMAND_OUTPUT_PATH_LIST
coding-readiness/reports/frontend-payroll-remediation-pass-after-2026-09-14.json,RECOVERED_EVENT_CHAIN_COMPLETE,REPORT_OR_RECEIPT,39758,8c51270a435a9506b2161f53129fcc595b0a85c0e72a9cbade45d6040767d142,1,1,0,0,add,add,1,,,PREEXTRACTED_COMMAND_OUTPUT_PATH_LIST
coding-readiness/reports/frontend-payroll-remediation-quality-after-shared-type-fix-2026-09-14.json,RECOVERED_EVENT_CHAIN_COMPLETE,REPORT_OR_RECEIPT,27494,eb07a2508ec0107790a1c101e8559aa1d039727d0827b8e269d57607be3a0233,1,1,0,0,add,add,1,,,PREEXTRACTED_COMMAND_OUTPUT_PATH_LIST
coding-readiness/reports/frontend-payroll-remediation-quality-first-collected-2026-09-14.json,RECOVERED_EVENT_CHAIN_COMPLETE,REPORT_OR_RECEIPT,26503,be940df9d39d1a3e40fd5c5758f11358c5fbe47b64606ec1e4d08eaa20f3c52f,1,1,0,0,add,add,1,,,PREEXTRACTED_COMMAND_OUTPUT_PATH_LIST
coding-readiness/reports/frontend-payroll-remediation-quality-initial-timeout-2026-09-14.json,RECOVERED_EVENT_CHAIN_COMPLETE,REPORT_OR_RECEIPT,1775,ca761b0fbc99cb0bc2ff4b1b17278f009c8b04b1d595d01442f7574193d876cf,1,1,0,0,add,add,1,,,PREEXTRACTED_COMMAND_OUTPUT_PATH_LIST
coding-readiness/reports/frontend-people-actual-flat-baseline-root-lossless-2026-09-14.json,REFERENCE_ONLY,REPORT_OR_RECEIPT,,,0,0,0,0,,,1,,,PREEXTRACTED_COMMAND_OUTPUT_PATH_LIST
coding-readiness/reports/frontend-people-baseline-performance-provenance-root-readback-2026-09-14.json,REFERENCE_ONLY,REPORT_OR_RECEIPT,,,0,0,0,0,,,1,,,PREEXTRACTED_COMMAND_OUTPUT_PATH_LIST
coding-readiness/reports/frontend-people-layer-root-actual-first-fail-after-2026-09-14.json,REFERENCE_ONLY,REPORT_OR_RECEIPT,,,0,0,0,0,,,1,,,PREEXTRACTED_COMMAND_OUTPUT_PATH_LIST
coding-readiness/reports/frontend-people-layer-root-actual-second-fail-after-2026-09-14.json,REFERENCE_ONLY,REPORT_OR_RECEIPT,,,0,0,0,0,,,1,,,PREEXTRACTED_COMMAND_OUTPUT_PATH_LIST
coding-readiness/reports/frontend-people-layer-root-final-readback-2026-09-14.json,REFERENCE_ONLY,REPORT_OR_RECEIPT,,,0,0,0,0,,,1,,,PREEXTRACTED_COMMAND_OUTPUT_PATH_LIST
coding-readiness/reports/frontend-people-layer-root-remediation-2026-09-14.md,REFERENCE_ONLY,REPORT_OR_RECEIPT,,,0,0,0,0,,,1,,,PREEXTRACTED_COMMAND_OUTPUT_PATH_LIST
coding-readiness/reports/frontend-people-layer-root-remediation-pass-2026-09-14.json,REFERENCE_ONLY,REPORT_OR_RECEIPT,,,0,0,0,0,,,1,,,PREEXTRACTED_COMMAND_OUTPUT_PATH_LIST
coding-readiness/reports/frontend-people-layer-root-remediation-pass-2026-09-14.json.gz.b64,REFERENCE_ONLY,REPORT_OR_RECEIPT,,,0,0,0,0,,,1,,,PREEXTRACTED_COMMAND_OUTPUT_PATH_LIST
coding-readiness/reports/frontend-people-layer-root-remediation-pass-lossless-2026-09-14.json,REFERENCE_ONLY,REPORT_OR_RECEIPT,,,0,0,0,0,,,1,,,PREEXTRACTED_COMMAND_OUTPUT_PATH_LIST
coding-readiness/reports/frontend-people-performance-delivery-loss-2026-09-14.md,REFERENCE_ONLY,REPORT_OR_RECEIPT,,,0,0,0,0,,,1,,,PREEXTRACTED_COMMAND_OUTPUT_PATH_LIST
coding-readiness/reports/frontend-people-privacy-root-actual-fail-before-2026-09-14.json,REFERENCE_ONLY,REPORT_OR_RECEIPT,,,0,0,0,0,,,1,,,PREEXTRACTED_COMMAND_OUTPUT_PATH_LIST
coding-readiness/reports/frontend-performance-actual-flat-baseline-root-lossless-2026-09-14.json,REFERENCE_ONLY,REPORT_OR_RECEIPT,,,0,0,0,0,,,1,,,PREEXTRACTED_COMMAND_OUTPUT_PATH_LIST
coding-readiness/reports/frontend-performance-actual-layer-author-lossless-2026-09-14.json,REFERENCE_ONLY,REPORT_OR_RECEIPT,,,0,0,0,0,,,1,,,PREEXTRACTED_COMMAND_OUTPUT_PATH_LIST
coding-readiness/reports/frontend-performance-actual-layer-author-readback-2026-09-14.json,REFERENCE_ONLY,REPORT_OR_RECEIPT,,,0,0,0,0,,,1,,,PREEXTRACTED_COMMAND_OUTPUT_PATH_LIST
coding-readiness/reports/frontend-performance-actual-layer-author-replay-2026-09-14.md,REFERENCE_ONLY,REPORT_OR_RECEIPT,,,0,0,0,0,,,1,,,PREEXTRACTED_COMMAND_OUTPUT_PATH_LIST
coding-readiness/reports/frontend-performance-privacy-root-actual-fail-before-2026-09-14.json,REFERENCE_ONLY,REPORT_OR_RECEIPT,,,0,0,0,0,,,1,,,PREEXTRACTED_COMMAND_OUTPUT_PATH_LIST
coding-readiness/reports/frontend-performance-privacy-root-readback-2026-09-14.json,REFERENCE_ONLY,REPORT_OR_RECEIPT,,,0,0,0,0,,,1,,,PREEXTRACTED_COMMAND_OUTPUT_PATH_LIST
coding-readiness/reports/frontend-performance-privacy-root-remediation-2026-09-14.md,RECOVERED_EVENT_CHAIN_COMPLETE,REPORT_OR_RECEIPT,3494,7ee3d9401e49d6e2866c9e5ac7cafd68fa02d37456150567e29311f8a520a9ce,1,1,0,0,snapshot,snapshot,1,,,PREEXTRACTED_COMMAND_OUTPUT_PATH_LIST
coding-readiness/reports/frontend-performance-privacy-root-remediation-pass-2026-09-14.json,REFERENCE_ONLY,REPORT_OR_RECEIPT,,,0,0,0,0,,,1,,,PREEXTRACTED_COMMAND_OUTPUT_PATH_LIST
coding-readiness/reports/frontend-performance-provenance-root-actual-fail-before-2026-09-14.json,REFERENCE_ONLY,REPORT_OR_RECEIPT,,,0,0,0,0,,,1,,,PREEXTRACTED_COMMAND_OUTPUT_PATH_LIST
coding-readiness/reports/frontend-performance-provenance-root-remediation-pass-2026-09-14.json,REFERENCE_ONLY,REPORT_OR_RECEIPT,,,0,0,0,0,,,1,,,PREEXTRACTED_COMMAND_OUTPUT_PATH_LIST
coding-readiness/reports/frontend-performance-race-final-readback-2026-09-14.json,RECOVERED_EVENT_CHAIN_COMPLETE,REPORT_OR_RECEIPT,4508,80e84328863b50cf4f70f75a4209c9fb724c3288a23911398557a6962f7ef70b,1,1,0,0,add,add,1,,,PREEXTRACTED_COMMAND_OUTPUT_PATH_LIST
coding-readiness/reports/frontend-performance-race-lint-safe-root-final-pass-2026-09-14.json,RECOVERED_EVENT_CHAIN_COMPLETE,REPORT_OR_RECEIPT,35225,b93202e1c62c2650611aaab4dde4145f4c1830d0de8d8497f76cd22982147cba,1,1,0,0,add,add,1,,,PREEXTRACTED_COMMAND_OUTPUT_PATH_LIST
coding-readiness/reports/frontend-performance-race-remediation-2026-09-14.md,RECOVERED_EVENT_CHAIN_COMPLETE,REPORT_OR_RECEIPT,4488,d6afbf679a81169286c76eddb7131bb3836b2e29176daf3a97e7c7dcf88eab59,1,1,0,0,add,add,1,,,PREEXTRACTED_COMMAND_OUTPUT_PATH_LIST
coding-readiness/reports/frontend-performance-race-root-actual-fail-before-2026-09-14.json,RECOVERED_EVENT_CHAIN_COMPLETE,REPORT_OR_RECEIPT,35090,8df381fabd1c3a6b5a8b9fe928b87480a302d9826824ad67e917877f58c314a0,1,1,0,0,add,add,1,,,PREEXTRACTED_COMMAND_OUTPUT_PATH_LIST
coding-readiness/reports/frontend-performance-race-root-readback-2026-09-14.json,RECOVERED_EVENT_CHAIN_COMPLETE,REPORT_OR_RECEIPT,1992,ccd42a5ca4f1dfa1c79cc6dd0fa1622d231efba4964f61d77691358f7d8d4d68,1,1,0,0,add,add,1,,,PREEXTRACTED_COMMAND_OUTPUT_PATH_LIST
coding-readiness/reports/frontend-performance-race-root-remediation-pass-2026-09-14.json,RECOVERED_EVENT_CHAIN_COMPLETE,REPORT_OR_RECEIPT,35150,397f1e053c8cdb760c29b2ff4980b4007eb973e0e02eecf835af7ff4a12cf7fb,1,1,0,0,add,add,1,,,PREEXTRACTED_COMMAND_OUTPUT_PATH_LIST
coding-readiness/reports/frontend-performance-race-scoped-quality-2026-09-14.json,RECOVERED_EVENT_CHAIN_COMPLETE,REPORT_OR_RECEIPT,9977,546bcd9ba53d25613083fd1ae6af177b85e198f701892d979e95d1b1ec124efd,1,1,0,0,add,add,1,,,PREEXTRACTED_COMMAND_OUTPUT_PATH_LIST
coding-readiness/reports/frontend-performance-race-scoped-quality-final-2026-09-14.json,RECOVERED_EVENT_CHAIN_COMPLETE,REPORT_OR_RECEIPT,9604,7fe2239aa9319057b99471b80c392cb526259e15f28e86a8f9672efaa01d7fbc,1,1,0,0,add,add,1,,,PREEXTRACTED_COMMAND_OUTPUT_PATH_LIST
coding-readiness/reports/frontend-shell-shared-layer-baseline-fail-before-2026-09-14.json,RECOVERED_EVENT_CHAIN_COMPLETE,REPORT_OR_RECEIPT,25009,8c7fa27997e6e288e50d4dd72dbd9d4b51389483370157e6bc5fcf253a387de0,1,1,0,0,add,add,1,,,PREEXTRACTED_COMMAND_OUTPUT_PATH_LIST
coding-readiness/reports/frontend-shell-shared-layer-final-lossless-readback-2026-09-14.json,RECOVERED_EVENT_CHAIN_COMPLETE,REPORT_OR_RECEIPT,1033,c83d038c7ee739afc2eaba084222f14ebbe4c1585a9903543e972bad5ecb6b22,1,1,0,0,add,add,1,,,PREEXTRACTED_COMMAND_OUTPUT_PATH_LIST
coding-readiness/reports/frontend-shell-shared-layer-final-lossless-replay-2026-09-14.json,RECOVERED_EVENT_CHAIN_COMPLETE,REPORT_OR_RECEIPT,51986,fbfcf3452690465a62be62a19c98195746036594bafd14ff53d6851a73949789,1,1,0,0,add,add,1,,,PREEXTRACTED_COMMAND_OUTPUT_PATH_LIST
coding-readiness/reports/frontend-time-actual-flat-baseline-lossless-2026-09-14.json,RECOVERED_EVENT_CHAIN_COMPLETE,REPORT_OR_RECEIPT,28983,e9f697df8536e6b02933d4d319b8218be0e91018ca1b6447c203673bfbec040a,1,1,0,0,add,add,1,,,PREEXTRACTED_COMMAND_OUTPUT_PATH_LIST
coding-readiness/reports/frontend-time-final-readback-2026-09-14.json,REFERENCE_ONLY,REPORT_OR_RECEIPT,,,0,0,0,0,,,1,,,PREEXTRACTED_COMMAND_OUTPUT_PATH_LIST
coding-readiness/reports/frontend-time-layer-privacy-race-remediation-2026-09-14.md,RECOVERED_EVENT_CHAIN_COMPLETE,REPORT_OR_RECEIPT,5807,7825f3fc90a301bf1003e879e6d08272d906a4d5a3d24cb3b9b035340b94efd2,1,1,0,0,add,add,1,,,PREEXTRACTED_COMMAND_OUTPUT_PATH_LIST
coding-readiness/reports/frontend-time-layer-privacy-race-state-final-pass-2026-09-14.json,REFERENCE_ONLY,REPORT_OR_RECEIPT,,,0,0,0,0,,,1,,,PREEXTRACTED_COMMAND_OUTPUT_PATH_LIST
coding-readiness/reports/frontend-time-layer-privacy-race-state-final-receipt-2026-09-14.json,REFERENCE_ONLY,REPORT_OR_RECEIPT,,,0,0,0,0,,,1,,,PREEXTRACTED_COMMAND_OUTPUT_PATH_LIST
coding-readiness/reports/frontend-time-privacy-race-state-actual-fail-before-2026-09-14.json,RECOVERED_EVENT_CHAIN_COMPLETE,REPORT_OR_RECEIPT,32760,c0134df5d6016eb3c13457a30c900bca5b7affac00c88d43ae5e785047534c11,1,1,0,0,add,add,1,,,PREEXTRACTED_COMMAND_OUTPUT_PATH_LIST
coding-readiness/reports/frontend-time-scoped-quality-final-2026-09-14.json,REFERENCE_ONLY,REPORT_OR_RECEIPT,,,0,0,0,0,,,1,,,PREEXTRACTED_COMMAND_OUTPUT_PATH_LIST
coding-readiness/reports/frontend-time-scoped-quality-final-receipt-2026-09-14.json,REFERENCE_ONLY,REPORT_OR_RECEIPT,,,0,0,0,0,,,1,,,PREEXTRACTED_COMMAND_OUTPUT_PATH_LIST
coding-readiness/reports/full-coding-readiness-latest.json,REFERENCE_ONLY,REPORT_OR_RECEIPT,,,0,0,0,0,,,1,,,PREEXTRACTED_COMMAND_OUTPUT_PATH_LIST
coding-readiness/reports/full-coding-readiness-latest.md,RECOVERED_EVENT_CHAIN_COMPLETE,REPORT_OR_RECEIPT,9960,4769c7bd322f000a337b92a9eb6b8b16bae1ef3217184eb013aee50f964b5e4d,3,3,0,0,snapshot,snapshot,1,,,PREEXTRACTED_COMMAND_OUTPUT_PATH_LIST
coding-readiness/reports/full-coding-readiness-static-latest.json,REFERENCE_ONLY,REPORT_OR_RECEIPT,,,0,0,0,0,,,1,,,PREEXTRACTED_COMMAND_OUTPUT_PATH_LIST
coding-readiness/reports/full-coding-readiness-static-latest.md,RECOVERED_EVENT_CHAIN_COMPLETE,REPORT_OR_RECEIPT,7783,b5c44d7f401e7a468d5b8042a8cf521eb06df50bf2d1ac91cd4155296ed5bc51,1,1,0,0,snapshot,snapshot,1,,,PREEXTRACTED_COMMAND_OUTPUT_PATH_LIST
coding-readiness/reports/global-hcm-semantic-closure-independent-audit-2026-09-16.v1.json,RECOVERED_EVENT_CHAIN_COMPLETE,REPORT_OR_RECEIPT,129492,af0ad56a400abd361fc8f14164f417b28d66a7daa1dd475a9f2926856ab51ba6,4,4,0,0,add,update,1,,,PREEXTRACTED_COMMAND_OUTPUT_PATH_LIST
coding-readiness/reports/global-product-semantic-audit-2026-09-14.json,RECOVERED_EVENT_CHAIN_COMPLETE,REPORT_OR_RECEIPT,284116,e086f26155dc3f35b0502a119dc159c7c1e95e76072f2fa162e9503aafd95667,4,4,0,0,snapshot,update,1,,,PREEXTRACTED_COMMAND_OUTPUT_PATH_LIST
coding-readiness/reports/global-product-semantic-audit-2026-09-14.md,RECOVERED_EVENT_CHAIN_COMPLETE,REPORT_OR_RECEIPT,14496,ad4dc24364ec5ed156f70fb37df8444c07bfcaead0510bbf0e6c77113f87eb04,3,3,0,0,add,update,1,,,PREEXTRACTED_COMMAND_OUTPUT_PATH_LIST
coding-readiness/reports/hris-payroll-browser-20260914-BBW4qQ/test-results/hris-payroll-layer-prepara-dbbd2-ort-and-preference-variants-pay-1440-en-light/pay-source-projection.png,REFERENCE_ONLY,REPORT_OR_RECEIPT,,,0,0,0,0,,,1,,,PREEXTRACTED_COMMAND_OUTPUT_PATH_LIST
coding-readiness/reports/hris-payroll-browser-20260914-wMumGu/test-results/hris-payroll-layer-prepara-c2f70-ng-empty-or-successful-data-pay-1280-en-text200/pay-source-permission-denied.png,REFERENCE_ONLY,REPORT_OR_RECEIPT,,,0,0,0,0,,,1,,,PREEXTRACTED_COMMAND_OUTPUT_PATH_LIST
coding-readiness/reports/hris-payroll-browser-20260914-wMumGu/test-results/hris-payroll-layer-prepara-c2f70-ng-empty-or-successful-data-pay-1280-ko-dark/pay-source-permission-denied.png,REFERENCE_ONLY,REPORT_OR_RECEIPT,,,0,0,0,0,,,1,,,PREEXTRACTED_COMMAND_OUTPUT_PATH_LIST
coding-readiness/reports/hris-payroll-browser-20260914-wMumGu/test-results/hris-payroll-layer-prepara-c2f70-ng-empty-or-successful-data-pay-1280-ko-highcontrast/pay-source-permission-denied.png,REFERENCE_ONLY,REPORT_OR_RECEIPT,,,0,0,0,0,,,1,,,PREEXTRACTED_COMMAND_OUTPUT_PATH_LIST
coding-readiness/reports/hris-payroll-browser-20260914-wMumGu/test-results/hris-payroll-layer-prepara-c2f70-ng-empty-or-successful-data-pay-1440-en-light/pay-source-permission-denied.png,REFERENCE_ONLY,REPORT_OR_RECEIPT,,,0,0,0,0,,,1,,,PREEXTRACTED_COMMAND_OUTPUT_PATH_LIST
coding-readiness/reports/hris-payroll-browser-20260914-wMumGu/test-results/hris-payroll-layer-prepara-c2f70-ng-empty-or-successful-data-pay-320-ko-light/pay-source-permission-denied.png,REFERENCE_ONLY,REPORT_OR_RECEIPT,,,0,0,0,0,,,1,,,PREEXTRACTED_COMMAND_OUTPUT_PATH_LIST
coding-readiness/reports/hris-payroll-browser-20260914-wMumGu/test-results/hris-payroll-layer-prepara-c2f70-ng-empty-or-successful-data-pay-390-en-dark/pay-source-permission-denied.png,REFERENCE_ONLY,REPORT_OR_RECEIPT,,,0,0,0,0,,,1,,,PREEXTRACTED_COMMAND_OUTPUT_PATH_LIST
coding-readiness/reports/hris-payroll-browser-20260914-wMumGu/test-results/hris-payroll-layer-prepara-dbbd2-ort-and-preference-variants-pay-1280-en-text200/pay-source-projection.png,REFERENCE_ONLY,REPORT_OR_RECEIPT,,,0,0,0,0,,,1,,,PREEXTRACTED_COMMAND_OUTPUT_PATH_LIST
coding-readiness/reports/hris-payroll-browser-20260914-wMumGu/test-results/hris-payroll-layer-prepara-dbbd2-ort-and-preference-variants-pay-1280-ko-dark/pay-source-projection.png,REFERENCE_ONLY,REPORT_OR_RECEIPT,,,0,0,0,0,,,1,,,PREEXTRACTED_COMMAND_OUTPUT_PATH_LIST
coding-readiness/reports/hris-payroll-browser-20260914-wMumGu/test-results/hris-payroll-layer-prepara-dbbd2-ort-and-preference-variants-pay-1280-ko-highcontrast/pay-source-projection.png,REFERENCE_ONLY,REPORT_OR_RECEIPT,,,0,0,0,0,,,1,,,PREEXTRACTED_COMMAND_OUTPUT_PATH_LIST
coding-readiness/reports/hris-payroll-browser-20260914-wMumGu/test-results/hris-payroll-layer-prepara-dbbd2-ort-and-preference-variants-pay-1440-en-light/pay-source-projection.png,REFERENCE_ONLY,REPORT_OR_RECEIPT,,,0,0,0,0,,,1,,,PREEXTRACTED_COMMAND_OUTPUT_PATH_LIST
coding-readiness/reports/hris-payroll-browser-20260914-wMumGu/test-results/hris-payroll-layer-prepara-dbbd2-ort-and-preference-variants-pay-320-ko-light/pay-source-projection.png,REFERENCE_ONLY,REPORT_OR_RECEIPT,,,0,0,0,0,,,1,,,PREEXTRACTED_COMMAND_OUTPUT_PATH_LIST
coding-readiness/reports/hris-payroll-browser-20260914-wMumGu/test-results/hris-payroll-layer-prepara-dbbd2-ort-and-preference-variants-pay-390-en-dark/pay-source-projection.png,REFERENCE_ONLY,REPORT_OR_RECEIPT,,,0,0,0,0,,,1,,,PREEXTRACTED_COMMAND_OUTPUT_PATH_LIST
coding-readiness/reports/hrm-modern-native-identity-v2-root-independent-replay-2026-09-14.json,REFERENCE_ONLY,REPORT_OR_RECEIPT,,,0,0,0,0,,,1,,,PREEXTRACTED_COMMAND_OUTPUT_PATH_LIST
coding-readiness/reports/hrm-modern-native-identity-v2-root-independent-replay-2026-09-14.md,REFERENCE_ONLY,REPORT_OR_RECEIPT,,,0,0,0,0,,,1,,,PREEXTRACTED_COMMAND_OUTPUT_PATH_LIST
coding-readiness/reports/hrm-per-base-successor-root-independent-replay-2026-09-14.json,REFERENCE_ONLY,REPORT_OR_RECEIPT,,,0,0,0,0,,,1,,,PREEXTRACTED_COMMAND_OUTPUT_PATH_LIST
coding-readiness/reports/hrm-per-base-successor-root-independent-replay-2026-09-14.md,REFERENCE_ONLY,REPORT_OR_RECEIPT,,,0,0,0,0,,,1,,,PREEXTRACTED_COMMAND_OUTPUT_PATH_LIST
coding-readiness/reports/identity-c2-all-five-consumer-final-2026-09-14.json,RECOVERED_EVENT_CHAIN_COMPLETE,REPORT_OR_RECEIPT,9288,ccaefb7dc823a99d2ff07e2243f557bcda6dec5eb360dc56845a1668e3dccce5,1,1,0,0,add,add,1,,,PREEXTRACTED_COMMAND_OUTPUT_PATH_LIST
coding-readiness/reports/identity-c2-all-five-consumer-final-2026-09-14.md,RECOVERED_EVENT_CHAIN_COMPLETE,REPORT_OR_RECEIPT,4367,8a240bd377cd835ca67bed83510e83e348c74786b114325195e80fd73c62f567,1,1,0,0,add,add,1,,,PREEXTRACTED_COMMAND_OUTPUT_PATH_LIST
coding-readiness/reports/identity-c2-immutable-pin-remediation-2026-09-14.json,RECOVERED_EVENT_CHAIN_COMPLETE,REPORT_OR_RECEIPT,6006,f404e63fff31717b1ed6f310277f6fbcd0db03c1535782a14a835f86130f68b5,4,4,0,0,add,update,1,,,PREEXTRACTED_COMMAND_OUTPUT_PATH_LIST
coding-readiness/reports/identity-c2-immutable-pin-remediation-2026-09-14.md,RECOVERED_EVENT_CHAIN_COMPLETE,REPORT_OR_RECEIPT,3955,7e15200570df55bcc9d3dea16d8d06a57bda9436105bf4d83e9f5e0186cf9086,3,3,0,0,add,update,1,,,PREEXTRACTED_COMMAND_OUTPUT_PATH_LIST
coding-readiness/reports/identity-current-dwp-authorization-v2-author-verification-2026-09-14.json,RECOVERED_EVENT_CHAIN_COMPLETE,REPORT_OR_RECEIPT,68325,dbe085005b9631af4e1e45479c68c39ebecc48356eea981dccb30eb6f925fc7c,1,1,0,0,add,add,1,,,PREEXTRACTED_COMMAND_OUTPUT_PATH_LIST
coding-readiness/reports/identity-current-dwp-authorization-v2-author-verification-2026-09-14.md,RECOVERED_EVENT_CHAIN_COMPLETE,REPORT_OR_RECEIPT,5396,f1c1175512221b074f4f5815caa205ac7b66d131b24d8fe7e6a2946ca4d94a1d,1,1,0,0,add,add,1,,,PREEXTRACTED_COMMAND_OUTPUT_PATH_LIST
coding-readiness/reports/identity-current-dwp-authorization-v2-root-independent-replay-2026-09-14.json,REFERENCE_ONLY,REPORT_OR_RECEIPT,,,0,0,0,0,,,1,,,PREEXTRACTED_COMMAND_OUTPUT_PATH_LIST
coding-readiness/reports/identity-current-dwp-authorization-v2-root-independent-replay-2026-09-14.md,REFERENCE_ONLY,REPORT_OR_RECEIPT,,,0,0,0,0,,,1,,,PREEXTRACTED_COMMAND_OUTPUT_PATH_LIST
coding-readiness/reports/identity-owner-abi-focused-2026-09-14.v1.json,RECOVERED_EVENT_CHAIN_COMPLETE,REPORT_OR_RECEIPT,67565,21bbd6eb16d48efbfa4c5a2730fec4c4d80aafafa82f459154e271ced2fd9a66,1,1,0,0,add,add,1,,,PREEXTRACTED_COMMAND_OUTPUT_PATH_LIST
coding-readiness/reports/identity-owner-abi-focused-2026-09-14.v1.md,RECOVERED_EVENT_CHAIN_COMPLETE,REPORT_OR_RECEIPT,3891,869d844a37e59e177057237e834d26b2a1db432e84b100451fd77c7170481468,2,2,0,0,snapshot,snapshot,1,,,PREEXTRACTED_COMMAND_OUTPUT_PATH_LIST
coding-readiness/reports/identity-owner-abi-root-independent-review-2026-09-14.json,REFERENCE_ONLY,REPORT_OR_RECEIPT,,,0,0,0,0,,,1,,,PREEXTRACTED_COMMAND_OUTPUT_PATH_LIST
coding-readiness/reports/identity-owner-abi-root-independent-review-2026-09-14.md,RECOVERED_EVENT_CHAIN_COMPLETE,REPORT_OR_RECEIPT,2243,a6102395de48bb821b9fe6b173ee5533ebe0e9dc32003eb1ccdb2969b7cf317f,1,1,0,0,snapshot,snapshot,1,,,PREEXTRACTED_COMMAND_OUTPUT_PATH_LIST
coding-readiness/reports/identity-self-person-abi-author-verification-2026-09-14.json,RECOVERED_EVENT_CHAIN_COMPLETE,REPORT_OR_RECEIPT,182836,e99289365114efc9ff76e7705ded6978725ffdcea8d954c4865ed47606589fc0,1,1,0,0,add,add,1,,,PREEXTRACTED_COMMAND_OUTPUT_PATH_LIST
coding-readiness/reports/identity-self-person-abi-author-verification-2026-09-14.md,RECOVERED_EVENT_CHAIN_COMPLETE,REPORT_OR_RECEIPT,4581,deca75d353c145d80801dba7192bb3954ab3f157a30f4e8b503c3c52ab939558,2,2,0,0,add,update,1,,,PREEXTRACTED_COMMAND_OUTPUT_PATH_LIST
coding-readiness/reports/identity-self-person-abi-root-independent-replay-2026-09-14.json,REFERENCE_ONLY,REPORT_OR_RECEIPT,,,0,0,0,0,,,1,,,PREEXTRACTED_COMMAND_OUTPUT_PATH_LIST
coding-readiness/reports/identity-self-person-abi-root-independent-replay-2026-09-14.md,REFERENCE_ONLY,REPORT_OR_RECEIPT,,,0,0,0,0,,,1,,,PREEXTRACTED_COMMAND_OUTPUT_PATH_LIST
coding-readiness/reports/migration-successor-c1-final-2026-09-14.json,RECOVERED_EVENT_CHAIN_COMPLETE,REPORT_OR_RECEIPT,5509,64316b802ce618239f964005a806af057ab495bda4bc7cd7658d12be2d9034af,1,1,0,0,add,add,1,,,PREEXTRACTED_COMMAND_OUTPUT_PATH_LIST
coding-readiness/reports/migration-successor-c1-final-2026-09-14.md,RECOVERED_EVENT_CHAIN_COMPLETE,REPORT_OR_RECEIPT,3368,40a3bae9f2beda9d51d1e43faeb35e625c0253e2c9a2d5cc34b4e88abd024c90,1,1,0,0,add,add,1,,,PREEXTRACTED_COMMAND_OUTPUT_PATH_LIST
coding-readiness/reports/modern-candidate-validator-coherence-repair-2026-09-16.v1.json,RECOVERED_EVENT_CHAIN_COMPLETE,REPORT_OR_RECEIPT,5927,3c334085a7fb54922a5dfd64d513ad35f6df058ec713b145a3fb6a1b948b6374,6,6,0,0,add,update,1,,,PREEXTRACTED_COMMAND_OUTPUT_PATH_LIST
coding-readiness/reports/modern-canonical-a7k8kj-static-independent-audit-2026-09-16.v1.json,RECOVERED_EVENT_CHAIN_COMPLETE,REPORT_OR_RECEIPT,20320,b84320fd5840ceb005e86d323b92c830bc5ef4d079df294a8656d4a0485dbe92,2,2,0,0,add,update,1,,,PREEXTRACTED_COMMAND_OUTPUT_PATH_LIST
coding-readiness/reports/modern-canonical-candidate-ZorhI5-rejected-incomplete-lineage-blocked-2026-09-16.v1.json,RECOVERED_EVENT_CHAIN_COMPLETE,REPORT_OR_RECEIPT,3578,32a83bc3defe8d709d84ad96066584b87e220dadd42d04ddabd48e03dfcf1cdb,3,3,0,0,snapshot,snapshot,1,,,PREEXTRACTED_COMMAND_OUTPUT_PATH_LIST
coding-readiness/reports/modern-canonical-candidate-uaHfXj-rejected-static-operation-semantics-2026-09-16.v1.json,RECOVERED_EVENT_CHAIN_COMPLETE,REPORT_OR_RECEIPT,13986,43de96915ed737f546efe423f1b140cbf76074951fc24de15d46099ce05c4b4c,2,2,0,0,add,update,1,,,PREEXTRACTED_COMMAND_OUTPUT_PATH_LIST
coding-readiness/reports/modern-causal-design-hostile-audit-2026-09-15.json,RECOVERED_EVENT_CHAIN_COMPLETE,REPORT_OR_RECEIPT,24439,57583059ec24476074bae66b79878ce7b62340e7714b08c1521b6da2db033c0d,1,1,0,0,add,add,1,,,PREEXTRACTED_COMMAND_OUTPUT_PATH_LIST
coding-readiness/reports/modern-causal-design-hostile-audit-2026-09-15.md,RECOVERED_EVENT_CHAIN_COMPLETE,REPORT_OR_RECEIPT,6694,a02b29fbded5ebc89e3dc99b5fa7ec58d16ee1223464547eec52299a88316097,2,2,0,0,snapshot,snapshot,1,,,PREEXTRACTED_COMMAND_OUTPUT_PATH_LIST
coding-readiness/reports/modern-causal-independent-design-findings.v1.json,REFERENCE_ONLY,REPORT_OR_RECEIPT,,,0,0,0,0,,,1,,,PREEXTRACTED_COMMAND_OUTPUT_PATH_LIST
coding-readiness/reports/modern-causal-independent-historical-fail.v1.json,REFERENCE_ONLY,REPORT_OR_RECEIPT,,,0,0,0,0,,,1,,,PREEXTRACTED_COMMAND_OUTPUT_PATH_LIST
coding-readiness/reports/modern-causal-independent-historical-fail.v1.md,REFERENCE_ONLY,REPORT_OR_RECEIPT,,,0,0,0,0,,,1,,,PREEXTRACTED_COMMAND_OUTPUT_PATH_LIST
coding-readiness/reports/modern-causal-independent-pg-evidence.v1.json,REFERENCE_ONLY,REPORT_OR_RECEIPT,,,0,0,0,0,,,1,,,PREEXTRACTED_COMMAND_OUTPUT_PATH_LIST
coding-readiness/reports/modern-causal-module-successor-generator-repair-2026-09-16.v1.json,RECOVERED_EVENT_CHAIN_COMPLETE,REPORT_OR_RECEIPT,5112,891617f6268aec7809cabe73a0eb76c4950e261b08df0cf19ac0722ebf248b9b,3,3,0,0,snapshot,snapshot,1,,,PREEXTRACTED_COMMAND_OUTPUT_PATH_LIST
coding-readiness/reports/modern-causal-module-successor-generator-safety-repair-2026-09-16.v1.json,RECOVERED_EVENT_CHAIN_COMPLETE,REPORT_OR_RECEIPT,13568,d1809d64d4c3efaaf50cbc69e3246e6ccbc0e75a3b35d5c8334609e0a2af659b,6,6,0,0,snapshot,snapshot,1,,,PREEXTRACTED_COMMAND_OUTPUT_PATH_LIST
coding-readiness/reports/modern-causal-module-successor-readonly-candidate-check-repair-2026-09-16.v1.json,RECOVERED_EVENT_CHAIN_COMPLETE,REPORT_OR_RECEIPT,23231,0f97a59db8be6f891cbe480591ab2b528968a36149ff026478173dc662c44801,16,16,0,0,add,update,1,,,PREEXTRACTED_COMMAND_OUTPUT_PATH_LIST
coding-readiness/reports/modern-causal-oracle-pg-final-endorsement-versioned-successor-independent-audit-2026-09-16.v1.json,RECOVERED_EVENT_CHAIN_COMPLETE,REPORT_OR_RECEIPT,27473,871fc93ae4a2610cad347ddec4f62103ea9143b1062304701bf5124f1c65a3b4,2,2,0,0,add,update,1,,,PREEXTRACTED_COMMAND_OUTPUT_PATH_LIST
coding-readiness/reports/modern-causal-oracle-pg-final-endorsement-versioned-successor-source-repair-2026-09-16.v1.json,RECOVERED_EVENT_CHAIN_COMPLETE,REPORT_OR_RECEIPT,11296,ea90b449f84cbccca54212d7f882612dbf5a9f9b6fae5906d249fceb09ffbad0,11,11,0,0,snapshot,snapshot,1,,,PREEXTRACTED_COMMAND_OUTPUT_PATH_LIST
coding-readiness/reports/modern-causal-semantic-independent-audit-2026-09-15.json,RECOVERED_EVENT_CHAIN_COMPLETE,REPORT_OR_RECEIPT,24061,6055df71de1a4ed4186c36c20903a3abdb3a6a17dae95d8296d70245e05b22cf,1,1,0,0,add,add,1,,,PREEXTRACTED_COMMAND_OUTPUT_PATH_LIST
coding-readiness/reports/modern-causal-semantic-independent-audit-2026-09-15.md,RECOVERED_EVENT_CHAIN_COMPLETE,REPORT_OR_RECEIPT,4312,dd573de531e562706420b7a05dbc3cfbb7496c4a111009fad6126ddc303d7273,2,2,0,0,snapshot,snapshot,1,,,PREEXTRACTED_COMMAND_OUTPUT_PATH_LIST
coding-readiness/reports/modern-closed-set-listening-pre-emit-independent-design-review-2026-09-16.v1.json,RECOVERED_EVENT_CHAIN_COMPLETE,REPORT_OR_RECEIPT,13822,99e96abe87d7141f3d7ff6a0185db5f1820a8385e700d34d0df3b8e11a322604,2,2,0,0,add,update,1,,,PREEXTRACTED_COMMAND_OUTPUT_PATH_LIST
coding-readiness/reports/modern-closed-set-listening-pre-emit-independent-design-review-2026-09-16.v2.json,RECOVERED_EVENT_CHAIN_COMPLETE,REPORT_OR_RECEIPT,15178,3c6aef861603588d558c3836ed517bfffd3a5284539bb85eb43212d5833a8cb8,2,2,0,0,add,update,1,,,PREEXTRACTED_COMMAND_OUTPUT_PATH_LIST
coding-readiness/reports/modern-closed-set-listening-pre-emit-independent-design-review-2026-09-16.v3.json,RECOVERED_EVENT_CHAIN_COMPLETE,REPORT_OR_RECEIPT,16646,3b007109623f521c0ff37d189baa263f81fb5472a213fefb644d458dcf45f596,2,2,0,0,add,update,1,,,PREEXTRACTED_COMMAND_OUTPUT_PATH_LIST
coding-readiness/reports/modern-operation-route-semantic-readonly-audit-2026-09-15.json,RECOVERED_EVENT_CHAIN_COMPLETE,REPORT_OR_RECEIPT,122888,9b33e43b7f014112080409d664b72d094def8ac7345e8e025a8f1b1cd5d578f1,3,3,0,0,add,add,1,,,PREEXTRACTED_COMMAND_OUTPUT_PATH_LIST
coding-readiness/reports/modern-operation-semantics-source-repair-2026-09-16.v1.json,RECOVERED_EVENT_CHAIN_COMPLETE,REPORT_OR_RECEIPT,6477,ad636740594732385f7b128008a99a8432f8df20699f69d1a58a3af0a4cd894b,5,5,0,0,snapshot,snapshot,1,,,PREEXTRACTED_COMMAND_OUTPUT_PATH_LIST
coding-readiness/reports/modern-operation-semantics-source-repair-2026-09-16.v2.json,RECOVERED_EVENT_CHAIN_COMPLETE,REPORT_OR_RECEIPT,8779,3a70afb71563c23aade15566a4d7421a9b511ab542300d517443adeb89b989d2,2,2,0,0,add,update,1,,,PREEXTRACTED_COMMAND_OUTPUT_PATH_LIST
coding-readiness/reports/modern-operation-semantics-source-repair-2026-09-16.v3.json,RECOVERED_EVENT_CHAIN_COMPLETE,REPORT_OR_RECEIPT,12092,ff5531b02e32a10f199c4c8f78bad022af13a9861e26e65bb8733aaee2c2c0aa,4,4,0,0,add,update,1,,,PREEXTRACTED_COMMAND_OUTPUT_PATH_LIST
coding-readiness/reports/modern-operation-semantics-source-repair-independent-audit-2026-09-16.v1.json,RECOVERED_EVENT_CHAIN_COMPLETE,REPORT_OR_RECEIPT,10170,6d13884552f59d02e30d2f3accdb06fa2f5b6a51cd354fe0d63cdce9bdd46e73,2,2,0,0,add,update,1,,,PREEXTRACTED_COMMAND_OUTPUT_PATH_LIST
coding-readiness/reports/modern-operation-semantics-source-repair-independent-audit-2026-09-16.v2.json,RECOVERED_EVENT_CHAIN_COMPLETE,REPORT_OR_RECEIPT,13493,cd28484851267bd36e7c7209a898a4a55b5634c94c15c1be8f57979cf0249871,2,2,0,0,add,update,1,,,PREEXTRACTED_COMMAND_OUTPUT_PATH_LIST
coding-readiness/reports/modern-operation-semantics-source-repair-independent-audit-2026-09-16.v3.json,RECOVERED_EVENT_CHAIN_COMPLETE,REPORT_OR_RECEIPT,23377,5611a0c445b75a456e73f1f0c58adaedb8a83397cc98514e4a52f59d9b89d147,7,7,0,0,add,update,1,,,PREEXTRACTED_COMMAND_OUTPUT_PATH_LIST
coding-readiness/reports/modern-operation-semantics-source-repair-independent-audit-2026-09-16.v4.json,RECOVERED_EVENT_CHAIN_COMPLETE,REPORT_OR_RECEIPT,25457,a2f9f8d555517863461c926307b1f271e0f903a7bd2fd6546b984a85a2f274fe,1,1,0,0,add,add,1,,,PREEXTRACTED_COMMAND_OUTPUT_PATH_LIST
coding-readiness/reports/modern-operation-six-p0-independent-classification-2026-09-16.v1.json,RECOVERED_EVENT_CHAIN_COMPLETE,REPORT_OR_RECEIPT,22236,fb7a756c8869dd355a391e1ef023763a4df9b404b16109194dd02d6f77e5c013,5,5,0,0,add,update,1,,,PREEXTRACTED_COMMAND_OUTPUT_PATH_LIST
coding-readiness/reports/modern-physical-candidate-A7K8Kj-independent-pg-qualification-2026-09-16.v1.json,RECOVERED_EVENT_CHAIN_COMPLETE,REPORT_OR_RECEIPT,28670,c7c1128d7df1fedaaf29301d3733493b6a5abce36523bd7756459e56a82573e8,1,1,0,0,add,add,1,,,PREEXTRACTED_COMMAND_OUTPUT_PATH_LIST
coding-readiness/reports/modern-physical-candidate-A7K8Kj-independent-pg-qualification-2026-09-16.v2.json,RECOVERED_EVENT_CHAIN_COMPLETE,REPORT_OR_RECEIPT,21205,93a10c7e5c1b2814f09147954543ad0c8f52b4c737ba3e44ae21b9c989949c3d,2,2,0,0,add,update,1,,,PREEXTRACTED_COMMAND_OUTPUT_PATH_LIST
coding-readiness/reports/modern-physical-candidate-tools-independent-audit-2026-09-16.v1.json,RECOVERED_EVENT_CHAIN_COMPLETE,REPORT_OR_RECEIPT,13859,f38ac36959c9a618a2ec97423781a57baf28ac4f59721064e133180b9954d247,3,3,0,0,add,update,1,,,PREEXTRACTED_COMMAND_OUTPUT_PATH_LIST
coding-readiness/reports/modern-physical-candidate-tools-independent-audit-2026-09-16.v2.json,RECOVERED_EVENT_CHAIN_COMPLETE,REPORT_OR_RECEIPT,8834,d3cfefe6653be49e1d431b8aead15c265ebb2a45a66501c7ae60beb64c4d7936,2,2,0,0,add,update,1,,,PREEXTRACTED_COMMAND_OUTPUT_PATH_LIST
coding-readiness/reports/modern-physical-candidate-tools-independent-audit-2026-09-16.v4.json,RECOVERED_EVENT_CHAIN_COMPLETE,REPORT_OR_RECEIPT,10947,ab3f780c9ea240ce90e4293a27b0c3ed517aea2792690c0543f1670cb37fe8a7,4,4,0,0,add,update,1,,,PREEXTRACTED_COMMAND_OUTPUT_PATH_LIST
coding-readiness/reports/modern-physical-candidate-tools-independent-fail-before-2026-09-16.v1.json,RECOVERED_EVENT_CHAIN_COMPLETE,REPORT_OR_RECEIPT,6579,dc0341b10124c6c675ab69b1e43dbcd3a5c283602fa651966d05afcc3ac0f5f4,2,2,0,0,add,update,1,,,PREEXTRACTED_COMMAND_OUTPUT_PATH_LIST
coding-readiness/reports/modern-physical-q0mnJg-rejected-preflight-2026-09-16.v4.json,REFERENCE_ONLY,REPORT_OR_RECEIPT,,,0,0,0,0,,,1,,,PREEXTRACTED_COMMAND_OUTPUT_PATH_LIST
coding-readiness/reports/modern-physical-q0mnJg-rejected-preflight-2026-09-16.v5.json,REFERENCE_ONLY,REPORT_OR_RECEIPT,,,0,0,0,0,,,1,,,PREEXTRACTED_COMMAND_OUTPUT_PATH_LIST
coding-readiness/reports/modern-physical-v4-preflight-findings-independent-triage-2026-09-16.v1.json,RECOVERED_EVENT_CHAIN_COMPLETE,REPORT_OR_RECEIPT,21620,34c8f0a874cf067e23eb300ef5ba4148107a3a6bc6422a5d9aaeff4c3cfc83bc,2,2,0,0,add,update,1,,,PREEXTRACTED_COMMAND_OUTPUT_PATH_LIST
coding-readiness/reports/modern-physical-v5-a7k8kj-pg-author-verification-2026-09-16.v1.json,REFERENCE_ONLY,REPORT_OR_RECEIPT,,,0,0,0,0,,,1,,,PREEXTRACTED_COMMAND_OUTPUT_PATH_LIST
coding-readiness/reports/modern-physical-v5-a7k8kj-preflight-author-verification-2026-09-16.v1.json,REFERENCE_ONLY,REPORT_OR_RECEIPT,,,0,0,0,0,,,1,,,PREEXTRACTED_COMMAND_OUTPUT_PATH_LIST
coding-readiness/reports/modern-physical-v5-a7k8kj-static-author-verification-2026-09-16.v1.json,REFERENCE_ONLY,REPORT_OR_RECEIPT,,,0,0,0,0,,,1,,,PREEXTRACTED_COMMAND_OUTPUT_PATH_LIST
coding-readiness/reports/modern-physical-v5-author-repair-2026-09-16.v1.json,RECOVERED_EVENT_CHAIN_COMPLETE,REPORT_OR_RECEIPT,11744,0b91b5d12ac13c6de9f478ac5aa1114a5da8d968d51f053705d144b0dfa3cadb,6,6,0,0,add,update,1,,,PREEXTRACTED_COMMAND_OUTPUT_PATH_LIST
coding-readiness/reports/modern-physical-v5-candidate-independent-pg-audit-2026-09-16.v1.json,RECOVERED_EVENT_CHAIN_COMPLETE,REPORT_OR_RECEIPT,26355,cb47287d3ee422ca882179d80114aabb37cf5d21f869697eb70b17f4743b55e3,3,3,0,0,add,update,1,,,PREEXTRACTED_COMMAND_OUTPUT_PATH_LIST
coding-readiness/reports/modern-successor-atomic-promotion-independent-audit-2026-09-16.v1.json,RECOVERED_EVENT_CHAIN_COMPLETE,REPORT_OR_RECEIPT,12011,11a89f2b7e86f861d698ca9f4c7e061b2ea5ab6ae2bebc6274c16c11a0e28209,2,2,0,0,add,update,1,,,PREEXTRACTED_COMMAND_OUTPUT_PATH_LIST
coding-readiness/reports/modern-successor-atomic-promotion-tool-author-verification-2026-09-16.v1.json,RECOVERED_EVENT_CHAIN_COMPLETE,REPORT_OR_RECEIPT,8574,3a8e946ff33f9400555971d099d97a2c41676fa691426115ee66ead67c5b1024,2,2,0,0,add,update,1,,,PREEXTRACTED_COMMAND_OUTPUT_PATH_LIST
coding-readiness/reports/modern-successor-reader-fence-independent-audit-v4-2026-09-16.v1.json,RECOVERED_EVENT_CHAIN_COMPLETE,REPORT_OR_RECEIPT,54327,e54a8dc7769c002a483ee6f171c705b528420021ab8efe54cd0cce8d57b671df,1,1,0,0,add,add,1,,,PREEXTRACTED_COMMAND_OUTPUT_PATH_LIST
coding-readiness/reports/modern-successor-reader-fence-independent-audit-v4-2026-09-16.v2.json,RECOVERED_EVENT_CHAIN_COMPLETE,REPORT_OR_RECEIPT,54879,9f8f8ee1eb469b7af75da4fb10b3813e44a6af47ba5c8f72f0559a9a232bb204,1,1,0,0,add,add,1,,,PREEXTRACTED_COMMAND_OUTPUT_PATH_LIST
coding-readiness/reports/modern-successor-reader-fence-repair-author-verification-2026-09-16.v1.json,RECOVERED_EVENT_CHAIN_COMPLETE,REPORT_OR_RECEIPT,43045,e4be7b3ff3179d40575f76713dfb6559c665644a6469776a140a80e0412908bf,1,1,0,0,add,add,1,,,PREEXTRACTED_COMMAND_OUTPUT_PATH_LIST
coding-readiness/reports/modern-successor-reader-inventory-v4-author-refresh-2026-09-16.v1.json,RECOVERED_EVENT_CHAIN_COMPLETE,REPORT_OR_RECEIPT,5425,e0804377d9de1f49e9a2dcbd7928a19e8e23cc5d1f830c18556b2daf5027dbbb,1,1,0,0,add,add,1,,,PREEXTRACTED_COMMAND_OUTPUT_PATH_LIST
coding-readiness/reports/modern-v4-131-downstream-g3-transition-execution-plan-2026-09-16.v1.json,RECOVERED_EVENT_CHAIN_COMPLETE,REPORT_OR_RECEIPT,38531,5b213caa17c1bdb09d33778c19d4478955c9309f67b34b768fe3dd08f1229887,2,2,0,0,add,update,1,,,PREEXTRACTED_COMMAND_OUTPUT_PATH_LIST
coding-readiness/reports/modern-v4-131-downstream-g3-transition-execution-plan-physical-bundle-addendum-2026-09-16.v2.json,RECOVERED_EVENT_CHAIN_COMPLETE,REPORT_OR_RECEIPT,2368,9e8be5380327fb5da28870e53db6b41e9a403002d5d2bc2c42e156a8500ece21,2,2,0,0,add,update,1,,,PREEXTRACTED_COMMAND_OUTPUT_PATH_LIST
coding-readiness/reports/modern-v4-131-temp-candidate-preflight-independent-review-2026-09-16.v1.json,RECOVERED_EVENT_CHAIN_COMPLETE,REPORT_OR_RECEIPT,14698,4791924b4d5279bbc0e4caa889671d86aaa64deb00d70aa452da9f6dd56958eb,2,2,0,0,add,update,1,,,PREEXTRACTED_COMMAND_OUTPUT_PATH_LIST
coding-readiness/reports/modern-v4-preflight-finding-triage-independent-2026-09-16.v1.json,RECOVERED_EVENT_CHAIN_COMPLETE,REPORT_OR_RECEIPT,38744,03f8e2a967e052a7096b0bc837b5ccb9c7faee6a30920717a1f438647f5e953c,2,2,0,0,add,update,1,,,PREEXTRACTED_COMMAND_OUTPUT_PATH_LIST
coding-readiness/reports/modern-v4-true-positive-source-repair-author-verification-2026-09-16.v1.json,RECOVERED_EVENT_CHAIN_COMPLETE,REPORT_OR_RECEIPT,8721,09e6eb3ae8808b6ba29ce8df955c012d1ff28492b4a7705cb9019fd8cc284cee,2,2,0,0,add,update,1,,,PREEXTRACTED_COMMAND_OUTPUT_PATH_LIST
coding-readiness/reports/modern-v5-policy-validator-architecture-independent-audit-2026-09-16.v1.json,RECOVERED_EVENT_CHAIN_COMPLETE,REPORT_OR_RECEIPT,11867,cd8206f8ea5ee15a5b1ce550b1851ae62a17940a42f6fdf90e548a0ee0e141af,2,2,0,0,add,update,1,,,PREEXTRACTED_COMMAND_OUTPUT_PATH_LIST
coding-readiness/reports/modern-v5-validator-policy-author-verification-2026-09-16.v1.json,RECOVERED_EVENT_CHAIN_COMPLETE,REPORT_OR_RECEIPT,11322,c17a5c3d4b34b1955c8b2b99a4d896ffc2ff811bf860786321e883d87604336e,2,2,0,0,add,update,1,,,PREEXTRACTED_COMMAND_OUTPUT_PATH_LIST
coding-readiness/reports/module-exact-business-p0-successor-independent-pass-2026-09-14.json,RECOVERED_EVENT_CHAIN_COMPLETE,REPORT_OR_RECEIPT,12953,115013d6530aefd6946c225958860e28924f7947bb4971321294c81b8aa4fa87,2,2,0,0,add,update,1,,,PREEXTRACTED_COMMAND_OUTPUT_PATH_LIST
coding-readiness/reports/module-exact-business-p0-successor-independent-pass-2026-09-14.md,RECOVERED_EVENT_CHAIN_COMPLETE,REPORT_OR_RECEIPT,8048,9191b5d37ab948212deed561d47eea8599b10ec6f7f46fdf6ee9d35be4a338ae,2,2,0,0,add,update,1,,,PREEXTRACTED_COMMAND_OUTPUT_PATH_LIST
coding-readiness/reports/module-exact-business-successor-final-independent-review-2026-09-14.json,RECOVERED_EVENT_CHAIN_COMPLETE,REPORT_OR_RECEIPT,13536,3313ccddacb8038dc32b0c0d5ebb5273ba223eaa6714964e7122b4b84c054c8e,1,1,0,0,add,add,1,,,PREEXTRACTED_COMMAND_OUTPUT_PATH_LIST
coding-readiness/reports/module-exact-business-successor-final-independent-review-2026-09-14.md,RECOVERED_EVENT_CHAIN_COMPLETE,REPORT_OR_RECEIPT,7091,83a0dd2e2ba73ae7aa0bc1a29b685102f96af84ff3cf6e65d7189582d2c6bd68,3,3,0,0,snapshot,snapshot,1,,,PREEXTRACTED_COMMAND_OUTPUT_PATH_LIST
coding-readiness/reports/native-auth-role-reader-author-archive-readback-2026-09-14.json,RECOVERED_EVENT_CHAIN_COMPLETE,REPORT_OR_RECEIPT,5326,9bbd09b3f022a336cc54d9ca19116f861bf58a627fdb41cf24059803d2883b33,2,2,0,0,add,update,1,,,PREEXTRACTED_COMMAND_OUTPUT_PATH_LIST
coding-readiness/reports/native-auth-role-reader-author-verification-2026-09-14.json,RECOVERED_EVENT_CHAIN_COMPLETE,REPORT_OR_RECEIPT,356999,c06a3ee3041fc2bbdbce7cbac708ba83699af4531c5aa25bec5d361f1415c9c7,1,1,0,0,add,add,1,,,PREEXTRACTED_COMMAND_OUTPUT_PATH_LIST
coding-readiness/reports/native-auth-role-reader-author-verification-2026-09-14.md,RECOVERED_EVENT_CHAIN_COMPLETE,REPORT_OR_RECEIPT,9637,920c22d76940478531e32866a9b43863a2834880349a643d93c4c88d86c43f48,1,1,0,0,add,add,1,,,PREEXTRACTED_COMMAND_OUTPUT_PATH_LIST
coding-readiness/reports/native-auth-role-reader-initial-compile-failure-2026-09-14.json,RECOVERED_EVENT_CHAIN_COMPLETE,REPORT_OR_RECEIPT,84778,cea7bde0938a0d853e7b1a1e136b4fba684313e6372abe2acfdf20720177a9b3,1,1,0,0,add,add,1,,,PREEXTRACTED_COMMAND_OUTPUT_PATH_LIST
coding-readiness/reports/native-auth-role-reader-initial-native-fixture-failure-2026-09-14.json,RECOVERED_EVENT_CHAIN_COMPLETE,REPORT_OR_RECEIPT,89988,c71dddae1bcd9d6d3ddc1eeda2147ae7bae753037a2f7f7bdc3aff3fe95ca280,1,1,0,0,add,add,1,,,PREEXTRACTED_COMMAND_OUTPUT_PATH_LIST
coding-readiness/reports/native-identity-query-readers-independent-verification-2026-09-14.json,RECOVERED_EVENT_CHAIN_COMPLETE,REPORT_OR_RECEIPT,135427,616e4e886e85ab8bd6d9e0b31f6b61105e0c0360e9b3fec4134a20951e7c8d3a,1,1,0,0,add,add,1,,,PREEXTRACTED_COMMAND_OUTPUT_PATH_LIST
coding-readiness/reports/native-identity-query-readers-independent-verification-2026-09-14.md,RECOVERED_EVENT_CHAIN_COMPLETE,REPORT_OR_RECEIPT,11508,ca27ebbdefffb304e750e4a222252adfbb6af6b56cd60c894711667a2c25729f,1,1,0,0,add,add,1,,,PREEXTRACTED_COMMAND_OUTPUT_PATH_LIST
coding-readiness/reports/native-identity-query-readers-independent-verification-2026-09-14.v2.json,RECOVERED_EVENT_CHAIN_COMPLETE,REPORT_OR_RECEIPT,139039,1a53866a67ba5b5d923a36af333cb7c916b660293cd1a938723964c7b40a4471,1,1,0,0,add,add,1,,,PREEXTRACTED_COMMAND_OUTPUT_PATH_LIST
coding-readiness/reports/native-identity-query-readers-independent-verification-2026-09-14.v2.md,RECOVERED_EVENT_CHAIN_COMPLETE,REPORT_OR_RECEIPT,12736,910559502559d58951e3c0693287ebe404e54abff4fd86839e0e5315e146d7a7,1,1,0,0,add,add,1,,,PREEXTRACTED_COMMAND_OUTPUT_PATH_LIST
coding-readiness/reports/native-people-target-user-policy-pilot-author-verification-2026-09-14.json,RECOVERED_EVENT_CHAIN_COMPLETE,REPORT_OR_RECEIPT,936478,0c183034a07c072ef8ec60620f1deded327c38bd83ad78707f716783e94441a0,1,1,0,0,add,add,1,,,PREEXTRACTED_COMMAND_OUTPUT_PATH_LIST
coding-readiness/reports/native-people-target-user-policy-pilot-author-verification-2026-09-14.md,RECOVERED_EVENT_CHAIN_COMPLETE,REPORT_OR_RECEIPT,9172,f332ffeb906b7cad754c7c49af63c896b7d6c23d477d422260a60ce36448b8b9,1,1,0,0,add,add,1,,,PREEXTRACTED_COMMAND_OUTPUT_PATH_LIST
coding-readiness/reports/native-people-target-user-policy-pilot-before-hardening-2026-09-14.json,RECOVERED_EVENT_CHAIN_COMPLETE,REPORT_OR_RECEIPT,155491,74e9724dd2b8299ed498a5cf6b35b5aaa58ec6acc470eed52a3e6bc109155634,1,1,0,0,add,add,1,,,PREEXTRACTED_COMMAND_OUTPUT_PATH_LIST
coding-readiness/reports/native-people-target-user-policy-pilot-initial-failure-2026-09-14.json,RECOVERED_EVENT_CHAIN_COMPLETE,REPORT_OR_RECEIPT,247563,b4749a7e9b38108a2720bd70eee7e99ecf720434f91a56f1e92c8ab3f8bb14d3,1,1,0,0,add,add,1,,,PREEXTRACTED_COMMAND_OUTPUT_PATH_LIST
coding-readiness/reports/native-people-user-role-v3-author-archive-readback-2026-09-14.json,RECOVERED_EVENT_CHAIN_COMPLETE,REPORT_OR_RECEIPT,27831,8dac40ad0b79bae9a70f8a1cb867ce5946884bec0eb101610cb44d2677643fe6,1,1,0,0,add,add,1,,,PREEXTRACTED_COMMAND_OUTPUT_PATH_LIST
coding-readiness/reports/native-people-user-role-v3-author-verification-2026-09-14.json,RECOVERED_EVENT_CHAIN_COMPLETE,REPORT_OR_RECEIPT,257072,521bbc44bede107c7672ea66734fe9b354f2fce95abf0fe3450094ccfe3fde44,2,2,0,0,add,update,1,,,PREEXTRACTED_COMMAND_OUTPUT_PATH_LIST
coding-readiness/reports/native-people-user-role-v3-author-verification-2026-09-14.md,RECOVERED_EVENT_CHAIN_COMPLETE,REPORT_OR_RECEIPT,6393,5c8007a7b66dfe0744cf9561e876b550f0adfdeb21be13f89adb0e912c100b17,1,1,0,0,add,add,1,,,PREEXTRACTED_COMMAND_OUTPUT_PATH_LIST
coding-readiness/reports/native-people-user-role-v3-first-compile-failure-2026-09-14.json,RECOVERED_EVENT_CHAIN_COMPLETE,REPORT_OR_RECEIPT,169565,2618b426bec3dd6fc9480d5deca0214f415e2196dbf8264364feecfa39347294,1,1,0,0,add,add,1,,,PREEXTRACTED_COMMAND_OUTPUT_PATH_LIST
coding-readiness/reports/native-people-user-role-v3-first-pg16-failure-2026-09-14.json,RECOVERED_EVENT_CHAIN_COMPLETE,REPORT_OR_RECEIPT,156811,5546dfcb34e748074bda40e7c593db35fc289d28a8f74ecd5d14076c33104d38,1,1,0,0,add,add,1,,,PREEXTRACTED_COMMAND_OUTPUT_PATH_LIST
coding-readiness/reports/native-people-user-role-v3-override-core-compile-failure-2026-09-14.json,RECOVERED_EVENT_CHAIN_COMPLETE,REPORT_OR_RECEIPT,141893,c5e93ce155714376cc686a6fa224ceed99c1fc48abaeeb9c64702109ccf340ae,1,1,0,0,add,add,1,,,PREEXTRACTED_COMMAND_OUTPUT_PATH_LIST
coding-readiness/reports/native-people-user-role-v3-override-security-failure-2026-09-14.json,RECOVERED_EVENT_CHAIN_COMPLETE,REPORT_OR_RECEIPT,146240,c1e893ee68b57bc4154e52ed85ce7f504955cd42fc4bf9859721b5a022d09f29,1,1,0,0,add,add,1,,,PREEXTRACTED_COMMAND_OUTPUT_PATH_LIST
coding-readiness/reports/native-people-user-role-v3-pre-override-unit-history-2026-09-14.json,RECOVERED_EVENT_CHAIN_COMPLETE,REPORT_OR_RECEIPT,155970,081cce8a4cd1871b2f949c865183f63d897ce85ee78f605c3950cbeefdd027d0,1,1,0,0,add,add,1,,,PREEXTRACTED_COMMAND_OUTPUT_PATH_LIST
coding-readiness/reports/native-people-v2-fixture-target49-original-preservation-2026-09-14.json,RECOVERED_EVENT_CHAIN_COMPLETE,REPORT_OR_RECEIPT,18991,2843fa41f8c156f8692ab06afef45547f37c4278cd2b2c6025b2b4aef55cbfc5,1,1,0,0,add,add,1,,,PREEXTRACTED_COMMAND_OUTPUT_PATH_LIST
coding-readiness/reports/optional-capability-c3-final-2026-09-14.json,RECOVERED_EVENT_CHAIN_COMPLETE,REPORT_OR_RECEIPT,8489,6715e4cf858ccd4e8b1356256b0a5093eb84b5e32d945d36a12c10b03d06b596,2,2,0,0,add,update,1,,,PREEXTRACTED_COMMAND_OUTPUT_PATH_LIST
coding-readiness/reports/optional-capability-c3-final-2026-09-14.md,RECOVERED_EVENT_CHAIN_COMPLETE,REPORT_OR_RECEIPT,4000,88bccf3beef204cc196537c91d54cc353829c476c3ecf3a4bfc5ab4dbe66a889,2,2,0,0,add,update,1,,,PREEXTRACTED_COMMAND_OUTPUT_PATH_LIST
coding-readiness/reports/pay-base-proposal-independent-review-2026-09-14.md,RECOVERED_EVENT_CHAIN_COMPLETE,REPORT_OR_RECEIPT,9738,3b1f28d1eb059a168d3ee28a00e32bd36c8c175e4ab3850e0dc5208ffae90158,4,4,0,0,snapshot,snapshot,1,,,PREEXTRACTED_COMMAND_OUTPUT_PATH_LIST
coding-readiness/reports/pay-base-v2-root-independent-bounded-review-2026-09-14.json,REFERENCE_ONLY,REPORT_OR_RECEIPT,,,0,0,0,0,,,1,,,PREEXTRACTED_COMMAND_OUTPUT_PATH_LIST
coding-readiness/reports/pay-base-v2-root-independent-bounded-review-2026-09-14.md,REFERENCE_ONLY,REPORT_OR_RECEIPT,,,0,0,0,0,,,1,,,PREEXTRACTED_COMMAND_OUTPUT_PATH_LIST
coding-readiness/reports/pay-source-v3-root-additional-model-probes-2026-09-14.json,REFERENCE_ONLY,REPORT_OR_RECEIPT,,,0,0,0,0,,,1,,,PREEXTRACTED_COMMAND_OUTPUT_PATH_LIST
coding-readiness/reports/pay-source-v3-root-independent-replay-2026-09-14.json,REFERENCE_ONLY,REPORT_OR_RECEIPT,,,0,0,0,0,,,1,,,PREEXTRACTED_COMMAND_OUTPUT_PATH_LIST
coding-readiness/reports/pay-source-v3-root-independent-replay-2026-09-14.md,REFERENCE_ONLY,REPORT_OR_RECEIPT,,,0,0,0,0,,,1,,,PREEXTRACTED_COMMAND_OUTPUT_PATH_LIST
coding-readiness/reports/pay-v2-draft-native-root-final-compact-replay-2026-09-14.json,REFERENCE_ONLY,REPORT_OR_RECEIPT,,,0,0,0,0,,,1,,,PREEXTRACTED_COMMAND_OUTPUT_PATH_LIST
coding-readiness/reports/pay-v2-draft-native-root-final-compact-replay-2026-09-14.md,REFERENCE_ONLY,REPORT_OR_RECEIPT,,,0,0,0,0,,,1,,,PREEXTRACTED_COMMAND_OUTPUT_PATH_LIST
coding-readiness/reports/pay-v2-draft-native-root-initial-repro-2026-09-14.json,REFERENCE_ONLY,REPORT_OR_RECEIPT,,,0,0,0,0,,,1,,,PREEXTRACTED_COMMAND_OUTPUT_PATH_LIST
coding-readiness/reports/pay-v2-draft-native-root-type-rls-pass-2026-09-14.json,REFERENCE_ONLY,REPORT_OR_RECEIPT,,,0,0,0,0,,,1,,,PREEXTRACTED_COMMAND_OUTPUT_PATH_LIST
coding-readiness/reports/pay-v2-draft-native-root-type-rls-pass-2026-09-14.md,REFERENCE_ONLY,REPORT_OR_RECEIPT,,,0,0,0,0,,,1,,,PREEXTRACTED_COMMAND_OUTPUT_PATH_LIST
coding-readiness/reports/pay-v2-native-cleanup-lock-root-replay-2026-09-14.json,REFERENCE_ONLY,REPORT_OR_RECEIPT,,,0,0,0,0,,,1,,,PREEXTRACTED_COMMAND_OUTPUT_PATH_LIST
coding-readiness/reports/pay-v2-native-cleanup-lock-root-replay-2026-09-14.md,REFERENCE_ONLY,REPORT_OR_RECEIPT,,,0,0,0,0,,,1,,,PREEXTRACTED_COMMAND_OUTPUT_PATH_LIST
coding-readiness/reports/people-native-employer-common49-reservation-review-2026-09-14.md,RECOVERED_EVENT_CHAIN_COMPLETE,REPORT_OR_RECEIPT,2585,7833610df05a5ba7dcbccd93e49ed31df96a8525eee38f23d1b233f1137d74c5,1,1,0,0,snapshot,snapshot,1,,,PREEXTRACTED_COMMAND_OUTPUT_PATH_LIST
coding-readiness/reports/readback_frontend_current_date_quality_2026_09_14.py,REFERENCE_ONLY,REPORT_OR_RECEIPT,,,0,0,0,0,,,1,,,PREEXTRACTED_COMMAND_OUTPUT_PATH_LIST
coding-readiness/reports/readback_people_baseline_performance_provenance_before_2026_09_14.py,REFERENCE_ONLY,REPORT_OR_RECEIPT,,,0,0,0,0,,,1,,,PREEXTRACTED_COMMAND_OUTPUT_PATH_LIST
coding-readiness/reports/readback_people_layer_remediation_2026_09_14.py,REFERENCE_ONLY,REPORT_OR_RECEIPT,,,0,0,0,0,,,1,,,PREEXTRACTED_COMMAND_OUTPUT_PATH_LIST
coding-readiness/reports/readback_people_privacy_before_performance_provenance_after_2026_09_14.py,REFERENCE_ONLY,REPORT_OR_RECEIPT,,,0,0,0,0,,,1,,,PREEXTRACTED_COMMAND_OUTPUT_PATH_LIST
coding-readiness/reports/readback_performance_actual_layer_2026_09_14.py,REFERENCE_ONLY,REPORT_OR_RECEIPT,,,0,0,0,0,,,1,,,PREEXTRACTED_COMMAND_OUTPUT_PATH_LIST
coding-readiness/reports/readback_performance_flat_baseline_2026_09_14.py,REFERENCE_ONLY,REPORT_OR_RECEIPT,,,0,0,0,0,,,1,,,PREEXTRACTED_COMMAND_OUTPUT_PATH_LIST
coding-readiness/reports/readback_performance_privacy_2026_09_14.py,REFERENCE_ONLY,REPORT_OR_RECEIPT,,,0,0,0,0,,,1,,,PREEXTRACTED_COMMAND_OUTPUT_PATH_LIST
coding-readiness/reports/readback_performance_race_2026_09_14.py,RECOVERED_EVENT_CHAIN_COMPLETE,REPORT_OR_RECEIPT,7351,eafee66fbe1453b1ad1b1d104ff16a317295c7392aea795c25a8205a6109441e,2,2,0,0,add,update,1,,,PREEXTRACTED_COMMAND_OUTPUT_PATH_LIST
coding-readiness/reports/readback_performance_race_final_2026_09_14.py,RECOVERED_EVENT_CHAIN_COMPLETE,REPORT_OR_RECEIPT,8581,253aae25b4dfc67fddd6c3237131ed2a52b0c3a67afbcdf54127846c6b285eec,1,1,0,0,add,add,1,,,PREEXTRACTED_COMMAND_OUTPUT_PATH_LIST
coding-readiness/reports/readback_shell_shared_layer_final_2026_09_14.py,RECOVERED_EVENT_CHAIN_COMPLETE,REPORT_OR_RECEIPT,6534,0009e6d1b731fbccb6818fd195880e85b185a094803dbf6a85c088183aa90e86,3,3,0,0,add,update,1,,,PREEXTRACTED_COMMAND_OUTPUT_PATH_LIST
coding-readiness/reports/readback_time_final_2026_09_14.py,RECOVERED_EVENT_CHAIN_COMPLETE,REPORT_OR_RECEIPT,13155,c76c46de52177971edafd68b001cd13f3eae0b227567ffc884402fa3fa0db20e,5,5,0,0,add,update,1,,,PREEXTRACTED_COMMAND_OUTPUT_PATH_LIST
coding-readiness/reports/readiness-recovery-2026-09-14.md,RECOVERED_EVENT_CHAIN_COMPLETE,REPORT_OR_RECEIPT,25749,8d619bbe00a469e5e3376b6f4aab91d3bce776788396dbf91802a3fe92598f51,1,1,0,0,snapshot,snapshot,1,,,PREEXTRACTED_COMMAND_OUTPUT_PATH_LIST
coding-readiness/reports/root-focused-common-first-capture-truncated-2026-09-14.json,REFERENCE_ONLY,REPORT_OR_RECEIPT,,,0,0,0,0,,,1,,,PREEXTRACTED_COMMAND_OUTPUT_PATH_LIST
coding-readiness/reports/root-focused-common-second-capture-incomplete-2026-09-14.json,REFERENCE_ONLY,REPORT_OR_RECEIPT,,,0,0,0,0,,,1,,,PREEXTRACTED_COMMAND_OUTPUT_PATH_LIST
coding-readiness/reports/run_common_native_subset_ack_2026_09_14.py,RECOVERED_EVENT_CHAIN_COMPLETE,REPORT_OR_RECEIPT,7023,c98b0cee4d619959cbf89b8ea36d4f5d9edfe1202662542e475205a78068d0fd,2,2,0,0,snapshot,snapshot,1,,,PREEXTRACTED_COMMAND_OUTPUT_PATH_LIST
coding-readiness/reports/run_control_adoption_active_before_ack_2026_09_14.py,RECOVERED_EVENT_CHAIN_COMPLETE,REPORT_OR_RECEIPT,20708,42a86c0460275789bacf42f3fd9697573fd1c6078816df93667fa7baca7849e3,8,8,0,0,add,update,1,,,PREEXTRACTED_COMMAND_OUTPUT_PATH_LIST
coding-readiness/reports/run_current_shared_http_whole_ack_2026_09_14.py,REFERENCE_ONLY,REPORT_OR_RECEIPT,,,0,0,0,0,,,1,,,PREEXTRACTED_COMMAND_OUTPUT_PATH_LIST
coding-readiness/reports/run_frontend_current_date_quality_2026_09_14.py,REFERENCE_ONLY,REPORT_OR_RECEIPT,,,0,0,0,0,,,1,,,PREEXTRACTED_COMMAND_OUTPUT_PATH_LIST
coding-readiness/reports/run_frontend_current_hris_quality_ack_2026_09_14.py,RECOVERED_EVENT_CHAIN_COMPLETE,REPORT_OR_RECEIPT,4226,d4bf2bbb5960fcb0b32e5ffcf1964f9234e7fc990a8b7490969d10e1eebbc167,1,1,0,0,snapshot,snapshot,1,,,PREEXTRACTED_COMMAND_OUTPUT_PATH_LIST
coding-readiness/reports/run_payroll_civil_date_replay_2026_09_14.py,RECOVERED_EVENT_CHAIN_COMPLETE,REPORT_OR_RECEIPT,3804,34e900cb02a1217594a6d5f066312449ada39ad253781aebe66c2a28452a6009,1,1,0,0,snapshot,snapshot,1,,,PREEXTRACTED_COMMAND_OUTPUT_PATH_LIST
coding-readiness/reports/run_people_layer_ack_2026_09_14.py,REFERENCE_ONLY,REPORT_OR_RECEIPT,,,0,0,0,0,,,1,,,PREEXTRACTED_COMMAND_OUTPUT_PATH_LIST
coding-readiness/reports/run_performance_layer_ack_2026_09_14.py,REFERENCE_ONLY,REPORT_OR_RECEIPT,,,0,0,0,0,,,1,,,PREEXTRACTED_COMMAND_OUTPUT_PATH_LIST
coding-readiness/reports/run_performance_race_scoped_quality_2026_09_14.py,RECOVERED_EVENT_CHAIN_COMPLETE,REPORT_OR_RECEIPT,6677,284a077eedf64d4e65f51a74276f7f6f2ca46814e28b7b898fe8a6cce3072fcf,2,2,0,0,snapshot,snapshot,1,,,PREEXTRACTED_COMMAND_OUTPUT_PATH_LIST
coding-readiness/reports/run_shell_shared_layer_baseline_ack_2026_09_14.py,RECOVERED_EVENT_CHAIN_COMPLETE,REPORT_OR_RECEIPT,8612,a15c35905843202bdf492a2ce6ea2f203da8b9bd45ca90a4f83b6629e0f55ad5,1,1,0,0,add,add,1,,,PREEXTRACTED_COMMAND_OUTPUT_PATH_LIST
coding-readiness/reports/run_shell_shared_layer_final_ack_2026_09_14.py,RECOVERED_EVENT_CHAIN_COMPLETE,REPORT_OR_RECEIPT,14016,2dda42e65d611ff62163634bea63f755f2717c236739bc874598322cae87b05a,3,3,0,0,add,update,1,,,PREEXTRACTED_COMMAND_OUTPUT_PATH_LIST
coding-readiness/reports/run_time_layer_ack_2026_09_14.py,RECOVERED_EVENT_CHAIN_COMPLETE,REPORT_OR_RECEIPT,6503,44424a9574c453e26cd41bd393d7031cf77faddc2eb580ff8140ecc38d3f2ec5,3,3,0,0,snapshot,update,1,,,PREEXTRACTED_COMMAND_OUTPUT_PATH_LIST
coding-readiness/reports/run_time_scoped_quality_2026_09_14.py,RECOVERED_EVENT_CHAIN_COMPLETE,REPORT_OR_RECEIPT,7051,424555b91a2e148b3e6f57cccafa809ff5f389f603bb0b4849ede1ed0809b52b,1,1,0,0,add,add,1,,,PREEXTRACTED_COMMAND_OUTPUT_PATH_LIST
coding-readiness/reports/run_workforce_policy_s1_native_ack_2026_09_14.py,RECOVERED_EVENT_CHAIN_COMPLETE,REPORT_OR_RECEIPT,5885,7ded6dff74caa8701a5e4a53b4ebaf278ee311d223579ce6862c0d09695cdded,1,1,0,0,add,add,1,,,PREEXTRACTED_COMMAND_OUTPUT_PATH_LIST
coding-readiness/reports/runtime-authority-rw-p1-phase-a-author-evidence-2026-09-14.json,RECOVERED_EVENT_CHAIN_COMPLETE,REPORT_OR_RECEIPT,252066,fc63e0247dba5aca328737e6d287cca994e9d2f0283998bf08bab83ea878c522,1,1,0,0,add,add,1,,,PREEXTRACTED_COMMAND_OUTPUT_PATH_LIST
coding-readiness/reports/runtime-authority-rw-p1-phase-a-author-evidence-2026-09-14.md,RECOVERED_EVENT_CHAIN_COMPLETE,REPORT_OR_RECEIPT,13734,262b689909dd5bbbafe7d682d321d31edffeacb658b9fecb43ac0674c313b185,1,1,0,0,add,add,1,,,PREEXTRACTED_COMMAND_OUTPUT_PATH_LIST
coding-readiness/reports/runtime-authority-rw-p1-phase-b-author-evidence-2026-09-14.json,RECOVERED_EVENT_CHAIN_COMPLETE,REPORT_OR_RECEIPT,198388,bb23abe673432d5845bb33c631e6fe3267e8e1311615987ea632ed92d7efca71,1,1,0,0,add,add,1,,,PREEXTRACTED_COMMAND_OUTPUT_PATH_LIST
coding-readiness/reports/runtime-authority-rw-p1-phase-b-author-evidence-2026-09-14.md,RECOVERED_EVENT_CHAIN_COMPLETE,REPORT_OR_RECEIPT,12679,536d9eecea4be6f61c3a6a40adaefb49d434fb2dd0425e95fc31a53d08537a9f,1,1,0,0,add,add,1,,,PREEXTRACTED_COMMAND_OUTPUT_PATH_LIST
coding-readiness/reports/runtime-startup-clock-entry-root-initial-repro-2026-09-14.json,REFERENCE_ONLY,REPORT_OR_RECEIPT,,,0,0,0,0,,,1,,,PREEXTRACTED_COMMAND_OUTPUT_PATH_LIST
coding-readiness/reports/runtime-startup-clock-entry-root-initial-repro-2026-09-14.md,REFERENCE_ONLY,REPORT_OR_RECEIPT,,,0,0,0,0,,,1,,,PREEXTRACTED_COMMAND_OUTPUT_PATH_LIST
coding-readiness/reports/runtime-startup-clock-entry-root-remediation-pass-2026-09-14.json,REFERENCE_ONLY,REPORT_OR_RECEIPT,,,0,0,0,0,,,1,,,PREEXTRACTED_COMMAND_OUTPUT_PATH_LIST
coding-readiness/reports/runtime-startup-clock-entry-root-remediation-pass-2026-09-14.md,REFERENCE_ONLY,REPORT_OR_RECEIPT,,,0,0,0,0,,,1,,,PREEXTRACTED_COMMAND_OUTPUT_PATH_LIST
coding-readiness/reports/runtime-startup-native-inspection-author-evidence-2026-09-14.json,RECOVERED_EVENT_CHAIN_COMPLETE,REPORT_OR_RECEIPT,55315,e530b4d9c4c34efd0538dec26d589d61c6e13b409d7551a0d21af22479c5c1b8,1,1,0,0,add,add,1,,,PREEXTRACTED_COMMAND_OUTPUT_PATH_LIST
coding-readiness/reports/runtime-startup-native-inspection-author-evidence-2026-09-14.md,RECOVERED_EVENT_CHAIN_COMPLETE,REPORT_OR_RECEIPT,8977,649c8af8a949daf5bfb6acca2e1c0a426bec8d7ec1ebc2d2311c7574b20ecb49,1,1,0,0,add,add,1,,,PREEXTRACTED_COMMAND_OUTPUT_PATH_LIST
coding-readiness/reports/runtime-startup-native-inspection-root-independent-replay-2026-09-14.json,REFERENCE_ONLY,REPORT_OR_RECEIPT,,,0,0,0,0,,,1,,,PREEXTRACTED_COMMAND_OUTPUT_PATH_LIST
coding-readiness/reports/runtime-startup-native-inspection-root-independent-replay-2026-09-14.md,REFERENCE_ONLY,REPORT_OR_RECEIPT,,,0,0,0,0,,,1,,,PREEXTRACTED_COMMAND_OUTPUT_PATH_LIST
coding-readiness/reports/semantic-dialect-failclosed-hardening-2026-09-14.json,RECOVERED_EVENT_CHAIN_COMPLETE,REPORT_OR_RECEIPT,17586,3c878b13d09e684ec6392e7be2573250d90ea4d9018f10239d679122a3cfdeda,2,2,0,0,add,update,1,,,PREEXTRACTED_COMMAND_OUTPUT_PATH_LIST
coding-readiness/reports/semantic-dialect-failclosed-hardening-2026-09-14.md,RECOVERED_EVENT_CHAIN_COMPLETE,REPORT_OR_RECEIPT,4422,9ac685272b771d0736421b656e0eb69fb12a9e7a9ed565cf7d282aa04036af92,2,2,0,0,add,update,1,,,PREEXTRACTED_COMMAND_OUTPUT_PATH_LIST
coding-readiness/reports/semantic-dialect-mode-followup-2026-09-14.json,RECOVERED_EVENT_CHAIN_COMPLETE,REPORT_OR_RECEIPT,21541,e37c948a20cc6c3b535d65faef4e2b2d86446da9073c5138a068f02367fa3153,1,1,0,0,add,add,1,,,PREEXTRACTED_COMMAND_OUTPUT_PATH_LIST
coding-readiness/reports/semantic-dialect-mode-followup-2026-09-14.md,RECOVERED_EVENT_CHAIN_COMPLETE,REPORT_OR_RECEIPT,3511,9639e7acd9fcaef02a1586478fea7ca00d1df382a140ae20e3fcc955ce5f9d5d,1,1,0,0,add,add,1,,,PREEXTRACTED_COMMAND_OUTPUT_PATH_LIST
coding-readiness/reports/stream-authority-composite-focused-2026-09-14.v1.json,RECOVERED_EVENT_CHAIN_COMPLETE,REPORT_OR_RECEIPT,53025,8973c593c257b6cd87dc2f73757a65124991d99a1d495500afa644cb42200d5f,1,1,0,0,add,add,1,,,PREEXTRACTED_COMMAND_OUTPUT_PATH_LIST
coding-readiness/reports/stream-authority-composite-focused-2026-09-14.v1.md,RECOVERED_EVENT_CHAIN_COMPLETE,REPORT_OR_RECEIPT,3588,3522b3ae5d0b2d4cc6bb1b49d45c5b38ec24ce7ffcc5f1ed23e480edbeb20ef7,2,2,0,0,snapshot,snapshot,1,,,PREEXTRACTED_COMMAND_OUTPUT_PATH_LIST
coding-readiness/reports/sys-listening-admission-independent-followup-2026-09-14.json,RECOVERED_EVENT_CHAIN_COMPLETE,REPORT_OR_RECEIPT,50964,5908955f35730056ac8d57bff0e6f867d682d5310fc35e495e45c3dee999dbd7,2,2,0,0,add,update,1,,,PREEXTRACTED_COMMAND_OUTPUT_PATH_LIST
coding-readiness/reports/sys-listening-admission-independent-followup-2026-09-14.md,RECOVERED_EVENT_CHAIN_COMPLETE,REPORT_OR_RECEIPT,6003,613982087d27bf17b1020b398220138a584d3345dc2f2b74797084d13b1e00be,1,1,0,0,add,add,1,,,PREEXTRACTED_COMMAND_OUTPUT_PATH_LIST
coding-readiness/reports/sys-listening-admission-independent-review-2026-09-14.json,RECOVERED_EVENT_CHAIN_COMPLETE,REPORT_OR_RECEIPT,19545,e01393cf398562109e2317346ffa00ae0c48defef4600f131c9081d1728be8b4,1,1,0,0,add,add,1,,,PREEXTRACTED_COMMAND_OUTPUT_PATH_LIST
coding-readiness/reports/sys-listening-admission-independent-review-2026-09-14.md,RECOVERED_EVENT_CHAIN_COMPLETE,REPORT_OR_RECEIPT,6605,12ed780994b1af42b92e7ae334c54a65fc65fa60d3c8b068596f3197fc9164e8,1,1,0,0,add,add,1,,,PREEXTRACTED_COMMAND_OUTPUT_PATH_LIST
coding-readiness/reports/sys-tim-proposal-independent-followup-2026-09-14.json,RECOVERED_EVENT_CHAIN_COMPLETE,REPORT_OR_RECEIPT,14057,a4e606082ed97443ac016495871f1a6e03abe573b39512d3f6bfe7f1bad41393,1,1,0,0,add,add,1,,,PREEXTRACTED_COMMAND_OUTPUT_PATH_LIST
coding-readiness/reports/sys-tim-proposal-independent-followup-2026-09-14.md,RECOVERED_EVENT_CHAIN_COMPLETE,REPORT_OR_RECEIPT,5812,5aabf13d05ba429b4d3700e25071f01a0f9478264c58be7250f13a1598e45739,1,1,0,0,add,add,1,,,PREEXTRACTED_COMMAND_OUTPUT_PATH_LIST
coding-readiness/reports/tim-base-proposal-independent-review-2026-09-14.json,RECOVERED_EVENT_CHAIN_COMPLETE,REPORT_OR_RECEIPT,196120,7cc282ca4e116524cace6576e2b29b08f9c5c21ffd38f55b942f175abf8dcda5,1,1,0,0,add,add,1,,,PREEXTRACTED_COMMAND_OUTPUT_PATH_LIST
coding-readiness/reports/tim-base-proposal-independent-review-2026-09-14.md,RECOVERED_EVENT_CHAIN_COMPLETE,REPORT_OR_RECEIPT,28140,9840eb1082d3db4afc8657dd07e4133c4aabc68b7f41238730ef64e5d52e174e,1,1,0,0,add,add,1,,,PREEXTRACTED_COMMAND_OUTPUT_PATH_LIST
coding-readiness/reports/tim-base-remediation-independent-followup-2026-09-14.json,RECOVERED_EVENT_CHAIN_COMPLETE,REPORT_OR_RECEIPT,83310,fef3f89f5ef702f753e67ba2aaf50a9783cee267a9297fe9f5e80caf93c42134,2,2,0,0,add,update,1,,,PREEXTRACTED_COMMAND_OUTPUT_PATH_LIST
coding-readiness/reports/tim-base-remediation-independent-followup-2026-09-14.md,RECOVERED_EVENT_CHAIN_COMPLETE,REPORT_OR_RECEIPT,13165,e4960b02a01f57fd52813530873e0f4a8708ffab0e485dd78798b40839c36a32,1,1,0,0,add,add,1,,,PREEXTRACTED_COMMAND_OUTPUT_PATH_LIST
coding-readiness/reports/tim-base-v2-root-independent-execution-2026-09-14.json,REFERENCE_ONLY,REPORT_OR_RECEIPT,,,0,0,0,0,,,1,,,PREEXTRACTED_COMMAND_OUTPUT_PATH_LIST
coding-readiness/reports/tim-cross-context-boundary-v3-author-candidate-2026-09-14.json,REFERENCE_ONLY,REPORT_OR_RECEIPT,,,0,0,0,0,,,1,,,PREEXTRACTED_COMMAND_OUTPUT_PATH_LIST
coding-readiness/reports/tim-cross-context-v3-expert-independent-review-2026-09-14.json,RECOVERED_EVENT_CHAIN_COMPLETE,REPORT_OR_RECEIPT,46886,0ed0eaf07f24fe857ad3c2d8981cb6b5eb04857b212a859ecde55b7c37717bac,3,3,0,0,add,update,1,,,PREEXTRACTED_COMMAND_OUTPUT_PATH_LIST
coding-readiness/reports/tim-cross-context-v3-expert-independent-review-2026-09-14.md,RECOVERED_EVENT_CHAIN_COMPLETE,REPORT_OR_RECEIPT,9500,70a8e1198316e833652cabab21d887962d25e674a2e7b6755566cc7b721fd71f,1,1,0,0,add,add,1,,,PREEXTRACTED_COMMAND_OUTPUT_PATH_LIST
coding-readiness/reports/tim-cross-context-v3-initial-author-probe-2026-09-14.md,REFERENCE_ONLY,REPORT_OR_RECEIPT,,,0,0,0,0,,,1,,,PREEXTRACTED_COMMAND_OUTPUT_PATH_LIST
coding-readiness/reports/tim-j1-java-actual-first-unit-failure-2026-09-14.json,RECOVERED_EVENT_CHAIN_COMPLETE,REPORT_OR_RECEIPT,457393,03368352c3f6f7286f0ace8bf10f47f924772df05aece73b53cc3f368d48850c,1,1,0,0,add,add,1,,,PREEXTRACTED_COMMAND_OUTPUT_PATH_LIST
coding-readiness/reports/tim-j1-java-actual-initial-compile-failure-2026-09-14.json,RECOVERED_EVENT_CHAIN_COMPLETE,REPORT_OR_RECEIPT,193397,1e448793ca1240fcf03e28eaa09ae32d1ab243e1ce625b0af0ccf512fd721987,1,1,0,0,add,add,1,,,PREEXTRACTED_COMMAND_OUTPUT_PATH_LIST
coding-readiness/reports/tim-j1-java-actual-native64-scope-abi-failure-2026-09-14.json,RECOVERED_EVENT_CHAIN_COMPLETE,REPORT_OR_RECEIPT,194507,9c455a83e40f596da3e2e9859752b16a63cefad7ed2e8b545e9617b9ade51c82,1,1,0,0,add,add,1,,,PREEXTRACTED_COMMAND_OUTPUT_PATH_LIST
coding-readiness/reports/tim-j1-java-actual-six-source-counterexamples-fail-before-2026-09-14.json,RECOVERED_EVENT_CHAIN_COMPLETE,REPORT_OR_RECEIPT,123802,51924168d5a5d13d2e5e82d32dcc85767818fbf3916c1fce542eb3387fa62410,1,1,0,0,add,add,1,,,PREEXTRACTED_COMMAND_OUTPUT_PATH_LIST
coding-readiness/reports/tim-j1-java-actual-source-field-closure-failure-2026-09-14.json,RECOVERED_EVENT_CHAIN_COMPLETE,REPORT_OR_RECEIPT,118929,c9d372645f34654e74fff5af3bf01052e2a6c42d2d9ec270a9722c379e8408bf,1,1,0,0,add,add,1,,,PREEXTRACTED_COMMAND_OUTPUT_PATH_LIST
coding-readiness/reports/tim-j1-java-actual-termination-purpose-import-compile-failure-2026-09-14.json,RECOVERED_EVENT_CHAIN_COMPLETE,REPORT_OR_RECEIPT,145702,4a354c574a3b91e003c8431d1eed4c9043d63cba6037ae2118c33bee852ed8e0,1,1,0,0,add,add,1,,,PREEXTRACTED_COMMAND_OUTPUT_PATH_LIST
coding-readiness/reports/tim-j1-java-actual-test-compile-failure-2026-09-14.json,RECOVERED_EVENT_CHAIN_COMPLETE,REPORT_OR_RECEIPT,198669,1cd4df3ab86babb775f08bbfa7bb0c83d8c825e3835bad371bb224482700bb45,1,1,0,0,add,add,1,,,PREEXTRACTED_COMMAND_OUTPUT_PATH_LIST
coding-readiness/reports/tim-j1-java-first-unit-failure-source-archive-2026-09-14.json,RECOVERED_EVENT_CHAIN_COMPLETE,REPORT_OR_RECEIPT,47974,c6cc5c544d58085b20cd4e49f2a7f72f5283f7bfd56a92d76b10d5e8bd133764,1,1,0,0,add,add,1,,,PREEXTRACTED_COMMAND_OUTPUT_PATH_LIST
coding-readiness/reports/tim-j1-java-source-assembler-actual-remediation-2026-09-14.json,RECOVERED_EVENT_CHAIN_COMPLETE,REPORT_OR_RECEIPT,156882,6120303f5a8330b0c6fae9500573f8ae0167f448561309fc9001a99709b71f9e,2,2,0,0,add,update,1,,,PREEXTRACTED_COMMAND_OUTPUT_PATH_LIST
coding-readiness/reports/tim-j1-java-source-assembler-actual-remediation-2026-09-14.md,RECOVERED_EVENT_CHAIN_COMPLETE,REPORT_OR_RECEIPT,8459,2219586bf3dffadad5e33e04af7c069bdf6ba1ea29fe1e813ac87c88ab160182,1,1,0,0,add,add,1,,,PREEXTRACTED_COMMAND_OUTPUT_PATH_LIST
coding-readiness/reports/tim-v4-minimum-java-source-implementation-plan-2026-09-14.md,RECOVERED_EVENT_CHAIN_COMPLETE,REPORT_OR_RECEIPT,18895,c319fd2a1c37e66113e3bdeb9ae1ad2361b9f95b791bc64149a607c34d5789b7,2,2,0,0,snapshot,snapshot,1,,,PREEXTRACTED_COMMAND_OUTPUT_PATH_LIST
coding-readiness/reports/tim-wfm-proposal-independent-review-2026-09-14.json,RECOVERED_EVENT_CHAIN_COMPLETE,REPORT_OR_RECEIPT,86420,b042f0ee2736cf48a398599ffe8eb8db4da77d3a31ecf5028aebdda5f03e31e2,3,3,0,0,add,update,1,,,PREEXTRACTED_COMMAND_OUTPUT_PATH_LIST
coding-readiness/reports/tim-wfm-proposal-independent-review-2026-09-14.md,RECOVERED_EVENT_CHAIN_COMPLETE,REPORT_OR_RECEIPT,11934,0ac5132eae4b9d90b5f01375131cbc14813f0560e909d2230b4108d7fc410375,2,2,0,0,add,update,1,,,PREEXTRACTED_COMMAND_OUTPUT_PATH_LIST
coding-readiness/reports/validate_global_hcm_semantic_closure_audit_2026_09_16.py,RECOVERED_EVENT_CHAIN_COMPLETE,REPORT_OR_RECEIPT,20516,c63109da9ce9bf4c378c08b79a0c3fa8924e6162525307ecf46da20b87a95c76,4,4,0,0,add,update,1,,,PREEXTRACTED_COMMAND_OUTPUT_PATH_LIST
coding-readiness/reports/workforce-controlled-export-registration-diagnostic-2026-09-14.json,RECOVERED_EVENT_CHAIN_COMPLETE,REPORT_OR_RECEIPT,109144,32630c2b23f886c0da98b02e4e7f421dde61fa01ff8d11d99d99478f2cef7729,5,5,0,0,snapshot,update,1,,,PREEXTRACTED_COMMAND_OUTPUT_PATH_LIST
coding-readiness/reports/workforce-controlled-export-registration-diagnostic-2026-09-14.md,RECOVERED_EVENT_CHAIN_COMPLETE,REPORT_OR_RECEIPT,7843,e85b91a7eea4ab1f65ced46251713f3a3a2594d6a79f91a465b984ac02f193c6,4,4,0,0,snapshot,snapshot,1,,,PREEXTRACTED_COMMAND_OUTPUT_PATH_LIST
coding-readiness/reports/workforce-policy-native-owner-connection-plan-2026-09-14.json,RECOVERED_EVENT_CHAIN_COMPLETE,REPORT_OR_RECEIPT,87331,1f2246acfcf4194285fe67b3e75bc60d62eaba57c86bba1c111afd4904128a0f,1,1,0,0,add,add,1,,,PREEXTRACTED_COMMAND_OUTPUT_PATH_LIST
coding-readiness/reports/workforce-policy-native-owner-connection-plan-2026-09-14.md,RECOVERED_EVENT_CHAIN_COMPLETE,REPORT_OR_RECEIPT,20849,a2a2e6dd143ab162e7b8e9ab81a227663ba93650ddb15d786f5ba3fb5d024f41,1,1,0,0,add,add,1,,,PREEXTRACTED_COMMAND_OUTPUT_PATH_LIST
coding-readiness/reports/workforce-policy-native-producer-minimal-plan-2026-09-14.md,RECOVERED_EVENT_CHAIN_COMPLETE,REPORT_OR_RECEIPT,7731,49cf8b318dddef15a4c078e100da68af99508ae8c29ebd83dd73953df354a5b7,3,3,0,0,snapshot,snapshot,1,,,PREEXTRACTED_COMMAND_OUTPUT_PATH_LIST
coding-readiness/reports/workforce-policy-s1-closed-abi-and-command-fence-proposal-2026-09-14.json,RECOVERED_EVENT_CHAIN_COMPLETE,REPORT_OR_RECEIPT,198678,8829667d2740da9599ddc818485e8b0256c1368b472475bfa09242a383c2a695,1,1,0,0,add,add,1,,,PREEXTRACTED_COMMAND_OUTPUT_PATH_LIST
coding-readiness/reports/workforce-policy-s1-closed-abi-and-command-fence-proposal-2026-09-14.md,RECOVERED_EVENT_CHAIN_COMPLETE,REPORT_OR_RECEIPT,15949,619a52fed9dd351c12a94b2a40e2a4d8b531015ec78f87afe225eb07d7f87475,1,1,0,0,add,add,1,,,PREEXTRACTED_COMMAND_OUTPUT_PATH_LIST
coding-readiness/reports/workforce-policy-s1-docker-unavailable-before-retry-2026-09-14.json,RECOVERED_EVENT_CHAIN_COMPLETE,REPORT_OR_RECEIPT,4410,3b8f39d6a63ad493c9cfabed46275a0bb4239fa9e477d0cbf563dd402f9ef30f,1,1,0,0,add,add,1,,,PREEXTRACTED_COMMAND_OUTPUT_PATH_LIST
coding-readiness/reports/workforce-policy-s1-docker-unavailable-before-retry-2026-09-14.md,RECOVERED_EVENT_CHAIN_COMPLETE,REPORT_OR_RECEIPT,1974,f44ea818fac9870aa51b2d2ccae0d83970281eeb976650e1fcf5aba58ce3c7b6,1,1,0,0,add,add,1,,,PREEXTRACTED_COMMAND_OUTPUT_PATH_LIST
coding-readiness/reports/workforce-policy-s1-first-compile-failure-2026-09-14.json,RECOVERED_EVENT_CHAIN_COMPLETE,REPORT_OR_RECEIPT,531125,3bd459b04996f9a648f4152e5ef56432ecf0d65fa4b3f326a75099b8f3ce9508,1,1,0,0,add,add,1,,,PREEXTRACTED_COMMAND_OUTPUT_PATH_LIST
coding-readiness/reports/workforce-policy-s1-first-compile-failure-2026-09-14.md,RECOVERED_EVENT_CHAIN_COMPLETE,REPORT_OR_RECEIPT,2676,45d866ce9f050650e58cd6fc350f6784c2e88cc18ab889e982a9d5bc84552ee1,1,1,0,0,add,add,1,,,PREEXTRACTED_COMMAND_OUTPUT_PATH_LIST
coding-readiness/reports/workforce-policy-s1-first-native-pg16-failure-2026-09-14.json,RECOVERED_EVENT_CHAIN_COMPLETE,REPORT_OR_RECEIPT,540247,835eda67c9eea4d14a5ec29fd8cd1fe464e5955d7ce6e072e23b229d023337f1,1,1,0,0,add,add,1,,,PREEXTRACTED_COMMAND_OUTPUT_PATH_LIST
coding-readiness/reports/workforce-policy-s1-first-native-pg16-failure-2026-09-14.md,RECOVERED_EVENT_CHAIN_COMPLETE,REPORT_OR_RECEIPT,3193,e9fe9748f4c7538c9c778a95811a6a8f9680ae2d187e85fc73fad73d1ef13fcd,1,1,0,0,add,add,1,,,PREEXTRACTED_COMMAND_OUTPUT_PATH_LIST
coding-readiness/reports/workforce-policy-s1-first-unit-security-failure-2026-09-14.json,RECOVERED_EVENT_CHAIN_COMPLETE,REPORT_OR_RECEIPT,536886,b3e2be35b948e810c32e8fd0d6691307e52a48f5cdc248e83f28b0d29b301e67,1,1,0,0,add,add,1,,,PREEXTRACTED_COMMAND_OUTPUT_PATH_LIST
coding-readiness/reports/workforce-policy-s1-first-unit-security-failure-2026-09-14.md,RECOVERED_EVENT_CHAIN_COMPLETE,REPORT_OR_RECEIPT,2694,d8537c56748c92d38a27c249c1b630ba26763cbea01e94b454c5bc52333fc75f,1,1,0,0,add,add,1,,,PREEXTRACTED_COMMAND_OUTPUT_PATH_LIST
coding-readiness/reports/workforce-policy-s1-native-diagnostic-failure-code-lossless-2026-09-14.json,RECOVERED_EVENT_CHAIN_COMPLETE,REPORT_OR_RECEIPT,532901,a5ad605d7d70f72f6d285a0a98a032eb3f055da9e69b419c32d479d918102837,1,1,0,0,add,add,1,,,PREEXTRACTED_COMMAND_OUTPUT_PATH_LIST
coding-readiness/reports/workforce-policy-s1-native-empty-active-pointer-fail-before-2026-09-14.md,RECOVERED_EVENT_CHAIN_COMPLETE,REPORT_OR_RECEIPT,2245,95a5e793ae7d2661c7c0002dd0c8f24f0f2598c263a0acfd8cd5740f32e4e5a2,1,1,0,0,add,add,1,,,PREEXTRACTED_COMMAND_OUTPUT_PATH_LIST
coding-readiness/reports/workforce-policy-s1-native-frozen-base-final-2026-09-14.json,RECOVERED_EVENT_CHAIN_COMPLETE,REPORT_OR_RECEIPT,5886,ea9b8a65794a2c77599c90f46eb8c3f120375ca6295120d73a11a937e9b64472,1,1,0,0,add,add,1,,,PREEXTRACTED_COMMAND_OUTPUT_PATH_LIST
coding-readiness/reports/workforce-policy-s1-native-frozen-base-final-2026-09-14.md,RECOVERED_EVENT_CHAIN_COMPLETE,REPORT_OR_RECEIPT,3815,27d38521eb2439be5eedc83ab76a70ec2e165efac53c7e2575584cac7d21457b,1,1,0,0,add,add,1,,,PREEXTRACTED_COMMAND_OUTPUT_PATH_LIST
coding-readiness/reports/workforce-policy-s1-native-functional-counterexamples-before-fix-2026-09-14.md,RECOVERED_EVENT_CHAIN_COMPLETE,REPORT_OR_RECEIPT,3388,a50f074352afbce93dead509e802030499d96d936d0d578f20bf0b4b485c6bee,1,1,0,0,add,add,1,,,PREEXTRACTED_COMMAND_OUTPUT_PATH_LIST
coding-readiness/reports/workforce-policy-s1-native-functional-counterexamples-lossless-2026-09-14.json,RECOVERED_EVENT_CHAIN_COMPLETE,REPORT_OR_RECEIPT,534129,220111f8239cc2de22f175988eb1cc47c9facd5e306e6e1b741b05ac484c60ce,1,1,0,0,add,add,1,,,PREEXTRACTED_COMMAND_OUTPUT_PATH_LIST
coding-readiness/reports/workforce-policy-s1-native-pg16-after-catalog-fixture-lossless-2026-09-14.json,RECOVERED_EVENT_CHAIN_COMPLETE,REPORT_OR_RECEIPT,530208,e7514aee0dba6f5c07a03b159186548f7023d80894edffb431e240ae11e2af72,1,1,0,0,add,add,1,,,PREEXTRACTED_COMMAND_OUTPUT_PATH_LIST
coding-readiness/reports/workforce-policy-s1-native-pg16-retry-lossless-2026-09-14.json,RECOVERED_EVENT_CHAIN_COMPLETE,REPORT_OR_RECEIPT,530212,76eb95b1328519e0dbfc9b8afabffcdffa5d841c59ba03461785af263640cf84,1,1,0,0,add,add,1,,,PREEXTRACTED_COMMAND_OUTPUT_PATH_LIST
coding-readiness/reports/workforce-policy-s1-native-version-seven-rejected-fail-before-2026-09-14.md,RECOVERED_EVENT_CHAIN_COMPLETE,REPORT_OR_RECEIPT,1746,f3e823506b3010d81e1e54b3ab966db7a43f07e0df3a3f3f68e43201d02934b0,1,1,0,0,add,add,1,,,PREEXTRACTED_COMMAND_OUTPUT_PATH_LIST
coding-readiness/reports/workforce-policy-s1-unit-security-final-2026-09-14.json,RECOVERED_EVENT_CHAIN_COMPLETE,REPORT_OR_RECEIPT,536619,1e1214edbda5a1ea037b7a979836d955763a73a36e069b1da134586863f87085,1,1,0,0,add,add,1,,,PREEXTRACTED_COMMAND_OUTPUT_PATH_LIST
coding-readiness/reports/workforce-policy-s1-unit-security-final-2026-09-14.md,RECOVERED_EVENT_CHAIN_COMPLETE,REPORT_OR_RECEIPT,3832,ec09e2623911636e2ea5d20566a1a879c92ec85f67b280903cc81df3d54dd3d9,1,1,0,0,add,add,1,,,PREEXTRACTED_COMMAND_OUTPUT_PATH_LIST
coding-readiness/reports/workforce-policy-s1-unit-security-final-readable-2026-09-14.json,RECOVERED_EVENT_CHAIN_COMPLETE,REPORT_OR_RECEIPT,43002,60de9eb38dea260d57e45a2ffc3a673fc523be0cc7f65fe4cf37b25213e0769b,1,1,0,0,add,add,1,,,PREEXTRACTED_COMMAND_OUTPUT_PATH_LIST
coding-readiness/route-transition-register.csv,RECOVERED_EVENT_CHAIN_COMPLETE,BLUEPRINT_ARTIFACT,1213,d1fbbb8f728c7d862937dca83816b42fa7ce221d3c3d1f1a72cc909b77328118,6,6,0,0,snapshot,snapshot,1,,,PREEXTRACTED_COMMAND_OUTPUT_PATH_LIST
coding-readiness/run_modern_causal_independent_pg_fixtures.py,RECOVERED_PARTIAL_EVENT_CHAIN,BLUEPRINT_ARTIFACT,209046,a047556f244263c1135eb528f5367ec4c35ead682b402a4c90617cbbb0cde29f,132,130,2,2,add,update,1,,,PREEXTRACTED_COMMAND_OUTPUT_PATH_LIST
coding-readiness/semantic-remediation/__pycache__/validate_pay_v2_draft_native.cpython-312.pyc,REFERENCE_ONLY,CACHE_OR_OS_METADATA,,,0,0,0,0,,,1,,,PREEXTRACTED_COMMAND_OUTPUT_PATH_LIST
coding-readiness/semantic-remediation/__pycache__/validate_tim_base_review_remediation.cpython-312.pyc,REFERENCE_ONLY,CACHE_OR_OS_METADATA,,,0,0,0,0,,,1,,,PREEXTRACTED_COMMAND_OUTPUT_PATH_LIST
coding-readiness/semantic-remediation/common-allocation-successor.fixtures.v1.json,RECOVERED_EVENT_CHAIN_COMPLETE,BLUEPRINT_ARTIFACT,4194,f89e58e763d066f02d4454afc9ae3dfdb59acf929117e2b8edc6e429904ce107,1,1,0,0,add,add,1,,,PREEXTRACTED_COMMAND_OUTPUT_PATH_LIST
coding-readiness/semantic-remediation/common-allocation-successor.v1.json,RECOVERED_EVENT_CHAIN_COMPLETE,BLUEPRINT_ARTIFACT,231664,e1183748493f6f48c1e89863fc6a9103fa2408ff5907e7b853391352052e7a6e,5,5,0,0,snapshot,update,1,,,PREEXTRACTED_COMMAND_OUTPUT_PATH_LIST
coding-readiness/semantic-remediation/common-allocation-successor.v1.md,RECOVERED_EVENT_CHAIN_COMPLETE,BLUEPRINT_ARTIFACT,12893,6279ae1b9194394bc769875e7e6e84f3691aac132379ca44055e1a8d2dcf72a2,4,4,0,0,snapshot,snapshot,1,,,PREEXTRACTED_COMMAND_OUTPUT_PATH_LIST
coding-readiness/semantic-remediation/common-migration-baseline.proposal.v1.json,RECOVERED_EVENT_CHAIN_COMPLETE,BLUEPRINT_ARTIFACT,367914,a3c9a01a1a2a49bf3dd3dfff5283a880a6eebe424337b5c53632ee6677d3346d,2,2,0,0,add,update,1,,,PREEXTRACTED_COMMAND_OUTPUT_PATH_LIST
coding-readiness/semantic-remediation/common-migration-baseline.proposal.v1.md,RECOVERED_EVENT_CHAIN_COMPLETE,BLUEPRINT_ARTIFACT,7975,3a2b418d0e4401a1b1540e1c945cf33d248281adc09d291b963e81948dc62953,2,2,0,0,snapshot,snapshot,1,,,PREEXTRACTED_COMMAND_OUTPUT_PATH_LIST
coding-readiness/semantic-remediation/controlled-export-resource-publication.fixtures.v1.json,RECOVERED_EVENT_CHAIN_COMPLETE,BLUEPRINT_ARTIFACT,24277,fc3cbb44c41c929a83b53ffc7d119e4212a73a5c1f2d4259a2c452c41e015b68,1,1,0,0,add,add,1,,,PREEXTRACTED_COMMAND_OUTPUT_PATH_LIST
coding-readiness/semantic-remediation/controlled-export-resource-publication.plan.v1.sql,RECOVERED_EVENT_CHAIN_COMPLETE,BLUEPRINT_ARTIFACT,4349,b8737eb9d06f0be4aec0473b20a0c6bbacd1243b45e62abe9c7a162f8c910448,3,3,0,0,add,update,1,,,PREEXTRACTED_COMMAND_OUTPUT_PATH_LIST
coding-readiness/semantic-remediation/controlled-export-resource-publication.proposal.v1.json,RECOVERED_EVENT_CHAIN_COMPLETE,BLUEPRINT_ARTIFACT,11298,4f1790cc9eafd525c02829f2f5a2124f004a198950094fdd6f16ccb386f60fc0,3,3,0,0,snapshot,update,1,,,PREEXTRACTED_COMMAND_OUTPUT_PATH_LIST
coding-readiness/semantic-remediation/controlled-export-resource-publication.proposal.v1.md,RECOVERED_EVENT_CHAIN_COMPLETE,BLUEPRINT_ARTIFACT,10117,ce266c996c20e98cbf159ea55de330565bf09ea9409d2a5a8a5ca62120ea31ff,2,2,0,0,snapshot,snapshot,1,,,PREEXTRACTED_COMMAND_OUTPUT_PATH_LIST
coding-readiness/semantic-remediation/g3-preparation-boundary.md,RECOVERED_EVENT_CHAIN_COMPLETE,BLUEPRINT_ARTIFACT,4909,a6f545e28788d688c5bb0460be18f9dc2e00462f228e028f6152e68243ccb4f7,2,2,0,0,snapshot,snapshot,1,,,PREEXTRACTED_COMMAND_OUTPUT_PATH_LIST
coding-readiness/semantic-remediation/global-product-upgrade-decision.proposal.v1.md,RECOVERED_EVENT_CHAIN_COMPLETE,BLUEPRINT_ARTIFACT,8202,801f238eabc771bbe6fcd2ef70b2de5b712d859bdaea1bb255594beca5247882,1,1,0,0,snapshot,snapshot,1,,,PREEXTRACTED_COMMAND_OUTPUT_PATH_LIST
coding-readiness/semantic-remediation/hrm-modern-native-identity-successor.v1.check.js,RECOVERED_EVENT_CHAIN_COMPLETE,BLUEPRINT_ARTIFACT,96180,9a785fdc051689beda08d620d3a7adfa60ca95948d7ba7cf585753fcf3e966ee,18,18,0,0,add,update,1,,,PREEXTRACTED_COMMAND_OUTPUT_PATH_LIST
coding-readiness/semantic-remediation/hrm-modern-native-identity-successor.v1.evidence.json,RECOVERED_EVENT_CHAIN_COMPLETE,BLUEPRINT_ARTIFACT,35678,00ce732ea82943088d0b638f959f71da61bbf0b7a20ad13289f8b25baab6f972,2,2,0,0,add,update,1,,,PREEXTRACTED_COMMAND_OUTPUT_PATH_LIST
coding-readiness/semantic-remediation/hrm-modern-native-identity-successor.v1.fixture-check.js,RECOVERED_EVENT_CHAIN_COMPLETE,BLUEPRINT_ARTIFACT,40182,7f6a72202d29a037dc086c5cd8aa52557b4ce896fdcc22e18803e6db246931d0,11,11,0,0,add,update,1,,,PREEXTRACTED_COMMAND_OUTPUT_PATH_LIST
coding-readiness/semantic-remediation/hrm-modern-native-identity-successor.v1.fixtures.json,RECOVERED_EVENT_CHAIN_COMPLETE,BLUEPRINT_ARTIFACT,98047,b278d80c8c5b30e13578dcc5eed9af200f6b8d1305d2a6f33e56731841a1daaa,3,3,0,0,add,add,1,,,PREEXTRACTED_COMMAND_OUTPUT_PATH_LIST
coding-readiness/semantic-remediation/hrm-modern-native-identity-successor.v1.json,RECOVERED_EVENT_CHAIN_COMPLETE,BLUEPRINT_ARTIFACT,6798297,f8ccc88f646e13d2a3a37d49af636eda4a9a60bc822055056283f36e2c4b0b79,236,236,0,0,add,update,1,,,PREEXTRACTED_COMMAND_OUTPUT_PATH_LIST
coding-readiness/semantic-remediation/hrm-modern-native-identity-successor.v1.md,RECOVERED_EVENT_CHAIN_COMPLETE,BLUEPRINT_ARTIFACT,11564,45c885658a09a0a6abf3c4c507278ec78d5c8a756ca78e81bf3b00503cdda3a5,2,2,0,0,snapshot,snapshot,1,,,PREEXTRACTED_COMMAND_OUTPUT_PATH_LIST
coding-readiness/semantic-remediation/hrm-modern-native-identity-successor.v1.schemas.json,RECOVERED_EVENT_CHAIN_COMPLETE,BLUEPRINT_ARTIFACT,750242,7b5282c67cec4fe006e03cc10e5905c3589b77ad85308449884c9329afe3c538,14,14,0,0,add,update,1,,,PREEXTRACTED_COMMAND_OUTPUT_PATH_LIST
coding-readiness/semantic-remediation/hrm-modern-native-identity-successor.v2.check.cjs,RECOVERED_EVENT_CHAIN_COMPLETE,BLUEPRINT_ARTIFACT,25909,301e2ee4b63544734989a557d6809189ccfaa2c8de297856e2a898385b0b6e5b,7,7,0,0,add,update,1,,,PREEXTRACTED_COMMAND_OUTPUT_PATH_LIST
coding-readiness/semantic-remediation/hrm-modern-native-identity-successor.v2.design.cjs,RECOVERED_EVENT_CHAIN_COMPLETE,BLUEPRINT_ARTIFACT,52008,0a7394ff0c8ce7b6fd20a30efc87cf6a557950f6c61cf555c867a4539350392d,11,11,0,0,add,update,1,,,PREEXTRACTED_COMMAND_OUTPUT_PATH_LIST
coding-readiness/semantic-remediation/hrm-modern-native-identity-successor.v2.evidence.json,RECOVERED_EVENT_CHAIN_COMPLETE,BLUEPRINT_ARTIFACT,38662,7f82a741f39f03b311f872bf1e94b1687830a7ac67de27b5826c7ebac5835913,3,3,0,0,add,add,1,,,PREEXTRACTED_COMMAND_OUTPUT_PATH_LIST
coding-readiness/semantic-remediation/hrm-modern-native-identity-successor.v2.fixtures.cjs,RECOVERED_EVENT_CHAIN_COMPLETE,BLUEPRINT_ARTIFACT,20533,bd602339d4f3132221b5fed08bc312527a1948b66240f1b7d14405d8993992fc,7,7,0,0,add,update,1,,,PREEXTRACTED_COMMAND_OUTPUT_PATH_LIST
coding-readiness/semantic-remediation/hrm-modern-native-identity-successor.v2.fixtures.json,RECOVERED_EVENT_CHAIN_COMPLETE,BLUEPRINT_ARTIFACT,157086,3dc78aef521b52d54e4250c29244689680897b8fc59ad34a700de1b2057c967d,7,7,0,0,add,add,1,,,PREEXTRACTED_COMMAND_OUTPUT_PATH_LIST
coding-readiness/semantic-remediation/hrm-modern-native-identity-successor.v2.json,RECOVERED_EVENT_CHAIN_COMPLETE,BLUEPRINT_ARTIFACT,350117,c41ff3c4e8775c064a72c68081b02ea833fcb97432f158c47c086dabf2488e24,7,7,0,0,add,update,1,,,PREEXTRACTED_COMMAND_OUTPUT_PATH_LIST
coding-readiness/semantic-remediation/hrm-modern-native-identity-successor.v2.md,RECOVERED_EVENT_CHAIN_COMPLETE,BLUEPRINT_ARTIFACT,8514,24bae4c59b0fa687d123f40ea745d5af8501b112135a22cf15b835a443a75ab4,3,3,0,0,add,update,1,,,PREEXTRACTED_COMMAND_OUTPUT_PATH_LIST
coding-readiness/semantic-remediation/hrm-modern-native-identity-successor.v2.record-outputs.json,RECOVERED_EVENT_CHAIN_COMPLETE,BLUEPRINT_ARTIFACT,143887,469ee1f00a132ee94ee17082f1b4a4a5065a044600f74bc01aa13d5f5d8bf939,4,4,0,0,add,update,1,,,PREEXTRACTED_COMMAND_OUTPUT_PATH_LIST
coding-readiness/semantic-remediation/hrm-modern-native-identity-successor.v2.schemas.json,RECOVERED_EVENT_CHAIN_COMPLETE,BLUEPRINT_ARTIFACT,28974,81b44c883b6734fd75ff21b90be2508cffbf6a09a565033024f71c70788cc4cc,1,1,0,0,add,add,1,,,PREEXTRACTED_COMMAND_OUTPUT_PATH_LIST
coding-readiness/semantic-remediation/hrm-modern-native-identity-successor.v2.source-contract.cjs,RECOVERED_EVENT_CHAIN_COMPLETE,BLUEPRINT_ARTIFACT,10771,6f50d8626bd349480e3a758da36c376dab7abd64f663766952b6a454c55edb79,2,2,0,0,add,update,1,,,PREEXTRACTED_COMMAND_OUTPUT_PATH_LIST
coding-readiness/semantic-remediation/hrm-modern-native-identity-successor.v2.source-contract.json,RECOVERED_EVENT_CHAIN_COMPLETE,BLUEPRINT_ARTIFACT,51137,e3c165570418988f77391d5c30378644bd3d24856b6af4ada7a24838fb09a570,3,3,0,0,add,add,1,,,PREEXTRACTED_COMMAND_OUTPUT_PATH_LIST
coding-readiness/semantic-remediation/hrm-modern-remediation.v1.json,RECOVERED_EVENT_CHAIN_COMPLETE,BLUEPRINT_ARTIFACT,5315757,a763338f993dd88ce4c53b789f4f9c204e5d1f670dc718630abd8a256805ef39,5,5,0,0,add,update,1,,,PREEXTRACTED_COMMAND_OUTPUT_PATH_LIST
coding-readiness/semantic-remediation/hrm-modern-remediation.v1.md,RECOVERED_EVENT_CHAIN_COMPLETE,BLUEPRINT_ARTIFACT,31935,db5d5a09096c1eec7ae70488edd346f984052c188e63444a626441ff953aa01e,3,3,0,0,add,update,1,,,PREEXTRACTED_COMMAND_OUTPUT_PATH_LIST
coding-readiness/semantic-remediation/hrm-per-base-preparation-successor.check.v1.js,RECOVERED_EVENT_CHAIN_COMPLETE,BLUEPRINT_ARTIFACT,29085,a1647278f5e724da50847216e44a64704505bd628302b04e622b2785e858094d,5,5,0,0,add,update,1,,,PREEXTRACTED_COMMAND_OUTPUT_PATH_LIST
coding-readiness/semantic-remediation/hrm-per-base-preparation-successor.evidence.v1.json,RECOVERED_EVENT_CHAIN_COMPLETE,BLUEPRINT_ARTIFACT,14022,28dc78ef01bae8fd747c1e4d02f5ba46899f522cbd9ddc688778e69afd1ddfd7,1,1,0,0,add,add,1,,,PREEXTRACTED_COMMAND_OUTPUT_PATH_LIST
coding-readiness/semantic-remediation/hrm-per-base-preparation-successor.fixtures.v1.json,RECOVERED_EVENT_CHAIN_COMPLETE,BLUEPRINT_ARTIFACT,160668,d34a879375237f02f664696a7b70e2a1d5a407b52210eeeaed52092ae0e3f0b0,11,11,0,0,add,add,1,,,PREEXTRACTED_COMMAND_OUTPUT_PATH_LIST
coding-readiness/semantic-remediation/hrm-per-base-preparation-successor.proposal.v1.json,RECOVERED_EVENT_CHAIN_COMPLETE,BLUEPRINT_ARTIFACT,1241116,82ab86fbcbcf4a6a0430261c365b0e5b28e9a0e99b9375580607efc2841e3352,9,9,0,0,add,update,1,,,PREEXTRACTED_COMMAND_OUTPUT_PATH_LIST
coding-readiness/semantic-remediation/hrm-per-base-preparation-successor.proposal.v1.md,RECOVERED_EVENT_CHAIN_COMPLETE,BLUEPRINT_ARTIFACT,10582,b200cd0818fb3d6978685579bc5e3817baf4a9135f505496c8b9cbd95d4af875,5,5,0,0,snapshot,snapshot,1,,,PREEXTRACTED_COMMAND_OUTPUT_PATH_LIST
coding-readiness/semantic-remediation/identity-current-dwp-authorization-owner-bridge.proposal.v2.json,RECOVERED_EVENT_CHAIN_COMPLETE,BLUEPRINT_ARTIFACT,20374,31d3f2e71fb78a8d60db563a2d99ae3cdf134fc510b7674539f07af42136de64,2,2,0,0,add,update,1,,,PREEXTRACTED_COMMAND_OUTPUT_PATH_LIST
coding-readiness/semantic-remediation/identity-current-dwp-authorization-owner-bridge.proposal.v2.md,RECOVERED_EVENT_CHAIN_COMPLETE,BLUEPRINT_ARTIFACT,9636,9fe61dd855e55395bf0135192954058661edf791a6f51b738481c522cb844657,1,1,0,0,add,add,1,,,PREEXTRACTED_COMMAND_OUTPUT_PATH_LIST
coding-readiness/semantic-remediation/identity-owner-abi.proposal.v1.json,RECOVERED_EVENT_CHAIN_COMPLETE,BLUEPRINT_ARTIFACT,7086,cb05e3f1a00e90574c97118a7508fc6e325b50f3bfd89809c2ac45a621b2d9d6,5,5,0,0,add,update,1,,,PREEXTRACTED_COMMAND_OUTPUT_PATH_LIST
coding-readiness/semantic-remediation/identity-owner-abi.proposal.v1.md,RECOVERED_EVENT_CHAIN_COMPLETE,BLUEPRINT_ARTIFACT,5599,fcad99bea801b660312561ef76a2cfc73170aa7e1f782921aa97d5368b4c1478,5,5,0,0,snapshot,snapshot,1,,,PREEXTRACTED_COMMAND_OUTPUT_PATH_LIST
coding-readiness/semantic-remediation/identity-self-person-abi.proposal.v1.json,RECOVERED_EVENT_CHAIN_COMPLETE,BLUEPRINT_ARTIFACT,7894,7f61c8b622b2bae59c45f9a1e7a1621835264f2258cbfdc292c8c31564b05633,1,1,0,0,add,add,1,,,PREEXTRACTED_COMMAND_OUTPUT_PATH_LIST
coding-readiness/semantic-remediation/identity-self-person-abi.proposal.v1.md,RECOVERED_EVENT_CHAIN_COMPLETE,BLUEPRINT_ARTIFACT,2847,7f367653c3abc786d5b97eaba88c46ffd5b1184748e2a68fa6e7f7524ed21a83,1,1,0,0,add,add,1,,,PREEXTRACTED_COMMAND_OUTPUT_PATH_LIST
coding-readiness/semantic-remediation/module-start-stage-boundary-successor.v1.json,REFERENCE_ONLY,BLUEPRINT_ARTIFACT,,,0,0,0,0,,,1,,,PREEXTRACTED_COMMAND_OUTPUT_PATH_LIST
coding-readiness/semantic-remediation/module-start-stage-boundary-successor.v1.md,RECOVERED_EVENT_CHAIN_COMPLETE,BLUEPRINT_ARTIFACT,2593,fccf15b688bf9e25a83ffd82c0f1663b8d68e7cc0ab0f85f6c32933c526cd324,1,1,0,0,snapshot,snapshot,1,,,PREEXTRACTED_COMMAND_OUTPUT_PATH_LIST
coding-readiness/semantic-remediation/pay-base-exact.proposal.v1.json,RECOVERED_EVENT_CHAIN_COMPLETE,BLUEPRINT_ARTIFACT,4867094,bfe3e38b1417b180339e91ca22e20409e75f3991904ab26ecf0e8f3cb7e22455,2,2,0,0,add,update,1,,,PREEXTRACTED_COMMAND_OUTPUT_PATH_LIST
coding-readiness/semantic-remediation/pay-base-exact.proposal.v1.md,RECOVERED_EVENT_CHAIN_COMPLETE,BLUEPRINT_ARTIFACT,69514,633992f8db76e2d15ceb5137f79d0e4459647f4659dc2907d15fbbe907817acb,3,3,0,0,snapshot,snapshot,1,,,PREEXTRACTED_COMMAND_OUTPUT_PATH_LIST
coding-readiness/semantic-remediation/pay-base-preparation-successor.v2.build.cjs,RECOVERED_EVENT_CHAIN_COMPLETE,BLUEPRINT_ARTIFACT,35465,7aa0db607d866fcd89f7d7948c350fc2d241b89b356191de20ffe528db30f8b6,10,10,0,0,add,update,1,,,PREEXTRACTED_COMMAND_OUTPUT_PATH_LIST
coding-readiness/semantic-remediation/pay-base-preparation-successor.v2.cancel-fixtures.json,RECOVERED_EVENT_CHAIN_COMPLETE,BLUEPRINT_ARTIFACT,63199,429cc5ba3a85276886b8e77062406b41acc532fa2ad97fdaeb03027caeb9d9f5,1,1,0,0,add,add,1,,,PREEXTRACTED_COMMAND_OUTPUT_PATH_LIST
coding-readiness/semantic-remediation/pay-base-preparation-successor.v2.check.cjs,RECOVERED_EVENT_CHAIN_COMPLETE,BLUEPRINT_ARTIFACT,24234,0854a18e38ae9fa6dccc2961e77bd78785442a734eddc6fa198bd81441db9836,15,15,0,0,snapshot,snapshot,1,,,PREEXTRACTED_COMMAND_OUTPUT_PATH_LIST
coding-readiness/semantic-remediation/pay-base-preparation-successor.v2.evidence.json,RECOVERED_EVENT_CHAIN_COMPLETE,BLUEPRINT_ARTIFACT,43043,6d310878f7918e6f4241e3d079b599ccb80e40a89ea13b8f5c50a5e2428bdbc0,5,5,0,0,add,add,1,,,PREEXTRACTED_COMMAND_OUTPUT_PATH_LIST
coding-readiness/semantic-remediation/pay-base-preparation-successor.v2.fixtures.json,RECOVERED_EVENT_CHAIN_COMPLETE,BLUEPRINT_ARTIFACT,362357,52daaaade54c467965d972fc8437c7f893c795d0f3147e4d9af550fd1f57313c,20,20,0,0,add,update,1,,,PREEXTRACTED_COMMAND_OUTPUT_PATH_LIST
coding-readiness/semantic-remediation/pay-base-preparation-successor.v2.foundation-fixtures.json,RECOVERED_EVENT_CHAIN_COMPLETE,BLUEPRINT_ARTIFACT,61230,76dd5c9ecc869feb9892081f02a22a6734a98a122d619debb25384c29ca311f4,1,1,0,0,add,add,1,,,PREEXTRACTED_COMMAND_OUTPUT_PATH_LIST
coding-readiness/semantic-remediation/pay-base-preparation-successor.v2.foundation.schemas.json,RECOVERED_EVENT_CHAIN_COMPLETE,BLUEPRINT_ARTIFACT,17419,ff1103f7d31bb7d6f727811904eabd3d105d733a644e42ef34036cb085c83c5c,1,1,0,0,add,add,1,,,PREEXTRACTED_COMMAND_OUTPUT_PATH_LIST
coding-readiness/semantic-remediation/pay-base-preparation-successor.v2.graphs.cjs,RECOVERED_EVENT_CHAIN_COMPLETE,BLUEPRINT_ARTIFACT,10887,3a4bc19e57f7249a0864754c7c59ba6816964438c7f512839aba3308456094a2,4,4,0,0,add,update,1,,,PREEXTRACTED_COMMAND_OUTPUT_PATH_LIST
coding-readiness/semantic-remediation/pay-base-preparation-successor.v2.graphs.json,RECOVERED_EVENT_CHAIN_COMPLETE,BLUEPRINT_ARTIFACT,69312,ea8c5822fb655f448b94ac1a121d9dbf17bc21eca6eb093ded554712378bfc5c,6,6,0,0,add,update,1,,,PREEXTRACTED_COMMAND_OUTPUT_PATH_LIST
coding-readiness/semantic-remediation/pay-base-preparation-successor.v2.json,RECOVERED_EVENT_CHAIN_COMPLETE,BLUEPRINT_ARTIFACT,1606606,9bebce09bd59908aaf67205c462f707f3d83356af790776931a623b64be24e90,82,82,0,0,add,update,1,,,PREEXTRACTED_COMMAND_OUTPUT_PATH_LIST
coding-readiness/semantic-remediation/pay-base-preparation-successor.v2.md,RECOVERED_EVENT_CHAIN_COMPLETE,BLUEPRINT_ARTIFACT,13027,52e68a0197636ecdbf5d7e2111d80cb0e9261c98caf61aee9e219a7136bc1ee3,8,8,0,0,snapshot,snapshot,1,,,PREEXTRACTED_COMMAND_OUTPUT_PATH_LIST
coding-readiness/semantic-remediation/pay-base-preparation-successor.v2.native-columns.json,RECOVERED_EVENT_CHAIN_COMPLETE,BLUEPRINT_ARTIFACT,10293,043e28263a9121cab7cc5505c8c825a971dbd8541bbf83bf42136c662ab0057a,1,1,0,0,add,add,1,,,PREEXTRACTED_COMMAND_OUTPUT_PATH_LIST
coding-readiness/semantic-remediation/pay-base-preparation-successor.v2.owner-fixtures.json,RECOVERED_EVENT_CHAIN_COMPLETE,BLUEPRINT_ARTIFACT,38569,5c9f98a70150dc28e6655cfc0ac1e902bce0611b3832a480a34bc08a5f01b418,1,1,0,0,add,add,1,,,PREEXTRACTED_COMMAND_OUTPUT_PATH_LIST
coding-readiness/semantic-remediation/pay-base-preparation-successor.v2.planned.sql,RECOVERED_EVENT_CHAIN_COMPLETE,BLUEPRINT_ARTIFACT,111536,3f4dfe73bbbe723e86da639438d8c8d88181a7a014dbda92a128716c94557bc3,7,7,0,0,add,add,1,,,PREEXTRACTED_COMMAND_OUTPUT_PATH_LIST
coding-readiness/semantic-remediation/pay-base-preparation-successor.v2.schemas.json,RECOVERED_EVENT_CHAIN_COMPLETE,BLUEPRINT_ARTIFACT,26745,07c8e2c60087e8910432afabbb08d7426aba9e5275648dfe2795b60a87e4f4e0,4,4,0,0,add,update,1,,,PREEXTRACTED_COMMAND_OUTPUT_PATH_LIST
coding-readiness/semantic-remediation/pay-base-preparation-successor.v2.source-file-allocation.json,RECOVERED_EVENT_CHAIN_COMPLETE,BLUEPRINT_ARTIFACT,5211,02d3aa98cd1db1784c649955ee4a8996125f22974d06addd389f68c23d69e4ac,1,1,0,0,add,add,1,,,PREEXTRACTED_COMMAND_OUTPUT_PATH_LIST
coding-readiness/semantic-remediation/pay-base-preparation-successor.v2.sql-plan.cjs,RECOVERED_EVENT_CHAIN_COMPLETE,BLUEPRINT_ARTIFACT,4037,e19379a270f0de4923f1c5377c3defd2728230332889176a5f02c430bcdd402a,1,1,0,0,add,add,1,,,PREEXTRACTED_COMMAND_OUTPUT_PATH_LIST
coding-readiness/semantic-remediation/pay-base-source-preparation-successor.v3.allocation.json,RECOVERED_EVENT_CHAIN_COMPLETE,BLUEPRINT_ARTIFACT,12125,49c6039cedd64646b1ab8cbee4bb71a5373b254bb7c24156940654f690443cce,1,1,0,0,add,add,1,,,PREEXTRACTED_COMMAND_OUTPUT_PATH_LIST
coding-readiness/semantic-remediation/pay-base-source-preparation-successor.v3.attempt-scope-mismatch.json,RECOVERED_EVENT_CHAIN_COMPLETE,BLUEPRINT_ARTIFACT,50085,f53aa1a5faccad84f73af1adff3eece4d427a19da3fe33ab1a7e57fcb9832603,1,1,0,0,add,add,1,,,PREEXTRACTED_COMMAND_OUTPUT_PATH_LIST
coding-readiness/semantic-remediation/pay-base-source-preparation-successor.v3.check.cjs,RECOVERED_EVENT_CHAIN_COMPLETE,BLUEPRINT_ARTIFACT,20026,8f094fbb87c235addc7f4c7f6c70f2d861b2d13a700936e3c7355fa847dc92e0,11,11,0,0,add,update,1,,,PREEXTRACTED_COMMAND_OUTPUT_PATH_LIST
coding-readiness/semantic-remediation/pay-base-source-preparation-successor.v3.design.cjs,RECOVERED_EVENT_CHAIN_COMPLETE,BLUEPRINT_ARTIFACT,60734,a4e9b8cd68c023dc14f159db7a79eeff06b263d6037233602baa5bb4f26dd4e0,10,10,0,0,add,update,1,,,PREEXTRACTED_COMMAND_OUTPUT_PATH_LIST
coding-readiness/semantic-remediation/pay-base-source-preparation-successor.v3.evidence.json,RECOVERED_EVENT_CHAIN_COMPLETE,BLUEPRINT_ARTIFACT,47387,99458d62021676cc257dcdb46492b8373c5ab01d0d630c830bec12bc6ae70cbe,3,3,0,0,add,add,1,,,PREEXTRACTED_COMMAND_OUTPUT_PATH_LIST
coding-readiness/semantic-remediation/pay-base-source-preparation-successor.v3.fixtures.json,RECOVERED_EVENT_CHAIN_COMPLETE,BLUEPRINT_ARTIFACT,525829,46f688fcf70c3371bffbb3ae0f987a39a114f94fed3d77015e9a43bcfeb75c00,61,61,0,0,add,update,1,,,PREEXTRACTED_COMMAND_OUTPUT_PATH_LIST
coding-readiness/semantic-remediation/pay-base-source-preparation-successor.v3.json,RECOVERED_EVENT_CHAIN_COMPLETE,BLUEPRINT_ARTIFACT,366679,4eaf4018e2adf556c16890ced6e67dce8a3f47451291368a7a7210d6aaeb059f,18,18,0,0,add,update,1,,,PREEXTRACTED_COMMAND_OUTPUT_PATH_LIST
coding-readiness/semantic-remediation/pay-base-source-preparation-successor.v3.md,RECOVERED_EVENT_CHAIN_COMPLETE,BLUEPRINT_ARTIFACT,10069,7ce34ae539084493d616bd3d327cc32bbd936c1335761b2e1b5fe2018d04a573,4,4,0,0,add,update,1,,,PREEXTRACTED_COMMAND_OUTPUT_PATH_LIST
coding-readiness/semantic-remediation/pay-base-source-preparation-successor.v3.model.cjs,RECOVERED_EVENT_CHAIN_COMPLETE,BLUEPRINT_ARTIFACT,25148,1c84ec1b4b61bba2627075a5ae84bc1a7fc59ad2d9355d377dbaea4ec7e2e619,13,13,0,0,add,update,1,,,PREEXTRACTED_COMMAND_OUTPUT_PATH_LIST
coding-readiness/semantic-remediation/pay-base-source-preparation-successor.v3.nullable.json,RECOVERED_EVENT_CHAIN_COMPLETE,BLUEPRINT_ARTIFACT,104646,2fef819530675951e68c894ec9b30028447910a23258f2c14cf466f6af504b09,5,5,0,0,add,update,1,,,PREEXTRACTED_COMMAND_OUTPUT_PATH_LIST
coding-readiness/semantic-remediation/pay-base-source-preparation-successor.v3.record-outputs.json,RECOVERED_EVENT_CHAIN_COMPLETE,BLUEPRINT_ARTIFACT,264707,efa51dab5c1d3c9111d2cdbdb154a724719caa5a636dcb8b004360bd03d4f4ef,29,29,0,0,add,update,1,,,PREEXTRACTED_COMMAND_OUTPUT_PATH_LIST
coding-readiness/semantic-remediation/pay-base-source-preparation-successor.v3.schemas.json,RECOVERED_EVENT_CHAIN_COMPLETE,BLUEPRINT_ARTIFACT,80440,43d6f2221a8cf7d3b1426790f22f60d05533c57e6806463771157f63d78775ce,7,7,0,0,add,update,1,,,PREEXTRACTED_COMMAND_OUTPUT_PATH_LIST
coding-readiness/semantic-remediation/pay-base-source-preparation-successor.v3.source-contract.json,RECOVERED_EVENT_CHAIN_COMPLETE,BLUEPRINT_ARTIFACT,6080,f570a3d467a1bfb267c11aa47f50c7ea9215ce6485001c91b7710b58ae1a67c5,3,3,0,0,add,add,1,,,PREEXTRACTED_COMMAND_OUTPUT_PATH_LIST
coding-readiness/semantic-remediation/pay-base-source-preparation-successor.v3.stable-manifest.json,RECOVERED_EVENT_CHAIN_COMPLETE,BLUEPRINT_ARTIFACT,15353,f8ee2da7731459ac79806baf1caa5f0e0c9f1dd6ca0a67f31cdcb6bb0c32a3bb,1,1,0,0,add,add,1,,,PREEXTRACTED_COMMAND_OUTPUT_PATH_LIST
coding-readiness/semantic-remediation/pay-base-v2-independent-strict-check.v1.cjs,RECOVERED_EVENT_CHAIN_COMPLETE,BLUEPRINT_ARTIFACT,6475,7b19b36d4e19ab20aa1271345fae8546ae60269a29abf5d14cb260b7dd4635fc,1,1,0,0,snapshot,snapshot,1,,,PREEXTRACTED_COMMAND_OUTPUT_PATH_LIST
coding-readiness/semantic-remediation/pay-base-v2-independent-strict-check.v1.test.cjs,RECOVERED_EVENT_CHAIN_COMPLETE,BLUEPRINT_ARTIFACT,3506,94fe94b5ab77cdb74de40c4a46eaa5a6410066d41a796e51b5f1ff7f28a1b3c5,1,1,0,0,snapshot,snapshot,1,,,PREEXTRACTED_COMMAND_OUTPUT_PATH_LIST
coding-readiness/semantic-remediation/per-modern-remediation.v1.json,RECOVERED_EVENT_CHAIN_COMPLETE,BLUEPRINT_ARTIFACT,1597194,c84b1206a2ba2af4d2f3cf583c48b30a2d679d8755b89b4f25145b7cb92b3785,12,12,0,0,add,update,1,,,PREEXTRACTED_COMMAND_OUTPUT_PATH_LIST
coding-readiness/semantic-remediation/per-modern-remediation.v1.md,RECOVERED_EVENT_CHAIN_COMPLETE,BLUEPRINT_ARTIFACT,46692,1b983cf6cec81cbbdebd6e22d90bcf8612ba347592776cec1ad848094c1771ca,4,4,0,0,snapshot,snapshot,1,,,PREEXTRACTED_COMMAND_OUTPUT_PATH_LIST
coding-readiness/semantic-remediation/per-population-freeze-schema.proposal.v1.json,RECOVERED_EVENT_CHAIN_COMPLETE,BLUEPRINT_ARTIFACT,1677,becd9c167e5483e34f908a6ab93f66953b218e1d5e77b420abe3b65b6bf890a6,2,2,0,0,snapshot,snapshot,1,,,PREEXTRACTED_COMMAND_OUTPUT_PATH_LIST
coding-readiness/semantic-remediation/remediation-integration-plan.md,REFERENCE_ONLY,BLUEPRINT_ARTIFACT,,,0,0,0,0,,,1,,,PREEXTRACTED_COMMAND_OUTPUT_PATH_LIST
coding-readiness/semantic-remediation/runtime-only-startup-authority-boundary.proposal.v1.md,RECOVERED_EVENT_CHAIN_COMPLETE,BLUEPRINT_ARTIFACT,4000,6f762dd8c8ec49fab7803238e3667a1e226577dbe0057d7a81a266f0892a9930,3,3,0,0,snapshot,snapshot,1,,,PREEXTRACTED_COMMAND_OUTPUT_PATH_LIST
coding-readiness/semantic-remediation/runtime-only-wiring-producer-implementation-plan.v1.json,RECOVERED_EVENT_CHAIN_COMPLETE,BLUEPRINT_ARTIFACT,36271,a1a0c818f73457d33c50ef93d47e5e388bbc227f09384c9787014e8735dda814,1,1,0,0,add,add,1,,,PREEXTRACTED_COMMAND_OUTPUT_PATH_LIST
coding-readiness/semantic-remediation/runtime-only-wiring-producer-implementation-plan.v1.md,RECOVERED_EVENT_CHAIN_COMPLETE,BLUEPRINT_ARTIFACT,27787,56be7fa3f18a5f2c1b5a8176a6e2f228587a2da03fa0887bef1c00e823d10289,4,4,0,0,snapshot,snapshot,1,,,PREEXTRACTED_COMMAND_OUTPUT_PATH_LIST
coding-readiness/semantic-remediation/runtime-only-wiring-producer-implementation-plan.v2.json,RECOVERED_EVENT_CHAIN_COMPLETE,BLUEPRINT_ARTIFACT,94896,9b219b1095c5582a00baf81763bfd8baeb13d8a8246fcd22809001e56d3319f3,2,2,0,0,add,update,1,,,PREEXTRACTED_COMMAND_OUTPUT_PATH_LIST
coding-readiness/semantic-remediation/runtime-only-wiring-producer-implementation-plan.v2.md,RECOVERED_EVENT_CHAIN_COMPLETE,BLUEPRINT_ARTIFACT,23249,9492e8d0b178b7365f7952450cbe2b0f262cac8b96541627533785ba9da5c925,2,2,0,0,add,update,1,,,PREEXTRACTED_COMMAND_OUTPUT_PATH_LIST
coding-readiness/semantic-remediation/stream-authority-composite-scaffold.v1.md,RECOVERED_EVENT_CHAIN_COMPLETE,BLUEPRINT_ARTIFACT,19114,8fe128a3d210118306708917ab290f73022464a0acb2b3663571ee29cb901317,7,7,0,0,snapshot,snapshot,1,,,PREEXTRACTED_COMMAND_OUTPUT_PATH_LIST
coding-readiness/semantic-remediation/sys-analytics-ai-exact.proposal.v1.json,RECOVERED_EVENT_CHAIN_COMPLETE,BLUEPRINT_ARTIFACT,1286948,f34c1cd1c06420905becce65a24a98e0f10d780b4a26d4399f210f82355208b2,3,3,0,0,add,update,1,,,PREEXTRACTED_COMMAND_OUTPUT_PATH_LIST
coding-readiness/semantic-remediation/sys-analytics-ai-exact.proposal.v1.md,RECOVERED_EVENT_CHAIN_COMPLETE,BLUEPRINT_ARTIFACT,21631,7291876e6df0b36922a697237ff6babe845c945e8b097f68050ccc749a3e4fbe,5,5,0,0,snapshot,update,1,,,PREEXTRACTED_COMMAND_OUTPUT_PATH_LIST
coding-readiness/semantic-remediation/sys-data-boundary-architecture-review.v1.md,RECOVERED_EVENT_CHAIN_COMPLETE,BLUEPRINT_ARTIFACT,10143,77ceb4eb655ef18044d58eef54ac9aca12e80946e1c9b1352d9e446dc8a795ab,2,2,0,0,snapshot,snapshot,1,,,PREEXTRACTED_COMMAND_OUTPUT_PATH_LIST
coding-readiness/semantic-remediation/sys-listening-admission-exact.proposal.v1.json,REFERENCE_ONLY,BLUEPRINT_ARTIFACT,,,0,0,0,0,,,1,,,PREEXTRACTED_COMMAND_OUTPUT_PATH_LIST
coding-readiness/semantic-remediation/sys-listening-admission-exact.proposal.v1.md,RECOVERED_EVENT_CHAIN_COMPLETE,BLUEPRINT_ARTIFACT,5962,4fb5e25032307f403255c6a9779cde5c30caed8d70c3816dae07be1d524edbe1,2,2,0,0,snapshot,snapshot,1,,,PREEXTRACTED_COMMAND_OUTPUT_PATH_LIST
coding-readiness/semantic-remediation/sys-stream-authority-decision.proposal.v1.md,RECOVERED_EVENT_CHAIN_COMPLETE,BLUEPRINT_ARTIFACT,10924,4be3e9a506387c463cfea1f7d1584a10ec1fd65ce689dfb897bf0b2d4c0081a1,10,10,0,0,snapshot,snapshot,1,,,PREEXTRACTED_COMMAND_OUTPUT_PATH_LIST
coding-readiness/semantic-remediation/sys-tim-modern-redesign.md,REFERENCE_ONLY,BLUEPRINT_ARTIFACT,,,0,0,0,0,,,1,,,PREEXTRACTED_COMMAND_OUTPUT_PATH_LIST
coding-readiness/semantic-remediation/sys-tim-modern-remediation.v1.json,REFERENCE_ONLY,BLUEPRINT_ARTIFACT,,,0,0,0,0,,,1,,,PREEXTRACTED_COMMAND_OUTPUT_PATH_LIST
coding-readiness/semantic-remediation/sys-tim-synthetic-acceptance.v1.json,REFERENCE_ONLY,BLUEPRINT_ARTIFACT,,,0,0,0,0,,,1,,,PREEXTRACTED_COMMAND_OUTPUT_PATH_LIST
coding-readiness/semantic-remediation/test_common_allocation_successor.py,RECOVERED_EVENT_CHAIN_COMPLETE,BLUEPRINT_ARTIFACT,6752,96607d3880fa7623ef4e000fce1edd513bc5a14e4e9d6d12efb6bf4b17fe14ed,4,4,0,0,add,update,1,,,PREEXTRACTED_COMMAND_OUTPUT_PATH_LIST
coding-readiness/semantic-remediation/test_controlled_export_resource_publication.py,RECOVERED_EVENT_CHAIN_COMPLETE,BLUEPRINT_ARTIFACT,3883,128e2948679191ee869c6c3caed44d8f16f02e49c150a5cb1c7175a07efcbe72,2,2,0,0,add,update,1,,,PREEXTRACTED_COMMAND_OUTPUT_PATH_LIST
coding-readiness/semantic-remediation/test_pay_v2_draft_native_lock.py,REFERENCE_ONLY,BLUEPRINT_ARTIFACT,,,0,0,0,0,,,1,,,PREEXTRACTED_COMMAND_OUTPUT_PATH_LIST
coding-readiness/semantic-remediation/test_tim_base_review_remediation.py,RECOVERED_EVENT_CHAIN_COMPLETE,BLUEPRINT_ARTIFACT,15356,3c000aafa4f6b3d8d6f85cceb0f611ea0f2473d4fd395588262bd54435cfd218,4,4,0,0,snapshot,update,1,,,PREEXTRACTED_COMMAND_OUTPUT_PATH_LIST
coding-readiness/semantic-remediation/test_tim_base_review_remediation_v2.py,RECOVERED_EVENT_CHAIN_COMPLETE,BLUEPRINT_ARTIFACT,15362,36bb555aac46a76fe5a2609b58c90608a9fac55435643e84ac77188640ff51f0,3,3,0,0,add,update,1,,,PREEXTRACTED_COMMAND_OUTPUT_PATH_LIST
coding-readiness/semantic-remediation/test_tim_cross_context_successor_v3.py,REFERENCE_ONLY,BLUEPRINT_ARTIFACT,,,0,0,0,0,,,1,,,PREEXTRACTED_COMMAND_OUTPUT_PATH_LIST
coding-readiness/semantic-remediation/test_tim_cross_context_successor_v4.py,RECOVERED_EVENT_CHAIN_COMPLETE,BLUEPRINT_ARTIFACT,26579,0421fe522f308bb37e37095a1660807a6003bc01278d97f10a4b7063edef9f51,7,7,0,0,add,update,1,,,PREEXTRACTED_COMMAND_OUTPUT_PATH_LIST
coding-readiness/semantic-remediation/tim-base-exact.proposal.v1.json,RECOVERED_EVENT_CHAIN_COMPLETE,BLUEPRINT_ARTIFACT,10707168,5fbb5b1ae3fd92795939e4ecea85877035fae85cf1c32189db22e91037cc3933,2,2,0,0,add,update,1,,,PREEXTRACTED_COMMAND_OUTPUT_PATH_LIST
coding-readiness/semantic-remediation/tim-base-exact.proposal.v1.md,RECOVERED_EVENT_CHAIN_COMPLETE,BLUEPRINT_ARTIFACT,56445,32fa6514408faf690de707ca7c585fb957df8b3cfc1145b035f87a3079d5ddbb,1,1,0,0,add,add,1,,,PREEXTRACTED_COMMAND_OUTPUT_PATH_LIST
coding-readiness/semantic-remediation/tim-base-review-remediation.proposal.v1.json,RECOVERED_EVENT_CHAIN_COMPLETE,BLUEPRINT_ARTIFACT,961484,04a4785e199b9babc92ae71c0a35df282194bb97adccc7eb31579a602d2cc448,6,6,0,0,add,update,1,,,PREEXTRACTED_COMMAND_OUTPUT_PATH_LIST
coding-readiness/semantic-remediation/tim-base-review-remediation.proposal.v1.md,RECOVERED_EVENT_CHAIN_COMPLETE,BLUEPRINT_ARTIFACT,16326,8289dea17e2d593882973768ea999374ef85f62d52f3cca485091b5a3274c600,3,3,0,0,snapshot,snapshot,1,,,PREEXTRACTED_COMMAND_OUTPUT_PATH_LIST
coding-readiness/semantic-remediation/tim-cross-context-boundary-successor.v3.md,REFERENCE_ONLY,BLUEPRINT_ARTIFACT,,,0,0,0,0,,,1,,,PREEXTRACTED_COMMAND_OUTPUT_PATH_LIST
coding-readiness/semantic-remediation/tim-cross-context-boundary-successor.v4.evidence.json,RECOVERED_EVENT_CHAIN_COMPLETE,BLUEPRINT_ARTIFACT,70927,ea133c1a7f309aeb354152e152d0182c86ada05536703b75d4783f7e618d8f64,2,2,0,0,add,update,1,,,PREEXTRACTED_COMMAND_OUTPUT_PATH_LIST
coding-readiness/semantic-remediation/tim-cross-context-boundary-successor.v4.fixtures.json,RECOVERED_EVENT_CHAIN_COMPLETE,BLUEPRINT_ARTIFACT,38777,85757f558302d32b04f1b16c922f7a652c2e919d2fd377c98e149820bdce8225,2,2,0,0,add,update,1,,,PREEXTRACTED_COMMAND_OUTPUT_PATH_LIST
coding-readiness/semantic-remediation/tim-cross-context-boundary-successor.v4.guards.json,RECOVERED_EVENT_CHAIN_COMPLETE,BLUEPRINT_ARTIFACT,92785,1cd3e1295f409c499c2f67efec28555325b8faed88682491fbc369ba1531ef79,2,2,0,0,add,update,1,,,PREEXTRACTED_COMMAND_OUTPUT_PATH_LIST
coding-readiness/semantic-remediation/tim-cross-context-boundary-successor.v4.json,RECOVERED_EVENT_CHAIN_COMPLETE,BLUEPRINT_ARTIFACT,12521,133d6598d83d0efdc6f774c1170782fb1c483bb9577a4e7d2221034c1b896a6f,2,2,0,0,add,update,1,,,PREEXTRACTED_COMMAND_OUTPUT_PATH_LIST
coding-readiness/semantic-remediation/tim-cross-context-boundary-successor.v4.md,RECOVERED_EVENT_CHAIN_COMPLETE,BLUEPRINT_ARTIFACT,9032,e95d227d3ec009786d2bd75f6f16e0ee2736f6fdffcd2af01a6d993fe3a74224,1,1,0,0,add,add,1,,,PREEXTRACTED_COMMAND_OUTPUT_PATH_LIST
coding-readiness/semantic-remediation/tim-cross-context-boundary-successor.v4.record-outputs.json,RECOVERED_EVENT_CHAIN_COMPLETE,BLUEPRINT_ARTIFACT,67337,0f4c558dca26b5888da646b552359992b1a7e9a7366ac454caf1b962c1ca99a4,2,2,0,0,add,update,1,,,PREEXTRACTED_COMMAND_OUTPUT_PATH_LIST
coding-readiness/semantic-remediation/tim-cross-context-boundary-successor.v4.schema-engine.cjs,RECOVERED_EVENT_CHAIN_COMPLETE,BLUEPRINT_ARTIFACT,2034,8e100fd5ae4a43f45aa95f45ef792a69c5cd80262e7c50e1974b4c25c7b8fc1e,3,3,0,0,snapshot,snapshot,1,,,PREEXTRACTED_COMMAND_OUTPUT_PATH_LIST
coding-readiness/semantic-remediation/tim-cross-context-boundary-successor.v4.schemas.json,RECOVERED_EVENT_CHAIN_COMPLETE,BLUEPRINT_ARTIFACT,140033,9841d3d99bbc486e8d6ec41bb63d5b164aa23f2cba9d4c74d7e2a95ddbf8e14d,2,2,0,0,add,update,1,,,PREEXTRACTED_COMMAND_OUTPUT_PATH_LIST
coding-readiness/semantic-remediation/tim-cross-context-boundary-successor.v4.source-graphs.json,RECOVERED_EVENT_CHAIN_COMPLETE,BLUEPRINT_ARTIFACT,60611,c54c3ed2bb6a9811dc46128e188fe8c57cf8c53a867f0a3316488b4001919247,2,2,0,0,add,update,1,,,PREEXTRACTED_COMMAND_OUTPUT_PATH_LIST
coding-readiness/semantic-remediation/tim-cross-context-boundary-successor.v4.stable-manifest.json,RECOVERED_EVENT_CHAIN_COMPLETE,BLUEPRINT_ARTIFACT,8375,82a1f56fb7f112079ab845a2d6dd04e5ea6c8b896a774e0e2514f3e98e1e2996,1,1,0,0,add,add,1,,,PREEXTRACTED_COMMAND_OUTPUT_PATH_LIST
coding-readiness/semantic-remediation/tim-cross-context-boundary-successor.v4.table-dependencies.json,RECOVERED_EVENT_CHAIN_COMPLETE,BLUEPRINT_ARTIFACT,9501,4a96e09c7190b91bd8c4e46930ac6b0db54c4db5e8aea7c4d6b5b150a909e1c3,2,2,0,0,add,update,1,,,PREEXTRACTED_COMMAND_OUTPUT_PATH_LIST
coding-readiness/semantic-remediation/tim-wfm-exact.proposal.v1.json,REFERENCE_ONLY,BLUEPRINT_ARTIFACT,,,0,0,0,0,,,1,,,PREEXTRACTED_COMMAND_OUTPUT_PATH_LIST
coding-readiness/semantic-remediation/tim-wfm-exact.proposal.v1.md,RECOVERED_EVENT_CHAIN_COMPLETE,BLUEPRINT_ARTIFACT,8741,4291c17ab598367e7ee5e96813052b6d2a43ca0b5d29dcba0bd8302f0a2575a6,2,2,0,0,snapshot,snapshot,1,,,PREEXTRACTED_COMMAND_OUTPUT_PATH_LIST
coding-readiness/semantic-remediation/tim_cross_context_successor_v3.py,REFERENCE_ONLY,BLUEPRINT_ARTIFACT,,,0,0,0,0,,,1,,,PREEXTRACTED_COMMAND_OUTPUT_PATH_LIST
coding-readiness/semantic-remediation/tim_cross_context_successor_v4.py,RECOVERED_EVENT_CHAIN_COMPLETE,BLUEPRINT_ARTIFACT,66032,7fec0778a26f0a0459faa45ed3b4f7dee590f0ca16dbc0690b4368fd8631abb8,24,24,0,0,add,update,1,,,PREEXTRACTED_COMMAND_OUTPUT_PATH_LIST
coding-readiness/semantic-remediation/validate_common_allocation_successor.py,RECOVERED_EVENT_CHAIN_COMPLETE,BLUEPRINT_ARTIFACT,19840,4490154ca9a9b271904ad8050826146a94021d399cec4e9eeb3df52baa44d0d3,5,5,0,0,snapshot,snapshot,1,,,PREEXTRACTED_COMMAND_OUTPUT_PATH_LIST
coding-readiness/semantic-remediation/validate_common_migration_baseline_proposal.py,RECOVERED_EVENT_CHAIN_COMPLETE,BLUEPRINT_ARTIFACT,14557,2ee5153ee05a41e08f0d999b67571e35327caf442d95f732504a913752fab27e,3,3,0,0,snapshot,snapshot,1,,,PREEXTRACTED_COMMAND_OUTPUT_PATH_LIST
coding-readiness/semantic-remediation/validate_controlled_export_resource_publication.py,RECOVERED_EVENT_CHAIN_COMPLETE,BLUEPRINT_ARTIFACT,10457,9df09833727c9aa88f0714d5b96dde5759170e858047a66245dc7059e6b99044,2,2,0,0,add,update,1,,,PREEXTRACTED_COMMAND_OUTPUT_PATH_LIST
coding-readiness/semantic-remediation/validate_module_start_stage_boundary.py,REFERENCE_ONLY,BLUEPRINT_ARTIFACT,,,0,0,0,0,,,1,,,PREEXTRACTED_COMMAND_OUTPUT_PATH_LIST
coding-readiness/semantic-remediation/validate_pay_base_independent_projection.cjs,RECOVERED_EVENT_CHAIN_COMPLETE,BLUEPRINT_ARTIFACT,5915,8186e6dda90a42b12b39efa30452830554f31cb4576860995459bc6738ed4de0,1,1,0,0,snapshot,snapshot,1,,,PREEXTRACTED_COMMAND_OUTPUT_PATH_LIST
coding-readiness/semantic-remediation/validate_pay_v2_draft_native.py,REFERENCE_ONLY,BLUEPRINT_ARTIFACT,,,0,0,0,0,,,1,,,PREEXTRACTED_COMMAND_OUTPUT_PATH_LIST
coding-readiness/semantic-remediation/validate_per_population_freeze_schema.cjs,REFERENCE_ONLY,BLUEPRINT_ARTIFACT,,,0,0,0,0,,,1,,,PREEXTRACTED_COMMAND_OUTPUT_PATH_LIST
coding-readiness/semantic-remediation/validate_sys_listening_admission_proposal.cjs,RECOVERED_EVENT_CHAIN_COMPLETE,BLUEPRINT_ARTIFACT,8273,9969df4872606b3941f9daad902986f32d24d7c1b83146e4f2d7d0990952ad67,2,2,0,0,snapshot,snapshot,1,,,PREEXTRACTED_COMMAND_OUTPUT_PATH_LIST
coding-readiness/semantic-remediation/validate_sys_tim_fixture_expectations.py,REFERENCE_ONLY,BLUEPRINT_ARTIFACT,,,0,0,0,0,,,1,,,PREEXTRACTED_COMMAND_OUTPUT_PATH_LIST
coding-readiness/semantic-remediation/validate_tim_base_review_remediation.py,RECOVERED_EVENT_CHAIN_COMPLETE,BLUEPRINT_ARTIFACT,34257,76d2c5b45098062def03ceaa3ad71dfa271a9160cdfc8deebc5d688f87dbc3e4,14,14,0,0,add,update,1,,,PREEXTRACTED_COMMAND_OUTPUT_PATH_LIST
coding-readiness/semantic-remediation/validate_tim_base_review_remediation_v2.py,RECOVERED_EVENT_CHAIN_COMPLETE,BLUEPRINT_ARTIFACT,21717,3124c025be2b6d5f61859da68843eb23017e97c1cd4bd9f41ec58a3eeb0632c9,6,6,0,0,add,update,1,,,PREEXTRACTED_COMMAND_OUTPUT_PATH_LIST
coding-readiness/semantic-remediation/validate_tim_wfm_record_projection.cjs,REFERENCE_ONLY,BLUEPRINT_ARTIFACT,,,0,0,0,0,,,1,,,PREEXTRACTED_COMMAND_OUTPUT_PATH_LIST
coding-readiness/service-api-auth-binding-register.csv,RECOVERED_EVENT_CHAIN_COMPLETE,BLUEPRINT_ARTIFACT,14356,a54272429e70d0e2494e082b214615a4befe2354d5ab72bf7619500e2b0fdcaa,11,11,0,0,snapshot,update,1,,,PREEXTRACTED_COMMAND_OUTPUT_PATH_LIST
coding-readiness/shared-contract-catalog.csv,RECOVERED_EVENT_CHAIN_COMPLETE,BLUEPRINT_ARTIFACT,3193,34ffec83a60a7cb369406807bb856755e7bb34cf2be5dacb67dac1b0f3a07118,6,6,0,0,snapshot,update,1,,,PREEXTRACTED_COMMAND_OUTPUT_PATH_LIST
coding-readiness/sys-exact-business-start-pin.v1.json,RECOVERED_EVENT_CHAIN_COMPLETE,BLUEPRINT_ARTIFACT,15341,9cfdc77d073bbbba4f0997859ba90a002c0f4bd531cd58b95f296f89554bab41,3,3,0,0,add,update,1,,,PREEXTRACTED_COMMAND_OUTPUT_PATH_LIST
coding-readiness/sys-exact-business-start-successor.v1.json,RECOVERED_EVENT_CHAIN_COMPLETE,BLUEPRINT_ARTIFACT,31406,aa4f82925a5a34132ed69844ca088111d551b7effbe1d70d8104846db82c44be,5,5,0,0,add,update,1,,,PREEXTRACTED_COMMAND_OUTPUT_PATH_LIST
coding-readiness/sys-exact-business-successor-lineage.v1.json,RECOVERED_EVENT_CHAIN_COMPLETE,BLUEPRINT_ARTIFACT,3363,33fdb48e83677037ff25a34be705f9397227bc205531510bb45e5cf14bfb50dc,6,6,0,0,snapshot,update,1,,,PREEXTRACTED_COMMAND_OUTPUT_PATH_LIST
coding-readiness/sys-listening-stream-authority-successor.v1.json,REFERENCE_ONLY,BLUEPRINT_ARTIFACT,,,0,0,0,0,,,1,,,PREEXTRACTED_COMMAND_OUTPUT_PATH_LIST
coding-readiness/sys_listening_canonical_design.py,RECOVERED_EVENT_CHAIN_COMPLETE,BLUEPRINT_ARTIFACT,160039,7394b66f91a01eed7bec1cf10749e63b08b67fded5a88562a2c2aea6f66085aa,93,93,0,0,add,update,1,,,PREEXTRACTED_COMMAND_OUTPUT_PATH_LIST
coding-readiness/target-family-resolution-register.csv,RECOVERED_PARTIAL_EVENT_CHAIN,BLUEPRINT_ARTIFACT,31724,a8746b9b89bf6bebd0a5b6fe4d8f9e985e223dcd6d395f5ef03b6f3f98d16189,13,11,2,2,add,update,1,,,PREEXTRACTED_COMMAND_OUTPUT_PATH_LIST
coding-readiness/test_modern_candidate_validator_coherence.py,RECOVERED_EVENT_CHAIN_COMPLETE,BLUEPRINT_ARTIFACT,4292,12bbc45dc56b2974a4f85958b764295b8d672fa40b091d1a01d5b22a675d164d,2,2,0,0,add,update,1,,,PREEXTRACTED_COMMAND_OUTPUT_PATH_LIST
coding-readiness/test_modern_semantic_field_lineage.py,RECOVERED_EVENT_CHAIN_COMPLETE,BLUEPRINT_ARTIFACT,48409,388e4b9137f90c640996660695e1bce3582bb6e99c21029431894e86aff17150,15,15,0,0,add,update,1,,,PREEXTRACTED_COMMAND_OUTPUT_PATH_LIST
coding-readiness/transport-schema-resolution-register.csv,RECOVERED_EVENT_CHAIN_COMPLETE,BLUEPRINT_ARTIFACT,219704,86e76b0fe8b36102f35b2e82b7d8ffc3fc250455dde6d2d7747ac3f1a6cc877e,150,150,0,0,add,update,1,,,PREEXTRACTED_COMMAND_OUTPUT_PATH_LIST
coding-readiness/validate_api_pep_bindings.py,RECOVERED_EVENT_CHAIN_COMPLETE,BLUEPRINT_ARTIFACT,69046,94813da318d07c7a755e2f7ec8d75e3fc570457d04c75d3ad8e1d59f561f5a25,43,43,0,0,add,update,1,,,PREEXTRACTED_COMMAND_OUTPUT_PATH_LIST
coding-readiness/validate_base_schema_postgres_feasibility.py,RECOVERED_PARTIAL_EVENT_CHAIN,BLUEPRINT_ARTIFACT,55889,790d79534af45e6d87396933eda11e39e50eb6630d3319c9cb9035c7fadcacac,17,15,2,2,add,update,1,,,PREEXTRACTED_COMMAND_OUTPUT_PATH_LIST
coding-readiness/validate_command_receipt_contracts.py,RECOVERED_EVENT_CHAIN_COMPLETE,REPORT_OR_RECEIPT,18360,57f7037be95b0e33fce8d6f80b8ac78b36655ea18b62b85d5fbce0e976a69d5d,6,6,0,0,add,update,1,,,PREEXTRACTED_COMMAND_OUTPUT_PATH_LIST
coding-readiness/validate_compensation_snapshot_v2_authority.py,RECOVERED_EVENT_CHAIN_COMPLETE,BLUEPRINT_ARTIFACT,29166,4d9223727c73a73322eb3929093b2cbc8dd2ffc869ee3a3b1904113be7fbda15,10,10,0,0,add,update,1,,,PREEXTRACTED_COMMAND_OUTPUT_PATH_LIST
coding-readiness/validate_contamination_decisions.py,RECOVERED_EVENT_CHAIN_COMPLETE,BLUEPRINT_ARTIFACT,9386,4c458ebfd6facf72e2549ba8da7636ce06f275344cfda2703d9094ba896e2859,3,3,0,0,snapshot,snapshot,1,,,PREEXTRACTED_COMMAND_OUTPUT_PATH_LIST
coding-readiness/validate_country_pack_boundaries.py,RECOVERED_EVENT_CHAIN_COMPLETE,BLUEPRINT_ARTIFACT,10687,d227dcb9d586e1494c0c1e51b6813f127ed8201ef49308622182381a28529ae5,1,1,0,0,add,add,1,,,PREEXTRACTED_COMMAND_OUTPUT_PATH_LIST
coding-readiness/validate_cross_module_schema_contracts.py,RECOVERED_EVENT_CHAIN_COMPLETE,BLUEPRINT_ARTIFACT,43866,cf0b3545677d0058cc621a867cb567ebcfb5603fe1fc594c320b503580fb976c,18,18,0,0,snapshot,update,1,,,PREEXTRACTED_COMMAND_OUTPUT_PATH_LIST
coding-readiness/validate_decimal_value_contract.py,RECOVERED_EVENT_CHAIN_COMPLETE,BLUEPRINT_ARTIFACT,34606,a38e6b344bdeadce4a488eca572a5a26d98a126008f592cddf940066db82be5a,2,2,0,0,add,update,1,,,PREEXTRACTED_COMMAND_OUTPUT_PATH_LIST
coding-readiness/validate_frontend_shared_presentation_boundary.py,RECOVERED_EVENT_CHAIN_COMPLETE,BLUEPRINT_ARTIFACT,9779,d00844871736194d31ec2efefb646a3a7a6ff7c574115fb265fd3a94073d7b2c,3,3,0,0,add,update,1,,,PREEXTRACTED_COMMAND_OUTPUT_PATH_LIST
coding-readiness/validate_full_coding_readiness.py,RECOVERED_PARTIAL_EVENT_CHAIN,BLUEPRINT_ARTIFACT,284040,042ba0ed0b720990d725dc8f1aba9f1114263ff10054853bfec918b4854337ba,247,183,64,64,add,update,1,,,PREEXTRACTED_COMMAND_OUTPUT_PATH_LIST
coding-readiness/validate_g3_slice_code_go.py,REFERENCE_ONLY,BLUEPRINT_ARTIFACT,,,77,0,77,77,,update,1,,,PREEXTRACTED_COMMAND_OUTPUT_PATH_LIST
coding-readiness/validate_g4_functional_gate.py,REFERENCE_ONLY,BLUEPRINT_ARTIFACT,,,14,0,14,14,,update,1,,,PREEXTRACTED_COMMAND_OUTPUT_PATH_LIST
coding-readiness/validate_g5a_design_ai_packages.py,RECOVERED_EVENT_CHAIN_COMPLETE,BLUEPRINT_ARTIFACT,74810,9813e9fed0e6661b078348667428baf9fd1223f673461a66916aa7d0666e95a3,32,32,0,0,add,update,1,,,PREEXTRACTED_COMMAND_OUTPUT_PATH_LIST
coding-readiness/validate_g6_database_activation_boundaries.py,RECOVERED_EVENT_CHAIN_COMPLETE,BLUEPRINT_ARTIFACT,12966,0d07df7995538df00207c08d124a45c559343783541d7c1a26deffdf2b9d10b6,2,2,0,0,add,update,1,,,PREEXTRACTED_COMMAND_OUTPUT_PATH_LIST
coding-readiness/validate_hris_api_sor_transitions.py,RECOVERED_EVENT_CHAIN_COMPLETE,BLUEPRINT_ARTIFACT,28416,4c0f7ffd367e98c022df2bf3d3f85e41983948f1d9d341eb24f33d8bb19c04af,6,6,0,0,add,update,1,,,PREEXTRACTED_COMMAND_OUTPUT_PATH_LIST
coding-readiness/validate_ia_node_access_contracts.py,RECOVERED_EVENT_CHAIN_COMPLETE,BLUEPRINT_ARTIFACT,66352,307c6105f6c8ae51ecf3372ebfdf465e64e041ad85694ab74a8fb37f978d85fd,26,26,0,0,add,update,1,,,PREEXTRACTED_COMMAND_OUTPUT_PATH_LIST
coding-readiness/validate_identity_c2_consumers.py,RECOVERED_EVENT_CHAIN_COMPLETE,BLUEPRINT_ARTIFACT,25044,e77be4c3ed763f715ae11cade719db42640188ca636f2310a316e4444f3aef6d,6,6,0,0,add,update,1,,,PREEXTRACTED_COMMAND_OUTPUT_PATH_LIST
coding-readiness/validate_information_architecture.py,RECOVERED_PARTIAL_EVENT_CHAIN,BLUEPRINT_ARTIFACT,20589,99e6c00786927080cc9691d0832475351d4f63e4ce6712924ceb006ac874d256,7,5,2,2,add,update,1,,,PREEXTRACTED_COMMAND_OUTPUT_PATH_LIST
coding-readiness/validate_modern_capability_authorization.py,RECOVERED_EVENT_CHAIN_COMPLETE,BLUEPRINT_ARTIFACT,26583,2f660b6a54edea9e49b14d072671b7eaa94a1674e9cb18a6a4791031e15a495c,10,10,0,0,add,update,1,,,PREEXTRACTED_COMMAND_OUTPUT_PATH_LIST
coding-readiness/validate_modern_capability_contracts.py,RECOVERED_EVENT_CHAIN_COMPLETE,BLUEPRINT_ARTIFACT,117487,77004e35321c6f11e44541fa38f4e764ace83e79f14bb866cd1ebdd4c56a34b7,54,54,0,0,add,update,1,,,PREEXTRACTED_COMMAND_OUTPUT_PATH_LIST
coding-readiness/validate_modern_causal_final_endorsement.py,RECOVERED_PARTIAL_EVENT_CHAIN,BLUEPRINT_ARTIFACT,265834,90f9a6044c26db2da142aeba3809271529343b26b45bcfd7d5aea4cc43ff965b,126,117,9,9,add,update,1,,,PREEXTRACTED_COMMAND_OUTPUT_PATH_LIST
coding-readiness/validate_modern_causal_independent_oracle.py,RECOVERED_PARTIAL_EVENT_CHAIN,BLUEPRINT_ARTIFACT,244911,ab031ca7f53783b27fba397bb6b04d9bebea875a3fcc272645c250907de846b5,143,123,20,20,add,update,1,,,PREEXTRACTED_COMMAND_OUTPUT_PATH_LIST
coding-readiness/validate_modern_causal_state_contracts.py,RECOVERED_EVENT_CHAIN_COMPLETE,BLUEPRINT_ARTIFACT,141770,a8bea1636c1f402b79baf2dc2c4058d4d51894f58782aac239d8435e60f86927,66,66,0,0,add,update,1,,,PREEXTRACTED_COMMAND_OUTPUT_PATH_LIST
coding-readiness/validate_modern_semantic_field_lineage.py,RECOVERED_EVENT_CHAIN_COMPLETE,BLUEPRINT_ARTIFACT,98921,2871916f09f5c0fa29af4dfb157899b3fe1971ef6ddc21316932789e61cfccfd,92,92,0,0,add,update,1,,,PREEXTRACTED_COMMAND_OUTPUT_PATH_LIST
coding-readiness/validate_modern_successor_reader_coverage.py,RECOVERED_EVENT_CHAIN_COMPLETE,BLUEPRINT_ARTIFACT,13236,9d38d860356d0d23d80e0634c49d6b7bbd1eaaef6a45ba7613861195eeaa76d0,7,7,0,0,add,update,1,,,PREEXTRACTED_COMMAND_OUTPUT_PATH_LIST
coding-readiness/validate_module_exact_business_start.cjs,RECOVERED_EVENT_CHAIN_COMPLETE,BLUEPRINT_ARTIFACT,45042,e874dfe95b884afb3c17dff2d35883569c8ae0375472f8cfdffec7c13f13ee00,13,13,0,0,add,update,1,,,PREEXTRACTED_COMMAND_OUTPUT_PATH_LIST
coding-readiness/validate_optional_capability_admission.py,RECOVERED_EVENT_CHAIN_COMPLETE,BLUEPRINT_ARTIFACT,10941,7eb031b0c2aae5df6e539bb933ac0c3cc4b4974d6f405204491809c5a7e58a73,4,4,0,0,snapshot,update,1,,,PREEXTRACTED_COMMAND_OUTPUT_PATH_LIST
coding-readiness/validate_optional_capability_implementation.py,RECOVERED_EVENT_CHAIN_COMPLETE,BLUEPRINT_ARTIFACT,16692,89f98b8290c60dbc2d106dc3751d4b31f5e2e35dd83f7fee8322c0451263b420,5,5,0,0,add,update,1,,,PREEXTRACTED_COMMAND_OUTPUT_PATH_LIST
coding-readiness/validate_physical_owner_prefixes.py,RECOVERED_EVENT_CHAIN_COMPLETE,BLUEPRINT_ARTIFACT,13772,f88f108bc8c71d76c75936e24fb6d7b65fde872f66b0367d21cb48925b2aeb4d,9,4,5,0,snapshot,update,1,,,PREEXTRACTED_COMMAND_OUTPUT_PATH_LIST
coding-readiness/validate_platform_dependency_schema_contracts.py,RECOVERED_EVENT_CHAIN_COMPLETE,BLUEPRINT_ARTIFACT,26003,5d4787730c374cf3388cb58432ca01987f4f1c569d75a4fe6d3e223867bb2475,5,5,0,0,add,update,1,,,PREEXTRACTED_COMMAND_OUTPUT_PATH_LIST
coding-readiness/validate_published_gate_truth.py,RECOVERED_PARTIAL_EVENT_CHAIN,BLUEPRINT_ARTIFACT,30647,c70186de828539e947e5e03404ca5121dd665e35c876f2a74efdfd9f15770837,34,27,7,2,snapshot,update,1,,,PREEXTRACTED_COMMAND_OUTPUT_PATH_LIST
coding-readiness/validate_source_provenance.py,RECOVERED_EVENT_CHAIN_COMPLETE,BLUEPRINT_ARTIFACT,51517,c1cab97e9ea1053f034e18a0cd6386af76a1474c8b8eea259c923a30a1674d1d,3,3,0,0,add,update,1,,,PREEXTRACTED_COMMAND_OUTPUT_PATH_LIST
coding-readiness/validate_sys_exact_business_start.py,RECOVERED_EVENT_CHAIN_COMPLETE,BLUEPRINT_ARTIFACT,127661,2c90e3524f1df54e87261d64e2a7f1d4d3e854b473129098919a9b576684eca7,51,51,0,0,add,update,1,,,PREEXTRACTED_COMMAND_OUTPUT_PATH_LIST
coding-readiness/validate_sys_listening_stream_authority_successor.py,RECOVERED_PARTIAL_EVENT_CHAIN,BLUEPRINT_ARTIFACT,65568,b179dc6eac8e5af045fb43bb85975da559cf7520fe454c2fe0f6491e513eccfd,39,32,7,7,add,update,1,,,PREEXTRACTED_COMMAND_OUTPUT_PATH_LIST
coding-readiness/validate_target_family_resolution.py,RECOVERED_EVENT_CHAIN_COMPLETE,BLUEPRINT_ARTIFACT,27883,566bfaf242b0534f6d86394bb608c7d9eadf5d0a328e522a20f48520937c4ffd,16,16,0,0,add,update,1,,,PREEXTRACTED_COMMAND_OUTPUT_PATH_LIST
coding-readiness/validate_transport_schema_resolution.py,RECOVERED_EVENT_CHAIN_COMPLETE,BLUEPRINT_ARTIFACT,77394,8ddf19fbe8c3b99c4cbd42411c0cace87d82e327d2170021064cab5634fb9005,36,36,0,0,snapshot,update,1,,,PREEXTRACTED_COMMAND_OUTPUT_PATH_LIST
customer-specific-contamination-register.csv,RECOVERED_EVENT_CHAIN_COMPLETE,BLUEPRINT_ARTIFACT,6172,8985dfe3c2238a384d3247596563202ffbcc4dfe67c122ccf41e9de7520a4075,12,12,0,0,snapshot,snapshot,1,,,PREEXTRACTED_COMMAND_OUTPUT_PATH_LIST
five-session-execution-manifest.csv,RECOVERED_EVENT_CHAIN_COMPLETE,BLUEPRINT_ARTIFACT,9793,2d78dfac5171e6e5f66a416232bf534f7a6f75ddd58105052f1cb72466650b98,30,28,2,0,snapshot,snapshot,1,,,PREEXTRACTED_COMMAND_OUTPUT_PATH_LIST
five-session-source-coverage-register.csv,REFERENCE_ONLY,BLUEPRINT_ARTIFACT,,,0,0,0,0,,,1,,,PREEXTRACTED_COMMAND_OUTPUT_PATH_LIST
full-module-readiness-revalidation-2026-09-10.md,RECOVERED_EVENT_CHAIN_COMPLETE,BLUEPRINT_ARTIFACT,8539,31145d9c8a91b61df2f0ddbcf8e3458e02bdb68b0b279c1853b3c3f30534032f,3,3,0,0,snapshot,update,1,,,PREEXTRACTED_COMMAND_OUTPUT_PATH_LIST
g0/.source-security-evidence-bmnrlnhj,REFERENCE_ONLY,BLUEPRINT_ARTIFACT,,,0,0,0,0,,,1,,,PREEXTRACTED_COMMAND_OUTPUT_PATH_LIST
g0/.source-security-evidence-w_2mvezb,REFERENCE_ONLY,BLUEPRINT_ARTIFACT,,,0,0,0,0,,,1,,,PREEXTRACTED_COMMAND_OUTPUT_PATH_LIST
g0/README.md,RECOVERED_EVENT_CHAIN_COMPLETE,BLUEPRINT_ARTIFACT,15867,f631d2f191ad494cd97fa86661fbe8be1bfc2d4afd801a7619da9db662d7aca6,42,39,3,0,snapshot,snapshot,1,,,PREEXTRACTED_COMMAND_OUTPUT_PATH_LIST
g0/__pycache__/host_semaphore.cpython-312.pyc,REFERENCE_ONLY,CACHE_OR_OS_METADATA,,,0,0,0,0,,,1,,,PREEXTRACTED_COMMAND_OUTPUT_PATH_LIST
g0/__pycache__/prepare_g3_checkpoint.cpython-312.pyc,REFERENCE_ONLY,CACHE_OR_OS_METADATA,,,0,0,0,0,,,1,,,PREEXTRACTED_COMMAND_OUTPUT_PATH_LIST
g0/__pycache__/validate_blueprint_workspace_boundaries.cpython-312.pyc,REFERENCE_ONLY,CACHE_OR_OS_METADATA,,,0,0,0,0,,,1,,,PREEXTRACTED_COMMAND_OUTPUT_PATH_LIST
g0/__pycache__/validate_central_artifact_delivery.cpython-312.pyc,REFERENCE_ONLY,CACHE_OR_OS_METADATA,,,0,0,0,0,,,1,,,PREEXTRACTED_COMMAND_OUTPUT_PATH_LIST
g0/__pycache__/validate_code_checkpoint.cpython-312.pyc,REFERENCE_ONLY,CACHE_OR_OS_METADATA,,,0,0,0,0,,,1,,,PREEXTRACTED_COMMAND_OUTPUT_PATH_LIST
g0/append_g3_checkpoint.py,RECOVERED_EVENT_CHAIN_COMPLETE,BLUEPRINT_ARTIFACT,26704,4b621442d84ccb9e51ec3cba2f0361f78819c2f7106d5346a5f47195f0287790,15,15,0,0,snapshot,snapshot,1,,,PREEXTRACTED_COMMAND_OUTPUT_PATH_LIST
g0/append_g3_control_checkpoint.py,RECOVERED_EVENT_CHAIN_COMPLETE,BLUEPRINT_ARTIFACT,34043,15b713cb4065778fb5be0db276d3e6412261b95a6f6b09bc870c501ec7eada08,7,7,0,0,add,update,1,,,PREEXTRACTED_COMMAND_OUTPUT_PATH_LIST
g0/append_g3_control_delivery.py,RECOVERED_EVENT_CHAIN_COMPLETE,BLUEPRINT_ARTIFACT,29784,ad5d1229d5462c4c03813f6f91a55c9f7124ac4205b6bfc3fbd72537620490c5,13,13,0,0,snapshot,update,1,,,PREEXTRACTED_COMMAND_OUTPUT_PATH_LIST
g0/append_g3_control_proposal.py,RECOVERED_EVENT_CHAIN_COMPLETE,BLUEPRINT_ARTIFACT,12821,cbe459bb1e1ebfb15734135abad4cfba8ead1bfb839e9018f97a86ae73350602,8,8,0,0,snapshot,update,1,,,PREEXTRACTED_COMMAND_OUTPUT_PATH_LIST
g0/append_g4_functional_gate.py,RECOVERED_EVENT_CHAIN_COMPLETE,BLUEPRINT_ARTIFACT,27774,671896e2256423f87ec470e27fdaac8444a6938d8279c799f90fe133574f3b28,11,11,0,0,snapshot,update,1,,,PREEXTRACTED_COMMAND_OUTPUT_PATH_LIST
g0/blueprint-artifact-successor-lineage.csv,RECOVERED_EVENT_CHAIN_COMPLETE,BLUEPRINT_ARTIFACT,1602,844ee132e3120e1ba0e96639dd88ef3e63c04e86102cb3c9bfd1067fe47fa41e,4,4,0,0,snapshot,update,1,,,PREEXTRACTED_COMMAND_OUTPUT_PATH_LIST
g0/blueprint-central-snapshot-manifest.v1.json,REFERENCE_ONLY,BLUEPRINT_ARTIFACT,,,0,0,0,0,,,1,,,PREEXTRACTED_COMMAND_OUTPUT_PATH_LIST
g0/blueprint-workspace-boundary-register.csv,RECOVERED_EVENT_CHAIN_COMPLETE,BLUEPRINT_ARTIFACT,2265,47eb7b0fa275605df2657c504de4d04a3ff2c8adc8514b7d23356e93aba86a31,4,4,0,0,snapshot,snapshot,1,,,PREEXTRACTED_COMMAND_OUTPUT_PATH_LIST
g0/build-matrix.csv,RECOVERED_EVENT_CHAIN_COMPLETE,BLUEPRINT_ARTIFACT,8959,d6cd3877766272f5b97e12cb5247e1970a0c33311ac314130889a0a8999d7972,40,40,0,0,snapshot,snapshot,1,,,PREEXTRACTED_COMMAND_OUTPUT_PATH_LIST
g0/capture_g3_checkpoint_evidence.py,RECOVERED_EVENT_CHAIN_COMPLETE,BLUEPRINT_ARTIFACT,14245,426c0d32f5723b7e0161119c6039ebddce079c872372cdbf5687c0a9465b9830,10,10,0,0,snapshot,update,1,,,PREEXTRACTED_COMMAND_OUTPUT_PATH_LIST
g0/capture_g4_final_head_evidence.py,RECOVERED_EVENT_CHAIN_COMPLETE,BLUEPRINT_ARTIFACT,20311,8105d5c72923c101541aadff5fa4440c1dc7ee3a96d339377b102d5395d30d0a,12,12,0,0,snapshot,update,1,,,PREEXTRACTED_COMMAND_OUTPUT_PATH_LIST
g0/capture_pre_g3_common_foundation_postgres_evidence.py,RECOVERED_EVENT_CHAIN_COMPLETE,BLUEPRINT_ARTIFACT,34286,52577858fb9a31c90b091bf0fb5ca68cf58ed264eb0aac2fbd019377bf8d49d6,16,16,0,0,snapshot,update,1,,,PREEXTRACTED_COMMAND_OUTPUT_PATH_LIST
g0/capture_session_environment_evidence.py,RECOVERED_EVENT_CHAIN_COMPLETE,BLUEPRINT_ARTIFACT,31729,1d3807d8d8d4b4c26b17a1f18c59a2e44889135b6c831516cf6aae2fab8a7b0d,11,11,0,0,snapshot,update,1,,,PREEXTRACTED_COMMAND_OUTPUT_PATH_LIST
g0/capture_target_command_evidence.py,RECOVERED_EVENT_CHAIN_COMPLETE,BLUEPRINT_ARTIFACT,10216,e6423cf2e88e19edb72ccc7f38fb499a356af3e0c6c3c7fba6a3ee22a0dc32e3,10,10,0,0,snapshot,update,1,,,PREEXTRACTED_COMMAND_OUTPUT_PATH_LIST
g0/central-artifact-classification-register.csv,RECOVERED_EVENT_CHAIN_COMPLETE,BLUEPRINT_ARTIFACT,3902,6f365ab700e92334513077df43100e4f751d4e56f1d4eabe70010f2e1bb8f506,8,8,0,0,snapshot,snapshot,1,,,PREEXTRACTED_COMMAND_OUTPUT_PATH_LIST
g0/central_transaction_fence.py,RECOVERED_EVENT_CHAIN_COMPLETE,BLUEPRINT_ARTIFACT,21006,943c2c467142ed3e505ce7f3e33f99f88b9a6555dc917d2879ed2331945b59ac,11,11,0,0,snapshot,update,1,,,PREEXTRACTED_COMMAND_OUTPUT_PATH_LIST
g0/checkpoint-register.csv,RECOVERED_EVENT_CHAIN_COMPLETE,BLUEPRINT_ARTIFACT,2702,039edc25728c318d4ef8898ad33af9a5f15b0a675b9192f9a500b4363be74a3c,19,19,0,0,snapshot,snapshot,1,,,PREEXTRACTED_COMMAND_OUTPUT_PATH_LIST
g0/code-entry-baseline-lineage.csv,RECOVERED_EVENT_CHAIN_COMPLETE,BLUEPRINT_ARTIFACT,6553,4c213e505b3181ca489e35474c0096a1f99919b826f60131316ea90c792d4b1a,9,9,0,0,snapshot,update,1,,,PREEXTRACTED_COMMAND_OUTPUT_PATH_LIST
g0/contract-publication-bootstrap-contract.v1.json,RECOVERED_EVENT_CHAIN_COMPLETE,BLUEPRINT_ARTIFACT,1121,1d94992e01811d2d0e0b59dcdb6fbaf9407cadfbbf19612e7019a16cfa694a77,2,2,0,0,add,update,1,,,PREEXTRACTED_COMMAND_OUTPUT_PATH_LIST
g0/control-evidence-intake/.intake-contract.json,RECOVERED_EVENT_CHAIN_COMPLETE,BLUEPRINT_ARTIFACT,609,27e72d6a04bddbaa2746c698409e35c803444321f4c917e229efa96415c32b77,2,2,0,0,add,update,1,,,PREEXTRACTED_COMMAND_OUTPUT_PATH_LIST
g0/control-evidence-intake/pre-g3-common-foundation-postgres-16.junit.xml,REFERENCE_ONLY,BLUEPRINT_ARTIFACT,,,0,0,0,0,,,1,,,PREEXTRACTED_COMMAND_OUTPUT_PATH_LIST
g0/control-evidence-intake/pre-g3-common-foundation-postgres-16.notification-observations.v1.json,REFERENCE_ONLY,BLUEPRINT_ARTIFACT,,,0,0,0,0,,,1,,,PREEXTRACTED_COMMAND_OUTPUT_PATH_LIST
g0/control-evidence-intake/pre-g3-common-foundation-postgres-16.notification.junit.xml,REFERENCE_ONLY,BLUEPRINT_ARTIFACT,,,0,0,0,0,,,1,,,PREEXTRACTED_COMMAND_OUTPUT_PATH_LIST
g0/control-evidence-intake/pre-g3-common-foundation-postgres-16.observations.v1.json,REFERENCE_ONLY,BLUEPRINT_ARTIFACT,,,0,0,0,0,,,1,,,PREEXTRACTED_COMMAND_OUTPUT_PATH_LIST
g0/control-evidence-intake/pre-g3-common-foundation-postgres-16.v1.json,REFERENCE_ONLY,BLUEPRINT_ARTIFACT,,,0,0,0,0,,,1,,,PREEXTRACTED_COMMAND_OUTPUT_PATH_LIST
g0/control-evidence-intake/pre-g3-common-foundation-postgres-18.junit.xml,REFERENCE_ONLY,BLUEPRINT_ARTIFACT,,,0,0,0,0,,,1,,,PREEXTRACTED_COMMAND_OUTPUT_PATH_LIST
g0/control-evidence-intake/pre-g3-common-foundation-postgres-18.notification-observations.v1.json,REFERENCE_ONLY,BLUEPRINT_ARTIFACT,,,0,0,0,0,,,1,,,PREEXTRACTED_COMMAND_OUTPUT_PATH_LIST
g0/control-evidence-intake/pre-g3-common-foundation-postgres-18.notification.junit.xml,REFERENCE_ONLY,BLUEPRINT_ARTIFACT,,,0,0,0,0,,,1,,,PREEXTRACTED_COMMAND_OUTPUT_PATH_LIST
g0/control-evidence-intake/pre-g3-common-foundation-postgres-18.observations.v1.json,REFERENCE_ONLY,BLUEPRINT_ARTIFACT,,,0,0,0,0,,,1,,,PREEXTRACTED_COMMAND_OUTPUT_PATH_LIST
g0/control-evidence-intake/pre-g3-common-foundation-postgres-18.v1.json,REFERENCE_ONLY,BLUEPRINT_ARTIFACT,,,0,0,0,0,,,1,,,PREEXTRACTED_COMMAND_OUTPUT_PATH_LIST
g0/control-evidence-quarantine/pg16-pre-final-runner-20260916T004234KST/pre-g3-common-foundation-postgres-16.junit.xml,REFERENCE_ONLY,BLUEPRINT_ARTIFACT,,,0,0,0,0,,,1,,,PREEXTRACTED_COMMAND_OUTPUT_PATH_LIST
g0/control-evidence-quarantine/pg16-pre-final-runner-20260916T004234KST/pre-g3-common-foundation-postgres-16.notification-observations.v1.json,REFERENCE_ONLY,BLUEPRINT_ARTIFACT,,,0,0,0,0,,,1,,,PREEXTRACTED_COMMAND_OUTPUT_PATH_LIST
g0/control-evidence-quarantine/pg16-pre-final-runner-20260916T004234KST/pre-g3-common-foundation-postgres-16.notification.junit.xml,REFERENCE_ONLY,BLUEPRINT_ARTIFACT,,,0,0,0,0,,,1,,,PREEXTRACTED_COMMAND_OUTPUT_PATH_LIST
g0/control-evidence-quarantine/pg16-pre-final-runner-20260916T004234KST/pre-g3-common-foundation-postgres-16.observations.v1.json,REFERENCE_ONLY,BLUEPRINT_ARTIFACT,,,0,0,0,0,,,1,,,PREEXTRACTED_COMMAND_OUTPUT_PATH_LIST
g0/control-evidence-quarantine/pg16-pre-final-runner-20260916T004234KST/pre-g3-common-foundation-postgres-16.v1.json,REFERENCE_ONLY,BLUEPRINT_ARTIFACT,,,0,0,0,0,,,1,,,PREEXTRACTED_COMMAND_OUTPUT_PATH_LIST
g0/control-evidence-quarantine/pg16-pre-final-runner-20260916T004234KST/quarantine-manifest.v1.json,RECOVERED_EVENT_CHAIN_COMPLETE,BLUEPRINT_ARTIFACT,2676,cb992866ceb9c2b9bd9b9ce4d09e0691c1a963182734f71c81ca310982debc30,1,1,0,0,add,add,1,,,PREEXTRACTED_COMMAND_OUTPUT_PATH_LIST
g0/control-sync-command-catalog.v1.json,RECOVERED_EVENT_CHAIN_COMPLETE,BLUEPRINT_ARTIFACT,1767,3ca4567ddad40cd583772cd926f65551a445bf12bfe56b00ca8daa2c14c8c8ec,1,1,0,0,add,add,1,,,PREEXTRACTED_COMMAND_OUTPUT_PATH_LIST
g0/current-blueprint-artifact-pointer.csv,RECOVERED_EVENT_CHAIN_COMPLETE,BLUEPRINT_ARTIFACT,656,4137f1a9eac64b2df51180c261f3a78f33c70b913b887c8f1dcd937be55db43f,4,4,0,0,snapshot,update,1,,,PREEXTRACTED_COMMAND_OUTPUT_PATH_LIST
g0/current-g3-gate-decision.json,RECOVERED_EVENT_CHAIN_COMPLETE,BLUEPRINT_ARTIFACT,876,74c2d3724c45e10f260860bf6f54b4a6646753b72715ccb61327e5fce5f0995e,8,8,0,0,snapshot,snapshot,1,,,PREEXTRACTED_COMMAND_OUTPUT_PATH_LIST
g0/file-ownership-register.csv,RECOVERED_EVENT_CHAIN_COMPLETE,BLUEPRINT_ARTIFACT,17691,4c236811392587537cebe4666785a0b9ed8f8066d85f81bd530bc0051cdf175b,49,49,0,0,snapshot,snapshot,1,,,PREEXTRACTED_COMMAND_OUTPUT_PATH_LIST
g0/g0-closeout-report.md,RECOVERED_EVENT_CHAIN_COMPLETE,REPORT_OR_RECEIPT,9972,3eeb84befd7690d77ae9fb1e6ccfa6b3a0bc198c1b2a10dd05b4c2f7550c8c54,22,22,0,0,snapshot,snapshot,1,,,PREEXTRACTED_COMMAND_OUTPUT_PATH_LIST
g0/g0-control-register.csv,RECOVERED_EVENT_CHAIN_COMPLETE,BLUEPRINT_ARTIFACT,2391,45d5cbe7a5f306b6c75a557402426acf90bbca0e51545fdda19fe8eab2c998eb,19,19,0,0,snapshot,snapshot,1,,,PREEXTRACTED_COMMAND_OUTPUT_PATH_LIST
g0/g1-evidence-output-contract.md,RECOVERED_EVENT_CHAIN_COMPLETE,BLUEPRINT_ARTIFACT,3786,442cb196dd9a3a0e9a7b36f89b71a184a3e853521c36b61976ca728c46d491ce,6,6,0,0,snapshot,snapshot,1,,,PREEXTRACTED_COMMAND_OUTPUT_PATH_LIST
g0/g1-g2-sealed-artifact-register.csv,RECOVERED_EVENT_CHAIN_COMPLETE,BLUEPRINT_ARTIFACT,3776,3225cb0190f0e443146ee935dd2c3f9acdf19ea7b16478ef134ac7e809b89dcf,1,1,0,0,add,add,1,,,PREEXTRACTED_COMMAND_OUTPUT_PATH_LIST
g0/g2-validation-command-catalog.v1.json,RECOVERED_EVENT_CHAIN_COMPLETE,BLUEPRINT_ARTIFACT,8444,cc86fa3858f496ec244616c981554267999d3de753015b84f39df539672cd1db,3,3,0,0,add,update,1,,,PREEXTRACTED_COMMAND_OUTPUT_PATH_LIST
g0/g3-checkpoint-evidence-contract.md,RECOVERED_EVENT_CHAIN_COMPLETE,BLUEPRINT_ARTIFACT,15423,a2724d6dddea94f4c382cb963e4f29c2e107d25d16de1b495226ac6dead1815c,24,22,2,0,snapshot,snapshot,1,,,PREEXTRACTED_COMMAND_OUTPUT_PATH_LIST
g0/g3-checkpoint-register.csv,RECOVERED_EVENT_CHAIN_COMPLETE,BLUEPRINT_ARTIFACT,393,875b3f8f9096bc4840e07a9d4a412f8342950bbad0c05e0312a4b9f703790cea,7,7,0,0,snapshot,snapshot,1,,,PREEXTRACTED_COMMAND_OUTPUT_PATH_LIST
g0/g3-control-checkpoint-transaction-state.json,RECOVERED_EVENT_CHAIN_COMPLETE,BLUEPRINT_ARTIFACT,1052,969e3b46194057bfb44f2137f618110a56058cc133b25a38a5772132b5dcf600,3,3,0,0,add,update,1,,,PREEXTRACTED_COMMAND_OUTPUT_PATH_LIST
g0/g3-control-delivery-state.json,RECOVERED_EVENT_CHAIN_COMPLETE,BLUEPRINT_ARTIFACT,937,9a311ed18730436bfb00b0e36f7f13de630a7b42924f089ded2395120c492d3a,3,3,0,0,snapshot,snapshot,1,,,PREEXTRACTED_COMMAND_OUTPUT_PATH_LIST
g0/g3-control-proposal-register.csv,RECOVERED_EVENT_CHAIN_COMPLETE,BLUEPRINT_ARTIFACT,278,b7a6d2a26061cdd06c72843d789659c9997d11131c9986333a6577998fa19afe,5,5,0,0,snapshot,snapshot,1,,,PREEXTRACTED_COMMAND_OUTPUT_PATH_LIST
g0/g3-control-publication-slice-authority.v1.json,RECOVERED_EVENT_CHAIN_COMPLETE,BLUEPRINT_ARTIFACT,5345,f04578f5ba14cf6ed26178c6c3c61ff3c3127aca3d0c96fba49a433590113593,1,1,0,0,add,add,1,,,PREEXTRACTED_COMMAND_OUTPUT_PATH_LIST
g0/g3-control-release-register.csv,RECOVERED_EVENT_CHAIN_COMPLETE,BLUEPRINT_ARTIFACT,237,e388c6540cabcfda08abab617ea21c104379f41278e78cea2c6afd28e337a5bd,2,2,0,0,snapshot,snapshot,1,,,PREEXTRACTED_COMMAND_OUTPUT_PATH_LIST
g0/g3-control-sync-receipt-register.csv,RECOVERED_EVENT_CHAIN_COMPLETE,REPORT_OR_RECEIPT,264,e5dd72ba30cba42e341fce3db8e94cb4c4eab295e3ce5be6b5b4112db91b421f,4,4,0,0,snapshot,snapshot,1,,,PREEXTRACTED_COMMAND_OUTPUT_PATH_LIST
g0/g3-cross-repo-dependency-register.csv,RECOVERED_EVENT_CHAIN_COMPLETE,BLUEPRINT_ARTIFACT,259,70610ed9b0e23f3985a873e7ca408941006754a28b17eceb73cdebe6a772e368,2,2,0,0,snapshot,snapshot,1,,,PREEXTRACTED_COMMAND_OUTPUT_PATH_LIST
g0/g3-gate-transition-register.csv,REFERENCE_ONLY,BLUEPRINT_ARTIFACT,,,0,0,0,0,,,1,,,PREEXTRACTED_COMMAND_OUTPUT_PATH_LIST
g0/g3-verification-command-catalog.v1.json,RECOVERED_EVENT_CHAIN_COMPLETE,BLUEPRINT_ARTIFACT,35262,820749c845788dbc02ed14045af67206092fc0573331736ba81e01601756f3f8,31,31,0,0,snapshot,update,1,,,PREEXTRACTED_COMMAND_OUTPUT_PATH_LIST
g0/g4-functional-gate-register.csv,REFERENCE_ONLY,BLUEPRINT_ARTIFACT,,,0,0,0,0,,,1,,,PREEXTRACTED_COMMAND_OUTPUT_PATH_LIST
g0/g4-functional-gate-state.json,RECOVERED_EVENT_CHAIN_COMPLETE,BLUEPRINT_ARTIFACT,496,3aa802652c97f744c14c4c3856acf453db86a0d71f278078ed33cedb282bb6a0,1,1,0,0,snapshot,snapshot,1,,,PREEXTRACTED_COMMAND_OUTPUT_PATH_LIST
g0/gate_authority.py,RECOVERED_PARTIAL_EVENT_CHAIN,BLUEPRINT_ARTIFACT,23809,2013c7ab12a25bfeca1d6835b1f3b1aecaddb2801316ba3d4340cb864190a1a6,13,12,1,1,snapshot,update,1,,,PREEXTRACTED_COMMAND_OUTPUT_PATH_LIST
g0/generate_blueprint_canonical_snapshot.py,RECOVERED_EVENT_CHAIN_COMPLETE,BLUEPRINT_ARTIFACT,4569,26a2c4568c1d51a5b7b24f51306a318a13ff7d659efed74d5819fc7260bc9afb,5,3,2,0,snapshot,snapshot,1,,,PREEXTRACTED_COMMAND_OUTPUT_PATH_LIST
g0/generate_code_entry_baseline_lineage.py,RECOVERED_EVENT_CHAIN_COMPLETE,BLUEPRINT_ARTIFACT,9475,59c2363dd85fbceabfa19c75600ce207bf1e9ac22950e515e059ba7d46f34e5a,2,2,0,0,snapshot,snapshot,1,,,PREEXTRACTED_COMMAND_OUTPUT_PATH_LIST
g0/generate_migration_successor_register.py,RECOVERED_EVENT_CHAIN_COMPLETE,BLUEPRINT_ARTIFACT,3485,30cb8a48ab4ea5337774892587c1ae01e36bfeeeb1e9b154101764a142cac788,1,1,0,0,add,add,1,,,PREEXTRACTED_COMMAND_OUTPUT_PATH_LIST
g0/host_semaphore.py,RECOVERED_EVENT_CHAIN_COMPLETE,BLUEPRINT_ARTIFACT,27675,bc4ef05eb9408333f5784dfff3c1d965ce7a923354c1a40d215011eb4c403314,26,26,0,0,snapshot,update,1,,,PREEXTRACTED_COMMAND_OUTPUT_PATH_LIST
g0/independent-session-environment-verification.md,RECOVERED_EVENT_CHAIN_COMPLETE,BLUEPRINT_ARTIFACT,8371,83138b2a9c3748b61538a0871d3bdd4307d0db761327a7eb24e9c0d0a91640bc,12,12,0,0,snapshot,snapshot,1,,,PREEXTRACTED_COMMAND_OUTPUT_PATH_LIST
g0/integration-baseline-manifest.csv,RECOVERED_EVENT_CHAIN_COMPLETE,BLUEPRINT_ARTIFACT,1484,ee0175e172ac873a0e415eaf30a150d696ae78559874206c7f2c5985c46f8967,20,18,2,0,snapshot,snapshot,1,,,PREEXTRACTED_COMMAND_OUTPUT_PATH_LIST
g0/integration-cadence-and-recovery.md,RECOVERED_EVENT_CHAIN_COMPLETE,BLUEPRINT_ARTIFACT,5454,9d2c1ade7a9d704c9e83163d4018f35e64941ed35efd6e47148977fddb17d5f0,20,20,0,0,snapshot,snapshot,1,,,PREEXTRACTED_COMMAND_OUTPUT_PATH_LIST
g0/materialize_pre_g3_common_foundation_migration_receipts.py,RECOVERED_EVENT_CHAIN_COMPLETE,REPORT_OR_RECEIPT,24498,1efe1f7ae44bfd9e7d85e077123ecc6d2fdafa2ac8c4cf43c06af9221ef97541,8,8,0,0,snapshot,update,1,,,PREEXTRACTED_COMMAND_OUTPUT_PATH_LIST
g0/migration-allocation-register.csv,RECOVERED_EVENT_CHAIN_COMPLETE,BLUEPRINT_ARTIFACT,8951,264386a3ba37e012f9d7bf13479b76413eabd553e79c9d0144cda17b4bcd7431,35,34,1,0,snapshot,snapshot,1,,,PREEXTRACTED_COMMAND_OUTPUT_PATH_LIST
g0/migration-stream-register.csv,RECOVERED_EVENT_CHAIN_COMPLETE,BLUEPRINT_ARTIFACT,2982,65818e576518ec1308cabf5ee43537b3774ff998b74e1558717b83424adae6c8,9,9,0,0,snapshot,update,1,,,PREEXTRACTED_COMMAND_OUTPUT_PATH_LIST
g0/migration-successor-register.v1.json,RECOVERED_EVENT_CHAIN_COMPLETE,BLUEPRINT_ARTIFACT,12751,f9a5d5ae632a41571d0199131fad1ba34c29d7f43593eb00b3788563de2cae52,4,4,0,0,snapshot,snapshot,1,,,PREEXTRACTED_COMMAND_OUTPUT_PATH_LIST
g0/new-file-allocation-register.csv,RECOVERED_EVENT_CHAIN_COMPLETE,BLUEPRINT_ARTIFACT,3528,1c7cafe57cafa0c2afd7cf4e5e3f4f7ef5023892c006fc7b603d6232bd44d619,20,20,0,0,snapshot,snapshot,1,,,PREEXTRACTED_COMMAND_OUTPUT_PATH_LIST
g0/pre-g3-common-foundation-migration-allocation.v1.json,REFERENCE_ONLY,BLUEPRINT_ARTIFACT,,,0,0,0,0,,,1,,,PREEXTRACTED_COMMAND_OUTPUT_PATH_LIST
g0/pre-g3-common-foundation-migration-receipt-contract.v1.md,RECOVERED_EVENT_CHAIN_COMPLETE,REPORT_OR_RECEIPT,7869,f467212d62dee4b94746c4ea320f0737b900e502a0eff86ab20e82348116650a,8,8,0,0,snapshot,snapshot,1,,,PREEXTRACTED_COMMAND_OUTPUT_PATH_LIST
g0/pre-g3-common-foundation-migration-technical-review.v1.json,REFERENCE_ONLY,BLUEPRINT_ARTIFACT,,,0,0,0,0,,,1,,,PREEXTRACTED_COMMAND_OUTPUT_PATH_LIST
g0/prepare_g3_checkpoint.py,RECOVERED_EVENT_CHAIN_COMPLETE,BLUEPRINT_ARTIFACT,73587,0348a010ce62acbfaa510ea8a797a207b40a2f1f3ca62e91da4d920ffcb7f9db,60,60,0,0,add,update,1,,,PREEXTRACTED_COMMAND_OUTPUT_PATH_LIST
g0/prepare_g3_control_checkpoint.py,RECOVERED_EVENT_CHAIN_COMPLETE,BLUEPRINT_ARTIFACT,56133,8941e5848f6a1be977fb0b4390a8200c29015cc84fe2b42c9d7f8a7c7cd13f0d,11,11,0,0,add,update,1,,,PREEXTRACTED_COMMAND_OUTPUT_PATH_LIST
g0/prepare_g4_functional_gate.py,RECOVERED_EVENT_CHAIN_COMPLETE,BLUEPRINT_ARTIFACT,23828,ef4169baf32b36b9a3533abe43c6aef207639e976fe4d95239828ca6572153b4,8,8,0,0,add,update,1,,,PREEXTRACTED_COMMAND_OUTPUT_PATH_LIST
g0/raci-sla-register.csv,RECOVERED_EVENT_CHAIN_COMPLETE,BLUEPRINT_ARTIFACT,7519,625f4a36d3eb2af851447732661751d07d54e9db0c68cc5e714c68931733faf0,9,9,0,0,snapshot,snapshot,1,,,PREEXTRACTED_COMMAND_OUTPUT_PATH_LIST
g0/role-operational-binding-register.csv,RECOVERED_EVENT_CHAIN_COMPLETE,BLUEPRINT_ARTIFACT,4119,bb8fab4580127b2dc21739a2efe3e45202269b2bf9b0fc50173b3c1f8b3365d5,13,13,0,0,snapshot,snapshot,1,,,PREEXTRACTED_COMMAND_OUTPUT_PATH_LIST
g0/role-register.csv,RECOVERED_EVENT_CHAIN_COMPLETE,BLUEPRINT_ARTIFACT,6846,388e83282817093480acd756d5e2bab486d6f622d55568cfca03bb11c9446c68,12,12,0,0,snapshot,snapshot,1,,,PREEXTRACTED_COMMAND_OUTPUT_PATH_LIST
g0/run_required_frontend_slice_test_gate.py,RECOVERED_EVENT_CHAIN_COMPLETE,BLUEPRINT_ARTIFACT,20123,ea6dc6b1b815924e46df2f4b2124ec40c0dee2772f376603c08de676928c7240,14,14,0,0,snapshot,update,1,,,PREEXTRACTED_COMMAND_OUTPUT_PATH_LIST
g0/run_required_gradle_test_gate.py,RECOVERED_EVENT_CHAIN_COMPLETE,BLUEPRINT_ARTIFACT,10577,2d7d6caa52a4c68a2ca9e18ad9879ff5ba69683a3eb9bdbf9aa0bd78908069e7,8,8,0,0,snapshot,update,1,,,PREEXTRACTED_COMMAND_OUTPUT_PATH_LIST
g0/scan_source_security.py,RECOVERED_EVENT_CHAIN_COMPLETE,BLUEPRINT_ARTIFACT,91616,900b82c9e06df60b2c06d0fc5779b1c17f82236dfce8ef55ff979043327f0d1a,16,16,0,0,add,update,1,,,PREEXTRACTED_COMMAND_OUTPUT_PATH_LIST
g0/session-environment-command-catalog.v1.json,RECOVERED_EVENT_CHAIN_COMPLETE,BLUEPRINT_ARTIFACT,9927,7a2d4c55e3a8554a642697d8e417fdceff5993feec45c7879c4b54ee89f714ab,2,2,0,0,add,update,1,,,PREEXTRACTED_COMMAND_OUTPUT_PATH_LIST
g0/session-support-worktree-register.csv,RECOVERED_EVENT_CHAIN_COMPLETE,BLUEPRINT_ARTIFACT,4863,ee7f13a64e114b1995bb99c0ed3cb278451252f4d047f3c2cecdd31e5c0f72f5,1,1,0,0,snapshot,snapshot,1,,,PREEXTRACTED_COMMAND_OUTPUT_PATH_LIST
g0/source-governance-decision.md,RECOVERED_EVENT_CHAIN_COMPLETE,BLUEPRINT_ARTIFACT,6814,e4cb5e59d633abb154d6de3dc4c068c75d8d189f12427ea9904853ef06827e52,14,14,0,0,snapshot,snapshot,1,,,PREEXTRACTED_COMMAND_OUTPUT_PATH_LIST
g0/source-risk-surface-register.csv,RECOVERED_EVENT_CHAIN_COMPLETE,BLUEPRINT_ARTIFACT,1688,0d40dddf58700ce9a3d10e4f3606707b35132df1cfb911be15b8b76a938f146d,7,7,0,0,snapshot,snapshot,1,,,PREEXTRACTED_COMMAND_OUTPUT_PATH_LIST
g0/source-scope-register.csv,RECOVERED_EVENT_CHAIN_COMPLETE,BLUEPRINT_ARTIFACT,8393,4a3f0f6e6feec1700165414d1bb044df341669f64aec66dd8c4e263a32f81ee8,10,10,0,0,snapshot,snapshot,1,,,PREEXTRACTED_COMMAND_OUTPUT_PATH_LIST
g0/source-security-evidence/EVIDENCE_DIGEST.sha256,REFERENCE_ONLY,BLUEPRINT_ARTIFACT,,,0,0,0,0,,,1,,,PREEXTRACTED_COMMAND_OUTPUT_PATH_LIST
g0/source-security-evidence/README.md,RECOVERED_EVENT_CHAIN_COMPLETE,BLUEPRINT_ARTIFACT,2330,535794b3c0f0a6c5a7cd7daac7f5b46f0fe8ee128366d07131f68647cb314ded,1,1,0,0,snapshot,snapshot,1,,,PREEXTRACTED_COMMAND_OUTPUT_PATH_LIST
g0/source-security-evidence/coverage-sanitized-access-register.csv,REFERENCE_ONLY,BLUEPRINT_ARTIFACT,,,0,0,0,0,,,1,,,PREEXTRACTED_COMMAND_OUTPUT_PATH_LIST
g0/source-security-evidence/current-findings.csv,REFERENCE_ONLY,BLUEPRINT_ARTIFACT,,,0,0,0,0,,,1,,,PREEXTRACTED_COMMAND_OUTPUT_PATH_LIST
g0/source-security-evidence/dependency-inventory.csv,REFERENCE_ONLY,BLUEPRINT_ARTIFACT,,,0,0,0,0,,,1,,,PREEXTRACTED_COMMAND_OUTPUT_PATH_LIST
g0/source-security-evidence/evidence-file-digests.csv,REFERENCE_ONLY,BLUEPRINT_ARTIFACT,,,0,0,0,0,,,1,,,PREEXTRACTED_COMMAND_OUTPUT_PATH_LIST
g0/source-security-evidence/history-pattern-changes.csv,REFERENCE_ONLY,BLUEPRINT_ARTIFACT,,,0,0,0,0,,,1,,,PREEXTRACTED_COMMAND_OUTPUT_PATH_LIST
g0/source-security-evidence/history-scan-summary.csv,REFERENCE_ONLY,BLUEPRINT_ARTIFACT,,,0,0,0,0,,,1,,,PREEXTRACTED_COMMAND_OUTPUT_PATH_LIST
g0/source-security-evidence/license-notice-inventory.csv,REFERENCE_ONLY,BLUEPRINT_ARTIFACT,,,0,0,0,0,,,1,,,PREEXTRACTED_COMMAND_OUTPUT_PATH_LIST
g0/source-security-evidence/manifest-inventory.csv,REFERENCE_ONLY,BLUEPRINT_ARTIFACT,,,0,0,0,0,,,1,,,PREEXTRACTED_COMMAND_OUTPUT_PATH_LIST
g0/source-security-evidence/reference-only-sbom.cdx.json,REFERENCE_ONLY,BLUEPRINT_ARTIFACT,,,0,0,0,0,,,1,,,PREEXTRACTED_COMMAND_OUTPUT_PATH_LIST
g0/source-security-evidence/sanitized-view-register.csv,REFERENCE_ONLY,BLUEPRINT_ARTIFACT,,,0,0,0,0,,,1,,,PREEXTRACTED_COMMAND_OUTPUT_PATH_LIST
g0/source-security-evidence/scan-metadata.json,REFERENCE_ONLY,BLUEPRINT_ARTIFACT,,,0,0,0,0,,,1,,,PREEXTRACTED_COMMAND_OUTPUT_PATH_LIST
g0/source-security-evidence/scan-rule-register.csv,REFERENCE_ONLY,BLUEPRINT_ARTIFACT,,,0,0,0,0,,,1,,,PREEXTRACTED_COMMAND_OUTPUT_PATH_LIST
g0/source-security-evidence/sensitive-path-denylist.csv,REFERENCE_ONLY,BLUEPRINT_ARTIFACT,,,0,0,0,0,,,1,,,PREEXTRACTED_COMMAND_OUTPUT_PATH_LIST
g0/source-security-evidence/source-tree-register.csv,REFERENCE_ONLY,BLUEPRINT_ARTIFACT,,,0,0,0,0,,,1,,,PREEXTRACTED_COMMAND_OUTPUT_PATH_LIST
g0/source-security-evidence/vendored-binary-inventory.csv,REFERENCE_ONLY,BLUEPRINT_ARTIFACT,,,0,0,0,0,,,1,,,PREEXTRACTED_COMMAND_OUTPUT_PATH_LIST
g0/support-evidence-register.csv,RECOVERED_EVENT_CHAIN_COMPLETE,BLUEPRINT_ARTIFACT,807,0a317f4b62711ab63c14aa78e6e3136bb47e7dd8f0c7ce1a6b15ed112744320a,8,8,0,0,snapshot,snapshot,1,,,PREEXTRACTED_COMMAND_OUTPUT_PATH_LIST
g0/target-command-evidence-backend.json,REFERENCE_ONLY,BLUEPRINT_ARTIFACT,,,0,0,0,0,,,1,,,PREEXTRACTED_COMMAND_OUTPUT_PATH_LIST
g0/target-command-evidence-frontend.json,RECOVERED_EVENT_CHAIN_COMPLETE,BLUEPRINT_ARTIFACT,11159,53f6037e98e27629457f736cedff59f378fe8edba3bd77fcfbf69136086c95f2,1,1,0,0,snapshot,snapshot,1,,,PREEXTRACTED_COMMAND_OUTPUT_PATH_LIST
g0/transition_g3_gate.py,RECOVERED_PARTIAL_EVENT_CHAIN,BLUEPRINT_ARTIFACT,26765,8c0ef17183d01f5aa81d33f18bacd932902bb4070a7264dab245cd5b6af35a66,5,2,3,3,snapshot,update,1,,,PREEXTRACTED_COMMAND_OUTPUT_PATH_LIST
g0/validate_blueprint_artifact_lineage.py,RECOVERED_EVENT_CHAIN_COMPLETE,BLUEPRINT_ARTIFACT,24746,a8e2140d485c8066d0d15a839c20ac22db0ebb00684eaaa87a166c325cac06c0,13,11,2,0,snapshot,update,1,,,PREEXTRACTED_COMMAND_OUTPUT_PATH_LIST
g0/validate_blueprint_workspace_boundaries.py,RECOVERED_PARTIAL_EVENT_CHAIN,BLUEPRINT_ARTIFACT,22993,86fac680fe2cfab7664b6a869da11a19d6d002a905240a84765d4fbec70483c0,10,6,4,4,add,update,1,,,PREEXTRACTED_COMMAND_OUTPUT_PATH_LIST
g0/validate_central_artifact_delivery.py,RECOVERED_EVENT_CHAIN_COMPLETE,BLUEPRINT_ARTIFACT,49477,dd289fdccd5f7fc32ebc7e90a0a1475fec9d977c9dd77af4260951542e112041,16,16,0,0,snapshot,update,1,,,PREEXTRACTED_COMMAND_OUTPUT_PATH_LIST
g0/validate_code_checkpoint.py,REFERENCE_ONLY,BLUEPRINT_ARTIFACT,,,266,0,266,266,,update,1,,,PREEXTRACTED_COMMAND_OUTPUT_PATH_LIST
g0/validate_contract_publication_bootstrap.py,RECOVERED_EVENT_CHAIN_COMPLETE,BLUEPRINT_ARTIFACT,8844,c15093ebb8435003cd02067fd12858e9594db1d458406d0062dad826fa6b51d7,4,4,0,0,add,update,1,,,PREEXTRACTED_COMMAND_OUTPUT_PATH_LIST
g0/validate_g0.py,RECOVERED_EVENT_CHAIN_COMPLETE,BLUEPRINT_ARTIFACT,162628,f937b279ea268a8c73f0cbff94ef10d6280d02fc8895e369f05d044873531f20,100,100,0,0,add,update,1,,,PREEXTRACTED_COMMAND_OUTPUT_PATH_LIST
g0/validate_g2_validation_command_catalog.py,RECOVERED_EVENT_CHAIN_COMPLETE,BLUEPRINT_ARTIFACT,19585,2d2534b87eaa6c955527d933444d6562c41de0db394d1cad5a54518321780f7e,6,6,0,0,add,update,1,,,PREEXTRACTED_COMMAND_OUTPUT_PATH_LIST
g0/validate_g3_control_publication_authority.py,RECOVERED_EVENT_CHAIN_COMPLETE,BLUEPRINT_ARTIFACT,14462,03d2de8b4b4bfd724d63e5397d66275f3a44c063c5ccb0cb89b8ec23a9b6aa6f,2,2,0,0,add,update,1,,,PREEXTRACTED_COMMAND_OUTPUT_PATH_LIST
g0/validate_g3_verification_command_catalog.py,RECOVERED_EVENT_CHAIN_COMPLETE,BLUEPRINT_ARTIFACT,7330,f0a5dd01b27c95045ffaa8c4fabf26788f4b34077b14c2b1ac45aa96f8b58f42,5,5,0,0,snapshot,update,1,,,PREEXTRACTED_COMMAND_OUTPUT_PATH_LIST
g0/validate_generated_contract_runtime_invariants.py,RECOVERED_EVENT_CHAIN_COMPLETE,BLUEPRINT_ARTIFACT,17605,5a45da2a55fc83d0c6d5c0c26fa8e1afc4c2ff068329a11c9e131718f30611b0,4,4,0,0,add,update,1,,,PREEXTRACTED_COMMAND_OUTPUT_PATH_LIST
g0/validate_migration_successor.py,RECOVERED_PARTIAL_EVENT_CHAIN,BLUEPRINT_ARTIFACT,47687,0bc3181af5914bdddab543359597f256e9f6a6c961be424a9f05c417124f7664,27,17,10,10,add,update,1,,,PREEXTRACTED_COMMAND_OUTPUT_PATH_LIST
g0/validate_pre_g3_common_foundation_migrations.py,RECOVERED_EVENT_CHAIN_COMPLETE,BLUEPRINT_ARTIFACT,86707,c49dc9791847895eb442faff9ccd175639932f274bc24e0773831d0c2129ea14,41,41,0,0,add,update,1,,,PREEXTRACTED_COMMAND_OUTPUT_PATH_LIST
g0/validate_typed_contract_test_allocations.py,RECOVERED_EVENT_CHAIN_COMPLETE,BLUEPRINT_ARTIFACT,10451,809c7d265c3b7eb8fa1605833aa4147677402fa1e7c80151442a1f2622ff5921,4,4,0,0,snapshot,snapshot,1,,,PREEXTRACTED_COMMAND_OUTPUT_PATH_LIST
g0/worktree-branch-register.csv,RECOVERED_EVENT_CHAIN_COMPLETE,BLUEPRINT_ARTIFACT,3824,131bc185fcc61658a8da7614eb53dc8071ca8180ae944183f87c0c48ea0540f9,23,22,1,0,snapshot,snapshot,1,,,PREEXTRACTED_COMMAND_OUTPUT_PATH_LIST
g0/write_module_evidence_shard.py,RECOVERED_EVENT_CHAIN_COMPLETE,BLUEPRINT_ARTIFACT,27699,5e910fa6dc710e52dce5685cbf0c2d1464cd64b761072e0a1bf4665011978286,20,19,1,0,snapshot,update,1,,,PREEXTRACTED_COMMAND_OUTPUT_PATH_LIST
hris-atomic-duty-matrix.csv,RECOVERED_PARTIAL_EVENT_CHAIN,BLUEPRINT_ARTIFACT,18353,cdb96241579a0c81320b3fc60b3032e0ba641d25dda304eaadbde6f61325b6fc,17,5,12,7,snapshot,update,1,,,PREEXTRACTED_COMMAND_OUTPUT_PATH_LIST
hris-permission-group-matrix.csv,RECOVERED_EVENT_CHAIN_COMPLETE,BLUEPRINT_ARTIFACT,16515,9daf98e2b6c3eadec2a7e782516046f074cb0775c03bdc7fbd75c08adce33578,32,18,14,0,snapshot,update,1,,,PREEXTRACTED_COMMAND_OUTPUT_PATH_LIST
hris-sod-rule-matrix.csv,RECOVERED_EVENT_CHAIN_COMPLETE,BLUEPRINT_ARTIFACT,10151,c6354906f94a0f0b1b54ba45580c760547bbf9fd95901dcfe71dcce22669e5bb,8,6,2,0,snapshot,update,1,,,PREEXTRACTED_COMMAND_OUTPUT_PATH_LIST
hris-sod-rule-matrix.csv.new,RECOVERED_EVENT_CHAIN_COMPLETE,BLUEPRINT_ARTIFACT,10108,3c4d12667910a01793ae260acc747dd4f75f569ecd77636d9b967c8fcb897a54,1,1,0,0,add,add,0,,,
implementation-readiness-and-five-session-plan.md,RECOVERED_EVENT_CHAIN_COMPLETE,BLUEPRINT_ARTIFACT,17447,88bc0e9be6bff8cbdd5e4c2dda30460994c23273e1c7ff82a7c4047ca38686a3,53,53,0,0,snapshot,snapshot,1,,,PREEXTRACTED_COMMAND_OUTPUT_PATH_LIST
migration-traceability-register.csv,RECOVERED_EVENT_CHAIN_COMPLETE,BLUEPRINT_ARTIFACT,5134,1dfd7615d5577ee5d747efc17ddfef2aefa579be28d725d419ab9e50074e03fd,2,2,0,0,snapshot,snapshot,1,,,PREEXTRACTED_COMMAND_OUTPUT_PATH_LIST
modern-hris-capability-roadmap.csv,RECOVERED_EVENT_CHAIN_COMPLETE,BLUEPRINT_ARTIFACT,5550,d036d7d2c8fb40c6a5276fe0d56b7054e01741b8c2ac1904d4ca1fbc96be22c2,5,5,0,0,snapshot,update,1,,,PREEXTRACTED_COMMAND_OUTPUT_PATH_LIST
phase1-validation-report.md,RECOVERED_EVENT_CHAIN_COMPLETE,REPORT_OR_RECEIPT,11317,cfb60a343bb6d7fb2506d38f41282d3b0c35390ea72993682a0abb8f837501eb,6,6,0,0,snapshot,update,1,,,PREEXTRACTED_COMMAND_OUTPUT_PATH_LIST
phase1-walking-skeleton-execution-record.md,RECOVERED_EVENT_CHAIN_COMPLETE,BLUEPRINT_ARTIFACT,10289,2a01f11507376f3e85553c68347f432df6dba7590aba7addcfe4ccc6ccec3813,3,3,0,0,snapshot,snapshot,1,,,PREEXTRACTED_COMMAND_OUTPUT_PATH_LIST
readiness-tools/TRACE-SEMANTICS.md,RECOVERED_EVENT_CHAIN_COMPLETE,BLUEPRINT_ARTIFACT,1354,01837f2c06b72d14684ee7050e425d66433a81249e1807f838dc8a057fb13329,1,1,0,0,add,add,1,,,PREEXTRACTED_COMMAND_OUTPUT_PATH_LIST
readiness-tools/__pycache__/trace_semantics.cpython-312.pyc,REFERENCE_ONLY,CACHE_OR_OS_METADATA,,,0,0,0,0,,,1,,,PREEXTRACTED_COMMAND_OUTPUT_PATH_LIST
readiness-tools/generate_sys_g1.py,REFERENCE_ONLY,BLUEPRINT_ARTIFACT,,,2,0,2,2,,update,1,,,PREEXTRACTED_COMMAND_OUTPUT_PATH_LIST
readiness-tools/merge_module_coverage.py,REFERENCE_ONLY,BLUEPRINT_ARTIFACT,,,0,0,0,0,,,1,,,PREEXTRACTED_COMMAND_OUTPUT_PATH_LIST
readiness-tools/rebuild_trace_semantics.py,RECOVERED_EVENT_CHAIN_COMPLETE,BLUEPRINT_ARTIFACT,3029,5169884f85162303330fda8b54a09c9b380eec7d32ca0fbdd4fa47cc51d103be,2,2,0,0,add,update,1,,,PREEXTRACTED_COMMAND_OUTPUT_PATH_LIST
readiness-tools/trace_semantics.py,RECOVERED_EVENT_CHAIN_COMPLETE,BLUEPRINT_ARTIFACT,14483,03ecf98e84ae26e8d967800bfbe1e0837db5be0a889322e78a0099d9581f8ac2,4,4,0,0,add,update,1,,,PREEXTRACTED_COMMAND_OUTPUT_PATH_LIST
readiness-tools/validate_trace_semantics.py,RECOVERED_EVENT_CHAIN_COMPLETE,BLUEPRINT_ARTIFACT,17614,077336e9d132f75f9572039e4dc728402b4e522390637b3de7ce42bd1c798612,3,3,0,0,add,update,1,,,PREEXTRACTED_COMMAND_OUTPUT_PATH_LIST
remaining-preparation-register.csv,RECOVERED_PARTIAL_EVENT_CHAIN,BLUEPRINT_ARTIFACT,12176,024a3c22aa2ea5799eee1543a62142c0afb1371f0fc48fa869d3557c90943210,35,34,1,1,snapshot,update,1,,,PREEXTRACTED_COMMAND_OUTPUT_PATH_LIST
session-evidence/hrm/.patch_test,HISTORICALLY_DELETED,BLUEPRINT_ARTIFACT,,,2,2,0,0,add,delete,0,,,
session-evidence/hrm/g1-characterization.md,RECOVERED_EVENT_CHAIN_COMPLETE,BLUEPRINT_ARTIFACT,20371,3ae6f811e51baf6ed7b3452e6acb46c31fa496b3348ae4d2bf8900754f7e71e9,5,5,0,0,snapshot,snapshot,1,,,PREEXTRACTED_COMMAND_OUTPUT_PATH_LIST
session-evidence/hrm/g1-child-trace.csv,REFERENCE_ONLY,BLUEPRINT_ARTIFACT,,,0,0,0,0,,,1,,,PREEXTRACTED_COMMAND_OUTPUT_PATH_LIST
session-evidence/hrm/g1-decision-log.csv,RECOVERED_EVENT_CHAIN_COMPLETE,BLUEPRINT_ARTIFACT,10420,f27144be7bffc5d17b1adb0400e14cede7fb71b5bf8464554b3201866e4833fc,3,3,0,0,snapshot,snapshot,1,,,PREEXTRACTED_COMMAND_OUTPUT_PATH_LIST
session-evidence/hrm/g2-readiness/README.md,RECOVERED_EVENT_CHAIN_COMPLETE,BLUEPRINT_ARTIFACT,3370,836458a9c10a5a7cd320acc3917dc9520cee77530d0be61fe307084a9069cfb1,3,3,0,0,snapshot,snapshot,1,,,PREEXTRACTED_COMMAND_OUTPUT_PATH_LIST
session-evidence/hrm/g2-readiness/adr-001-people-sor-effective-dating.md,RECOVERED_EVENT_CHAIN_COMPLETE,BLUEPRINT_ARTIFACT,11372,ae04b752097896eb6089d9bcfe55db867efd357545ab5fa5441d10ab23161037,6,6,0,0,snapshot,snapshot,1,,,PREEXTRACTED_COMMAND_OUTPUT_PATH_LIST
session-evidence/hrm/g2-readiness/api-event-contracts.v1.json,RECOVERED_PARTIAL_EVENT_CHAIN,BLUEPRINT_ARTIFACT,25944,0c3ec58b29dcf534d1b887fed5678e878e4a514cf3f943165e47dd7a486355bb,8,5,3,3,add,update,1,,,PREEXTRACTED_COMMAND_OUTPUT_PATH_LIST
session-evidence/hrm/g2-readiness/authorization-field-policy.csv,RECOVERED_EVENT_CHAIN_COMPLETE,BLUEPRINT_ARTIFACT,10444,be822a9c07eedc49f880448f56594640828a65171f379f2d217f5227b30e4149,2,2,0,0,snapshot,snapshot,1,,,PREEXTRACTED_COMMAND_OUTPUT_PATH_LIST
session-evidence/hrm/g2-readiness/build_hrm_g1_evidence.py,RECOVERED_EVENT_CHAIN_COMPLETE,BLUEPRINT_ARTIFACT,42201,026a6a880281f4799b8f2c749578b0f5805736f5f988c6ecbe6e6728d1c36bde,4,4,0,0,add,update,1,,,PREEXTRACTED_COMMAND_OUTPUT_PATH_LIST
session-evidence/hrm/g2-readiness/physical-schema-blueprint.sql,RECOVERED_HASH_VERIFIED_NUMBERED_EVIDENCE,BLUEPRINT_ARTIFACT,51577,dbe18b0a2700bac21088391d2d9c13d155d30058b44843aeed033d3333896969,6,5,1,1,numbered_evidence,update,1,,,PREEXTRACTED_COMMAND_OUTPUT_PATH_LIST
session-evidence/hrm/g2-readiness/state-guard-idempotency-recovery.md,RECOVERED_EVENT_CHAIN_COMPLETE,BLUEPRINT_ARTIFACT,14892,72e72be66fa7aba49c945ab9eb503fb69d3b2fffc838096a4b20d6c6a52f58a6,7,7,0,0,snapshot,snapshot,1,,,PREEXTRACTED_COMMAND_OUTPUT_PATH_LIST
session-evidence/hrm/g2-readiness/synthetic-golden-fixtures.json,RECOVERED_EVENT_CHAIN_COMPLETE,BLUEPRINT_ARTIFACT,16303,f334c8747f4c6c18f31d5f0d89b30cafba8b178ee534aac242ad6ffa99e9fe99,2,2,0,0,add,update,1,,,PREEXTRACTED_COMMAND_OUTPUT_PATH_LIST
session-evidence/hrm/g2-readiness/synthetic-golden-spec.md,RECOVERED_EVENT_CHAIN_COMPLETE,BLUEPRINT_ARTIFACT,8902,332feb73c12dd3a30daa8b27308f7361b902129cd12ca4365a348edb29270d3e,2,2,0,0,snapshot,snapshot,1,,,PREEXTRACTED_COMMAND_OUTPUT_PATH_LIST
session-evidence/hrm/g2-readiness/validate_hrm_readiness.py,RECOVERED_PARTIAL_EVENT_CHAIN,BLUEPRINT_ARTIFACT,26080,be73517cca45ef93d678a3506af03ac939fa896d43539b48125018862130a207,11,5,6,6,add,update,1,,,PREEXTRACTED_COMMAND_OUTPUT_PATH_LIST
session-evidence/hrm/g3-modern-capability-contracts.v1.json,RECOVERED_EVENT_CHAIN_COMPLETE,BLUEPRINT_ARTIFACT,80876,2e6e4b6b7911ae1dcf2a5e70f1cf9877c2699cba3d4fdeb763c5f510cb6d34c5,5,5,0,0,add,update,1,,,PREEXTRACTED_COMMAND_OUTPUT_PATH_LIST
session-evidence/hrm/g3/module-evidence/.shard-contract.json,RECOVERED_EVENT_CHAIN_COMPLETE,BLUEPRINT_ARTIFACT,633,484d04556441225cd6da2b887acc4f36551058d01b44027d6f2ee78b1e2d32a9,3,3,0,0,add,update,1,,,PREEXTRACTED_COMMAND_OUTPUT_PATH_LIST
session-evidence/hrm/g3/module-evidence/.shard-manifest.json,RECOVERED_EVENT_CHAIN_COMPLETE,BLUEPRINT_ARTIFACT,520,d891f50dd00b08fe6091bf7e74a12dce9d98bff4ad17945585e652743251862c,2,2,0,0,add,update,1,,,PREEXTRACTED_COMMAND_OUTPUT_PATH_LIST
session-evidence/hrm/g4/.shard-contract.json,REFERENCE_ONLY,BLUEPRINT_ARTIFACT,,,0,0,0,0,,,1,,,PREEXTRACTED_COMMAND_OUTPUT_PATH_LIST
session-evidence/hrm/g4/.shard-manifest.json,REFERENCE_ONLY,BLUEPRINT_ARTIFACT,,,0,0,0,0,,,1,,,PREEXTRACTED_COMMAND_OUTPUT_PATH_LIST
session-evidence/pay/g1-characterization.md,RECOVERED_EVENT_CHAIN_COMPLETE,BLUEPRINT_ARTIFACT,12838,ec53f886eff6a245b59e4431af4a1cbc6d12c51002f129a0271099b2f19e6f37,9,9,0,0,snapshot,snapshot,1,,,PREEXTRACTED_COMMAND_OUTPUT_PATH_LIST
session-evidence/pay/g1-child-trace.csv,REFERENCE_ONLY,BLUEPRINT_ARTIFACT,,,0,0,0,0,,,1,,,PREEXTRACTED_COMMAND_OUTPUT_PATH_LIST
session-evidence/pay/g1-decision-log.csv,RECOVERED_EVENT_CHAIN_COMPLETE,BLUEPRINT_ARTIFACT,14820,83f79a95d1b05c821ad6672962dc22ca9de1c53dd0e412d2a59ee1f057851ef3,1,1,0,0,snapshot,snapshot,1,,,PREEXTRACTED_COMMAND_OUTPUT_PATH_LIST
session-evidence/pay/g2-api-event-contracts.json,RECOVERED_EVENT_CHAIN_COMPLETE,BLUEPRINT_ARTIFACT,26314,040e64703871582aaff04f102495592f405a603f690ed4f8a20029981eee3a21,12,5,7,0,snapshot,snapshot,1,,,PREEXTRACTED_COMMAND_OUTPUT_PATH_LIST
session-evidence/pay/g2-authorization.md,RECOVERED_EVENT_CHAIN_COMPLETE,BLUEPRINT_ARTIFACT,5996,36eb9e326a2872ed6e37247c1063aa7a139eead56f69a957af6552e9944ed2ca,5,5,0,0,snapshot,snapshot,1,,,PREEXTRACTED_COMMAND_OUTPUT_PATH_LIST
session-evidence/pay/g2-physical-schema.sql,RECOVERED_HASH_VERIFIED_NUMBERED_EVIDENCE,BLUEPRINT_ARTIFACT,72758,23662d7daa89f0a6e5b4eaa754a96184d0a5fc688b4a6bc790e62fbaf428b3f0,14,11,3,0,numbered_evidence,update,1,,,PREEXTRACTED_COMMAND_OUTPUT_PATH_LIST
session-evidence/pay/g2-runtime-controls.md,RECOVERED_EVENT_CHAIN_COMPLETE,BLUEPRINT_ARTIFACT,10361,89f1440778d1aedd46a3839138a2f0920605e4d7326441e5771f875b29fad551,8,8,0,0,snapshot,snapshot,1,,,PREEXTRACTED_COMMAND_OUTPUT_PATH_LIST
session-evidence/pay/g2-service-boundary.md,RECOVERED_EVENT_CHAIN_COMPLETE,BLUEPRINT_ARTIFACT,11220,639f75ac3d5153cc6ca10a01a52a2c04f2e00f1331c5e3bcf4902b605400d8b0,5,5,0,0,snapshot,snapshot,1,,,PREEXTRACTED_COMMAND_OUTPUT_PATH_LIST
session-evidence/pay/g2-transport-schemas.v1.json,RECOVERED_EVENT_CHAIN_COMPLETE,BLUEPRINT_ARTIFACT,36218,d88d7b37ebda7d9abb6eb9e8aa0032bf0344a6dccc65d7d3d8b88abb06d037fd,45,42,3,0,snapshot,snapshot,1,,,PREEXTRACTED_COMMAND_OUTPUT_PATH_LIST
session-evidence/pay/g3-modern-capability-consumer-contracts.v1.json,RECOVERED_PARTIAL_EVENT_CHAIN,BLUEPRINT_ARTIFACT,7956,d14360270f071c35a98cc144798a1d87d9b260fe127e7765c80d54474c7df30c,9,6,3,3,add,update,1,,,PREEXTRACTED_COMMAND_OUTPUT_PATH_LIST
session-evidence/pay/g3/module-evidence/.shard-contract.json,RECOVERED_EVENT_CHAIN_COMPLETE,BLUEPRINT_ARTIFACT,633,73e365f9ad98e54ebd898ebd99c91263761c7c4917cfebfe6983518307e57c03,3,3,0,0,add,update,1,,,PREEXTRACTED_COMMAND_OUTPUT_PATH_LIST
session-evidence/pay/g3/module-evidence/.shard-manifest.json,RECOVERED_EVENT_CHAIN_COMPLETE,BLUEPRINT_ARTIFACT,520,2903a5e843f3d119cd0b62e2bc3656af2f6b32602d25519bc5792dbc7f89b0ef,2,2,0,0,add,update,1,,,PREEXTRACTED_COMMAND_OUTPUT_PATH_LIST
session-evidence/pay/g4/.shard-contract.json,REFERENCE_ONLY,BLUEPRINT_ARTIFACT,,,0,0,0,0,,,1,,,PREEXTRACTED_COMMAND_OUTPUT_PATH_LIST
session-evidence/pay/g4/.shard-manifest.json,REFERENCE_ONLY,BLUEPRINT_ARTIFACT,,,0,0,0,0,,,1,,,PREEXTRACTED_COMMAND_OUTPUT_PATH_LIST
session-evidence/pay/synthetic-golden-fixtures.json,RECOVERED_EVENT_CHAIN_COMPLETE,BLUEPRINT_ARTIFACT,12818,fbf1830e3f2615acc410e87c832fab44a45bd20586fcd1f19b5f86ff7a9ee9e4,5,2,3,0,snapshot,snapshot,1,,,PREEXTRACTED_COMMAND_OUTPUT_PATH_LIST
session-evidence/pay/synthetic-golden-spec.md,RECOVERED_EVENT_CHAIN_COMPLETE,BLUEPRINT_ARTIFACT,3831,1cbd49d8deca80445df2c00a12808118c5287bde49dd6adbdb393e1f123ec685,5,4,1,0,snapshot,snapshot,1,,,PREEXTRACTED_COMMAND_OUTPUT_PATH_LIST
session-evidence/pay/validate_readiness.py,RECOVERED_PARTIAL_EVENT_CHAIN,BLUEPRINT_ARTIFACT,22193,0e3144a1a07deef32fae268f00946606d04fe3cba2cbc398b8c0a5c8fae21829,12,7,5,5,add,update,1,,,PREEXTRACTED_COMMAND_OUTPUT_PATH_LIST
session-evidence/per/g1-characterization.md,RECOVERED_EVENT_CHAIN_COMPLETE,BLUEPRINT_ARTIFACT,12095,6afd33784d896c82df6c87fd0dbc5284405f04b65e2d9ec86bb0e0f55be8d1aa,6,6,0,0,snapshot,snapshot,1,,,PREEXTRACTED_COMMAND_OUTPUT_PATH_LIST
session-evidence/per/g1-child-trace.csv,REFERENCE_ONLY,BLUEPRINT_ARTIFACT,,,0,0,0,0,,,1,,,PREEXTRACTED_COMMAND_OUTPUT_PATH_LIST
session-evidence/per/g1-decision-log.csv,RECOVERED_EVENT_CHAIN_COMPLETE,BLUEPRINT_ARTIFACT,13063,9c0600dee1440132f720bece1b83724124a33ee8753e0ac8c7eff9ed674572b4,3,3,0,0,snapshot,snapshot,1,,,PREEXTRACTED_COMMAND_OUTPUT_PATH_LIST
session-evidence/per/g2-readiness/ADR-001-performance-boundary.md,RECOVERED_EVENT_CHAIN_COMPLETE,BLUEPRINT_ARTIFACT,6920,e5b2ac007b6fea507f85ac1bb31b56fe6af8e11b906bcc51253a84caaae44004,4,4,0,0,snapshot,snapshot,1,,,PREEXTRACTED_COMMAND_OUTPUT_PATH_LIST
session-evidence/per/g2-readiness/README.md,RECOVERED_EVENT_CHAIN_COMPLETE,BLUEPRINT_ARTIFACT,5181,3d22873a1a67736300165ffc2904e25fed178a6afd2244e4767dfd40293cc918,10,10,0,0,snapshot,snapshot,1,,,PREEXTRACTED_COMMAND_OUTPUT_PATH_LIST
session-evidence/per/g2-readiness/adr-002-per-physical-identity-and-schema.md,RECOVERED_EVENT_CHAIN_COMPLETE,BLUEPRINT_ARTIFACT,2977,d33a73c132d3d3e1d0c0276aecd5c84a11109f10ad1b734cede3af30385f8332,4,4,0,0,snapshot,snapshot,1,,,PREEXTRACTED_COMMAND_OUTPUT_PATH_LIST
session-evidence/per/g2-readiness/api-event-contracts.yaml,RECOVERED_HASH_VERIFIED_NUMBERED_EVIDENCE,BLUEPRINT_ARTIFACT,47246,559c345053d205902613f502be18dcbc22577e9286686827ad6383a5d2211f5a,9,2,7,7,numbered_evidence,update,1,,,PREEXTRACTED_COMMAND_OUTPUT_PATH_LIST
session-evidence/per/g2-readiness/authorization-field-policy.md,RECOVERED_EVENT_CHAIN_COMPLETE,BLUEPRINT_ARTIFACT,12567,4947330450637f30da29c18a5553c2892510fcc80145e45088d831f297e98c50,9,9,0,0,snapshot,snapshot,1,,,PREEXTRACTED_COMMAND_OUTPUT_PATH_LIST
session-evidence/per/g2-readiness/build_g1_evidence.py,RECOVERED_EVENT_CHAIN_COMPLETE,BLUEPRINT_ARTIFACT,32153,00def3efbfc5ea63d7598a14f1f46decf6d5a8efadd0508d761fcdc775e32df7,6,6,0,0,add,update,1,,,PREEXTRACTED_COMMAND_OUTPUT_PATH_LIST
session-evidence/per/g2-readiness/g2-code-go-slices.csv,RECOVERED_EVENT_CHAIN_COMPLETE,BLUEPRINT_ARTIFACT,2730,32a024a15596180cead2a6998e26f33024420f28410129470a79a34a0c6e4cb6,4,4,0,0,snapshot,snapshot,1,,,PREEXTRACTED_COMMAND_OUTPUT_PATH_LIST
session-evidence/per/g2-readiness/golden/golden-spec.md,RECOVERED_EVENT_CHAIN_COMPLETE,BLUEPRINT_ARTIFACT,4553,c9274e9e58ff4889bbebad2d7506b0f7f42148df9627651fccf05a5af21643f2,4,4,0,0,snapshot,snapshot,1,,,PREEXTRACTED_COMMAND_OUTPUT_PATH_LIST
session-evidence/per/g2-readiness/golden/performance-golden-fixtures.json,RECOVERED_EVENT_CHAIN_COMPLETE,BLUEPRINT_ARTIFACT,9983,430e85824903ecbc4d8a74fc65828c7b4a85f2fe9307d852757423305017d927,4,4,0,0,snapshot,snapshot,1,,,PREEXTRACTED_COMMAND_OUTPUT_PATH_LIST
session-evidence/per/g2-readiness/physical-schema.sql,RECOVERED_EVENT_CHAIN_COMPLETE,BLUEPRINT_ARTIFACT,49003,0099544d7a5fa22bd4b565664b21e5f8f1a68288cce16cdbec83a212f5e70d44,5,5,0,0,snapshot,snapshot,1,,,PREEXTRACTED_COMMAND_OUTPUT_PATH_LIST
session-evidence/per/g2-readiness/state-guard-idempotency-recovery.md,RECOVERED_EVENT_CHAIN_COMPLETE,BLUEPRINT_ARTIFACT,12472,ab6000d5a14b329b58a04e497545933575708d3e22264db238186e94f9cd91c0,13,13,0,0,snapshot,snapshot,1,,,PREEXTRACTED_COMMAND_OUTPUT_PATH_LIST
session-evidence/per/g2-readiness/validate_per_readiness.py,RECOVERED_PARTIAL_EVENT_CHAIN,BLUEPRINT_ARTIFACT,23497,bc19992788a7a89fcb5aee1fa212f84e7939ca21455c0d0625d2ef7cae3aa0d5,12,8,4,4,add,update,1,,,PREEXTRACTED_COMMAND_OUTPUT_PATH_LIST
session-evidence/per/g3-modern-capability-contracts.v1.json,RECOVERED_EVENT_CHAIN_COMPLETE,BLUEPRINT_ARTIFACT,79170,d463f038c4def8d7d01976dc9d56b92bcf2e92b188a31a9b3ca904dd43ff4da3,9,9,0,0,add,update,1,,,PREEXTRACTED_COMMAND_OUTPUT_PATH_LIST
session-evidence/per/g3-modern-capability-contracts.v2.json,RECOVERED_EVENT_CHAIN_COMPLETE,BLUEPRINT_ARTIFACT,82111,e4b221549aa80f34944a352e7466221dfb0ba4969ce5a2ddc24d8c4dd75bd92f,1,1,0,0,add,add,1,,,PREEXTRACTED_COMMAND_OUTPUT_PATH_LIST
session-evidence/per/g3/module-evidence/.shard-contract.json,RECOVERED_EVENT_CHAIN_COMPLETE,BLUEPRINT_ARTIFACT,633,c94be851e2375627e6e909b1e3b3ecd128924494bcf53f3b015cd15ac96b93fa,3,3,0,0,add,update,1,,,PREEXTRACTED_COMMAND_OUTPUT_PATH_LIST
session-evidence/per/g3/module-evidence/.shard-manifest.json,RECOVERED_EVENT_CHAIN_COMPLETE,BLUEPRINT_ARTIFACT,520,a95282e36581c03d0b0161a4ed4114d07cdb9c83502ed567d3d9680daf8b77ae,2,2,0,0,add,update,1,,,PREEXTRACTED_COMMAND_OUTPUT_PATH_LIST
session-evidence/per/g4/.shard-contract.json,REFERENCE_ONLY,BLUEPRINT_ARTIFACT,,,0,0,0,0,,,1,,,PREEXTRACTED_COMMAND_OUTPUT_PATH_LIST
session-evidence/per/g4/.shard-manifest.json,REFERENCE_ONLY,BLUEPRINT_ARTIFACT,,,0,0,0,0,,,1,,,PREEXTRACTED_COMMAND_OUTPUT_PATH_LIST
session-evidence/sys/__pycache__/validate_sys_service_local_migrations.cpython-312.pyc,REFERENCE_ONLY,CACHE_OR_OS_METADATA,,,0,0,0,0,,,1,,,PREEXTRACTED_COMMAND_OUTPUT_PATH_LIST
session-evidence/sys/g1-characterization.md,RECOVERED_EVENT_CHAIN_COMPLETE,BLUEPRINT_ARTIFACT,4880,42feb110c7e8ecb2eb5b0d3091158d4d3db7694fc2ee03dd5afc8003e8316a87,2,2,0,0,snapshot,snapshot,1,,,PREEXTRACTED_COMMAND_OUTPUT_PATH_LIST
session-evidence/sys/g1-child-trace.csv,REFERENCE_ONLY,BLUEPRINT_ARTIFACT,,,0,0,0,0,,,1,,,PREEXTRACTED_COMMAND_OUTPUT_PATH_LIST
session-evidence/sys/g1-decision-log.csv,RECOVERED_EVENT_CHAIN_COMPLETE,BLUEPRINT_ARTIFACT,10442,a887701a313297bb31e149d30d14024d65ce163aa2fa7d263c743ebba31dc7ae,2,2,0,0,snapshot,snapshot,1,,,PREEXTRACTED_COMMAND_OUTPUT_PATH_LIST
session-evidence/sys/g2-auth-physical-schema.sql,RECOVERED_EVENT_CHAIN_COMPLETE,BLUEPRINT_ARTIFACT,26484,3443ed2acb85f26d32430a9091c00ce87dc8bbc0d80697747d03f372c6e220b6,16,16,0,0,snapshot,update,1,,,PREEXTRACTED_COMMAND_OUTPUT_PATH_LIST
session-evidence/sys/g2-contract-catalog.csv,RECOVERED_EVENT_CHAIN_COMPLETE,BLUEPRINT_ARTIFACT,17102,1251cd627675b07563c340c8a87ed50723ebc6bfe4dd447f34dc41f113891206,12,12,0,0,snapshot,snapshot,1,,,PREEXTRACTED_COMMAND_OUTPUT_PATH_LIST
session-evidence/sys/g2-golden-scenarios.csv,RECOVERED_EVENT_CHAIN_COMPLETE,BLUEPRINT_ARTIFACT,16979,2476313506b65294ae8d67a052bb854b22d07c4101cceb144d0c45f3e34de76d,8,8,0,0,snapshot,snapshot,1,,,PREEXTRACTED_COMMAND_OUTPUT_PATH_LIST
session-evidence/sys/g2-implementation-contract.md,RECOVERED_EVENT_CHAIN_COMPLETE,BLUEPRINT_ARTIFACT,15199,2dbabebfc52c2175193821f72a3b9bf5b33b83110ed871f88e35ab07c8e0f871,7,6,1,0,snapshot,snapshot,1,,,PREEXTRACTED_COMMAND_OUTPUT_PATH_LIST
session-evidence/sys/g2-implementation-contract.v2.md,RECOVERED_EVENT_CHAIN_COMPLETE,BLUEPRINT_ARTIFACT,18920,fd4c05cc6dd836441e9a0786484103deafa0a7375d3c1b8124d16dabafd149a7,8,4,4,0,snapshot,snapshot,1,,,PREEXTRACTED_COMMAND_OUTPUT_PATH_LIST
session-evidence/sys/g2-physical-schema.sql,REFERENCE_ONLY,BLUEPRINT_ARTIFACT,,,20,0,20,20,,update,1,,,PREEXTRACTED_COMMAND_OUTPUT_PATH_LIST
session-evidence/sys/g2-platform-physical-schema.sql,RECOVERED_EVENT_CHAIN_COMPLETE,BLUEPRINT_ARTIFACT,58299,5bd0fe6877ea0fb5a545f701dba7847c173a52dbe415a2b642d2a6a138594aa8,18,18,0,0,snapshot,update,1,,,PREEXTRACTED_COMMAND_OUTPUT_PATH_LIST
session-evidence/sys/g2-state-machines.md,RECOVERED_EVENT_CHAIN_COMPLETE,BLUEPRINT_ARTIFACT,11847,7ee14c1369945498029b00b119679f3f6dd9c1285df1f176b186bbd1b45b8f10,13,13,0,0,snapshot,snapshot,1,,,PREEXTRACTED_COMMAND_OUTPUT_PATH_LIST
session-evidence/sys/g2-transport-schemas.v1.json,RECOVERED_EVENT_CHAIN_COMPLETE,BLUEPRINT_ARTIFACT,95808,7067a7adad828d4918220fcde54fc0fa9a2add5db1d5745e0a4acb0a50698cf7,60,60,0,0,snapshot,snapshot,1,,,PREEXTRACTED_COMMAND_OUTPUT_PATH_LIST
session-evidence/sys/g3-modern-capability-contracts.v1.json,RECOVERED_EVENT_CHAIN_COMPLETE,BLUEPRINT_ARTIFACT,47111,95baf1156baf603e3ddbc4a5891da0f6217c4f5ab7fb2a86eebbbc188d17ae5b,6,6,0,0,add,update,1,,,PREEXTRACTED_COMMAND_OUTPUT_PATH_LIST
session-evidence/sys/g3/module-evidence/.shard-contract.json,RECOVERED_EVENT_CHAIN_COMPLETE,BLUEPRINT_ARTIFACT,633,5a4b59649f23d9cc06ce4ad83e04621066f40744b47bbcb243dd7bb1867eb61c,3,3,0,0,add,update,1,,,PREEXTRACTED_COMMAND_OUTPUT_PATH_LIST
session-evidence/sys/g3/module-evidence/.shard-manifest.json,RECOVERED_EVENT_CHAIN_COMPLETE,BLUEPRINT_ARTIFACT,520,866c0a0f214736b9f03bce5e07a6527ddb6036ac8653f423023c128c50e2eda4,2,2,0,0,add,update,1,,,PREEXTRACTED_COMMAND_OUTPUT_PATH_LIST
session-evidence/sys/g4/.shard-contract.json,REFERENCE_ONLY,BLUEPRINT_ARTIFACT,,,0,0,0,0,,,1,,,PREEXTRACTED_COMMAND_OUTPUT_PATH_LIST
session-evidence/sys/g4/.shard-manifest.json,REFERENCE_ONLY,BLUEPRINT_ARTIFACT,,,0,0,0,0,,,1,,,PREEXTRACTED_COMMAND_OUTPUT_PATH_LIST
session-evidence/sys/validate_sys_readiness.py,RECOVERED_EVENT_CHAIN_COMPLETE,BLUEPRINT_ARTIFACT,52710,030fd2eb4189846da9385b47606468aaf545091032b4b134f902be52662fc823,20,19,1,0,snapshot,update,1,,,PREEXTRACTED_COMMAND_OUTPUT_PATH_LIST
session-evidence/sys/validate_sys_readiness.v2.py,RECOVERED_PARTIAL_EVENT_CHAIN,BLUEPRINT_ARTIFACT,52718,903e4c4d3f7aadcfa2be8f86cb4cb3065d445a67d51d7a56fcd6529d0814b392,11,1,10,10,add,update,1,,,PREEXTRACTED_COMMAND_OUTPUT_PATH_LIST
session-evidence/sys/validate_sys_service_local_migrations.py,RECOVERED_EVENT_CHAIN_COMPLETE,BLUEPRINT_ARTIFACT,44932,aaffb80904598d99d2cf23fed204167bea521451b5336a346f22d311100c81e2,25,25,0,0,snapshot,update,1,,,PREEXTRACTED_COMMAND_OUTPUT_PATH_LIST
session-evidence/tim/g1-characterization.md,RECOVERED_EVENT_CHAIN_COMPLETE,BLUEPRINT_ARTIFACT,11316,afe19d163a32f8d32da5157f74c6ed0dee7750a04e8ef76d60c1d9a8b307fba2,5,5,0,0,snapshot,snapshot,1,,,PREEXTRACTED_COMMAND_OUTPUT_PATH_LIST
session-evidence/tim/g1-child-trace.csv,REFERENCE_ONLY,BLUEPRINT_ARTIFACT,,,0,0,0,0,,,1,,,PREEXTRACTED_COMMAND_OUTPUT_PATH_LIST
session-evidence/tim/g1-decision-log.csv,RECOVERED_EVENT_CHAIN_COMPLETE,BLUEPRINT_ARTIFACT,12660,1f4c8dcdae6115f73509eaf70f2f014c4141d15948b4d11d9524c34d0751c56e,4,4,0,0,snapshot,snapshot,1,,,PREEXTRACTED_COMMAND_OUTPUT_PATH_LIST
session-evidence/tim/g2-api-event-contracts.json,RECOVERED_EVENT_CHAIN_COMPLETE,BLUEPRINT_ARTIFACT,19564,1251365481d7063bf3fcf0e3e5bfaeca148554da354ac60fe29d2e67d1c1cb7f,15,15,0,0,snapshot,snapshot,1,,,PREEXTRACTED_COMMAND_OUTPUT_PATH_LIST
session-evidence/tim/g2-authorization.md,RECOVERED_EVENT_CHAIN_COMPLETE,BLUEPRINT_ARTIFACT,4977,20577988f161e48d2e452b7fadf10e53ee0df9ff1ef04dc595e60f1239b701b0,5,5,0,0,snapshot,snapshot,1,,,PREEXTRACTED_COMMAND_OUTPUT_PATH_LIST
session-evidence/tim/g2-physical-schema.sql,RECOVERED_EVENT_CHAIN_COMPLETE,BLUEPRINT_ARTIFACT,45482,01325e939dc1d116d53067d0332f348146d13c2be6a1e314357e82d3e2769a80,11,9,2,0,snapshot,update,1,,,PREEXTRACTED_COMMAND_OUTPUT_PATH_LIST
session-evidence/tim/g2-runtime-controls.md,RECOVERED_EVENT_CHAIN_COMPLETE,BLUEPRINT_ARTIFACT,9038,9d55b28834fd018abe8af3cf66fa3ef035bd4ecb0d264cc72da1f5bde8eaabe5,8,8,0,0,snapshot,snapshot,1,,,PREEXTRACTED_COMMAND_OUTPUT_PATH_LIST
session-evidence/tim/g2-service-boundary.md,RECOVERED_EVENT_CHAIN_COMPLETE,BLUEPRINT_ARTIFACT,9315,4589b1412a8f6e8982c7870d063a0c4578ce3203a30610b25f54a1295fe28f14,4,4,0,0,snapshot,snapshot,1,,,PREEXTRACTED_COMMAND_OUTPUT_PATH_LIST
session-evidence/tim/g2-transport-schemas.v1.json,RECOVERED_EVENT_CHAIN_COMPLETE,BLUEPRINT_ARTIFACT,28885,1fb8e961f4283940a356cf20b77fe19a58231c8aaabb4af142e163f55f741dcc,23,22,1,0,snapshot,snapshot,1,,,PREEXTRACTED_COMMAND_OUTPUT_PATH_LIST
session-evidence/tim/g3-modern-capability-contracts.v1.json,RECOVERED_EVENT_CHAIN_COMPLETE,BLUEPRINT_ARTIFACT,15854,b652b639575f8e767a0ead4abb8370b3f8f356ea4df98ea45fcb9d921a4f4196,5,5,0,0,add,update,1,,,PREEXTRACTED_COMMAND_OUTPUT_PATH_LIST
session-evidence/tim/g3/module-evidence/.shard-contract.json,RECOVERED_EVENT_CHAIN_COMPLETE,BLUEPRINT_ARTIFACT,633,46a1974a2e9846f6e358475d8d49e22b7375c1ff6dbe2bf2f18d2eb8fcc182b9,3,3,0,0,add,update,1,,,PREEXTRACTED_COMMAND_OUTPUT_PATH_LIST
session-evidence/tim/g3/module-evidence/.shard-manifest.json,RECOVERED_EVENT_CHAIN_COMPLETE,BLUEPRINT_ARTIFACT,520,8155b99daada56fbad9fe5f7153a56715550ee103c7693ee04ea211e72f8ea2d,2,2,0,0,add,update,1,,,PREEXTRACTED_COMMAND_OUTPUT_PATH_LIST
session-evidence/tim/g4/.shard-contract.json,REFERENCE_ONLY,BLUEPRINT_ARTIFACT,,,0,0,0,0,,,1,,,PREEXTRACTED_COMMAND_OUTPUT_PATH_LIST
session-evidence/tim/g4/.shard-manifest.json,REFERENCE_ONLY,BLUEPRINT_ARTIFACT,,,0,0,0,0,,,1,,,PREEXTRACTED_COMMAND_OUTPUT_PATH_LIST
session-evidence/tim/synthetic-golden-fixtures.json,RECOVERED_EVENT_CHAIN_COMPLETE,BLUEPRINT_ARTIFACT,7415,1c8bbc5b69c6ea96b364a8f7fbad3fccf6e7ec2c14108daf8d4a5a93637ebed0,6,5,1,0,snapshot,snapshot,1,,,PREEXTRACTED_COMMAND_OUTPUT_PATH_LIST
session-evidence/tim/synthetic-golden-spec.md,RECOVERED_EVENT_CHAIN_COMPLETE,BLUEPRINT_ARTIFACT,2428,6b5cebaad9c1c9244e9280c1f5b8e98a1a31224d8dcc515b521a39d243c92e5b,2,2,0,0,snapshot,snapshot,1,,,PREEXTRACTED_COMMAND_OUTPUT_PATH_LIST
session-evidence/tim/validate_readiness.py,RECOVERED_PARTIAL_EVENT_CHAIN,BLUEPRINT_ARTIFACT,24214,8303ac0d8f779362a6750390075c310f5d164e76b2162c9ff347b97e7a46b9f2,10,7,3,3,add,update,1,,,PREEXTRACTED_COMMAND_OUTPUT_PATH_LIST
session-prompts/00-common-session-contract.md,RECOVERED_EVENT_CHAIN_COMPLETE,BLUEPRINT_ARTIFACT,28442,9db519dfe08b5d73c195dd31e761c2463e2465a5cad51d16914dfc693afdaa93,55,52,3,0,snapshot,snapshot,1,,,PREEXTRACTED_COMMAND_OUTPUT_PATH_LIST
session-prompts/01-cloudhr-hrm-session.md,RECOVERED_EVENT_CHAIN_COMPLETE,BLUEPRINT_ARTIFACT,13391,15a5c36f371b00b079252376b7e0859ec43c82e5a40735aa1af8899420a0e07c,27,19,8,0,snapshot,snapshot,1,,,PREEXTRACTED_COMMAND_OUTPUT_PATH_LIST
session-prompts/02-cloudhr-per-session.md,RECOVERED_EVENT_CHAIN_COMPLETE,BLUEPRINT_ARTIFACT,14187,4df3c166fda53dfe3f03271b53e71381c3933e0bb2fc2faa2a38b0dfd1b890a6,32,22,10,0,snapshot,snapshot,1,,,PREEXTRACTED_COMMAND_OUTPUT_PATH_LIST
session-prompts/03-cloudhr-pay-session.md,RECOVERED_EVENT_CHAIN_COMPLETE,BLUEPRINT_ARTIFACT,17337,1107e0451204358fa9f9c9101fd800463fda0734386878ef993e3b6dfcc5c395,36,30,6,0,snapshot,snapshot,1,,,PREEXTRACTED_COMMAND_OUTPUT_PATH_LIST
session-prompts/04-cloudhr-tim-session.md,RECOVERED_EVENT_CHAIN_COMPLETE,BLUEPRINT_ARTIFACT,13776,d2aa58e1c0cb397d479f5abbd962a9a36df5953667d16431cbc1ca023837aa16,33,31,2,0,snapshot,snapshot,1,,,PREEXTRACTED_COMMAND_OUTPUT_PATH_LIST
session-prompts/05-cloudhr-sys-session.md,RECOVERED_EVENT_CHAIN_COMPLETE,BLUEPRINT_ARTIFACT,18977,c49146c57ce029c48c81dbdcc8c9db1830a0d3b57c5f99e349608e16e33e84fa,38,36,2,0,snapshot,snapshot,1,,,PREEXTRACTED_COMMAND_OUTPUT_PATH_LIST
session-prompts/06-hris-integration-control.md,RECOVERED_EVENT_CHAIN_COMPLETE,BLUEPRINT_ARTIFACT,15229,b3510e8a2873e6085cca3c7da4bdeff67eaef56814a8ab3d5b1e7293018551c6,48,45,3,0,snapshot,snapshot,1,,,PREEXTRACTED_COMMAND_OUTPUT_PATH_LIST
session-prompts/07-g3-full-coding-execution-contract.md,RECOVERED_EVENT_CHAIN_COMPLETE,BLUEPRINT_ARTIFACT,31804,66e8f08d7e039f4e4c8a6079d5a1b8436144fefc542304ac44fb278c78bed873,50,50,0,0,snapshot,snapshot,1,,,PREEXTRACTED_COMMAND_OUTPUT_PATH_LIST
session-prompts/90-design-ai-handoff-output-contract.md,RECOVERED_EVENT_CHAIN_COMPLETE,BLUEPRINT_ARTIFACT,21870,89d043acc350b1e41a7914a340a6a2ec423425347ea9377f3c6689b1974e3f9a,35,35,0,0,snapshot,snapshot,1,,,PREEXTRACTED_COMMAND_OUTPUT_PATH_LIST
session-registers/README.md,RECOVERED_EVENT_CHAIN_COMPLETE,BLUEPRINT_ARTIFACT,1485,be1dc80c7114ea2aecabd6ee6f1ffac541b4449c1ba33a4ee3f4556d59968845,6,6,0,0,snapshot,snapshot,1,,,PREEXTRACTED_COMMAND_OUTPUT_PATH_LIST
session-registers/hris-hrm-source-coverage.csv,REFERENCE_ONLY,BLUEPRINT_ARTIFACT,,,0,0,0,0,,,1,,,PREEXTRACTED_COMMAND_OUTPUT_PATH_LIST
session-registers/hris-pay-source-coverage.csv,REFERENCE_ONLY,BLUEPRINT_ARTIFACT,,,0,0,0,0,,,1,,,PREEXTRACTED_COMMAND_OUTPUT_PATH_LIST
session-registers/hris-per-source-coverage.csv,REFERENCE_ONLY,BLUEPRINT_ARTIFACT,,,0,0,0,0,,,1,,,PREEXTRACTED_COMMAND_OUTPUT_PATH_LIST
session-registers/hris-sys-source-coverage.csv,RECOVERED_EVENT_CHAIN_COMPLETE,BLUEPRINT_ARTIFACT,154062,88e23e9b2356bd40b23ddd1bdc8602aa6a0e439081d26f474e98aef3cdb9a294,1,1,0,0,snapshot,snapshot,1,,,PREEXTRACTED_COMMAND_OUTPUT_PATH_LIST
session-registers/hris-tim-source-coverage.csv,REFERENCE_ONLY,BLUEPRINT_ARTIFACT,,,0,0,0,0,,,1,,,PREEXTRACTED_COMMAND_OUTPUT_PATH_LIST
skkf-backend-controller-inventory.csv,REFERENCE_ONLY,BLUEPRINT_ARTIFACT,,,0,0,0,0,,,1,,,PREEXTRACTED_COMMAND_OUTPUT_PATH_LIST
skkf-entity-table-inventory.csv,REFERENCE_ONLY,BLUEPRINT_ARTIFACT,,,0,0,0,0,,,1,,,PREEXTRACTED_COMMAND_OUTPUT_PATH_LIST
skkf-route-inventory.csv,REFERENCE_ONLY,BLUEPRINT_ARTIFACT,,,0,0,0,0,,,1,,,PREEXTRACTED_COMMAND_OUTPUT_PATH_LIST
source-analysis-evidence.md,RECOVERED_EVENT_CHAIN_COMPLETE,BLUEPRINT_ARTIFACT,22449,eb698639cf1f993f0dc61de80fdeb55836eb34bd11731c3937e384c2b736d824,24,24,0,0,snapshot,snapshot,1,,,PREEXTRACTED_COMMAND_OUTPUT_PATH_LIST
target-table-catalog.md,RECOVERED_PARTIAL_EVENT_CHAIN,BLUEPRINT_ARTIFACT,23022,ff3febd62127928d18e258fe79b4bdb47910d1b713a664e69a0dad73d0416f67,18,10,8,8,snapshot,update,1,,,PREEXTRACTED_COMMAND_OUTPUT_PATH_LIST
trace-semantic-audit-report-2026-09-10.md,RECOVERED_EVENT_CHAIN_COMPLETE,REPORT_OR_RECEIPT,4699,4dd43aa4f84540096e1f2558fccc7d59359eea4c40d8b848e9380b459a5d4b6d,3,3,0,0,snapshot,snapshot,1,,,PREEXTRACTED_COMMAND_OUTPUT_PATH_LIST
trace-semantic-risk-review-register.csv,REFERENCE_ONLY,BLUEPRINT_ARTIFACT,,,0,0,0,0,,,1,,,PREEXTRACTED_COMMAND_OUTPUT_PATH_LIST
uiux-and-menu-blueprint.md,RECOVERED_EVENT_CHAIN_COMPLETE,BLUEPRINT_ARTIFACT,18454,32419812f46c68529f321841fd669d3f3638f661210e1b631b01ce89d705b017,8,8,0,0,snapshot,snapshot,1,,,PREEXTRACTED_COMMAND_OUTPUT_PATH_LIST
