contract_id,contract_kind,owner_session,primary_slice_id,source_semantic_ref,source_register_ref,rationale,status
PEP-HRM-001,PUBLIC_PEP,HRIS-HRM,BASE-TFR-HRM-004,manifest.v1.json#/ownershipSourceIndex/PEP-HRM-001/semantic,manifest.v1.json#/ownershipSourceIndex/PEP-HRM-001/sourceRegister,G2_PUBLIC_PEP_PRIMARY_ROUTE_OWNER,SEALED_G3_PRIMARY_OWNER
PEP-HRM-002,PUBLIC_PEP,HRIS-HRM,BASE-TFR-HRM-004,manifest.v1.json#/ownershipSourceIndex/PEP-HRM-002/semantic,manifest.v1.json#/ownershipSourceIndex/PEP-HRM-002/sourceRegister,G2_PUBLIC_PEP_PRIMARY_ROUTE_OWNER,SEALED_G3_PRIMARY_OWNER
PEP-HRM-003,PUBLIC_PEP,HRIS-HRM,BASE-TFR-HRM-010,manifest.v1.json#/ownershipSourceIndex/PEP-HRM-003/semantic,manifest.v1.json#/ownershipSourceIndex/PEP-HRM-003/sourceRegister,G2_PUBLIC_PEP_PRIMARY_ROUTE_OWNER,SEALED_G3_PRIMARY_OWNER
PEP-HRM-004,PUBLIC_PEP,HRIS-HRM,BASE-TFR-HRM-010,manifest.v1.json#/ownershipSourceIndex/PEP-HRM-004/semantic,manifest.v1.json#/ownershipSourceIndex/PEP-HRM-004/sourceRegister,G2_PUBLIC_PEP_PRIMARY_ROUTE_OWNER,SEALED_G3_PRIMARY_OWNER
PEP-HRM-005,PUBLIC_PEP,HRIS-HRM,BASE-TFR-HRM-010,manifest.v1.json#/ownershipSourceIndex/PEP-HRM-005/semantic,manifest.v1.json#/ownershipSourceIndex/PEP-HRM-005/sourceRegister,G2_PUBLIC_PEP_PRIMARY_ROUTE_OWNER,SEALED_G3_PRIMARY_OWNER
PEP-HRM-006,PUBLIC_PEP,HRIS-HRM,BASE-TFR-HRM-008,manifest.v1.json#/ownershipSourceIndex/PEP-HRM-006/semantic,manifest.v1.json#/ownershipSourceIndex/PEP-HRM-006/sourceRegister,G2_PUBLIC_PEP_PRIMARY_ROUTE_OWNER,SEALED_G3_PRIMARY_OWNER
PEP-HRM-007,PUBLIC_PEP,HRIS-HRM,BASE-TFR-HRM-008,manifest.v1.json#/ownershipSourceIndex/PEP-HRM-007/semantic,manifest.v1.json#/ownershipSourceIndex/PEP-HRM-007/sourceRegister,G2_PUBLIC_PEP_PRIMARY_ROUTE_OWNER,SEALED_G3_PRIMARY_OWNER
PEP-HRM-008,PUBLIC_PEP,HRIS-HRM,BASE-TFR-HRM-008,manifest.v1.json#/ownershipSourceIndex/PEP-HRM-008/semantic,manifest.v1.json#/ownershipSourceIndex/PEP-HRM-008/sourceRegister,G2_PUBLIC_PEP_PRIMARY_ROUTE_OWNER,SEALED_G3_PRIMARY_OWNER
PEP-HRM-009,PUBLIC_PEP,HRIS-HRM,BASE-TFR-HRM-008,manifest.v1.json#/ownershipSourceIndex/PEP-HRM-009/semantic,manifest.v1.json#/ownershipSourceIndex/PEP-HRM-009/sourceRegister,G2_PUBLIC_PEP_PRIMARY_ROUTE_OWNER,SEALED_G3_PRIMARY_OWNER
PEP-HRM-010,PUBLIC_PEP,HRIS-HRM,BASE-TFR-HRM-005,manifest.v1.json#/ownershipSourceIndex/PEP-HRM-010/semantic,manifest.v1.json#/ownershipSourceIndex/PEP-HRM-010/sourceRegister,G2_PUBLIC_PEP_PRIMARY_ROUTE_OWNER,SEALED_G3_PRIMARY_OWNER
PEP-HRM-011,PUBLIC_PEP,HRIS-HRM,BASE-TFR-HRM-011,manifest.v1.json#/ownershipSourceIndex/PEP-HRM-011/semantic,manifest.v1.json#/ownershipSourceIndex/PEP-HRM-011/sourceRegister,G2_PUBLIC_PEP_PRIMARY_ROUTE_OWNER,SEALED_G3_PRIMARY_OWNER
PEP-HRM-012,PUBLIC_PEP,HRIS-HRM,BASE-TFR-HRM-009,manifest.v1.json#/ownershipSourceIndex/PEP-HRM-012/semantic,manifest.v1.json#/ownershipSourceIndex/PEP-HRM-012/sourceRegister,G2_PUBLIC_PEP_PRIMARY_ROUTE_OWNER,SEALED_G3_PRIMARY_OWNER
PEP-HRM-013,PUBLIC_PEP,HRIS-HRM,BASE-TFR-HRM-013,manifest.v1.json#/ownershipSourceIndex/PEP-HRM-013/semantic,manifest.v1.json#/ownershipSourceIndex/PEP-HRM-013/sourceRegister,G2_PUBLIC_PEP_PRIMARY_ROUTE_OWNER,SEALED_G3_PRIMARY_OWNER
PEP-HRM-014,PUBLIC_PEP,HRIS-HRM,BASE-TFR-HRM-002,manifest.v1.json#/ownershipSourceIndex/PEP-HRM-014/semantic,manifest.v1.json#/ownershipSourceIndex/PEP-HRM-014/sourceRegister,G2_PUBLIC_PEP_PRIMARY_ROUTE_OWNER,SEALED_G3_PRIMARY_OWNER
PEP-HRM-015,PUBLIC_PEP,HRIS-HRM,BASE-TFR-HRM-012,manifest.v1.json#/ownershipSourceIndex/PEP-HRM-015/semantic,manifest.v1.json#/ownershipSourceIndex/PEP-HRM-015/sourceRegister,G2_PUBLIC_PEP_PRIMARY_ROUTE_OWNER,SEALED_G3_PRIMARY_OWNER
PEP-HRM-016,PUBLIC_PEP,HRIS-HRM,BASE-TFR-HRM-003,manifest.v1.json#/ownershipSourceIndex/PEP-HRM-016/semantic,manifest.v1.json#/ownershipSourceIndex/PEP-HRM-016/sourceRegister,G2_PUBLIC_PEP_PRIMARY_ROUTE_OWNER,SEALED_G3_PRIMARY_OWNER
PEP-PAY-001,PUBLIC_PEP,HRIS-PAY,BASE-TFR-PAY-015,manifest.v1.json#/ownershipSourceIndex/PEP-PAY-001/semantic,manifest.v1.json#/ownershipSourceIndex/PEP-PAY-001/sourceRegister,G2_PUBLIC_PEP_PRIMARY_ROUTE_OWNER,SEALED_G3_PRIMARY_OWNER
PEP-PAY-002,PUBLIC_PEP,HRIS-PAY,BASE-TFR-PAY-007,manifest.v1.json#/ownershipSourceIndex/PEP-PAY-002/semantic,manifest.v1.json#/ownershipSourceIndex/PEP-PAY-002/sourceRegister,G2_PUBLIC_PEP_PRIMARY_ROUTE_OWNER,SEALED_G3_PRIMARY_OWNER
PEP-PAY-003,PUBLIC_PEP,HRIS-PAY,BASE-TFR-PAY-007,manifest.v1.json#/ownershipSourceIndex/PEP-PAY-003/semantic,manifest.v1.json#/ownershipSourceIndex/PEP-PAY-003/sourceRegister,G2_PUBLIC_PEP_PRIMARY_ROUTE_OWNER,SEALED_G3_PRIMARY_OWNER
PEP-PAY-004,PUBLIC_PEP,HRIS-PAY,BASE-TFR-PAY-006,manifest.v1.json#/ownershipSourceIndex/PEP-PAY-004/semantic,manifest.v1.json#/ownershipSourceIndex/PEP-PAY-004/sourceRegister,G2_PUBLIC_PEP_PRIMARY_ROUTE_OWNER,SEALED_G3_PRIMARY_OWNER
PEP-PAY-005,PUBLIC_PEP,HRIS-PAY,BASE-TFR-PAY-006,manifest.v1.json#/ownershipSourceIndex/PEP-PAY-005/semantic,manifest.v1.json#/ownershipSourceIndex/PEP-PAY-005/sourceRegister,G2_PUBLIC_PEP_PRIMARY_ROUTE_OWNER,SEALED_G3_PRIMARY_OWNER
PEP-PAY-006,PUBLIC_PEP,HRIS-PAY,BASE-TFR-PAY-006,manifest.v1.json#/ownershipSourceIndex/PEP-PAY-006/semantic,manifest.v1.json#/ownershipSourceIndex/PEP-PAY-006/sourceRegister,G2_PUBLIC_PEP_PRIMARY_ROUTE_OWNER,SEALED_G3_PRIMARY_OWNER
PEP-PAY-007,PUBLIC_PEP,HRIS-PAY,BASE-TFR-PAY-006,manifest.v1.json#/ownershipSourceIndex/PEP-PAY-007/semantic,manifest.v1.json#/ownershipSourceIndex/PEP-PAY-007/sourceRegister,G2_PUBLIC_PEP_PRIMARY_ROUTE_OWNER,SEALED_G3_PRIMARY_OWNER
PEP-PAY-008,PUBLIC_PEP,HRIS-PAY,BASE-TFR-PAY-006,manifest.v1.json#/ownershipSourceIndex/PEP-PAY-008/semantic,manifest.v1.json#/ownershipSourceIndex/PEP-PAY-008/sourceRegister,G2_PUBLIC_PEP_PRIMARY_ROUTE_OWNER,SEALED_G3_PRIMARY_OWNER
PEP-PAY-009,PUBLIC_PEP,HRIS-PAY,BASE-TFR-PAY-016,manifest.v1.json#/ownershipSourceIndex/PEP-PAY-009/semantic,manifest.v1.json#/ownershipSourceIndex/PEP-PAY-009/sourceRegister,G2_PUBLIC_PEP_PRIMARY_ROUTE_OWNER,SEALED_G3_PRIMARY_OWNER
PEP-PAY-010,PUBLIC_PEP,HRIS-PAY,BASE-TFR-PAY-016,manifest.v1.json#/ownershipSourceIndex/PEP-PAY-010/semantic,manifest.v1.json#/ownershipSourceIndex/PEP-PAY-010/sourceRegister,G2_PUBLIC_PEP_PRIMARY_ROUTE_OWNER,SEALED_G3_PRIMARY_OWNER
PEP-PAY-011,PUBLIC_PEP,HRIS-PAY,BASE-TFR-PAY-013,manifest.v1.json#/ownershipSourceIndex/PEP-PAY-011/semantic,manifest.v1.json#/ownershipSourceIndex/PEP-PAY-011/sourceRegister,G2_PUBLIC_PEP_PRIMARY_ROUTE_OWNER,SEALED_G3_PRIMARY_OWNER
PEP-PAY-012,PUBLIC_PEP,HRIS-PAY,BASE-TFR-PAY-011,manifest.v1.json#/ownershipSourceIndex/PEP-PAY-012/semantic,manifest.v1.json#/ownershipSourceIndex/PEP-PAY-012/sourceRegister,G2_PUBLIC_PEP_PRIMARY_ROUTE_OWNER,SEALED_G3_PRIMARY_OWNER
PEP-PAY-013,PUBLIC_PEP,HRIS-PAY,BASE-TFR-PAY-011,manifest.v1.json#/ownershipSourceIndex/PEP-PAY-013/semantic,manifest.v1.json#/ownershipSourceIndex/PEP-PAY-013/sourceRegister,G2_PUBLIC_PEP_PRIMARY_ROUTE_OWNER,SEALED_G3_PRIMARY_OWNER
PEP-PAY-014,PUBLIC_PEP,HRIS-PAY,BASE-TFR-PAY-012,manifest.v1.json#/ownershipSourceIndex/PEP-PAY-014/semantic,manifest.v1.json#/ownershipSourceIndex/PEP-PAY-014/sourceRegister,G2_PUBLIC_PEP_PRIMARY_ROUTE_OWNER,SEALED_G3_PRIMARY_OWNER
PEP-PAY-015,PUBLIC_PEP,HRIS-PAY,BASE-TFR-PAY-012,manifest.v1.json#/ownershipSourceIndex/PEP-PAY-015/semantic,manifest.v1.json#/ownershipSourceIndex/PEP-PAY-015/sourceRegister,G2_PUBLIC_PEP_PRIMARY_ROUTE_OWNER,SEALED_G3_PRIMARY_OWNER
PEP-PAY-016,PUBLIC_PEP,HRIS-PAY,BASE-TFR-PAY-012,manifest.v1.json#/ownershipSourceIndex/PEP-PAY-016/semantic,manifest.v1.json#/ownershipSourceIndex/PEP-PAY-016/sourceRegister,G2_PUBLIC_PEP_PRIMARY_ROUTE_OWNER,SEALED_G3_PRIMARY_OWNER
PEP-PAY-017,PUBLIC_PEP,HRIS-PAY,BASE-TFR-PAY-011,manifest.v1.json#/ownershipSourceIndex/PEP-PAY-017/semantic,manifest.v1.json#/ownershipSourceIndex/PEP-PAY-017/sourceRegister,G2_PUBLIC_PEP_PRIMARY_ROUTE_OWNER,SEALED_G3_PRIMARY_OWNER
PEP-PAY-018,PUBLIC_PEP,HRIS-PAY,BASE-TFR-PAY-011,manifest.v1.json#/ownershipSourceIndex/PEP-PAY-018/semantic,manifest.v1.json#/ownershipSourceIndex/PEP-PAY-018/sourceRegister,G2_PUBLIC_PEP_PRIMARY_ROUTE_OWNER,SEALED_G3_PRIMARY_OWNER
PEP-PAY-019,PUBLIC_PEP,HRIS-PAY,BASE-TFR-PAY-010,manifest.v1.json#/ownershipSourceIndex/PEP-PAY-019/semantic,manifest.v1.json#/ownershipSourceIndex/PEP-PAY-019/sourceRegister,G2_PUBLIC_PEP_PRIMARY_ROUTE_OWNER,SEALED_G3_PRIMARY_OWNER
PEP-PAY-020,PUBLIC_PEP,HRIS-PAY,BASE-TFR-PAY-010,manifest.v1.json#/ownershipSourceIndex/PEP-PAY-020/semantic,manifest.v1.json#/ownershipSourceIndex/PEP-PAY-020/sourceRegister,G2_PUBLIC_PEP_PRIMARY_ROUTE_OWNER,SEALED_G3_PRIMARY_OWNER
PEP-PAY-021,PUBLIC_PEP,HRIS-PAY,BASE-TFR-PAY-008,manifest.v1.json#/ownershipSourceIndex/PEP-PAY-021/semantic,manifest.v1.json#/ownershipSourceIndex/PEP-PAY-021/sourceRegister,G2_PUBLIC_PEP_PRIMARY_ROUTE_OWNER,SEALED_G3_PRIMARY_OWNER
PEP-PAY-022,PUBLIC_PEP,HRIS-PAY,BASE-TFR-PAY-008,manifest.v1.json#/ownershipSourceIndex/PEP-PAY-022/semantic,manifest.v1.json#/ownershipSourceIndex/PEP-PAY-022/sourceRegister,G2_PUBLIC_PEP_PRIMARY_ROUTE_OWNER,SEALED_G3_PRIMARY_OWNER
PEP-PAY-023,PUBLIC_PEP,HRIS-PAY,BASE-TFR-PAY-008,manifest.v1.json#/ownershipSourceIndex/PEP-PAY-023/semantic,manifest.v1.json#/ownershipSourceIndex/PEP-PAY-023/sourceRegister,G2_PUBLIC_PEP_PRIMARY_ROUTE_OWNER,SEALED_G3_PRIMARY_OWNER
PEP-PAY-024,PUBLIC_PEP,HRIS-PAY,BASE-TFR-PAY-008,manifest.v1.json#/ownershipSourceIndex/PEP-PAY-024/semantic,manifest.v1.json#/ownershipSourceIndex/PEP-PAY-024/sourceRegister,G2_PUBLIC_PEP_PRIMARY_ROUTE_OWNER,SEALED_G3_PRIMARY_OWNER
PEP-PAY-025,PUBLIC_PEP,HRIS-PAY,BASE-TFR-PAY-008,manifest.v1.json#/ownershipSourceIndex/PEP-PAY-025/semantic,manifest.v1.json#/ownershipSourceIndex/PEP-PAY-025/sourceRegister,G2_PUBLIC_PEP_PRIMARY_ROUTE_OWNER,SEALED_G3_PRIMARY_OWNER
PEP-PAY-026,PUBLIC_PEP,HRIS-PAY,BASE-TFR-PAY-009,manifest.v1.json#/ownershipSourceIndex/PEP-PAY-026/semantic,manifest.v1.json#/ownershipSourceIndex/PEP-PAY-026/sourceRegister,G2_PUBLIC_PEP_PRIMARY_ROUTE_OWNER,SEALED_G3_PRIMARY_OWNER
PEP-PAY-027,PUBLIC_PEP,HRIS-PAY,BASE-TFR-PAY-009,manifest.v1.json#/ownershipSourceIndex/PEP-PAY-027/semantic,manifest.v1.json#/ownershipSourceIndex/PEP-PAY-027/sourceRegister,G2_PUBLIC_PEP_PRIMARY_ROUTE_OWNER,SEALED_G3_PRIMARY_OWNER
PEP-PAY-028,PUBLIC_PEP,HRIS-PAY,BASE-TFR-PAY-003,manifest.v1.json#/ownershipSourceIndex/PEP-PAY-028/semantic,manifest.v1.json#/ownershipSourceIndex/PEP-PAY-028/sourceRegister,G2_PUBLIC_PEP_PRIMARY_ROUTE_OWNER,SEALED_G3_PRIMARY_OWNER
PEP-PAY-029,PUBLIC_PEP,HRIS-PAY,BASE-TFR-PAY-017,manifest.v1.json#/ownershipSourceIndex/PEP-PAY-029/semantic,manifest.v1.json#/ownershipSourceIndex/PEP-PAY-029/sourceRegister,G2_PUBLIC_PEP_PRIMARY_ROUTE_OWNER,SEALED_G3_PRIMARY_OWNER
PEP-PAY-030,PUBLIC_PEP,HRIS-PAY,BASE-TFR-PAY-017,manifest.v1.json#/ownershipSourceIndex/PEP-PAY-030/semantic,manifest.v1.json#/ownershipSourceIndex/PEP-PAY-030/sourceRegister,G2_PUBLIC_PEP_PRIMARY_ROUTE_OWNER,SEALED_G3_PRIMARY_OWNER
PEP-PAY-031,PUBLIC_PEP,HRIS-PAY,BASE-TFR-PAY-017,manifest.v1.json#/ownershipSourceIndex/PEP-PAY-031/semantic,manifest.v1.json#/ownershipSourceIndex/PEP-PAY-031/sourceRegister,G2_PUBLIC_PEP_PRIMARY_ROUTE_OWNER,SEALED_G3_PRIMARY_OWNER
PEP-PAY-032,PUBLIC_PEP,HRIS-PAY,BASE-TFR-PAY-012,manifest.v1.json#/ownershipSourceIndex/PEP-PAY-032/semantic,manifest.v1.json#/ownershipSourceIndex/PEP-PAY-032/sourceRegister,G2_PUBLIC_PEP_PRIMARY_ROUTE_OWNER,SEALED_G3_PRIMARY_OWNER
PEP-PAY-033,PUBLIC_PEP,HRIS-PAY,BASE-TFR-PAY-011,manifest.v1.json#/ownershipSourceIndex/PEP-PAY-033/semantic,manifest.v1.json#/ownershipSourceIndex/PEP-PAY-033/sourceRegister,G2_PUBLIC_PEP_PRIMARY_ROUTE_OWNER,SEALED_G3_PRIMARY_OWNER
PEP-PER-001,PUBLIC_PEP,HRIS-PER,BASE-TFR-PER-007,manifest.v1.json#/ownershipSourceIndex/PEP-PER-001/semantic,manifest.v1.json#/ownershipSourceIndex/PEP-PER-001/sourceRegister,G2_PUBLIC_PEP_PRIMARY_ROUTE_OWNER,SEALED_G3_PRIMARY_OWNER
PEP-PER-002,PUBLIC_PEP,HRIS-PER,BASE-TFR-PER-005,manifest.v1.json#/ownershipSourceIndex/PEP-PER-002/semantic,manifest.v1.json#/ownershipSourceIndex/PEP-PER-002/sourceRegister,G2_PUBLIC_PEP_PRIMARY_ROUTE_OWNER,SEALED_G3_PRIMARY_OWNER
PEP-PER-003,PUBLIC_PEP,HRIS-PER,BASE-TFR-PER-005,manifest.v1.json#/ownershipSourceIndex/PEP-PER-003/semantic,manifest.v1.json#/ownershipSourceIndex/PEP-PER-003/sourceRegister,G2_PUBLIC_PEP_PRIMARY_ROUTE_OWNER,SEALED_G3_PRIMARY_OWNER
PEP-PER-004,PUBLIC_PEP,HRIS-PER,BASE-TFR-PER-005,manifest.v1.json#/ownershipSourceIndex/PEP-PER-004/semantic,manifest.v1.json#/ownershipSourceIndex/PEP-PER-004/sourceRegister,G2_PUBLIC_PEP_PRIMARY_ROUTE_OWNER,SEALED_G3_PRIMARY_OWNER
PEP-PER-005,PUBLIC_PEP,HRIS-PER,BASE-TFR-PER-005,manifest.v1.json#/ownershipSourceIndex/PEP-PER-005/semantic,manifest.v1.json#/ownershipSourceIndex/PEP-PER-005/sourceRegister,G2_PUBLIC_PEP_PRIMARY_ROUTE_OWNER,SEALED_G3_PRIMARY_OWNER
PEP-PER-006,PUBLIC_PEP,HRIS-PER,BASE-TFR-PER-005,manifest.v1.json#/ownershipSourceIndex/PEP-PER-006/semantic,manifest.v1.json#/ownershipSourceIndex/PEP-PER-006/sourceRegister,G2_PUBLIC_PEP_PRIMARY_ROUTE_OWNER,SEALED_G3_PRIMARY_OWNER
PEP-PER-007,PUBLIC_PEP,HRIS-PER,BASE-TFR-PER-005,manifest.v1.json#/ownershipSourceIndex/PEP-PER-007/semantic,manifest.v1.json#/ownershipSourceIndex/PEP-PER-007/sourceRegister,G2_PUBLIC_PEP_PRIMARY_ROUTE_OWNER,SEALED_G3_PRIMARY_OWNER
PEP-PER-008,PUBLIC_PEP,HRIS-PER,BASE-TFR-PER-006,manifest.v1.json#/ownershipSourceIndex/PEP-PER-008/semantic,manifest.v1.json#/ownershipSourceIndex/PEP-PER-008/sourceRegister,G2_PUBLIC_PEP_PRIMARY_ROUTE_OWNER,SEALED_G3_PRIMARY_OWNER
PEP-PER-009,PUBLIC_PEP,HRIS-PER,BASE-TFR-PER-006,manifest.v1.json#/ownershipSourceIndex/PEP-PER-009/semantic,manifest.v1.json#/ownershipSourceIndex/PEP-PER-009/sourceRegister,G2_PUBLIC_PEP_PRIMARY_ROUTE_OWNER,SEALED_G3_PRIMARY_OWNER
PEP-PER-010,PUBLIC_PEP,HRIS-PER,BASE-TFR-PER-009,manifest.v1.json#/ownershipSourceIndex/PEP-PER-010/semantic,manifest.v1.json#/ownershipSourceIndex/PEP-PER-010/sourceRegister,G2_PUBLIC_PEP_PRIMARY_ROUTE_OWNER,SEALED_G3_PRIMARY_OWNER
PEP-PER-011,PUBLIC_PEP,HRIS-PER,BASE-TFR-PER-009,manifest.v1.json#/ownershipSourceIndex/PEP-PER-011/semantic,manifest.v1.json#/ownershipSourceIndex/PEP-PER-011/sourceRegister,G2_PUBLIC_PEP_PRIMARY_ROUTE_OWNER,SEALED_G3_PRIMARY_OWNER
PEP-PER-012,PUBLIC_PEP,HRIS-PER,BASE-TFR-PER-013,manifest.v1.json#/ownershipSourceIndex/PEP-PER-012/semantic,manifest.v1.json#/ownershipSourceIndex/PEP-PER-012/sourceRegister,G2_PUBLIC_PEP_PRIMARY_ROUTE_OWNER,SEALED_G3_PRIMARY_OWNER
PEP-PER-013,PUBLIC_PEP,HRIS-PER,BASE-TFR-PER-013,manifest.v1.json#/ownershipSourceIndex/PEP-PER-013/semantic,manifest.v1.json#/ownershipSourceIndex/PEP-PER-013/sourceRegister,G2_PUBLIC_PEP_PRIMARY_ROUTE_OWNER,SEALED_G3_PRIMARY_OWNER
PEP-PER-014,PUBLIC_PEP,HRIS-PER,BASE-TFR-PER-013,manifest.v1.json#/ownershipSourceIndex/PEP-PER-014/semantic,manifest.v1.json#/ownershipSourceIndex/PEP-PER-014/sourceRegister,G2_PUBLIC_PEP_PRIMARY_ROUTE_OWNER,SEALED_G3_PRIMARY_OWNER
PEP-PER-015,PUBLIC_PEP,HRIS-PER,BASE-TFR-PER-008,manifest.v1.json#/ownershipSourceIndex/PEP-PER-015/semantic,manifest.v1.json#/ownershipSourceIndex/PEP-PER-015/sourceRegister,G2_PUBLIC_PEP_PRIMARY_ROUTE_OWNER,SEALED_G3_PRIMARY_OWNER
PEP-PER-016,PUBLIC_PEP,HRIS-PER,BASE-TFR-PER-003,manifest.v1.json#/ownershipSourceIndex/PEP-PER-016/semantic,manifest.v1.json#/ownershipSourceIndex/PEP-PER-016/sourceRegister,G2_PUBLIC_PEP_PRIMARY_ROUTE_OWNER,SEALED_G3_PRIMARY_OWNER
PEP-PER-017,PUBLIC_PEP,HRIS-PER,BASE-TFR-PER-002,manifest.v1.json#/ownershipSourceIndex/PEP-PER-017/semantic,manifest.v1.json#/ownershipSourceIndex/PEP-PER-017/sourceRegister,G2_PUBLIC_PEP_PRIMARY_ROUTE_OWNER,SEALED_G3_PRIMARY_OWNER
PEP-PER-018,PUBLIC_PEP,HRIS-PER,BASE-TFR-PER-012,manifest.v1.json#/ownershipSourceIndex/PEP-PER-018/semantic,manifest.v1.json#/ownershipSourceIndex/PEP-PER-018/sourceRegister,G2_PUBLIC_PEP_PRIMARY_ROUTE_OWNER,SEALED_G3_PRIMARY_OWNER
PEP-PER-019,PUBLIC_PEP,HRIS-PER,BASE-TFR-PER-012,manifest.v1.json#/ownershipSourceIndex/PEP-PER-019/semantic,manifest.v1.json#/ownershipSourceIndex/PEP-PER-019/sourceRegister,G2_PUBLIC_PEP_PRIMARY_ROUTE_OWNER,SEALED_G3_PRIMARY_OWNER
PEP-PER-020,PUBLIC_PEP,HRIS-PER,BASE-TFR-PER-010,manifest.v1.json#/ownershipSourceIndex/PEP-PER-020/semantic,manifest.v1.json#/ownershipSourceIndex/PEP-PER-020/sourceRegister,G2_PUBLIC_PEP_PRIMARY_ROUTE_OWNER,SEALED_G3_PRIMARY_OWNER
PEP-PER-021,PUBLIC_PEP,HRIS-PER,BASE-TFR-PER-011,manifest.v1.json#/ownershipSourceIndex/PEP-PER-021/semantic,manifest.v1.json#/ownershipSourceIndex/PEP-PER-021/sourceRegister,G2_PUBLIC_PEP_PRIMARY_ROUTE_OWNER,SEALED_G3_PRIMARY_OWNER
PEP-SYS-001,PUBLIC_PEP,HRIS-SYS,BASE-TFR-SYS-004,manifest.v1.json#/ownershipSourceIndex/PEP-SYS-001/semantic,manifest.v1.json#/ownershipSourceIndex/PEP-SYS-001/sourceRegister,G2_PUBLIC_PEP_PRIMARY_ROUTE_OWNER,SEALED_G3_PRIMARY_OWNER
PEP-SYS-002,PUBLIC_PEP,HRIS-SYS,BASE-TFR-SYS-004,manifest.v1.json#/ownershipSourceIndex/PEP-SYS-002/semantic,manifest.v1.json#/ownershipSourceIndex/PEP-SYS-002/sourceRegister,G2_PUBLIC_PEP_PRIMARY_ROUTE_OWNER,SEALED_G3_PRIMARY_OWNER
PEP-SYS-003,PUBLIC_PEP,HRIS-SYS,BASE-TFR-SYS-004,manifest.v1.json#/ownershipSourceIndex/PEP-SYS-003/semantic,manifest.v1.json#/ownershipSourceIndex/PEP-SYS-003/sourceRegister,G2_PUBLIC_PEP_PRIMARY_ROUTE_OWNER,SEALED_G3_PRIMARY_OWNER
PEP-SYS-004,PUBLIC_PEP,HRIS-SYS,BASE-TFR-SYS-004,manifest.v1.json#/ownershipSourceIndex/PEP-SYS-004/semantic,manifest.v1.json#/ownershipSourceIndex/PEP-SYS-004/sourceRegister,G2_PUBLIC_PEP_PRIMARY_ROUTE_OWNER,SEALED_G3_PRIMARY_OWNER
PEP-SYS-005,PUBLIC_PEP,HRIS-SYS,BASE-TFR-SYS-004,manifest.v1.json#/ownershipSourceIndex/PEP-SYS-005/semantic,manifest.v1.json#/ownershipSourceIndex/PEP-SYS-005/sourceRegister,G2_PUBLIC_PEP_PRIMARY_ROUTE_OWNER,SEALED_G3_PRIMARY_OWNER
PEP-SYS-006,PUBLIC_PEP,HRIS-SYS,BASE-TFR-SYS-004,manifest.v1.json#/ownershipSourceIndex/PEP-SYS-006/semantic,manifest.v1.json#/ownershipSourceIndex/PEP-SYS-006/sourceRegister,G2_PUBLIC_PEP_PRIMARY_ROUTE_OWNER,SEALED_G3_PRIMARY_OWNER
PEP-SYS-007,PUBLIC_PEP,HRIS-SYS,BASE-TFR-SYS-004,manifest.v1.json#/ownershipSourceIndex/PEP-SYS-007/semantic,manifest.v1.json#/ownershipSourceIndex/PEP-SYS-007/sourceRegister,G2_PUBLIC_PEP_PRIMARY_ROUTE_OWNER,SEALED_G3_PRIMARY_OWNER
PEP-SYS-008,PUBLIC_PEP,HRIS-SYS,BASE-TFR-SYS-004,manifest.v1.json#/ownershipSourceIndex/PEP-SYS-008/semantic,manifest.v1.json#/ownershipSourceIndex/PEP-SYS-008/sourceRegister,G2_PUBLIC_PEP_PRIMARY_ROUTE_OWNER,SEALED_G3_PRIMARY_OWNER
PEP-SYS-009,PUBLIC_PEP,HRIS-SYS,BASE-TFR-SYS-004,manifest.v1.json#/ownershipSourceIndex/PEP-SYS-009/semantic,manifest.v1.json#/ownershipSourceIndex/PEP-SYS-009/sourceRegister,G2_PUBLIC_PEP_PRIMARY_ROUTE_OWNER,SEALED_G3_PRIMARY_OWNER
PEP-SYS-010,PUBLIC_PEP,HRIS-SYS,BASE-TFR-SYS-004,manifest.v1.json#/ownershipSourceIndex/PEP-SYS-010/semantic,manifest.v1.json#/ownershipSourceIndex/PEP-SYS-010/sourceRegister,G2_PUBLIC_PEP_PRIMARY_ROUTE_OWNER,SEALED_G3_PRIMARY_OWNER
PEP-SYS-011,PUBLIC_PEP,HRIS-SYS,BASE-TFR-SYS-007,manifest.v1.json#/ownershipSourceIndex/PEP-SYS-011/semantic,manifest.v1.json#/ownershipSourceIndex/PEP-SYS-011/sourceRegister,G2_PUBLIC_PEP_PRIMARY_ROUTE_OWNER,SEALED_G3_PRIMARY_OWNER
PEP-SYS-012,PUBLIC_PEP,HRIS-SYS,BASE-TFR-SYS-007,manifest.v1.json#/ownershipSourceIndex/PEP-SYS-012/semantic,manifest.v1.json#/ownershipSourceIndex/PEP-SYS-012/sourceRegister,G2_PUBLIC_PEP_PRIMARY_ROUTE_OWNER,SEALED_G3_PRIMARY_OWNER
PEP-SYS-013,PUBLIC_PEP,HRIS-SYS,BASE-TFR-SYS-007,manifest.v1.json#/ownershipSourceIndex/PEP-SYS-013/semantic,manifest.v1.json#/ownershipSourceIndex/PEP-SYS-013/sourceRegister,G2_PUBLIC_PEP_PRIMARY_ROUTE_OWNER,SEALED_G3_PRIMARY_OWNER
PEP-SYS-014,PUBLIC_PEP,HRIS-SYS,BASE-TFR-SYS-007,manifest.v1.json#/ownershipSourceIndex/PEP-SYS-014/semantic,manifest.v1.json#/ownershipSourceIndex/PEP-SYS-014/sourceRegister,G2_PUBLIC_PEP_PRIMARY_ROUTE_OWNER,SEALED_G3_PRIMARY_OWNER
PEP-SYS-015,PUBLIC_PEP,HRIS-SYS,BASE-TFR-SYS-007,manifest.v1.json#/ownershipSourceIndex/PEP-SYS-015/semantic,manifest.v1.json#/ownershipSourceIndex/PEP-SYS-015/sourceRegister,G2_PUBLIC_PEP_PRIMARY_ROUTE_OWNER,SEALED_G3_PRIMARY_OWNER
PEP-SYS-016,PUBLIC_PEP,HRIS-SYS,BASE-TFR-SYS-007,manifest.v1.json#/ownershipSourceIndex/PEP-SYS-016/semantic,manifest.v1.json#/ownershipSourceIndex/PEP-SYS-016/sourceRegister,G2_PUBLIC_PEP_PRIMARY_ROUTE_OWNER,SEALED_G3_PRIMARY_OWNER
PEP-SYS-017,PUBLIC_PEP,HRIS-SYS,BASE-TFR-SYS-006,manifest.v1.json#/ownershipSourceIndex/PEP-SYS-017/semantic,manifest.v1.json#/ownershipSourceIndex/PEP-SYS-017/sourceRegister,G2_PUBLIC_PEP_PRIMARY_ROUTE_OWNER,SEALED_G3_PRIMARY_OWNER
PEP-SYS-018,PUBLIC_PEP,HRIS-SYS,BASE-TFR-SYS-006,manifest.v1.json#/ownershipSourceIndex/PEP-SYS-018/semantic,manifest.v1.json#/ownershipSourceIndex/PEP-SYS-018/sourceRegister,G2_PUBLIC_PEP_PRIMARY_ROUTE_OWNER,SEALED_G3_PRIMARY_OWNER
PEP-SYS-019,PUBLIC_PEP,HRIS-SYS,BASE-TFR-SYS-006,manifest.v1.json#/ownershipSourceIndex/PEP-SYS-019/semantic,manifest.v1.json#/ownershipSourceIndex/PEP-SYS-019/sourceRegister,G2_PUBLIC_PEP_PRIMARY_ROUTE_OWNER,SEALED_G3_PRIMARY_OWNER
PEP-SYS-020,PUBLIC_PEP,HRIS-SYS,BASE-TFR-SYS-006,manifest.v1.json#/ownershipSourceIndex/PEP-SYS-020/semantic,manifest.v1.json#/ownershipSourceIndex/PEP-SYS-020/sourceRegister,G2_PUBLIC_PEP_PRIMARY_ROUTE_OWNER,SEALED_G3_PRIMARY_OWNER
PEP-SYS-021,PUBLIC_PEP,HRIS-SYS,BASE-TFR-SYS-006,manifest.v1.json#/ownershipSourceIndex/PEP-SYS-021/semantic,manifest.v1.json#/ownershipSourceIndex/PEP-SYS-021/sourceRegister,G2_PUBLIC_PEP_PRIMARY_ROUTE_OWNER,SEALED_G3_PRIMARY_OWNER
PEP-SYS-022,PUBLIC_PEP,HRIS-SYS,BASE-TFR-SYS-008,manifest.v1.json#/ownershipSourceIndex/PEP-SYS-022/semantic,manifest.v1.json#/ownershipSourceIndex/PEP-SYS-022/sourceRegister,G2_PUBLIC_PEP_PRIMARY_ROUTE_OWNER,SEALED_G3_PRIMARY_OWNER
PEP-SYS-023,PUBLIC_PEP,HRIS-SYS,BASE-TFR-SYS-008,manifest.v1.json#/ownershipSourceIndex/PEP-SYS-023/semantic,manifest.v1.json#/ownershipSourceIndex/PEP-SYS-023/sourceRegister,G2_PUBLIC_PEP_PRIMARY_ROUTE_OWNER,SEALED_G3_PRIMARY_OWNER
PEP-SYS-024,PUBLIC_PEP,HRIS-SYS,BASE-TFR-SYS-008,manifest.v1.json#/ownershipSourceIndex/PEP-SYS-024/semantic,manifest.v1.json#/ownershipSourceIndex/PEP-SYS-024/sourceRegister,G2_PUBLIC_PEP_PRIMARY_ROUTE_OWNER,SEALED_G3_PRIMARY_OWNER
PEP-SYS-025,PUBLIC_PEP,HRIS-SYS,BASE-TFR-SYS-008,manifest.v1.json#/ownershipSourceIndex/PEP-SYS-025/semantic,manifest.v1.json#/ownershipSourceIndex/PEP-SYS-025/sourceRegister,G2_PUBLIC_PEP_PRIMARY_ROUTE_OWNER,SEALED_G3_PRIMARY_OWNER
PEP-SYS-026,PUBLIC_PEP,HRIS-SYS,BASE-TFR-SYS-008,manifest.v1.json#/ownershipSourceIndex/PEP-SYS-026/semantic,manifest.v1.json#/ownershipSourceIndex/PEP-SYS-026/sourceRegister,G2_PUBLIC_PEP_PRIMARY_ROUTE_OWNER,SEALED_G3_PRIMARY_OWNER
PEP-SYS-027,PUBLIC_PEP,HRIS-SYS,BASE-TFR-SYS-008,manifest.v1.json#/ownershipSourceIndex/PEP-SYS-027/semantic,manifest.v1.json#/ownershipSourceIndex/PEP-SYS-027/sourceRegister,G2_PUBLIC_PEP_PRIMARY_ROUTE_OWNER,SEALED_G3_PRIMARY_OWNER
PEP-SYS-028,PUBLIC_PEP,HRIS-SYS,BASE-TFR-SYS-012,manifest.v1.json#/ownershipSourceIndex/PEP-SYS-028/semantic,manifest.v1.json#/ownershipSourceIndex/PEP-SYS-028/sourceRegister,G2_PUBLIC_PEP_PRIMARY_ROUTE_OWNER,SEALED_G3_PRIMARY_OWNER
PEP-SYS-029,PUBLIC_PEP,HRIS-SYS,BASE-TFR-SYS-012,manifest.v1.json#/ownershipSourceIndex/PEP-SYS-029/semantic,manifest.v1.json#/ownershipSourceIndex/PEP-SYS-029/sourceRegister,G2_PUBLIC_PEP_PRIMARY_ROUTE_OWNER,SEALED_G3_PRIMARY_OWNER
PEP-SYS-030,PUBLIC_PEP,HRIS-SYS,BASE-TFR-HRM-015,manifest.v1.json#/ownershipSourceIndex/PEP-SYS-030/semantic,manifest.v1.json#/ownershipSourceIndex/PEP-SYS-030/sourceRegister,G2_PUBLIC_PEP_PRIMARY_ROUTE_OWNER,SEALED_G3_PRIMARY_OWNER
PEP-SYS-031,PUBLIC_PEP,HRIS-SYS,BASE-TFR-HRM-015,manifest.v1.json#/ownershipSourceIndex/PEP-SYS-031/semantic,manifest.v1.json#/ownershipSourceIndex/PEP-SYS-031/sourceRegister,G2_PUBLIC_PEP_PRIMARY_ROUTE_OWNER,SEALED_G3_PRIMARY_OWNER
PEP-SYS-032,PUBLIC_PEP,HRIS-SYS,BASE-TFR-HRM-015,manifest.v1.json#/ownershipSourceIndex/PEP-SYS-032/semantic,manifest.v1.json#/ownershipSourceIndex/PEP-SYS-032/sourceRegister,G2_PUBLIC_PEP_PRIMARY_ROUTE_OWNER,SEALED_G3_PRIMARY_OWNER
PEP-SYS-033,PUBLIC_PEP,HRIS-SYS,BASE-TFR-SYS-012,manifest.v1.json#/ownershipSourceIndex/PEP-SYS-033/semantic,manifest.v1.json#/ownershipSourceIndex/PEP-SYS-033/sourceRegister,G2_PUBLIC_PEP_PRIMARY_ROUTE_OWNER,SEALED_G3_PRIMARY_OWNER
PEP-SYS-034,PUBLIC_PEP,HRIS-SYS,BASE-TFR-SYS-012,manifest.v1.json#/ownershipSourceIndex/PEP-SYS-034/semantic,manifest.v1.json#/ownershipSourceIndex/PEP-SYS-034/sourceRegister,G2_PUBLIC_PEP_PRIMARY_ROUTE_OWNER,SEALED_G3_PRIMARY_OWNER
PEP-SYS-035,PUBLIC_PEP,HRIS-SYS,BASE-TFR-SYS-009,manifest.v1.json#/ownershipSourceIndex/PEP-SYS-035/semantic,manifest.v1.json#/ownershipSourceIndex/PEP-SYS-035/sourceRegister,G2_PUBLIC_PEP_PRIMARY_ROUTE_OWNER,SEALED_G3_PRIMARY_OWNER
PEP-SYS-036,PUBLIC_PEP,HRIS-SYS,BASE-TFR-SYS-009,manifest.v1.json#/ownershipSourceIndex/PEP-SYS-036/semantic,manifest.v1.json#/ownershipSourceIndex/PEP-SYS-036/sourceRegister,G2_PUBLIC_PEP_PRIMARY_ROUTE_OWNER,SEALED_G3_PRIMARY_OWNER
PEP-SYS-037,PUBLIC_PEP,HRIS-SYS,BASE-TFR-SYS-002,manifest.v1.json#/ownershipSourceIndex/PEP-SYS-037/semantic,manifest.v1.json#/ownershipSourceIndex/PEP-SYS-037/sourceRegister,G2_PUBLIC_PEP_PRIMARY_ROUTE_OWNER,SEALED_G3_PRIMARY_OWNER
PEP-SYS-038,PUBLIC_PEP,HRIS-SYS,BASE-TFR-SYS-002,manifest.v1.json#/ownershipSourceIndex/PEP-SYS-038/semantic,manifest.v1.json#/ownershipSourceIndex/PEP-SYS-038/sourceRegister,G2_PUBLIC_PEP_PRIMARY_ROUTE_OWNER,SEALED_G3_PRIMARY_OWNER
PEP-SYS-039,PUBLIC_PEP,HRIS-SYS,BASE-TFR-SYS-004,manifest.v1.json#/ownershipSourceIndex/PEP-SYS-039/semantic,manifest.v1.json#/ownershipSourceIndex/PEP-SYS-039/sourceRegister,G2_PUBLIC_PEP_PRIMARY_ROUTE_OWNER,SEALED_G3_PRIMARY_OWNER
PEP-SYS-040,PUBLIC_PEP,HRIS-SYS,BASE-TFR-SYS-002,manifest.v1.json#/ownershipSourceIndex/PEP-SYS-040/semantic,manifest.v1.json#/ownershipSourceIndex/PEP-SYS-040/sourceRegister,G2_PUBLIC_PEP_PRIMARY_ROUTE_OWNER,SEALED_G3_PRIMARY_OWNER
PEP-SYS-041,PUBLIC_PEP,HRIS-SYS,BASE-TFR-SYS-012,manifest.v1.json#/ownershipSourceIndex/PEP-SYS-041/semantic,manifest.v1.json#/ownershipSourceIndex/PEP-SYS-041/sourceRegister,G2_PUBLIC_PEP_PRIMARY_ROUTE_OWNER,SEALED_G3_PRIMARY_OWNER
PEP-SYS-042,PUBLIC_PEP,HRIS-SYS,BASE-TFR-SYS-012,manifest.v1.json#/ownershipSourceIndex/PEP-SYS-042/semantic,manifest.v1.json#/ownershipSourceIndex/PEP-SYS-042/sourceRegister,G2_PUBLIC_PEP_PRIMARY_ROUTE_OWNER,SEALED_G3_PRIMARY_OWNER
PEP-SYS-043,PUBLIC_PEP,HRIS-SYS,BASE-TFR-SYS-007,manifest.v1.json#/ownershipSourceIndex/PEP-SYS-043/semantic,manifest.v1.json#/ownershipSourceIndex/PEP-SYS-043/sourceRegister,G2_PUBLIC_PEP_PRIMARY_ROUTE_OWNER,SEALED_G3_PRIMARY_OWNER
PEP-SYS-044,PUBLIC_PEP,HRIS-SYS,BASE-TFR-SYS-007,manifest.v1.json#/ownershipSourceIndex/PEP-SYS-044/semantic,manifest.v1.json#/ownershipSourceIndex/PEP-SYS-044/sourceRegister,G2_PUBLIC_PEP_PRIMARY_ROUTE_OWNER,SEALED_G3_PRIMARY_OWNER
PEP-SYS-045,PUBLIC_PEP,HRIS-SYS,BASE-TFR-SYS-007,manifest.v1.json#/ownershipSourceIndex/PEP-SYS-045/semantic,manifest.v1.json#/ownershipSourceIndex/PEP-SYS-045/sourceRegister,G2_PUBLIC_PEP_PRIMARY_ROUTE_OWNER,SEALED_G3_PRIMARY_OWNER
PEP-SYS-046,PUBLIC_PEP,HRIS-SYS,BASE-TFR-SYS-007,manifest.v1.json#/ownershipSourceIndex/PEP-SYS-046/semantic,manifest.v1.json#/ownershipSourceIndex/PEP-SYS-046/sourceRegister,G2_PUBLIC_PEP_PRIMARY_ROUTE_OWNER,SEALED_G3_PRIMARY_OWNER
PEP-SYS-047,PUBLIC_PEP,HRIS-SYS,BASE-TFR-SYS-007,manifest.v1.json#/ownershipSourceIndex/PEP-SYS-047/semantic,manifest.v1.json#/ownershipSourceIndex/PEP-SYS-047/sourceRegister,G2_PUBLIC_PEP_PRIMARY_ROUTE_OWNER,SEALED_G3_PRIMARY_OWNER
PEP-SYS-048,PUBLIC_PEP,HRIS-SYS,BASE-TFR-SYS-006,manifest.v1.json#/ownershipSourceIndex/PEP-SYS-048/semantic,manifest.v1.json#/ownershipSourceIndex/PEP-SYS-048/sourceRegister,G2_PUBLIC_PEP_PRIMARY_ROUTE_OWNER,SEALED_G3_PRIMARY_OWNER
PEP-SYS-049,PUBLIC_PEP,HRIS-SYS,BASE-TFR-SYS-006,manifest.v1.json#/ownershipSourceIndex/PEP-SYS-049/semantic,manifest.v1.json#/ownershipSourceIndex/PEP-SYS-049/sourceRegister,G2_PUBLIC_PEP_PRIMARY_ROUTE_OWNER,SEALED_G3_PRIMARY_OWNER
PEP-SYS-050,PUBLIC_PEP,HRIS-SYS,BASE-TFR-SYS-006,manifest.v1.json#/ownershipSourceIndex/PEP-SYS-050/semantic,manifest.v1.json#/ownershipSourceIndex/PEP-SYS-050/sourceRegister,G2_PUBLIC_PEP_PRIMARY_ROUTE_OWNER,SEALED_G3_PRIMARY_OWNER
PEP-SYS-051,PUBLIC_PEP,HRIS-SYS,BASE-TFR-SYS-006,manifest.v1.json#/ownershipSourceIndex/PEP-SYS-051/semantic,manifest.v1.json#/ownershipSourceIndex/PEP-SYS-051/sourceRegister,G2_PUBLIC_PEP_PRIMARY_ROUTE_OWNER,SEALED_G3_PRIMARY_OWNER
PEP-SYS-052,PUBLIC_PEP,HRIS-SYS,BASE-TFR-SYS-006,manifest.v1.json#/ownershipSourceIndex/PEP-SYS-052/semantic,manifest.v1.json#/ownershipSourceIndex/PEP-SYS-052/sourceRegister,G2_PUBLIC_PEP_PRIMARY_ROUTE_OWNER,SEALED_G3_PRIMARY_OWNER
PEP-SYS-053,PUBLIC_PEP,HRIS-SYS,BASE-TFR-SYS-006,manifest.v1.json#/ownershipSourceIndex/PEP-SYS-053/semantic,manifest.v1.json#/ownershipSourceIndex/PEP-SYS-053/sourceRegister,G2_PUBLIC_PEP_PRIMARY_ROUTE_OWNER,SEALED_G3_PRIMARY_OWNER
PEP-SYS-054,PUBLIC_PEP,HRIS-SYS,BASE-TFR-SYS-006,manifest.v1.json#/ownershipSourceIndex/PEP-SYS-054/semantic,manifest.v1.json#/ownershipSourceIndex/PEP-SYS-054/sourceRegister,G2_PUBLIC_PEP_PRIMARY_ROUTE_OWNER,SEALED_G3_PRIMARY_OWNER
PEP-SYS-055,PUBLIC_PEP,HRIS-SYS,BASE-TFR-SYS-006,manifest.v1.json#/ownershipSourceIndex/PEP-SYS-055/semantic,manifest.v1.json#/ownershipSourceIndex/PEP-SYS-055/sourceRegister,G2_PUBLIC_PEP_PRIMARY_ROUTE_OWNER,SEALED_G3_PRIMARY_OWNER
PEP-SYS-056,PUBLIC_PEP,HRIS-SYS,BASE-TFR-SYS-006,manifest.v1.json#/ownershipSourceIndex/PEP-SYS-056/semantic,manifest.v1.json#/ownershipSourceIndex/PEP-SYS-056/sourceRegister,G2_PUBLIC_PEP_PRIMARY_ROUTE_OWNER,SEALED_G3_PRIMARY_OWNER
PEP-SYS-057,PUBLIC_PEP,HRIS-SYS,BASE-TFR-SYS-006,manifest.v1.json#/ownershipSourceIndex/PEP-SYS-057/semantic,manifest.v1.json#/ownershipSourceIndex/PEP-SYS-057/sourceRegister,G2_PUBLIC_PEP_PRIMARY_ROUTE_OWNER,SEALED_G3_PRIMARY_OWNER
PEP-SYS-058,PUBLIC_PEP,HRIS-SYS,BASE-TFR-SYS-006,manifest.v1.json#/ownershipSourceIndex/PEP-SYS-058/semantic,manifest.v1.json#/ownershipSourceIndex/PEP-SYS-058/sourceRegister,G2_PUBLIC_PEP_PRIMARY_ROUTE_OWNER,SEALED_G3_PRIMARY_OWNER
PEP-SYS-059,PUBLIC_PEP,HRIS-SYS,BASE-TFR-SYS-008,manifest.v1.json#/ownershipSourceIndex/PEP-SYS-059/semantic,manifest.v1.json#/ownershipSourceIndex/PEP-SYS-059/sourceRegister,G2_PUBLIC_PEP_PRIMARY_ROUTE_OWNER,SEALED_G3_PRIMARY_OWNER
PEP-SYS-060,PUBLIC_PEP,HRIS-SYS,BASE-TFR-SYS-008,manifest.v1.json#/ownershipSourceIndex/PEP-SYS-060/semantic,manifest.v1.json#/ownershipSourceIndex/PEP-SYS-060/sourceRegister,G2_PUBLIC_PEP_PRIMARY_ROUTE_OWNER,SEALED_G3_PRIMARY_OWNER
PEP-SYS-061,PUBLIC_PEP,HRIS-SYS,BASE-TFR-SYS-008,manifest.v1.json#/ownershipSourceIndex/PEP-SYS-061/semantic,manifest.v1.json#/ownershipSourceIndex/PEP-SYS-061/sourceRegister,G2_PUBLIC_PEP_PRIMARY_ROUTE_OWNER,SEALED_G3_PRIMARY_OWNER
PEP-SYS-062,PUBLIC_PEP,HRIS-SYS,BASE-TFR-SYS-008,manifest.v1.json#/ownershipSourceIndex/PEP-SYS-062/semantic,manifest.v1.json#/ownershipSourceIndex/PEP-SYS-062/sourceRegister,G2_PUBLIC_PEP_PRIMARY_ROUTE_OWNER,SEALED_G3_PRIMARY_OWNER
PEP-SYS-063,PUBLIC_PEP,HRIS-SYS,BASE-TFR-SYS-008,manifest.v1.json#/ownershipSourceIndex/PEP-SYS-063/semantic,manifest.v1.json#/ownershipSourceIndex/PEP-SYS-063/sourceRegister,G2_PUBLIC_PEP_PRIMARY_ROUTE_OWNER,SEALED_G3_PRIMARY_OWNER
PEP-SYS-064,PUBLIC_PEP,HRIS-SYS,BASE-TFR-SYS-008,manifest.v1.json#/ownershipSourceIndex/PEP-SYS-064/semantic,manifest.v1.json#/ownershipSourceIndex/PEP-SYS-064/sourceRegister,G2_PUBLIC_PEP_PRIMARY_ROUTE_OWNER,SEALED_G3_PRIMARY_OWNER
PEP-SYS-065,PUBLIC_PEP,HRIS-SYS,BASE-TFR-SYS-008,manifest.v1.json#/ownershipSourceIndex/PEP-SYS-065/semantic,manifest.v1.json#/ownershipSourceIndex/PEP-SYS-065/sourceRegister,G2_PUBLIC_PEP_PRIMARY_ROUTE_OWNER,SEALED_G3_PRIMARY_OWNER
PEP-SYS-066,PUBLIC_PEP,HRIS-SYS,BASE-TFR-SYS-008,manifest.v1.json#/ownershipSourceIndex/PEP-SYS-066/semantic,manifest.v1.json#/ownershipSourceIndex/PEP-SYS-066/sourceRegister,G2_PUBLIC_PEP_PRIMARY_ROUTE_OWNER,SEALED_G3_PRIMARY_OWNER
PEP-SYS-067,PUBLIC_PEP,HRIS-SYS,BASE-TFR-SYS-008,manifest.v1.json#/ownershipSourceIndex/PEP-SYS-067/semantic,manifest.v1.json#/ownershipSourceIndex/PEP-SYS-067/sourceRegister,G2_PUBLIC_PEP_PRIMARY_ROUTE_OWNER,SEALED_G3_PRIMARY_OWNER
PEP-SYS-068,PUBLIC_PEP,HRIS-SYS,BASE-TFR-SYS-008,manifest.v1.json#/ownershipSourceIndex/PEP-SYS-068/semantic,manifest.v1.json#/ownershipSourceIndex/PEP-SYS-068/sourceRegister,G2_PUBLIC_PEP_PRIMARY_ROUTE_OWNER,SEALED_G3_PRIMARY_OWNER
PEP-SYS-069,PUBLIC_PEP,HRIS-SYS,BASE-TFR-SYS-008,manifest.v1.json#/ownershipSourceIndex/PEP-SYS-069/semantic,manifest.v1.json#/ownershipSourceIndex/PEP-SYS-069/sourceRegister,G2_PUBLIC_PEP_PRIMARY_ROUTE_OWNER,SEALED_G3_PRIMARY_OWNER
PEP-SYS-070,PUBLIC_PEP,HRIS-SYS,BASE-TFR-SYS-008,manifest.v1.json#/ownershipSourceIndex/PEP-SYS-070/semantic,manifest.v1.json#/ownershipSourceIndex/PEP-SYS-070/sourceRegister,G2_PUBLIC_PEP_PRIMARY_ROUTE_OWNER,SEALED_G3_PRIMARY_OWNER
PEP-SYS-071,PUBLIC_PEP,HRIS-SYS,BASE-TFR-HRM-015,manifest.v1.json#/ownershipSourceIndex/PEP-SYS-071/semantic,manifest.v1.json#/ownershipSourceIndex/PEP-SYS-071/sourceRegister,G2_PUBLIC_PEP_PRIMARY_ROUTE_OWNER,SEALED_G3_PRIMARY_OWNER
PEP-SYS-072,PUBLIC_PEP,HRIS-SYS,BASE-TFR-HRM-015,manifest.v1.json#/ownershipSourceIndex/PEP-SYS-072/semantic,manifest.v1.json#/ownershipSourceIndex/PEP-SYS-072/sourceRegister,G2_PUBLIC_PEP_PRIMARY_ROUTE_OWNER,SEALED_G3_PRIMARY_OWNER
PEP-SYS-073,PUBLIC_PEP,HRIS-SYS,BASE-TFR-HRM-015,manifest.v1.json#/ownershipSourceIndex/PEP-SYS-073/semantic,manifest.v1.json#/ownershipSourceIndex/PEP-SYS-073/sourceRegister,G2_PUBLIC_PEP_PRIMARY_ROUTE_OWNER,SEALED_G3_PRIMARY_OWNER
PEP-SYS-074,PUBLIC_PEP,HRIS-SYS,BASE-TFR-HRM-015,manifest.v1.json#/ownershipSourceIndex/PEP-SYS-074/semantic,manifest.v1.json#/ownershipSourceIndex/PEP-SYS-074/sourceRegister,G2_PUBLIC_PEP_PRIMARY_ROUTE_OWNER,SEALED_G3_PRIMARY_OWNER
PEP-SYS-075,PUBLIC_PEP,HRIS-SYS,BASE-TFR-HRM-015,manifest.v1.json#/ownershipSourceIndex/PEP-SYS-075/semantic,manifest.v1.json#/ownershipSourceIndex/PEP-SYS-075/sourceRegister,G2_PUBLIC_PEP_PRIMARY_ROUTE_OWNER,SEALED_G3_PRIMARY_OWNER
PEP-SYS-076,PUBLIC_PEP,HRIS-SYS,BASE-TFR-HRM-015,manifest.v1.json#/ownershipSourceIndex/PEP-SYS-076/semantic,manifest.v1.json#/ownershipSourceIndex/PEP-SYS-076/sourceRegister,G2_PUBLIC_PEP_PRIMARY_ROUTE_OWNER,SEALED_G3_PRIMARY_OWNER
PEP-SYS-077,PUBLIC_PEP,HRIS-SYS,BASE-TFR-HRM-015,manifest.v1.json#/ownershipSourceIndex/PEP-SYS-077/semantic,manifest.v1.json#/ownershipSourceIndex/PEP-SYS-077/sourceRegister,G2_PUBLIC_PEP_PRIMARY_ROUTE_OWNER,SEALED_G3_PRIMARY_OWNER
PEP-TIM-001,PUBLIC_PEP,HRIS-TIM,BASE-TFR-TIM-018,manifest.v1.json#/ownershipSourceIndex/PEP-TIM-001/semantic,manifest.v1.json#/ownershipSourceIndex/PEP-TIM-001/sourceRegister,G2_PUBLIC_PEP_PRIMARY_ROUTE_OWNER,SEALED_G3_PRIMARY_OWNER
PEP-TIM-002,PUBLIC_PEP,HRIS-TIM,BASE-TFR-TIM-016,manifest.v1.json#/ownershipSourceIndex/PEP-TIM-002/semantic,manifest.v1.json#/ownershipSourceIndex/PEP-TIM-002/sourceRegister,G2_PUBLIC_PEP_PRIMARY_ROUTE_OWNER,SEALED_G3_PRIMARY_OWNER
PEP-TIM-003,PUBLIC_PEP,HRIS-TIM,BASE-TFR-TIM-016,manifest.v1.json#/ownershipSourceIndex/PEP-TIM-003/semantic,manifest.v1.json#/ownershipSourceIndex/PEP-TIM-003/sourceRegister,G2_PUBLIC_PEP_PRIMARY_ROUTE_OWNER,SEALED_G3_PRIMARY_OWNER
PEP-TIM-004,PUBLIC_PEP,HRIS-TIM,BASE-TFR-TIM-016,manifest.v1.json#/ownershipSourceIndex/PEP-TIM-004/semantic,manifest.v1.json#/ownershipSourceIndex/PEP-TIM-004/sourceRegister,G2_PUBLIC_PEP_PRIMARY_ROUTE_OWNER,SEALED_G3_PRIMARY_OWNER
PEP-TIM-005,PUBLIC_PEP,HRIS-TIM,BASE-TFR-TIM-016,manifest.v1.json#/ownershipSourceIndex/PEP-TIM-005/semantic,manifest.v1.json#/ownershipSourceIndex/PEP-TIM-005/sourceRegister,G2_PUBLIC_PEP_PRIMARY_ROUTE_OWNER,SEALED_G3_PRIMARY_OWNER
PEP-TIM-006,PUBLIC_PEP,HRIS-TIM,BASE-TFR-TIM-016,manifest.v1.json#/ownershipSourceIndex/PEP-TIM-006/semantic,manifest.v1.json#/ownershipSourceIndex/PEP-TIM-006/sourceRegister,G2_PUBLIC_PEP_PRIMARY_ROUTE_OWNER,SEALED_G3_PRIMARY_OWNER
PEP-TIM-007,PUBLIC_PEP,HRIS-TIM,BASE-TFR-TIM-006,manifest.v1.json#/ownershipSourceIndex/PEP-TIM-007/semantic,manifest.v1.json#/ownershipSourceIndex/PEP-TIM-007/sourceRegister,G2_PUBLIC_PEP_PRIMARY_ROUTE_OWNER,SEALED_G3_PRIMARY_OWNER
PEP-TIM-008,PUBLIC_PEP,HRIS-TIM,BASE-TFR-TIM-006,manifest.v1.json#/ownershipSourceIndex/PEP-TIM-008/semantic,manifest.v1.json#/ownershipSourceIndex/PEP-TIM-008/sourceRegister,G2_PUBLIC_PEP_PRIMARY_ROUTE_OWNER,SEALED_G3_PRIMARY_OWNER
PEP-TIM-009,PUBLIC_PEP,HRIS-TIM,BASE-TFR-TIM-010,manifest.v1.json#/ownershipSourceIndex/PEP-TIM-009/semantic,manifest.v1.json#/ownershipSourceIndex/PEP-TIM-009/sourceRegister,G2_PUBLIC_PEP_PRIMARY_ROUTE_OWNER,SEALED_G3_PRIMARY_OWNER
PEP-TIM-010,PUBLIC_PEP,HRIS-TIM,BASE-TFR-TIM-010,manifest.v1.json#/ownershipSourceIndex/PEP-TIM-010/semantic,manifest.v1.json#/ownershipSourceIndex/PEP-TIM-010/sourceRegister,G2_PUBLIC_PEP_PRIMARY_ROUTE_OWNER,SEALED_G3_PRIMARY_OWNER
PEP-TIM-011,PUBLIC_PEP,HRIS-TIM,BASE-TFR-TIM-017,manifest.v1.json#/ownershipSourceIndex/PEP-TIM-011/semantic,manifest.v1.json#/ownershipSourceIndex/PEP-TIM-011/sourceRegister,G2_PUBLIC_PEP_PRIMARY_ROUTE_OWNER,SEALED_G3_PRIMARY_OWNER
PEP-TIM-012,PUBLIC_PEP,HRIS-TIM,BASE-TFR-TIM-017,manifest.v1.json#/ownershipSourceIndex/PEP-TIM-012/semantic,manifest.v1.json#/ownershipSourceIndex/PEP-TIM-012/sourceRegister,G2_PUBLIC_PEP_PRIMARY_ROUTE_OWNER,SEALED_G3_PRIMARY_OWNER
PEP-TIM-013,PUBLIC_PEP,HRIS-TIM,BASE-TFR-TIM-017,manifest.v1.json#/ownershipSourceIndex/PEP-TIM-013/semantic,manifest.v1.json#/ownershipSourceIndex/PEP-TIM-013/sourceRegister,G2_PUBLIC_PEP_PRIMARY_ROUTE_OWNER,SEALED_G3_PRIMARY_OWNER
PEP-TIM-014,PUBLIC_PEP,HRIS-TIM,BASE-TFR-TIM-017,manifest.v1.json#/ownershipSourceIndex/PEP-TIM-014/semantic,manifest.v1.json#/ownershipSourceIndex/PEP-TIM-014/sourceRegister,G2_PUBLIC_PEP_PRIMARY_ROUTE_OWNER,SEALED_G3_PRIMARY_OWNER
PEP-TIM-015,PUBLIC_PEP,HRIS-TIM,BASE-TFR-TIM-013,manifest.v1.json#/ownershipSourceIndex/PEP-TIM-015/semantic,manifest.v1.json#/ownershipSourceIndex/PEP-TIM-015/sourceRegister,G2_PUBLIC_PEP_PRIMARY_ROUTE_OWNER,SEALED_G3_PRIMARY_OWNER
PEP-TIM-016,PUBLIC_PEP,HRIS-TIM,BASE-TFR-TIM-013,manifest.v1.json#/ownershipSourceIndex/PEP-TIM-016/semantic,manifest.v1.json#/ownershipSourceIndex/PEP-TIM-016/sourceRegister,G2_PUBLIC_PEP_PRIMARY_ROUTE_OWNER,SEALED_G3_PRIMARY_OWNER
PEP-TIM-017,PUBLIC_PEP,HRIS-TIM,BASE-TFR-TIM-012,manifest.v1.json#/ownershipSourceIndex/PEP-TIM-017/semantic,manifest.v1.json#/ownershipSourceIndex/PEP-TIM-017/sourceRegister,G2_PUBLIC_PEP_PRIMARY_ROUTE_OWNER,SEALED_G3_PRIMARY_OWNER
PEP-TIM-018,PUBLIC_PEP,HRIS-TIM,BASE-TFR-TIM-012,manifest.v1.json#/ownershipSourceIndex/PEP-TIM-018/semantic,manifest.v1.json#/ownershipSourceIndex/PEP-TIM-018/sourceRegister,G2_PUBLIC_PEP_PRIMARY_ROUTE_OWNER,SEALED_G3_PRIMARY_OWNER
PEP-TIM-019,PUBLIC_PEP,HRIS-TIM,BASE-TFR-TIM-014,manifest.v1.json#/ownershipSourceIndex/PEP-TIM-019/semantic,manifest.v1.json#/ownershipSourceIndex/PEP-TIM-019/sourceRegister,G2_PUBLIC_PEP_PRIMARY_ROUTE_OWNER,SEALED_G3_PRIMARY_OWNER
PEP-TIM-020,PUBLIC_PEP,HRIS-TIM,BASE-TFR-TIM-014,manifest.v1.json#/ownershipSourceIndex/PEP-TIM-020/semantic,manifest.v1.json#/ownershipSourceIndex/PEP-TIM-020/sourceRegister,G2_PUBLIC_PEP_PRIMARY_ROUTE_OWNER,SEALED_G3_PRIMARY_OWNER
PEP-TIM-021,PUBLIC_PEP,HRIS-TIM,BASE-TFR-TIM-014,manifest.v1.json#/ownershipSourceIndex/PEP-TIM-021/semantic,manifest.v1.json#/ownershipSourceIndex/PEP-TIM-021/sourceRegister,G2_PUBLIC_PEP_PRIMARY_ROUTE_OWNER,SEALED_G3_PRIMARY_OWNER
PEP-TIM-022,PUBLIC_PEP,HRIS-TIM,BASE-TFR-TIM-007,manifest.v1.json#/ownershipSourceIndex/PEP-TIM-022/semantic,manifest.v1.json#/ownershipSourceIndex/PEP-TIM-022/sourceRegister,G2_PUBLIC_PEP_PRIMARY_ROUTE_OWNER,SEALED_G3_PRIMARY_OWNER
PEP-TIM-023,PUBLIC_PEP,HRIS-TIM,BASE-TFR-TIM-007,manifest.v1.json#/ownershipSourceIndex/PEP-TIM-023/semantic,manifest.v1.json#/ownershipSourceIndex/PEP-TIM-023/sourceRegister,G2_PUBLIC_PEP_PRIMARY_ROUTE_OWNER,SEALED_G3_PRIMARY_OWNER
PEP-TIM-024,PUBLIC_PEP,HRIS-TIM,BASE-TFR-TIM-007,manifest.v1.json#/ownershipSourceIndex/PEP-TIM-024/semantic,manifest.v1.json#/ownershipSourceIndex/PEP-TIM-024/sourceRegister,G2_PUBLIC_PEP_PRIMARY_ROUTE_OWNER,SEALED_G3_PRIMARY_OWNER
PEP-TIM-025,PUBLIC_PEP,HRIS-TIM,BASE-TFR-TIM-007,manifest.v1.json#/ownershipSourceIndex/PEP-TIM-025/semantic,manifest.v1.json#/ownershipSourceIndex/PEP-TIM-025/sourceRegister,G2_PUBLIC_PEP_PRIMARY_ROUTE_OWNER,SEALED_G3_PRIMARY_OWNER
PEP-TIM-026,PUBLIC_PEP,HRIS-TIM,BASE-TFR-TIM-007,manifest.v1.json#/ownershipSourceIndex/PEP-TIM-026/semantic,manifest.v1.json#/ownershipSourceIndex/PEP-TIM-026/sourceRegister,G2_PUBLIC_PEP_PRIMARY_ROUTE_OWNER,SEALED_G3_PRIMARY_OWNER
PEP-TIM-027,PUBLIC_PEP,HRIS-TIM,BASE-TFR-TIM-009,manifest.v1.json#/ownershipSourceIndex/PEP-TIM-027/semantic,manifest.v1.json#/ownershipSourceIndex/PEP-TIM-027/sourceRegister,G2_PUBLIC_PEP_PRIMARY_ROUTE_OWNER,SEALED_G3_PRIMARY_OWNER
PEP-TIM-028,PUBLIC_PEP,HRIS-TIM,BASE-TFR-TIM-017,manifest.v1.json#/ownershipSourceIndex/PEP-TIM-028/semantic,manifest.v1.json#/ownershipSourceIndex/PEP-TIM-028/sourceRegister,G2_PUBLIC_PEP_PRIMARY_ROUTE_OWNER,SEALED_G3_PRIMARY_OWNER
SVC-PEP-HRM-001,INTERNAL_SERVICE_PEP,HRIS-HRM,BASE-TFR-HRM-010,manifest.v1.json#/ownershipSourceIndex/SVC-PEP-HRM-001/semantic,manifest.v1.json#/ownershipSourceIndex/SVC-PEP-HRM-001/sourceRegister,G2_INTERNAL_SERVICE_PRIMARY_PROVIDER,SEALED_G3_PRIMARY_OWNER
SVC-PEP-HRM-002,INTERNAL_SERVICE_PEP,HRIS-HRM,BASE-TFR-HRM-004,manifest.v1.json#/ownershipSourceIndex/SVC-PEP-HRM-002/semantic,manifest.v1.json#/ownershipSourceIndex/SVC-PEP-HRM-002/sourceRegister,G2_INTERNAL_SERVICE_PRIMARY_PROVIDER,SEALED_G3_PRIMARY_OWNER
SVC-PEP-HRM-003,INTERNAL_SERVICE_PEP,HRIS-HRM,BASE-TFR-HRM-011,manifest.v1.json#/ownershipSourceIndex/SVC-PEP-HRM-003/semantic,manifest.v1.json#/ownershipSourceIndex/SVC-PEP-HRM-003/sourceRegister,G2_INTERNAL_SERVICE_PRIMARY_PROVIDER,SEALED_G3_PRIMARY_OWNER
SVC-PEP-HRM-004,INTERNAL_SERVICE_PEP,HRIS-HRM,BASE-TFR-HRM-008,manifest.v1.json#/ownershipSourceIndex/SVC-PEP-HRM-004/semantic,manifest.v1.json#/ownershipSourceIndex/SVC-PEP-HRM-004/sourceRegister,G2_INTERNAL_SERVICE_PRIMARY_PROVIDER,SEALED_G3_PRIMARY_OWNER
SVC-PEP-HRM-005,INTERNAL_SERVICE_PEP,HRIS-HRM,BASE-TFR-HRM-011,manifest.v1.json#/ownershipSourceIndex/SVC-PEP-HRM-005/semantic,manifest.v1.json#/ownershipSourceIndex/SVC-PEP-HRM-005/sourceRegister,G2_INTERNAL_SERVICE_PRIMARY_PROVIDER,SEALED_G3_PRIMARY_OWNER
SVC-PEP-HRM-006,INTERNAL_SERVICE_PEP,HRIS-HRM,BASE-TFR-HRM-003,manifest.v1.json#/ownershipSourceIndex/SVC-PEP-HRM-006/semantic,manifest.v1.json#/ownershipSourceIndex/SVC-PEP-HRM-006/sourceRegister,G2_INTERNAL_SERVICE_PRIMARY_PROVIDER,SEALED_G3_PRIMARY_OWNER
SVC-PEP-PAY-001,INTERNAL_SERVICE_PEP,HRIS-PAY,BASE-TFR-PAY-015,manifest.v1.json#/ownershipSourceIndex/SVC-PEP-PAY-001/semantic,manifest.v1.json#/ownershipSourceIndex/SVC-PEP-PAY-001/sourceRegister,G2_INTERNAL_SERVICE_PRIMARY_PROVIDER,SEALED_G3_PRIMARY_OWNER
SVC-PEP-PER-001,INTERNAL_SERVICE_PEP,HRIS-PER,MOD-PER-COMPPLAN,manifest.v1.json#/ownershipSourceIndex/SVC-PEP-PER-001/semantic,manifest.v1.json#/ownershipSourceIndex/SVC-PEP-PER-001/sourceRegister,G2_INTERNAL_SERVICE_PRIMARY_PROVIDER,SEALED_G3_PRIMARY_OWNER
SVC-PEP-PER-002,INTERNAL_SERVICE_PEP,HRIS-PER,BASE-TFR-PER-007,manifest.v1.json#/ownershipSourceIndex/SVC-PEP-PER-002/semantic,manifest.v1.json#/ownershipSourceIndex/SVC-PEP-PER-002/sourceRegister,G2_INTERNAL_SERVICE_PRIMARY_PROVIDER,SEALED_G3_PRIMARY_OWNER
SVC-PEP-TIM-001,INTERNAL_SERVICE_PEP,HRIS-TIM,BASE-TFR-TIM-007,manifest.v1.json#/ownershipSourceIndex/SVC-PEP-TIM-001/semantic,manifest.v1.json#/ownershipSourceIndex/SVC-PEP-TIM-001/sourceRegister,G2_INTERNAL_SERVICE_PRIMARY_PROVIDER,SEALED_G3_PRIMARY_OWNER
SVC-PEP-TIM-002,INTERNAL_SERVICE_PEP,HRIS-TIM,BASE-TFR-TIM-018,manifest.v1.json#/ownershipSourceIndex/SVC-PEP-TIM-002/semantic,manifest.v1.json#/ownershipSourceIndex/SVC-PEP-TIM-002/sourceRegister,G2_INTERNAL_SERVICE_PRIMARY_PROVIDER,SEALED_G3_PRIMARY_OWNER
XCON-001,XCON_PRODUCER,HRIS-HRM,BASE-TFR-HRM-008,manifest.v1.json#/ownershipSourceIndex/XCON-001/semantic,manifest.v1.json#/ownershipSourceIndex/XCON-001/sourceRegister,G2_XCON_PRIMARY_PRODUCER,SEALED_G3_PRIMARY_OWNER
XCON-002,XCON_PRODUCER,HRIS-HRM,BASE-TFR-HRM-011,manifest.v1.json#/ownershipSourceIndex/XCON-002/semantic,manifest.v1.json#/ownershipSourceIndex/XCON-002/sourceRegister,G2_XCON_PRIMARY_PRODUCER,SEALED_G3_PRIMARY_OWNER
XCON-003,XCON_PRODUCER,HRIS-HRM,BASE-TFR-HRM-008,manifest.v1.json#/ownershipSourceIndex/XCON-003/semantic,manifest.v1.json#/ownershipSourceIndex/XCON-003/sourceRegister,G2_XCON_PRIMARY_PRODUCER,SEALED_G3_PRIMARY_OWNER
XCON-004,XCON_PRODUCER,HRIS-HRM,BASE-TFR-HRM-008,manifest.v1.json#/ownershipSourceIndex/XCON-004/semantic,manifest.v1.json#/ownershipSourceIndex/XCON-004/sourceRegister,G2_XCON_PRIMARY_PRODUCER,SEALED_G3_PRIMARY_OWNER
XCON-005,XCON_PRODUCER,HRIS-HRM,BASE-TFR-HRM-008,manifest.v1.json#/ownershipSourceIndex/XCON-005/semantic,manifest.v1.json#/ownershipSourceIndex/XCON-005/sourceRegister,G2_XCON_PRIMARY_PRODUCER,SEALED_G3_PRIMARY_OWNER
XCON-006,XCON_PRODUCER,HRIS-HRM,BASE-TFR-HRM-005,manifest.v1.json#/ownershipSourceIndex/XCON-006/semantic,manifest.v1.json#/ownershipSourceIndex/XCON-006/sourceRegister,G2_XCON_PRIMARY_PRODUCER,SEALED_G3_PRIMARY_OWNER
XCON-007,XCON_PRODUCER,HRIS-HRM,BASE-TFR-HRM-011,manifest.v1.json#/ownershipSourceIndex/XCON-007/semantic,manifest.v1.json#/ownershipSourceIndex/XCON-007/sourceRegister,G2_XCON_PRIMARY_PRODUCER,SEALED_G3_PRIMARY_OWNER
XCON-008,XCON_PRODUCER,HRIS-TIM,BASE-TFR-TIM-007,manifest.v1.json#/ownershipSourceIndex/XCON-008/semantic,manifest.v1.json#/ownershipSourceIndex/XCON-008/sourceRegister,G2_XCON_PRIMARY_PRODUCER,SEALED_G3_PRIMARY_OWNER
XCON-009,XCON_PRODUCER,HRIS-TIM,BASE-TFR-TIM-007,manifest.v1.json#/ownershipSourceIndex/XCON-009/semantic,manifest.v1.json#/ownershipSourceIndex/XCON-009/sourceRegister,G2_XCON_PRIMARY_PRODUCER,SEALED_G3_PRIMARY_OWNER
XCON-010,XCON_PRODUCER,HRIS-TIM,BASE-TFR-TIM-007,manifest.v1.json#/ownershipSourceIndex/XCON-010/semantic,manifest.v1.json#/ownershipSourceIndex/XCON-010/sourceRegister,G2_XCON_PRIMARY_PRODUCER,SEALED_G3_PRIMARY_OWNER
XCON-011,XCON_PRODUCER,HRIS-TIM,BASE-TFR-TIM-007,manifest.v1.json#/ownershipSourceIndex/XCON-011/semantic,manifest.v1.json#/ownershipSourceIndex/XCON-011/sourceRegister,G2_XCON_PRIMARY_PRODUCER,SEALED_G3_PRIMARY_OWNER
XCON-012,XCON_PRODUCER,HRIS-PER,BASE-TFR-PER-007,manifest.v1.json#/ownershipSourceIndex/XCON-012/semantic,manifest.v1.json#/ownershipSourceIndex/XCON-012/sourceRegister,G2_XCON_PRIMARY_PRODUCER,SEALED_G3_PRIMARY_OWNER
XCON-013,XCON_PRODUCER,HRIS-HRM,BASE-TFR-HRM-003,manifest.v1.json#/ownershipSourceIndex/XCON-013/semantic,manifest.v1.json#/ownershipSourceIndex/XCON-013/sourceRegister,G2_XCON_PRIMARY_PRODUCER,SEALED_G3_PRIMARY_OWNER
XCON-014,XCON_PRODUCER,HRIS-TIM,BASE-TFR-TIM-018,manifest.v1.json#/ownershipSourceIndex/XCON-014/semantic,manifest.v1.json#/ownershipSourceIndex/XCON-014/sourceRegister,G2_XCON_PRIMARY_PRODUCER,SEALED_G3_PRIMARY_OWNER
XCON-015,XCON_PRODUCER,HRIS-PAY,BASE-TFR-PAY-015,manifest.v1.json#/ownershipSourceIndex/XCON-015/semantic,manifest.v1.json#/ownershipSourceIndex/XCON-015/sourceRegister,G2_XCON_PRIMARY_PRODUCER,SEALED_G3_PRIMARY_OWNER
XCON-016,XCON_PRODUCER,HRIS-HRM,BASE-TFR-HRM-008,manifest.v1.json#/ownershipSourceIndex/XCON-016/semantic,manifest.v1.json#/ownershipSourceIndex/XCON-016/sourceRegister,G2_XCON_PRIMARY_PRODUCER,SEALED_G3_PRIMARY_OWNER
XCON-017,XCON_PRODUCER,HRIS-HRM,BASE-TFR-HRM-011,manifest.v1.json#/ownershipSourceIndex/XCON-017/semantic,manifest.v1.json#/ownershipSourceIndex/XCON-017/sourceRegister,G2_XCON_PRIMARY_PRODUCER,SEALED_G3_PRIMARY_OWNER
XCON-018,XCON_PRODUCER,HRIS-HRM,BASE-TFR-HRM-011,manifest.v1.json#/ownershipSourceIndex/XCON-018/semantic,manifest.v1.json#/ownershipSourceIndex/XCON-018/sourceRegister,G2_XCON_PRIMARY_PRODUCER,SEALED_G3_PRIMARY_OWNER
XCON-019,XCON_PRODUCER,HRIS-HRM,BASE-TFR-HRM-011,manifest.v1.json#/ownershipSourceIndex/XCON-019/semantic,manifest.v1.json#/ownershipSourceIndex/XCON-019/sourceRegister,G2_XCON_PRIMARY_PRODUCER,SEALED_G3_PRIMARY_OWNER
XCON-020,XCON_PRODUCER,HRIS-PER,MOD-PER-COMPPLAN,manifest.v1.json#/ownershipSourceIndex/XCON-020/semantic,manifest.v1.json#/ownershipSourceIndex/XCON-020/sourceRegister,G2_XCON_PRIMARY_PRODUCER,SEALED_G3_PRIMARY_OWNER
XCON-021,XCON_PRODUCER,HRIS-PER,MOD-PER-COMPPLAN,manifest.v1.json#/ownershipSourceIndex/XCON-021/semantic,manifest.v1.json#/ownershipSourceIndex/XCON-021/sourceRegister,G2_XCON_PRIMARY_PRODUCER,SEALED_G3_PRIMARY_OWNER
SYS-API-001,SYS_G2_CONTRACT,HRIS-SYS,BASE-TFR-SYS-004,manifest.v1.json#/ownershipSourceIndex/SYS-API-001/semantic,manifest.v1.json#/ownershipSourceIndex/SYS-API-001/sourceRegister,G2_SYS_PRIMARY_CONTRACT_OWNER,SEALED_G3_PRIMARY_OWNER
SYS-API-002,SYS_G2_CONTRACT,HRIS-SYS,BASE-TFR-SYS-004,manifest.v1.json#/ownershipSourceIndex/SYS-API-002/semantic,manifest.v1.json#/ownershipSourceIndex/SYS-API-002/sourceRegister,G2_SYS_PRIMARY_CONTRACT_OWNER,SEALED_G3_PRIMARY_OWNER
SYS-API-003,SYS_G2_CONTRACT,HRIS-SYS,BASE-TFR-SYS-004,manifest.v1.json#/ownershipSourceIndex/SYS-API-003/semantic,manifest.v1.json#/ownershipSourceIndex/SYS-API-003/sourceRegister,G2_SYS_PRIMARY_CONTRACT_OWNER,SEALED_G3_PRIMARY_OWNER
SYS-API-004,SYS_G2_CONTRACT,HRIS-SYS,BASE-TFR-SYS-004,manifest.v1.json#/ownershipSourceIndex/SYS-API-004/semantic,manifest.v1.json#/ownershipSourceIndex/SYS-API-004/sourceRegister,G2_SYS_PRIMARY_CONTRACT_OWNER,SEALED_G3_PRIMARY_OWNER
SYS-API-005,SYS_G2_CONTRACT,HRIS-SYS,BASE-TFR-SYS-004,manifest.v1.json#/ownershipSourceIndex/SYS-API-005/semantic,manifest.v1.json#/ownershipSourceIndex/SYS-API-005/sourceRegister,G2_SYS_PRIMARY_CONTRACT_OWNER,SEALED_G3_PRIMARY_OWNER
SYS-API-006,SYS_G2_CONTRACT,HRIS-SYS,BASE-TFR-SYS-004,manifest.v1.json#/ownershipSourceIndex/SYS-API-006/semantic,manifest.v1.json#/ownershipSourceIndex/SYS-API-006/sourceRegister,G2_SYS_PRIMARY_CONTRACT_OWNER,SEALED_G3_PRIMARY_OWNER
SYS-API-007,SYS_G2_CONTRACT,HRIS-SYS,BASE-TFR-SYS-004,manifest.v1.json#/ownershipSourceIndex/SYS-API-007/semantic,manifest.v1.json#/ownershipSourceIndex/SYS-API-007/sourceRegister,G2_SYS_PRIMARY_CONTRACT_OWNER,SEALED_G3_PRIMARY_OWNER
SYS-API-008,SYS_G2_CONTRACT,HRIS-SYS,BASE-TFR-SYS-004,manifest.v1.json#/ownershipSourceIndex/SYS-API-008/semantic,manifest.v1.json#/ownershipSourceIndex/SYS-API-008/sourceRegister,G2_SYS_PRIMARY_CONTRACT_OWNER,SEALED_G3_PRIMARY_OWNER
SYS-API-009,SYS_G2_CONTRACT,HRIS-SYS,BASE-TFR-SYS-004,manifest.v1.json#/ownershipSourceIndex/SYS-API-009/semantic,manifest.v1.json#/ownershipSourceIndex/SYS-API-009/sourceRegister,G2_SYS_PRIMARY_CONTRACT_OWNER,SEALED_G3_PRIMARY_OWNER
SYS-API-010,SYS_G2_CONTRACT,HRIS-SYS,BASE-TFR-SYS-004,manifest.v1.json#/ownershipSourceIndex/SYS-API-010/semantic,manifest.v1.json#/ownershipSourceIndex/SYS-API-010/sourceRegister,G2_SYS_PRIMARY_CONTRACT_OWNER,SEALED_G3_PRIMARY_OWNER
SYS-API-011,SYS_G2_CONTRACT,HRIS-SYS,BASE-TFR-SYS-007,manifest.v1.json#/ownershipSourceIndex/SYS-API-011/semantic,manifest.v1.json#/ownershipSourceIndex/SYS-API-011/sourceRegister,G2_SYS_PRIMARY_CONTRACT_OWNER,SEALED_G3_PRIMARY_OWNER
SYS-API-012,SYS_G2_CONTRACT,HRIS-SYS,BASE-TFR-SYS-007,manifest.v1.json#/ownershipSourceIndex/SYS-API-012/semantic,manifest.v1.json#/ownershipSourceIndex/SYS-API-012/sourceRegister,G2_SYS_PRIMARY_CONTRACT_OWNER,SEALED_G3_PRIMARY_OWNER
SYS-API-013,SYS_G2_CONTRACT,HRIS-SYS,BASE-TFR-SYS-007,manifest.v1.json#/ownershipSourceIndex/SYS-API-013/semantic,manifest.v1.json#/ownershipSourceIndex/SYS-API-013/sourceRegister,G2_SYS_PRIMARY_CONTRACT_OWNER,SEALED_G3_PRIMARY_OWNER
SYS-API-014,SYS_G2_CONTRACT,HRIS-SYS,BASE-TFR-SYS-007,manifest.v1.json#/ownershipSourceIndex/SYS-API-014/semantic,manifest.v1.json#/ownershipSourceIndex/SYS-API-014/sourceRegister,G2_SYS_PRIMARY_CONTRACT_OWNER,SEALED_G3_PRIMARY_OWNER
SYS-API-015,SYS_G2_CONTRACT,HRIS-SYS,BASE-TFR-SYS-007,manifest.v1.json#/ownershipSourceIndex/SYS-API-015/semantic,manifest.v1.json#/ownershipSourceIndex/SYS-API-015/sourceRegister,G2_SYS_PRIMARY_CONTRACT_OWNER,SEALED_G3_PRIMARY_OWNER
SYS-API-016,SYS_G2_CONTRACT,HRIS-SYS,BASE-TFR-SYS-007,manifest.v1.json#/ownershipSourceIndex/SYS-API-016/semantic,manifest.v1.json#/ownershipSourceIndex/SYS-API-016/sourceRegister,G2_SYS_PRIMARY_CONTRACT_OWNER,SEALED_G3_PRIMARY_OWNER
SYS-API-017,SYS_G2_CONTRACT,HRIS-SYS,BASE-TFR-SYS-006,manifest.v1.json#/ownershipSourceIndex/SYS-API-017/semantic,manifest.v1.json#/ownershipSourceIndex/SYS-API-017/sourceRegister,G2_SYS_PRIMARY_CONTRACT_OWNER,SEALED_G3_PRIMARY_OWNER
SYS-API-018,SYS_G2_CONTRACT,HRIS-SYS,BASE-TFR-SYS-006,manifest.v1.json#/ownershipSourceIndex/SYS-API-018/semantic,manifest.v1.json#/ownershipSourceIndex/SYS-API-018/sourceRegister,G2_SYS_PRIMARY_CONTRACT_OWNER,SEALED_G3_PRIMARY_OWNER
SYS-API-019,SYS_G2_CONTRACT,HRIS-SYS,BASE-TFR-SYS-006,manifest.v1.json#/ownershipSourceIndex/SYS-API-019/semantic,manifest.v1.json#/ownershipSourceIndex/SYS-API-019/sourceRegister,G2_SYS_PRIMARY_CONTRACT_OWNER,SEALED_G3_PRIMARY_OWNER
SYS-API-020,SYS_G2_CONTRACT,HRIS-SYS,BASE-TFR-SYS-006,manifest.v1.json#/ownershipSourceIndex/SYS-API-020/semantic,manifest.v1.json#/ownershipSourceIndex/SYS-API-020/sourceRegister,G2_SYS_PRIMARY_CONTRACT_OWNER,SEALED_G3_PRIMARY_OWNER
SYS-API-021,SYS_G2_CONTRACT,HRIS-SYS,BASE-TFR-SYS-008,manifest.v1.json#/ownershipSourceIndex/SYS-API-021/semantic,manifest.v1.json#/ownershipSourceIndex/SYS-API-021/sourceRegister,G2_SYS_PRIMARY_CONTRACT_OWNER,SEALED_G3_PRIMARY_OWNER
SYS-API-022,SYS_G2_CONTRACT,HRIS-SYS,BASE-TFR-SYS-008,manifest.v1.json#/ownershipSourceIndex/SYS-API-022/semantic,manifest.v1.json#/ownershipSourceIndex/SYS-API-022/sourceRegister,G2_SYS_PRIMARY_CONTRACT_OWNER,SEALED_G3_PRIMARY_OWNER
SYS-API-023,SYS_G2_CONTRACT,HRIS-SYS,BASE-TFR-SYS-008,manifest.v1.json#/ownershipSourceIndex/SYS-API-023/semantic,manifest.v1.json#/ownershipSourceIndex/SYS-API-023/sourceRegister,G2_SYS_PRIMARY_CONTRACT_OWNER,SEALED_G3_PRIMARY_OWNER
SYS-API-024,SYS_G2_CONTRACT,HRIS-SYS,BASE-TFR-SYS-008,manifest.v1.json#/ownershipSourceIndex/SYS-API-024/semantic,manifest.v1.json#/ownershipSourceIndex/SYS-API-024/sourceRegister,G2_SYS_PRIMARY_CONTRACT_OWNER,SEALED_G3_PRIMARY_OWNER
SYS-API-025,SYS_G2_CONTRACT,HRIS-SYS,BASE-TFR-SYS-008,manifest.v1.json#/ownershipSourceIndex/SYS-API-025/semantic,manifest.v1.json#/ownershipSourceIndex/SYS-API-025/sourceRegister,G2_SYS_PRIMARY_CONTRACT_OWNER,SEALED_G3_PRIMARY_OWNER
SYS-API-026,SYS_G2_CONTRACT,HRIS-SYS,BASE-TFR-SYS-012,manifest.v1.json#/ownershipSourceIndex/SYS-API-026/semantic,manifest.v1.json#/ownershipSourceIndex/SYS-API-026/sourceRegister,G2_SYS_PRIMARY_CONTRACT_OWNER,SEALED_G3_PRIMARY_OWNER
SYS-API-027,SYS_G2_CONTRACT,HRIS-SYS,BASE-TFR-SYS-012,manifest.v1.json#/ownershipSourceIndex/SYS-API-027/semantic,manifest.v1.json#/ownershipSourceIndex/SYS-API-027/sourceRegister,G2_SYS_PRIMARY_CONTRACT_OWNER,SEALED_G3_PRIMARY_OWNER
SYS-API-028,SYS_G2_CONTRACT,HRIS-SYS,BASE-TFR-HRM-015,manifest.v1.json#/ownershipSourceIndex/SYS-API-028/semantic,manifest.v1.json#/ownershipSourceIndex/SYS-API-028/sourceRegister,G2_SYS_PRIMARY_CONTRACT_OWNER,SEALED_G3_PRIMARY_OWNER
SYS-API-029,SYS_G2_CONTRACT,HRIS-SYS,BASE-TFR-HRM-015,manifest.v1.json#/ownershipSourceIndex/SYS-API-029/semantic,manifest.v1.json#/ownershipSourceIndex/SYS-API-029/sourceRegister,G2_SYS_PRIMARY_CONTRACT_OWNER,SEALED_G3_PRIMARY_OWNER
SYS-API-030,SYS_G2_CONTRACT,HRIS-SYS,BASE-TFR-HRM-015,manifest.v1.json#/ownershipSourceIndex/SYS-API-030/semantic,manifest.v1.json#/ownershipSourceIndex/SYS-API-030/sourceRegister,G2_SYS_PRIMARY_CONTRACT_OWNER,SEALED_G3_PRIMARY_OWNER
SYS-API-031,SYS_G2_CONTRACT,HRIS-SYS,BASE-TFR-SYS-012,manifest.v1.json#/ownershipSourceIndex/SYS-API-031/semantic,manifest.v1.json#/ownershipSourceIndex/SYS-API-031/sourceRegister,G2_SYS_PRIMARY_CONTRACT_OWNER,SEALED_G3_PRIMARY_OWNER
SYS-API-032,SYS_G2_CONTRACT,HRIS-SYS,BASE-TFR-SYS-012,manifest.v1.json#/ownershipSourceIndex/SYS-API-032/semantic,manifest.v1.json#/ownershipSourceIndex/SYS-API-032/sourceRegister,G2_SYS_PRIMARY_CONTRACT_OWNER,SEALED_G3_PRIMARY_OWNER
SYS-API-033,SYS_G2_CONTRACT,HRIS-SYS,BASE-TFR-SYS-009,manifest.v1.json#/ownershipSourceIndex/SYS-API-033/semantic,manifest.v1.json#/ownershipSourceIndex/SYS-API-033/sourceRegister,G2_SYS_PRIMARY_CONTRACT_OWNER,SEALED_G3_PRIMARY_OWNER
SYS-API-034,SYS_G2_CONTRACT,HRIS-SYS,BASE-TFR-SYS-009,manifest.v1.json#/ownershipSourceIndex/SYS-API-034/semantic,manifest.v1.json#/ownershipSourceIndex/SYS-API-034/sourceRegister,G2_SYS_PRIMARY_CONTRACT_OWNER,SEALED_G3_PRIMARY_OWNER
SYS-API-035,SYS_G2_CONTRACT,HRIS-SYS,BASE-TFR-SYS-002,manifest.v1.json#/ownershipSourceIndex/SYS-API-035/semantic,manifest.v1.json#/ownershipSourceIndex/SYS-API-035/sourceRegister,G2_SYS_PRIMARY_CONTRACT_OWNER,SEALED_G3_PRIMARY_OWNER
SYS-API-036,SYS_G2_CONTRACT,HRIS-SYS,BASE-TFR-SYS-002,manifest.v1.json#/ownershipSourceIndex/SYS-API-036/semantic,manifest.v1.json#/ownershipSourceIndex/SYS-API-036/sourceRegister,G2_SYS_PRIMARY_CONTRACT_OWNER,SEALED_G3_PRIMARY_OWNER
SYS-API-037,SYS_G2_CONTRACT,HRIS-SYS,BASE-TFR-SYS-004,manifest.v1.json#/ownershipSourceIndex/SYS-API-037/semantic,manifest.v1.json#/ownershipSourceIndex/SYS-API-037/sourceRegister,G2_SYS_PRIMARY_CONTRACT_OWNER,SEALED_G3_PRIMARY_OWNER
SYS-API-038,SYS_G2_CONTRACT,HRIS-SYS,BASE-TFR-SYS-002,manifest.v1.json#/ownershipSourceIndex/SYS-API-038/semantic,manifest.v1.json#/ownershipSourceIndex/SYS-API-038/sourceRegister,G2_SYS_PRIMARY_CONTRACT_OWNER,SEALED_G3_PRIMARY_OWNER
SYS-API-039,SYS_G2_CONTRACT,HRIS-SYS,BASE-TFR-SYS-012,manifest.v1.json#/ownershipSourceIndex/SYS-API-039/semantic,manifest.v1.json#/ownershipSourceIndex/SYS-API-039/sourceRegister,G2_SYS_PRIMARY_CONTRACT_OWNER,SEALED_G3_PRIMARY_OWNER
SYS-API-040,SYS_G2_CONTRACT,HRIS-SYS,BASE-TFR-SYS-012,manifest.v1.json#/ownershipSourceIndex/SYS-API-040/semantic,manifest.v1.json#/ownershipSourceIndex/SYS-API-040/sourceRegister,G2_SYS_PRIMARY_CONTRACT_OWNER,SEALED_G3_PRIMARY_OWNER
SYS-API-041,SYS_G2_CONTRACT,HRIS-SYS,BASE-TFR-SYS-007,manifest.v1.json#/ownershipSourceIndex/SYS-API-041/semantic,manifest.v1.json#/ownershipSourceIndex/SYS-API-041/sourceRegister,G2_SYS_PRIMARY_CONTRACT_OWNER,SEALED_G3_PRIMARY_OWNER
SYS-API-042,SYS_G2_CONTRACT,HRIS-SYS,BASE-TFR-SYS-007,manifest.v1.json#/ownershipSourceIndex/SYS-API-042/semantic,manifest.v1.json#/ownershipSourceIndex/SYS-API-042/sourceRegister,G2_SYS_PRIMARY_CONTRACT_OWNER,SEALED_G3_PRIMARY_OWNER
SYS-API-043,SYS_G2_CONTRACT,HRIS-SYS,BASE-TFR-SYS-007,manifest.v1.json#/ownershipSourceIndex/SYS-API-043/semantic,manifest.v1.json#/ownershipSourceIndex/SYS-API-043/sourceRegister,G2_SYS_PRIMARY_CONTRACT_OWNER,SEALED_G3_PRIMARY_OWNER
SYS-API-044,SYS_G2_CONTRACT,HRIS-SYS,BASE-TFR-SYS-007,manifest.v1.json#/ownershipSourceIndex/SYS-API-044/semantic,manifest.v1.json#/ownershipSourceIndex/SYS-API-044/sourceRegister,G2_SYS_PRIMARY_CONTRACT_OWNER,SEALED_G3_PRIMARY_OWNER
SYS-API-045,SYS_G2_CONTRACT,HRIS-SYS,BASE-TFR-SYS-007,manifest.v1.json#/ownershipSourceIndex/SYS-API-045/semantic,manifest.v1.json#/ownershipSourceIndex/SYS-API-045/sourceRegister,G2_SYS_PRIMARY_CONTRACT_OWNER,SEALED_G3_PRIMARY_OWNER
SYS-API-046,SYS_G2_CONTRACT,HRIS-SYS,BASE-TFR-SYS-006,manifest.v1.json#/ownershipSourceIndex/SYS-API-046/semantic,manifest.v1.json#/ownershipSourceIndex/SYS-API-046/sourceRegister,G2_SYS_PRIMARY_CONTRACT_OWNER,SEALED_G3_PRIMARY_OWNER
SYS-API-047,SYS_G2_CONTRACT,HRIS-SYS,BASE-TFR-SYS-006,manifest.v1.json#/ownershipSourceIndex/SYS-API-047/semantic,manifest.v1.json#/ownershipSourceIndex/SYS-API-047/sourceRegister,G2_SYS_PRIMARY_CONTRACT_OWNER,SEALED_G3_PRIMARY_OWNER
SYS-API-048,SYS_G2_CONTRACT,HRIS-SYS,BASE-TFR-SYS-006,manifest.v1.json#/ownershipSourceIndex/SYS-API-048/semantic,manifest.v1.json#/ownershipSourceIndex/SYS-API-048/sourceRegister,G2_SYS_PRIMARY_CONTRACT_OWNER,SEALED_G3_PRIMARY_OWNER
SYS-API-049,SYS_G2_CONTRACT,HRIS-SYS,BASE-TFR-SYS-006,manifest.v1.json#/ownershipSourceIndex/SYS-API-049/semantic,manifest.v1.json#/ownershipSourceIndex/SYS-API-049/sourceRegister,G2_SYS_PRIMARY_CONTRACT_OWNER,SEALED_G3_PRIMARY_OWNER
SYS-API-050,SYS_G2_CONTRACT,HRIS-SYS,BASE-TFR-SYS-006,manifest.v1.json#/ownershipSourceIndex/SYS-API-050/semantic,manifest.v1.json#/ownershipSourceIndex/SYS-API-050/sourceRegister,G2_SYS_PRIMARY_CONTRACT_OWNER,SEALED_G3_PRIMARY_OWNER
SYS-API-051,SYS_G2_CONTRACT,HRIS-SYS,BASE-TFR-SYS-006,manifest.v1.json#/ownershipSourceIndex/SYS-API-051/semantic,manifest.v1.json#/ownershipSourceIndex/SYS-API-051/sourceRegister,G2_SYS_PRIMARY_CONTRACT_OWNER,SEALED_G3_PRIMARY_OWNER
SYS-API-052,SYS_G2_CONTRACT,HRIS-SYS,BASE-TFR-SYS-006,manifest.v1.json#/ownershipSourceIndex/SYS-API-052/semantic,manifest.v1.json#/ownershipSourceIndex/SYS-API-052/sourceRegister,G2_SYS_PRIMARY_CONTRACT_OWNER,SEALED_G3_PRIMARY_OWNER
SYS-API-053,SYS_G2_CONTRACT,HRIS-SYS,BASE-TFR-SYS-006,manifest.v1.json#/ownershipSourceIndex/SYS-API-053/semantic,manifest.v1.json#/ownershipSourceIndex/SYS-API-053/sourceRegister,G2_SYS_PRIMARY_CONTRACT_OWNER,SEALED_G3_PRIMARY_OWNER
SYS-API-054,SYS_G2_CONTRACT,HRIS-SYS,BASE-TFR-SYS-006,manifest.v1.json#/ownershipSourceIndex/SYS-API-054/semantic,manifest.v1.json#/ownershipSourceIndex/SYS-API-054/sourceRegister,G2_SYS_PRIMARY_CONTRACT_OWNER,SEALED_G3_PRIMARY_OWNER
SYS-API-055,SYS_G2_CONTRACT,HRIS-SYS,BASE-TFR-SYS-006,manifest.v1.json#/ownershipSourceIndex/SYS-API-055/semantic,manifest.v1.json#/ownershipSourceIndex/SYS-API-055/sourceRegister,G2_SYS_PRIMARY_CONTRACT_OWNER,SEALED_G3_PRIMARY_OWNER
SYS-API-056,SYS_G2_CONTRACT,HRIS-SYS,BASE-TFR-SYS-006,manifest.v1.json#/ownershipSourceIndex/SYS-API-056/semantic,manifest.v1.json#/ownershipSourceIndex/SYS-API-056/sourceRegister,G2_SYS_PRIMARY_CONTRACT_OWNER,SEALED_G3_PRIMARY_OWNER
SYS-API-057,SYS_G2_CONTRACT,HRIS-SYS,BASE-TFR-SYS-008,manifest.v1.json#/ownershipSourceIndex/SYS-API-057/semantic,manifest.v1.json#/ownershipSourceIndex/SYS-API-057/sourceRegister,G2_SYS_PRIMARY_CONTRACT_OWNER,SEALED_G3_PRIMARY_OWNER
SYS-API-058,SYS_G2_CONTRACT,HRIS-SYS,BASE-TFR-SYS-008,manifest.v1.json#/ownershipSourceIndex/SYS-API-058/semantic,manifest.v1.json#/ownershipSourceIndex/SYS-API-058/sourceRegister,G2_SYS_PRIMARY_CONTRACT_OWNER,SEALED_G3_PRIMARY_OWNER
SYS-API-059,SYS_G2_CONTRACT,HRIS-SYS,BASE-TFR-SYS-008,manifest.v1.json#/ownershipSourceIndex/SYS-API-059/semantic,manifest.v1.json#/ownershipSourceIndex/SYS-API-059/sourceRegister,G2_SYS_PRIMARY_CONTRACT_OWNER,SEALED_G3_PRIMARY_OWNER
SYS-API-060,SYS_G2_CONTRACT,HRIS-SYS,BASE-TFR-SYS-008,manifest.v1.json#/ownershipSourceIndex/SYS-API-060/semantic,manifest.v1.json#/ownershipSourceIndex/SYS-API-060/sourceRegister,G2_SYS_PRIMARY_CONTRACT_OWNER,SEALED_G3_PRIMARY_OWNER
SYS-API-061,SYS_G2_CONTRACT,HRIS-SYS,BASE-TFR-SYS-008,manifest.v1.json#/ownershipSourceIndex/SYS-API-061/semantic,manifest.v1.json#/ownershipSourceIndex/SYS-API-061/sourceRegister,G2_SYS_PRIMARY_CONTRACT_OWNER,SEALED_G3_PRIMARY_OWNER
SYS-API-062,SYS_G2_CONTRACT,HRIS-SYS,BASE-TFR-SYS-008,manifest.v1.json#/ownershipSourceIndex/SYS-API-062/semantic,manifest.v1.json#/ownershipSourceIndex/SYS-API-062/sourceRegister,G2_SYS_PRIMARY_CONTRACT_OWNER,SEALED_G3_PRIMARY_OWNER
SYS-API-063,SYS_G2_CONTRACT,HRIS-SYS,BASE-TFR-SYS-008,manifest.v1.json#/ownershipSourceIndex/SYS-API-063/semantic,manifest.v1.json#/ownershipSourceIndex/SYS-API-063/sourceRegister,G2_SYS_PRIMARY_CONTRACT_OWNER,SEALED_G3_PRIMARY_OWNER
SYS-API-064,SYS_G2_CONTRACT,HRIS-SYS,BASE-TFR-SYS-008,manifest.v1.json#/ownershipSourceIndex/SYS-API-064/semantic,manifest.v1.json#/ownershipSourceIndex/SYS-API-064/sourceRegister,G2_SYS_PRIMARY_CONTRACT_OWNER,SEALED_G3_PRIMARY_OWNER
SYS-API-065,SYS_G2_CONTRACT,HRIS-SYS,BASE-TFR-SYS-008,manifest.v1.json#/ownershipSourceIndex/SYS-API-065/semantic,manifest.v1.json#/ownershipSourceIndex/SYS-API-065/sourceRegister,G2_SYS_PRIMARY_CONTRACT_OWNER,SEALED_G3_PRIMARY_OWNER
SYS-API-066,SYS_G2_CONTRACT,HRIS-SYS,BASE-TFR-SYS-008,manifest.v1.json#/ownershipSourceIndex/SYS-API-066/semantic,manifest.v1.json#/ownershipSourceIndex/SYS-API-066/sourceRegister,G2_SYS_PRIMARY_CONTRACT_OWNER,SEALED_G3_PRIMARY_OWNER
SYS-API-067,SYS_G2_CONTRACT,HRIS-SYS,BASE-TFR-SYS-008,manifest.v1.json#/ownershipSourceIndex/SYS-API-067/semantic,manifest.v1.json#/ownershipSourceIndex/SYS-API-067/sourceRegister,G2_SYS_PRIMARY_CONTRACT_OWNER,SEALED_G3_PRIMARY_OWNER
SYS-API-068,SYS_G2_CONTRACT,HRIS-SYS,BASE-TFR-SYS-008,manifest.v1.json#/ownershipSourceIndex/SYS-API-068/semantic,manifest.v1.json#/ownershipSourceIndex/SYS-API-068/sourceRegister,G2_SYS_PRIMARY_CONTRACT_OWNER,SEALED_G3_PRIMARY_OWNER
SYS-API-069,SYS_G2_CONTRACT,HRIS-SYS,BASE-TFR-HRM-015,manifest.v1.json#/ownershipSourceIndex/SYS-API-069/semantic,manifest.v1.json#/ownershipSourceIndex/SYS-API-069/sourceRegister,G2_SYS_PRIMARY_CONTRACT_OWNER,SEALED_G3_PRIMARY_OWNER
SYS-API-070,SYS_G2_CONTRACT,HRIS-SYS,BASE-TFR-HRM-015,manifest.v1.json#/ownershipSourceIndex/SYS-API-070/semantic,manifest.v1.json#/ownershipSourceIndex/SYS-API-070/sourceRegister,G2_SYS_PRIMARY_CONTRACT_OWNER,SEALED_G3_PRIMARY_OWNER
SYS-API-071,SYS_G2_CONTRACT,HRIS-SYS,BASE-TFR-HRM-015,manifest.v1.json#/ownershipSourceIndex/SYS-API-071/semantic,manifest.v1.json#/ownershipSourceIndex/SYS-API-071/sourceRegister,G2_SYS_PRIMARY_CONTRACT_OWNER,SEALED_G3_PRIMARY_OWNER
SYS-API-072,SYS_G2_CONTRACT,HRIS-SYS,BASE-TFR-HRM-015,manifest.v1.json#/ownershipSourceIndex/SYS-API-072/semantic,manifest.v1.json#/ownershipSourceIndex/SYS-API-072/sourceRegister,G2_SYS_PRIMARY_CONTRACT_OWNER,SEALED_G3_PRIMARY_OWNER
SYS-API-073,SYS_G2_CONTRACT,HRIS-SYS,BASE-TFR-HRM-015,manifest.v1.json#/ownershipSourceIndex/SYS-API-073/semantic,manifest.v1.json#/ownershipSourceIndex/SYS-API-073/sourceRegister,G2_SYS_PRIMARY_CONTRACT_OWNER,SEALED_G3_PRIMARY_OWNER
SYS-API-074,SYS_G2_CONTRACT,HRIS-SYS,BASE-TFR-HRM-015,manifest.v1.json#/ownershipSourceIndex/SYS-API-074/semantic,manifest.v1.json#/ownershipSourceIndex/SYS-API-074/sourceRegister,G2_SYS_PRIMARY_CONTRACT_OWNER,SEALED_G3_PRIMARY_OWNER
SYS-API-075,SYS_G2_CONTRACT,HRIS-SYS,BASE-TFR-HRM-015,manifest.v1.json#/ownershipSourceIndex/SYS-API-075/semantic,manifest.v1.json#/ownershipSourceIndex/SYS-API-075/sourceRegister,G2_SYS_PRIMARY_CONTRACT_OWNER,SEALED_G3_PRIMARY_OWNER
SYS-EVT-001,SYS_G2_CONTRACT,HRIS-SYS,BASE-TFR-SYS-004,manifest.v1.json#/ownershipSourceIndex/SYS-EVT-001/semantic,manifest.v1.json#/ownershipSourceIndex/SYS-EVT-001/sourceRegister,G2_SYS_PRIMARY_CONTRACT_OWNER,SEALED_G3_PRIMARY_OWNER
SYS-EVT-002,SYS_G2_CONTRACT,HRIS-SYS,BASE-TFR-SYS-004,manifest.v1.json#/ownershipSourceIndex/SYS-EVT-002/semantic,manifest.v1.json#/ownershipSourceIndex/SYS-EVT-002/sourceRegister,G2_SYS_PRIMARY_CONTRACT_OWNER,SEALED_G3_PRIMARY_OWNER
SYS-EVT-003,SYS_G2_CONTRACT,HRIS-SYS,BASE-TFR-SYS-007,manifest.v1.json#/ownershipSourceIndex/SYS-EVT-003/semantic,manifest.v1.json#/ownershipSourceIndex/SYS-EVT-003/sourceRegister,G2_SYS_PRIMARY_CONTRACT_OWNER,SEALED_G3_PRIMARY_OWNER
SYS-EVT-004,SYS_G2_CONTRACT,HRIS-SYS,BASE-TFR-SYS-006,manifest.v1.json#/ownershipSourceIndex/SYS-EVT-004/semantic,manifest.v1.json#/ownershipSourceIndex/SYS-EVT-004/sourceRegister,G2_SYS_PRIMARY_CONTRACT_OWNER,SEALED_G3_PRIMARY_OWNER
SYS-EVT-005,SYS_G2_CONTRACT,HRIS-SYS,BASE-TFR-SYS-008,manifest.v1.json#/ownershipSourceIndex/SYS-EVT-005/semantic,manifest.v1.json#/ownershipSourceIndex/SYS-EVT-005/sourceRegister,G2_SYS_PRIMARY_CONTRACT_OWNER,SEALED_G3_PRIMARY_OWNER
SYS-EVT-006,SYS_G2_CONTRACT,HRIS-SYS,BASE-TFR-HRM-015,manifest.v1.json#/ownershipSourceIndex/SYS-EVT-006/semantic,manifest.v1.json#/ownershipSourceIndex/SYS-EVT-006/sourceRegister,G2_SYS_PRIMARY_CONTRACT_OWNER,SEALED_G3_PRIMARY_OWNER
SYS-EVT-007,SYS_G2_CONTRACT,HRIS-SYS,BASE-TFR-SYS-012,manifest.v1.json#/ownershipSourceIndex/SYS-EVT-007/semantic,manifest.v1.json#/ownershipSourceIndex/SYS-EVT-007/sourceRegister,G2_SYS_PRIMARY_CONTRACT_OWNER,SEALED_G3_PRIMARY_OWNER
SYS-EVT-008,SYS_G2_CONTRACT,HRIS-SYS,BASE-TFR-SYS-009,manifest.v1.json#/ownershipSourceIndex/SYS-EVT-008/semantic,manifest.v1.json#/ownershipSourceIndex/SYS-EVT-008/sourceRegister,G2_SYS_PRIMARY_CONTRACT_OWNER,SEALED_G3_PRIMARY_OWNER
SYS-EVT-009,SYS_G2_CONTRACT,HRIS-SYS,BASE-TFR-SYS-002,manifest.v1.json#/ownershipSourceIndex/SYS-EVT-009/semantic,manifest.v1.json#/ownershipSourceIndex/SYS-EVT-009/sourceRegister,G2_SYS_PRIMARY_CONTRACT_OWNER,SEALED_G3_PRIMARY_OWNER
EVT-HRM:AssignmentChanged.v1,BASE_EVENT,HRIS-HRM,BASE-TFR-HRM-008,manifest.v1.json#/ownershipSourceIndex/EVT-HRM:AssignmentChanged.v1/semantic,manifest.v1.json#/ownershipSourceIndex/EVT-HRM:AssignmentChanged.v1/sourceRegister,G2_BASE_EVENT_PRIMARY_PRODUCER,SEALED_G3_PRIMARY_OWNER
EVT-HRM:CertificateIssued.v1,BASE_EVENT,HRIS-HRM,BASE-TFR-HRM-009,manifest.v1.json#/ownershipSourceIndex/EVT-HRM:CertificateIssued.v1/semantic,manifest.v1.json#/ownershipSourceIndex/EVT-HRM:CertificateIssued.v1/sourceRegister,G2_BASE_EVENT_PRIMARY_PRODUCER,SEALED_G3_PRIMARY_OWNER
EVT-HRM:CompensationBasisChanged.v1,BASE_EVENT,HRIS-HRM,BASE-TFR-HRM-011,manifest.v1.json#/ownershipSourceIndex/EVT-HRM:CompensationBasisChanged.v1/semantic,manifest.v1.json#/ownershipSourceIndex/EVT-HRM:CompensationBasisChanged.v1/sourceRegister,G2_BASE_EVENT_PRIMARY_PRODUCER,SEALED_G3_PRIMARY_OWNER
EVT-HRM:EmployeeChangeApplied.v1,BASE_EVENT,HRIS-HRM,BASE-TFR-HRM-010,manifest.v1.json#/ownershipSourceIndex/EVT-HRM:EmployeeChangeApplied.v1/semantic,manifest.v1.json#/ownershipSourceIndex/EVT-HRM:EmployeeChangeApplied.v1/sourceRegister,G2_BASE_EVENT_PRIMARY_PRODUCER,SEALED_G3_PRIMARY_OWNER
EVT-HRM:EmploymentChanged.v1,BASE_EVENT,HRIS-HRM,BASE-TFR-HRM-008,manifest.v1.json#/ownershipSourceIndex/EVT-HRM:EmploymentChanged.v1/semantic,manifest.v1.json#/ownershipSourceIndex/EVT-HRM:EmploymentChanged.v1/sourceRegister,G2_BASE_EVENT_PRIMARY_PRODUCER,SEALED_G3_PRIMARY_OWNER
EVT-HRM:EmploymentContractIssued.v1,BASE_EVENT,HRIS-HRM,BASE-TFR-HRM-011,manifest.v1.json#/ownershipSourceIndex/EVT-HRM:EmploymentContractIssued.v1/semantic,manifest.v1.json#/ownershipSourceIndex/EVT-HRM:EmploymentContractIssued.v1/sourceRegister,G2_BASE_EVENT_PRIMARY_PRODUCER,SEALED_G3_PRIMARY_OWNER
EVT-HRM:HrisHomeContributionChanged.v1,BASE_EVENT,HRIS-HRM,BASE-TFR-HRM-003,manifest.v1.json#/ownershipSourceIndex/EVT-HRM:HrisHomeContributionChanged.v1/semantic,manifest.v1.json#/ownershipSourceIndex/EVT-HRM:HrisHomeContributionChanged.v1/sourceRegister,G2_BASE_EVENT_PRIMARY_PRODUCER,SEALED_G3_PRIMARY_OWNER
EVT-HRM:OrganizationChanged.v1,BASE_EVENT,HRIS-HRM,BASE-TFR-HRM-005,manifest.v1.json#/ownershipSourceIndex/EVT-HRM:OrganizationChanged.v1/semantic,manifest.v1.json#/ownershipSourceIndex/EVT-HRM:OrganizationChanged.v1/sourceRegister,G2_BASE_EVENT_PRIMARY_PRODUCER,SEALED_G3_PRIMARY_OWNER
EVT-HRM:PersonChanged.v1,BASE_EVENT,HRIS-HRM,BASE-TFR-HRM-004,manifest.v1.json#/ownershipSourceIndex/EVT-HRM:PersonChanged.v1/semantic,manifest.v1.json#/ownershipSourceIndex/EVT-HRM:PersonChanged.v1/sourceRegister,G2_BASE_EVENT_PRIMARY_PRODUCER,SEALED_G3_PRIMARY_OWNER
EVT-HRM:WorkerBankAccountTokenChanged.v1,BASE_EVENT,HRIS-HRM,BASE-TFR-HRM-011,manifest.v1.json#/ownershipSourceIndex/EVT-HRM:WorkerBankAccountTokenChanged.v1/semantic,manifest.v1.json#/ownershipSourceIndex/EVT-HRM:WorkerBankAccountTokenChanged.v1/sourceRegister,G2_BASE_EVENT_PRIMARY_PRODUCER,SEALED_G3_PRIMARY_OWNER
EVT-HRM:WorkerChanged.v1,BASE_EVENT,HRIS-HRM,BASE-TFR-HRM-008,manifest.v1.json#/ownershipSourceIndex/EVT-HRM:WorkerChanged.v1/semantic,manifest.v1.json#/ownershipSourceIndex/EVT-HRM:WorkerChanged.v1/sourceRegister,G2_BASE_EVENT_PRIMARY_PRODUCER,SEALED_G3_PRIMARY_OWNER
EVT-HRM:WorkerDependentEligibilityChanged.v1,BASE_EVENT,HRIS-HRM,BASE-TFR-HRM-011,manifest.v1.json#/ownershipSourceIndex/EVT-HRM:WorkerDependentEligibilityChanged.v1/semantic,manifest.v1.json#/ownershipSourceIndex/EVT-HRM:WorkerDependentEligibilityChanged.v1/sourceRegister,G2_BASE_EVENT_PRIMARY_PRODUCER,SEALED_G3_PRIMARY_OWNER
EVT-HRM:WorkerHired.v1,BASE_EVENT,HRIS-HRM,BASE-TFR-HRM-008,manifest.v1.json#/ownershipSourceIndex/EVT-HRM:WorkerHired.v1/semantic,manifest.v1.json#/ownershipSourceIndex/EVT-HRM:WorkerHired.v1/sourceRegister,G2_BASE_EVENT_PRIMARY_PRODUCER,SEALED_G3_PRIMARY_OWNER
EVT-HRM:WorkerSeparated.v1,BASE_EVENT,HRIS-HRM,BASE-TFR-HRM-013,manifest.v1.json#/ownershipSourceIndex/EVT-HRM:WorkerSeparated.v1/semantic,manifest.v1.json#/ownershipSourceIndex/EVT-HRM:WorkerSeparated.v1/sourceRegister,G2_BASE_EVENT_PRIMARY_PRODUCER,SEALED_G3_PRIMARY_OWNER
EVT-HRM:WorkerTaxIdentityChanged.v1,BASE_EVENT,HRIS-HRM,BASE-TFR-HRM-011,manifest.v1.json#/ownershipSourceIndex/EVT-HRM:WorkerTaxIdentityChanged.v1/semantic,manifest.v1.json#/ownershipSourceIndex/EVT-HRM:WorkerTaxIdentityChanged.v1/sourceRegister,G2_BASE_EVENT_PRIMARY_PRODUCER,SEALED_G3_PRIMARY_OWNER
EVT-HRM:WorkforceIngestionReconciled.v1,BASE_EVENT,HRIS-HRM,BASE-TFR-HRM-012,manifest.v1.json#/ownershipSourceIndex/EVT-HRM:WorkforceIngestionReconciled.v1/semantic,manifest.v1.json#/ownershipSourceIndex/EVT-HRM:WorkforceIngestionReconciled.v1/sourceRegister,G2_BASE_EVENT_PRIMARY_PRODUCER,SEALED_G3_PRIMARY_OWNER
EVT-HRM:WorkplaceChanged.v1,BASE_EVENT,HRIS-HRM,BASE-TFR-HRM-008,manifest.v1.json#/ownershipSourceIndex/EVT-HRM:WorkplaceChanged.v1/semantic,manifest.v1.json#/ownershipSourceIndex/EVT-HRM:WorkplaceChanged.v1/sourceRegister,G2_BASE_EVENT_PRIMARY_PRODUCER,SEALED_G3_PRIMARY_OWNER
EVT-PAY:HrisHomeContributionChanged.v1,BASE_EVENT,HRIS-PAY,BASE-TFR-PAY-015,manifest.v1.json#/ownershipSourceIndex/EVT-PAY:HrisHomeContributionChanged.v1/semantic,manifest.v1.json#/ownershipSourceIndex/EVT-PAY:HrisHomeContributionChanged.v1/sourceRegister,G2_BASE_EVENT_PRIMARY_PRODUCER,SEALED_G3_PRIMARY_OWNER
EVT-PAY:PaymentInstructionReleased,BASE_EVENT,HRIS-PAY,BASE-TFR-PAY-008,manifest.v1.json#/ownershipSourceIndex/EVT-PAY:PaymentInstructionReleased/semantic,manifest.v1.json#/ownershipSourceIndex/EVT-PAY:PaymentInstructionReleased/sourceRegister,G2_BASE_EVENT_PRIMARY_PRODUCER,SEALED_G3_PRIMARY_OWNER
EVT-PAY:PayrollCalculated,BASE_EVENT,HRIS-PAY,BASE-TFR-PAY-011,manifest.v1.json#/ownershipSourceIndex/EVT-PAY:PayrollCalculated/semantic,manifest.v1.json#/ownershipSourceIndex/EVT-PAY:PayrollCalculated/sourceRegister,G2_BASE_EVENT_PRIMARY_PRODUCER,SEALED_G3_PRIMARY_OWNER
EVT-PAY:PayrollConfigurationPublished,BASE_EVENT,HRIS-PAY,BASE-TFR-PAY-006,manifest.v1.json#/ownershipSourceIndex/EVT-PAY:PayrollConfigurationPublished/semantic,manifest.v1.json#/ownershipSourceIndex/EVT-PAY:PayrollConfigurationPublished/sourceRegister,G2_BASE_EVENT_PRIMARY_PRODUCER,SEALED_G3_PRIMARY_OWNER
EVT-PAY:PayrollCorrectionPosted,BASE_EVENT,HRIS-PAY,BASE-TFR-PAY-010,manifest.v1.json#/ownershipSourceIndex/EVT-PAY:PayrollCorrectionPosted/semantic,manifest.v1.json#/ownershipSourceIndex/EVT-PAY:PayrollCorrectionPosted/sourceRegister,G2_BASE_EVENT_PRIMARY_PRODUCER,SEALED_G3_PRIMARY_OWNER
EVT-PAY:PayrollFinalized,BASE_EVENT,HRIS-PAY,BASE-TFR-PAY-011,manifest.v1.json#/ownershipSourceIndex/EVT-PAY:PayrollFinalized/semantic,manifest.v1.json#/ownershipSourceIndex/EVT-PAY:PayrollFinalized/sourceRegister,G2_BASE_EVENT_PRIMARY_PRODUCER,SEALED_G3_PRIMARY_OWNER
EVT-PAY:PayrollPosted,BASE_EVENT,HRIS-PAY,BASE-TFR-PAY-008,manifest.v1.json#/ownershipSourceIndex/EVT-PAY:PayrollPosted/semantic,manifest.v1.json#/ownershipSourceIndex/EVT-PAY:PayrollPosted/sourceRegister,G2_BASE_EVENT_PRIMARY_PRODUCER,SEALED_G3_PRIMARY_OWNER
EVT-PAY:PayrollRunApproved,BASE_EVENT,HRIS-PAY,BASE-TFR-PAY-011,manifest.v1.json#/ownershipSourceIndex/EVT-PAY:PayrollRunApproved/semantic,manifest.v1.json#/ownershipSourceIndex/EVT-PAY:PayrollRunApproved/sourceRegister,G2_BASE_EVENT_PRIMARY_PRODUCER,SEALED_G3_PRIMARY_OWNER
EVT-PAY:PayrollRunPrepared,BASE_EVENT,HRIS-PAY,BASE-TFR-PAY-013,manifest.v1.json#/ownershipSourceIndex/EVT-PAY:PayrollRunPrepared/semantic,manifest.v1.json#/ownershipSourceIndex/EVT-PAY:PayrollRunPrepared/sourceRegister,G2_BASE_EVENT_PRIMARY_PRODUCER,SEALED_G3_PRIMARY_OWNER
EVT-PAY:PayrollValidated,BASE_EVENT,HRIS-PAY,BASE-TFR-PAY-012,manifest.v1.json#/ownershipSourceIndex/EVT-PAY:PayrollValidated/semantic,manifest.v1.json#/ownershipSourceIndex/EVT-PAY:PayrollValidated/sourceRegister,G2_BASE_EVENT_PRIMARY_PRODUCER,SEALED_G3_PRIMARY_OWNER
EVT-PAY:PayslipPublished,BASE_EVENT,HRIS-PAY,BASE-TFR-PAY-009,manifest.v1.json#/ownershipSourceIndex/EVT-PAY:PayslipPublished/semantic,manifest.v1.json#/ownershipSourceIndex/EVT-PAY:PayslipPublished/sourceRegister,G2_BASE_EVENT_PRIMARY_PRODUCER,SEALED_G3_PRIMARY_OWNER
EVT-PAY:YearEndCaseChanged,BASE_EVENT,HRIS-PAY,BASE-TFR-PAY-017,manifest.v1.json#/ownershipSourceIndex/EVT-PAY:YearEndCaseChanged/semantic,manifest.v1.json#/ownershipSourceIndex/EVT-PAY:YearEndCaseChanged/sourceRegister,G2_BASE_EVENT_PRIMARY_PRODUCER,SEALED_G3_PRIMARY_OWNER
EVT-PER:HrisHomeContributionChanged.v1,BASE_EVENT,HRIS-PER,BASE-TFR-PER-007,manifest.v1.json#/ownershipSourceIndex/EVT-PER:HrisHomeContributionChanged.v1/semantic,manifest.v1.json#/ownershipSourceIndex/EVT-PER:HrisHomeContributionChanged.v1/sourceRegister,G2_BASE_EVENT_PRIMARY_PRODUCER,SEALED_G3_PRIMARY_OWNER
EVT-PER:PerformanceAppealResolved.v1,BASE_EVENT,HRIS-PER,BASE-TFR-PER-012,manifest.v1.json#/ownershipSourceIndex/EVT-PER:PerformanceAppealResolved.v1/semantic,manifest.v1.json#/ownershipSourceIndex/EVT-PER:PerformanceAppealResolved.v1/sourceRegister,G2_BASE_EVENT_PRIMARY_PRODUCER,SEALED_G3_PRIMARY_OWNER
EVT-PER:PerformanceCalibrationApproved.v1,BASE_EVENT,HRIS-PER,BASE-TFR-PER-002,manifest.v1.json#/ownershipSourceIndex/EVT-PER:PerformanceCalibrationApproved.v1/semantic,manifest.v1.json#/ownershipSourceIndex/EVT-PER:PerformanceCalibrationApproved.v1/sourceRegister,G2_BASE_EVENT_PRIMARY_PRODUCER,SEALED_G3_PRIMARY_OWNER
EVT-PER:PerformanceCyclePublished.v1,BASE_EVENT,HRIS-PER,BASE-TFR-PER-005,manifest.v1.json#/ownershipSourceIndex/EVT-PER:PerformanceCyclePublished.v1/semantic,manifest.v1.json#/ownershipSourceIndex/EVT-PER:PerformanceCyclePublished.v1/sourceRegister,G2_BASE_EVENT_PRIMARY_PRODUCER,SEALED_G3_PRIMARY_OWNER
EVT-PER:PerformanceFeedbackSubmitted.v1,BASE_EVENT,HRIS-PER,BASE-TFR-PER-008,manifest.v1.json#/ownershipSourceIndex/EVT-PER:PerformanceFeedbackSubmitted.v1/semantic,manifest.v1.json#/ownershipSourceIndex/EVT-PER:PerformanceFeedbackSubmitted.v1/sourceRegister,G2_BASE_EVENT_PRIMARY_PRODUCER,SEALED_G3_PRIMARY_OWNER
EVT-PER:PerformanceGoalCommitted.v1,BASE_EVENT,HRIS-PER,BASE-TFR-PER-009,manifest.v1.json#/ownershipSourceIndex/EVT-PER:PerformanceGoalCommitted.v1/semantic,manifest.v1.json#/ownershipSourceIndex/EVT-PER:PerformanceGoalCommitted.v1/sourceRegister,G2_BASE_EVENT_PRIMARY_PRODUCER,SEALED_G3_PRIMARY_OWNER
EVT-PER:PerformanceImportCompleted.v1,BASE_EVENT,HRIS-PER,BASE-TFR-PER-010,manifest.v1.json#/ownershipSourceIndex/EVT-PER:PerformanceImportCompleted.v1/semantic,manifest.v1.json#/ownershipSourceIndex/EVT-PER:PerformanceImportCompleted.v1/sourceRegister,G2_BASE_EVENT_PRIMARY_PRODUCER,SEALED_G3_PRIMARY_OWNER
EVT-PER:PerformancePopulationFrozen.v1,BASE_EVENT,HRIS-PER,BASE-TFR-PER-006,manifest.v1.json#/ownershipSourceIndex/EVT-PER:PerformancePopulationFrozen.v1/semantic,manifest.v1.json#/ownershipSourceIndex/EVT-PER:PerformancePopulationFrozen.v1/sourceRegister,G2_BASE_EVENT_PRIMARY_PRODUCER,SEALED_G3_PRIMARY_OWNER
EVT-PER:PerformanceResultsPublished.v1,BASE_EVENT,HRIS-PER,BASE-TFR-PER-012,manifest.v1.json#/ownershipSourceIndex/EVT-PER:PerformanceResultsPublished.v1/semantic,manifest.v1.json#/ownershipSourceIndex/EVT-PER:PerformanceResultsPublished.v1/sourceRegister,G2_BASE_EVENT_PRIMARY_PRODUCER,SEALED_G3_PRIMARY_OWNER
EVT-PER:PerformanceReviewSubmitted.v1,BASE_EVENT,HRIS-PER,BASE-TFR-PER-013,manifest.v1.json#/ownershipSourceIndex/EVT-PER:PerformanceReviewSubmitted.v1/semantic,manifest.v1.json#/ownershipSourceIndex/EVT-PER:PerformanceReviewSubmitted.v1/sourceRegister,G2_BASE_EVENT_PRIMARY_PRODUCER,SEALED_G3_PRIMARY_OWNER
EVT-TIM:ClockEventRecorded,BASE_EVENT,HRIS-TIM,BASE-TFR-TIM-006,manifest.v1.json#/ownershipSourceIndex/EVT-TIM:ClockEventRecorded/semantic,manifest.v1.json#/ownershipSourceIndex/EVT-TIM:ClockEventRecorded/sourceRegister,G2_BASE_EVENT_PRIMARY_PRODUCER,SEALED_G3_PRIMARY_OWNER
EVT-TIM:HrisHomeContributionChanged.v1,BASE_EVENT,HRIS-TIM,BASE-TFR-TIM-018,manifest.v1.json#/ownershipSourceIndex/EVT-TIM:HrisHomeContributionChanged.v1/semantic,manifest.v1.json#/ownershipSourceIndex/EVT-TIM:HrisHomeContributionChanged.v1/sourceRegister,G2_BASE_EVENT_PRIMARY_PRODUCER,SEALED_G3_PRIMARY_OWNER
EVT-TIM:LeaveDecisionRecorded,BASE_EVENT,HRIS-TIM,BASE-TFR-TIM-014,manifest.v1.json#/ownershipSourceIndex/EVT-TIM:LeaveDecisionRecorded/semantic,manifest.v1.json#/ownershipSourceIndex/EVT-TIM:LeaveDecisionRecorded/sourceRegister,G2_BASE_EVENT_PRIMARY_PRODUCER,SEALED_G3_PRIMARY_OWNER
EVT-TIM:LeaveLedgerPosted,BASE_EVENT,HRIS-TIM,BASE-TFR-TIM-012,manifest.v1.json#/ownershipSourceIndex/EVT-TIM:LeaveLedgerPosted/semantic,manifest.v1.json#/ownershipSourceIndex/EVT-TIM:LeaveLedgerPosted/sourceRegister,G2_BASE_EVENT_PRIMARY_PRODUCER,SEALED_G3_PRIMARY_OWNER
EVT-TIM:PayrollTimeHandoffReady.v1,BASE_EVENT,HRIS-TIM,BASE-TFR-TIM-007,manifest.v1.json#/ownershipSourceIndex/EVT-TIM:PayrollTimeHandoffReady.v1/semantic,manifest.v1.json#/ownershipSourceIndex/EVT-TIM:PayrollTimeHandoffReady.v1/sourceRegister,G2_BASE_EVENT_PRIMARY_PRODUCER,SEALED_G3_PRIMARY_OWNER
EVT-TIM:TimeInterpreted,BASE_EVENT,HRIS-TIM,BASE-TFR-TIM-010,manifest.v1.json#/ownershipSourceIndex/EVT-TIM:TimeInterpreted/semantic,manifest.v1.json#/ownershipSourceIndex/EVT-TIM:TimeInterpreted/sourceRegister,G2_BASE_EVENT_PRIMARY_PRODUCER,SEALED_G3_PRIMARY_OWNER
EVT-TIM:TimePeriodClosed.v1,BASE_EVENT,HRIS-TIM,BASE-TFR-TIM-007,manifest.v1.json#/ownershipSourceIndex/EVT-TIM:TimePeriodClosed.v1/semantic,manifest.v1.json#/ownershipSourceIndex/EVT-TIM:TimePeriodClosed.v1/sourceRegister,G2_BASE_EVENT_PRIMARY_PRODUCER,SEALED_G3_PRIMARY_OWNER
EVT-TIM:TimePeriodReopened.v1,BASE_EVENT,HRIS-TIM,BASE-TFR-TIM-007,manifest.v1.json#/ownershipSourceIndex/EVT-TIM:TimePeriodReopened.v1/semantic,manifest.v1.json#/ownershipSourceIndex/EVT-TIM:TimePeriodReopened.v1/sourceRegister,G2_BASE_EVENT_PRIMARY_PRODUCER,SEALED_G3_PRIMARY_OWNER
EVT-TIM:TimecardDecisionRecorded,BASE_EVENT,HRIS-TIM,BASE-TFR-TIM-017,manifest.v1.json#/ownershipSourceIndex/EVT-TIM:TimecardDecisionRecorded/semantic,manifest.v1.json#/ownershipSourceIndex/EVT-TIM:TimecardDecisionRecorded/sourceRegister,G2_BASE_EVENT_PRIMARY_PRODUCER,SEALED_G3_PRIMARY_OWNER
modern.ai.assist.cancel,MODERN_OPERATION,HRIS-SYS,MOD-SYS-AI,modern-capability-semantic-bindings.v1.json#/operationSemanticBindings/0,modern-capability-exact-schema-contracts.v1.json#/operationBindings/0,G3_CANONICAL_OPERATION_PRIMARY_OWNER,SEALED_G3_PRIMARY_OWNER
modern.ai.assist.create,MODERN_OPERATION,HRIS-SYS,MOD-SYS-AI,modern-capability-semantic-bindings.v1.json#/operationSemanticBindings/1,modern-capability-exact-schema-contracts.v1.json#/operationBindings/1,G3_CANONICAL_OPERATION_PRIMARY_OWNER,SEALED_G3_PRIMARY_OWNER
modern.ai.assist.review,MODERN_OPERATION,HRIS-SYS,MOD-SYS-AI,modern-capability-semantic-bindings.v1.json#/operationSemanticBindings/2,modern-capability-exact-schema-contracts.v1.json#/operationBindings/2,G3_CANONICAL_OPERATION_PRIMARY_OWNER,SEALED_G3_PRIMARY_OWNER
modern.ai.assist.revoke,MODERN_OPERATION,HRIS-SYS,MOD-SYS-AI,modern-capability-semantic-bindings.v1.json#/operationSemanticBindings/3,modern-capability-exact-schema-contracts.v1.json#/operationBindings/3,G3_CANONICAL_OPERATION_PRIMARY_OWNER,SEALED_G3_PRIMARY_OWNER
modern.ai.assistance.query,MODERN_OPERATION,HRIS-SYS,MOD-SYS-AI,modern-capability-semantic-bindings.v1.json#/operationSemanticBindings/4,modern-capability-exact-schema-contracts.v1.json#/operationBindings/4,G3_CANONICAL_OPERATION_PRIMARY_OWNER,SEALED_G3_PRIMARY_OWNER
modern.ai.assistances.query,MODERN_OPERATION,HRIS-SYS,MOD-SYS-AI,modern-capability-semantic-bindings.v1.json#/operationSemanticBindings/5,modern-capability-exact-schema-contracts.v1.json#/operationBindings/5,G3_CANONICAL_OPERATION_PRIMARY_OWNER,SEALED_G3_PRIMARY_OWNER
modern.ai.evaluation.cancel,MODERN_OPERATION,HRIS-SYS,MOD-SYS-AI,modern-capability-semantic-bindings.v1.json#/operationSemanticBindings/6,modern-capability-exact-schema-contracts.v1.json#/operationBindings/6,G3_CANONICAL_OPERATION_PRIMARY_OWNER,SEALED_G3_PRIMARY_OWNER
modern.ai.evaluation.query,MODERN_OPERATION,HRIS-SYS,MOD-SYS-AI,modern-capability-semantic-bindings.v1.json#/operationSemanticBindings/7,modern-capability-exact-schema-contracts.v1.json#/operationBindings/7,G3_CANONICAL_OPERATION_PRIMARY_OWNER,SEALED_G3_PRIMARY_OWNER
modern.ai.evaluations.query,MODERN_OPERATION,HRIS-SYS,MOD-SYS-AI,modern-capability-semantic-bindings.v1.json#/operationSemanticBindings/8,modern-capability-exact-schema-contracts.v1.json#/operationBindings/8,G3_CANONICAL_OPERATION_PRIMARY_OWNER,SEALED_G3_PRIMARY_OWNER
modern.ai.kill.switch,MODERN_OPERATION,HRIS-SYS,MOD-SYS-AI,modern-capability-semantic-bindings.v1.json#/operationSemanticBindings/9,modern-capability-exact-schema-contracts.v1.json#/operationBindings/9,G3_CANONICAL_OPERATION_PRIMARY_OWNER,SEALED_G3_PRIMARY_OWNER
modern.ai.policies.query,MODERN_OPERATION,HRIS-SYS,MOD-SYS-AI,modern-capability-semantic-bindings.v1.json#/operationSemanticBindings/10,modern-capability-exact-schema-contracts.v1.json#/operationBindings/10,G3_CANONICAL_OPERATION_PRIMARY_OWNER,SEALED_G3_PRIMARY_OWNER
modern.ai.policy.create,MODERN_OPERATION,HRIS-SYS,MOD-SYS-AI,modern-capability-semantic-bindings.v1.json#/operationSemanticBindings/11,modern-capability-exact-schema-contracts.v1.json#/operationBindings/11,G3_CANONICAL_OPERATION_PRIMARY_OWNER,SEALED_G3_PRIMARY_OWNER
modern.ai.policy.evaluate,MODERN_OPERATION,HRIS-SYS,MOD-SYS-AI,modern-capability-semantic-bindings.v1.json#/operationSemanticBindings/12,modern-capability-exact-schema-contracts.v1.json#/operationBindings/12,G3_CANONICAL_OPERATION_PRIMARY_OWNER,SEALED_G3_PRIMARY_OWNER
modern.ai.policy.publish,MODERN_OPERATION,HRIS-SYS,MOD-SYS-AI,modern-capability-semantic-bindings.v1.json#/operationSemanticBindings/13,modern-capability-exact-schema-contracts.v1.json#/operationBindings/13,G3_CANONICAL_OPERATION_PRIMARY_OWNER,SEALED_G3_PRIMARY_OWNER
modern.ai.policy.query,MODERN_OPERATION,HRIS-SYS,MOD-SYS-AI,modern-capability-semantic-bindings.v1.json#/operationSemanticBindings/14,modern-capability-exact-schema-contracts.v1.json#/operationBindings/14,G3_CANONICAL_OPERATION_PRIMARY_OWNER,SEALED_G3_PRIMARY_OWNER
modern.ai.policy.retire,MODERN_OPERATION,HRIS-SYS,MOD-SYS-AI,modern-capability-semantic-bindings.v1.json#/operationSemanticBindings/15,modern-capability-exact-schema-contracts.v1.json#/operationBindings/15,G3_CANONICAL_OPERATION_PRIMARY_OWNER,SEALED_G3_PRIMARY_OWNER
modern.ai.policy.revise,MODERN_OPERATION,HRIS-SYS,MOD-SYS-AI,modern-capability-semantic-bindings.v1.json#/operationSemanticBindings/16,modern-capability-exact-schema-contracts.v1.json#/operationBindings/16,G3_CANONICAL_OPERATION_PRIMARY_OWNER,SEALED_G3_PRIMARY_OWNER
modern.analytics.export.cancel,MODERN_OPERATION,HRIS-SYS,MOD-SYS-ANALYTICS,modern-capability-semantic-bindings.v1.json#/operationSemanticBindings/17,modern-capability-exact-schema-contracts.v1.json#/operationBindings/17,G3_CANONICAL_OPERATION_PRIMARY_OWNER,SEALED_G3_PRIMARY_OWNER
modern.analytics.export.create,MODERN_OPERATION,HRIS-SYS,MOD-SYS-ANALYTICS,modern-capability-semantic-bindings.v1.json#/operationSemanticBindings/18,modern-capability-exact-schema-contracts.v1.json#/operationBindings/18,G3_CANONICAL_OPERATION_PRIMARY_OWNER,SEALED_G3_PRIMARY_OWNER
modern.analytics.export.query,MODERN_OPERATION,HRIS-SYS,MOD-SYS-ANALYTICS,modern-capability-semantic-bindings.v1.json#/operationSemanticBindings/19,modern-capability-exact-schema-contracts.v1.json#/operationBindings/19,G3_CANONICAL_OPERATION_PRIMARY_OWNER,SEALED_G3_PRIMARY_OWNER
modern.analytics.exports.query,MODERN_OPERATION,HRIS-SYS,MOD-SYS-ANALYTICS,modern-capability-semantic-bindings.v1.json#/operationSemanticBindings/20,modern-capability-exact-schema-contracts.v1.json#/operationBindings/20,G3_CANONICAL_OPERATION_PRIMARY_OWNER,SEALED_G3_PRIMARY_OWNER
modern.analytics.metric.create,MODERN_OPERATION,HRIS-SYS,MOD-SYS-ANALYTICS,modern-capability-semantic-bindings.v1.json#/operationSemanticBindings/21,modern-capability-exact-schema-contracts.v1.json#/operationBindings/21,G3_CANONICAL_OPERATION_PRIMARY_OWNER,SEALED_G3_PRIMARY_OWNER
modern.analytics.metric.publish,MODERN_OPERATION,HRIS-SYS,MOD-SYS-ANALYTICS,modern-capability-semantic-bindings.v1.json#/operationSemanticBindings/22,modern-capability-exact-schema-contracts.v1.json#/operationBindings/22,G3_CANONICAL_OPERATION_PRIMARY_OWNER,SEALED_G3_PRIMARY_OWNER
modern.analytics.metric.query,MODERN_OPERATION,HRIS-SYS,MOD-SYS-ANALYTICS,modern-capability-semantic-bindings.v1.json#/operationSemanticBindings/23,modern-capability-exact-schema-contracts.v1.json#/operationBindings/23,G3_CANONICAL_OPERATION_PRIMARY_OWNER,SEALED_G3_PRIMARY_OWNER
modern.analytics.metric.retire,MODERN_OPERATION,HRIS-SYS,MOD-SYS-ANALYTICS,modern-capability-semantic-bindings.v1.json#/operationSemanticBindings/24,modern-capability-exact-schema-contracts.v1.json#/operationBindings/24,G3_CANONICAL_OPERATION_PRIMARY_OWNER,SEALED_G3_PRIMARY_OWNER
modern.analytics.metric.revise,MODERN_OPERATION,HRIS-SYS,MOD-SYS-ANALYTICS,modern-capability-semantic-bindings.v1.json#/operationSemanticBindings/25,modern-capability-exact-schema-contracts.v1.json#/operationBindings/25,G3_CANONICAL_OPERATION_PRIMARY_OWNER,SEALED_G3_PRIMARY_OWNER
modern.analytics.metric.validate,MODERN_OPERATION,HRIS-SYS,MOD-SYS-ANALYTICS,modern-capability-semantic-bindings.v1.json#/operationSemanticBindings/26,modern-capability-exact-schema-contracts.v1.json#/operationBindings/26,G3_CANONICAL_OPERATION_PRIMARY_OWNER,SEALED_G3_PRIMARY_OWNER
modern.analytics.metrics.query,MODERN_OPERATION,HRIS-SYS,MOD-SYS-ANALYTICS,modern-capability-semantic-bindings.v1.json#/operationSemanticBindings/27,modern-capability-exact-schema-contracts.v1.json#/operationBindings/27,G3_CANONICAL_OPERATION_PRIMARY_OWNER,SEALED_G3_PRIMARY_OWNER
modern.analytics.projection.query,MODERN_OPERATION,HRIS-SYS,MOD-SYS-ANALYTICS,modern-capability-semantic-bindings.v1.json#/operationSemanticBindings/28,modern-capability-exact-schema-contracts.v1.json#/operationBindings/28,G3_CANONICAL_OPERATION_PRIMARY_OWNER,SEALED_G3_PRIMARY_OWNER
modern.analytics.projection.request,MODERN_OPERATION,HRIS-SYS,MOD-SYS-ANALYTICS,modern-capability-semantic-bindings.v1.json#/operationSemanticBindings/29,modern-capability-exact-schema-contracts.v1.json#/operationBindings/29,G3_CANONICAL_OPERATION_PRIMARY_OWNER,SEALED_G3_PRIMARY_OWNER
modern.analytics.projections.query,MODERN_OPERATION,HRIS-SYS,MOD-SYS-ANALYTICS,modern-capability-semantic-bindings.v1.json#/operationSemanticBindings/30,modern-capability-exact-schema-contracts.v1.json#/operationBindings/30,G3_CANONICAL_OPERATION_PRIMARY_OWNER,SEALED_G3_PRIMARY_OWNER
modern.benefits.enrollment.cancel,MODERN_OPERATION,HRIS-HRM,MOD-HRM-BENEFITS,modern-capability-semantic-bindings.v1.json#/operationSemanticBindings/31,modern-capability-exact-schema-contracts.v1.json#/operationBindings/31,G3_CANONICAL_OPERATION_PRIMARY_OWNER,SEALED_G3_PRIMARY_OWNER
modern.benefits.enrollment.decide,MODERN_OPERATION,HRIS-HRM,MOD-HRM-BENEFITS,modern-capability-semantic-bindings.v1.json#/operationSemanticBindings/32,modern-capability-exact-schema-contracts.v1.json#/operationBindings/32,G3_CANONICAL_OPERATION_PRIMARY_OWNER,SEALED_G3_PRIMARY_OWNER
modern.benefits.enrollment.query,MODERN_OPERATION,HRIS-HRM,MOD-HRM-BENEFITS,modern-capability-semantic-bindings.v1.json#/operationSemanticBindings/33,modern-capability-exact-schema-contracts.v1.json#/operationBindings/33,G3_CANONICAL_OPERATION_PRIMARY_OWNER,SEALED_G3_PRIMARY_OWNER
modern.benefits.enrollment.submit,MODERN_OPERATION,HRIS-HRM,MOD-HRM-BENEFITS,modern-capability-semantic-bindings.v1.json#/operationSemanticBindings/34,modern-capability-exact-schema-contracts.v1.json#/operationBindings/34,G3_CANONICAL_OPERATION_PRIMARY_OWNER,SEALED_G3_PRIMARY_OWNER
modern.benefits.enrollments.query,MODERN_OPERATION,HRIS-HRM,MOD-HRM-BENEFITS,modern-capability-semantic-bindings.v1.json#/operationSemanticBindings/35,modern-capability-exact-schema-contracts.v1.json#/operationBindings/35,G3_CANONICAL_OPERATION_PRIMARY_OWNER,SEALED_G3_PRIMARY_OWNER
modern.benefits.lifeevent.decide,MODERN_OPERATION,HRIS-HRM,MOD-HRM-BENEFITS,modern-capability-semantic-bindings.v1.json#/operationSemanticBindings/36,modern-capability-exact-schema-contracts.v1.json#/operationBindings/36,G3_CANONICAL_OPERATION_PRIMARY_OWNER,SEALED_G3_PRIMARY_OWNER
modern.benefits.lifeevent.query,MODERN_OPERATION,HRIS-HRM,MOD-HRM-BENEFITS,modern-capability-semantic-bindings.v1.json#/operationSemanticBindings/37,modern-capability-exact-schema-contracts.v1.json#/operationBindings/37,G3_CANONICAL_OPERATION_PRIMARY_OWNER,SEALED_G3_PRIMARY_OWNER
modern.benefits.lifeevent.submit,MODERN_OPERATION,HRIS-HRM,MOD-HRM-BENEFITS,modern-capability-semantic-bindings.v1.json#/operationSemanticBindings/38,modern-capability-exact-schema-contracts.v1.json#/operationBindings/38,G3_CANONICAL_OPERATION_PRIMARY_OWNER,SEALED_G3_PRIMARY_OWNER
modern.benefits.lifeevents.query,MODERN_OPERATION,HRIS-HRM,MOD-HRM-BENEFITS,modern-capability-semantic-bindings.v1.json#/operationSemanticBindings/39,modern-capability-exact-schema-contracts.v1.json#/operationBindings/39,G3_CANONICAL_OPERATION_PRIMARY_OWNER,SEALED_G3_PRIMARY_OWNER
modern.benefits.plan.create,MODERN_OPERATION,HRIS-HRM,MOD-HRM-BENEFITS,modern-capability-semantic-bindings.v1.json#/operationSemanticBindings/40,modern-capability-exact-schema-contracts.v1.json#/operationBindings/40,G3_CANONICAL_OPERATION_PRIMARY_OWNER,SEALED_G3_PRIMARY_OWNER
modern.benefits.plan.publish,MODERN_OPERATION,HRIS-HRM,MOD-HRM-BENEFITS,modern-capability-semantic-bindings.v1.json#/operationSemanticBindings/41,modern-capability-exact-schema-contracts.v1.json#/operationBindings/41,G3_CANONICAL_OPERATION_PRIMARY_OWNER,SEALED_G3_PRIMARY_OWNER
modern.benefits.plan.query,MODERN_OPERATION,HRIS-HRM,MOD-HRM-BENEFITS,modern-capability-semantic-bindings.v1.json#/operationSemanticBindings/42,modern-capability-exact-schema-contracts.v1.json#/operationBindings/42,G3_CANONICAL_OPERATION_PRIMARY_OWNER,SEALED_G3_PRIMARY_OWNER
modern.benefits.plan.retire,MODERN_OPERATION,HRIS-HRM,MOD-HRM-BENEFITS,modern-capability-semantic-bindings.v1.json#/operationSemanticBindings/43,modern-capability-exact-schema-contracts.v1.json#/operationBindings/43,G3_CANONICAL_OPERATION_PRIMARY_OWNER,SEALED_G3_PRIMARY_OWNER
modern.benefits.plan.revise,MODERN_OPERATION,HRIS-HRM,MOD-HRM-BENEFITS,modern-capability-semantic-bindings.v1.json#/operationSemanticBindings/44,modern-capability-exact-schema-contracts.v1.json#/operationBindings/44,G3_CANONICAL_OPERATION_PRIMARY_OWNER,SEALED_G3_PRIMARY_OWNER
modern.benefits.plans.query,MODERN_OPERATION,HRIS-HRM,MOD-HRM-BENEFITS,modern-capability-semantic-bindings.v1.json#/operationSemanticBindings/45,modern-capability-exact-schema-contracts.v1.json#/operationBindings/45,G3_CANONICAL_OPERATION_PRIMARY_OWNER,SEALED_G3_PRIMARY_OWNER
modern.benefits.self.plans.query,MODERN_OPERATION,HRIS-HRM,MOD-HRM-BENEFITS,modern-capability-semantic-bindings.v1.json#/operationSemanticBindings/46,modern-capability-exact-schema-contracts.v1.json#/operationBindings/46,G3_CANONICAL_OPERATION_PRIMARY_OWNER,SEALED_G3_PRIMARY_OWNER
modern.compplan.budget.allocate,MODERN_OPERATION,HRIS-PER,MOD-PER-COMPPLAN,modern-capability-semantic-bindings.v1.json#/operationSemanticBindings/47,modern-capability-exact-schema-contracts.v1.json#/operationBindings/47,G3_CANONICAL_OPERATION_PRIMARY_OWNER,SEALED_G3_PRIMARY_OWNER
modern.compplan.cycle.cancel,MODERN_OPERATION,HRIS-PER,MOD-PER-COMPPLAN,modern-capability-semantic-bindings.v1.json#/operationSemanticBindings/48,modern-capability-exact-schema-contracts.v1.json#/operationBindings/48,G3_CANONICAL_OPERATION_PRIMARY_OWNER,SEALED_G3_PRIMARY_OWNER
modern.compplan.cycle.create,MODERN_OPERATION,HRIS-PER,MOD-PER-COMPPLAN,modern-capability-semantic-bindings.v1.json#/operationSemanticBindings/49,modern-capability-exact-schema-contracts.v1.json#/operationBindings/49,G3_CANONICAL_OPERATION_PRIMARY_OWNER,SEALED_G3_PRIMARY_OWNER
modern.compplan.cycle.query,MODERN_OPERATION,HRIS-PER,MOD-PER-COMPPLAN,modern-capability-semantic-bindings.v1.json#/operationSemanticBindings/50,modern-capability-exact-schema-contracts.v1.json#/operationBindings/50,G3_CANONICAL_OPERATION_PRIMARY_OWNER,SEALED_G3_PRIMARY_OWNER
modern.compplan.cycle.revise,MODERN_OPERATION,HRIS-PER,MOD-PER-COMPPLAN,modern-capability-semantic-bindings.v1.json#/operationSemanticBindings/51,modern-capability-exact-schema-contracts.v1.json#/operationBindings/51,G3_CANONICAL_OPERATION_PRIMARY_OWNER,SEALED_G3_PRIMARY_OWNER
modern.compplan.cycles.query,MODERN_OPERATION,HRIS-PER,MOD-PER-COMPPLAN,modern-capability-semantic-bindings.v1.json#/operationSemanticBindings/52,modern-capability-exact-schema-contracts.v1.json#/operationBindings/52,G3_CANONICAL_OPERATION_PRIMARY_OWNER,SEALED_G3_PRIMARY_OWNER
modern.compplan.plan.approve,MODERN_OPERATION,HRIS-PER,MOD-PER-COMPPLAN,modern-capability-semantic-bindings.v1.json#/operationSemanticBindings/53,modern-capability-exact-schema-contracts.v1.json#/operationBindings/53,G3_CANONICAL_OPERATION_PRIMARY_OWNER,SEALED_G3_PRIMARY_OWNER
modern.compplan.proposal.query,MODERN_OPERATION,HRIS-PER,MOD-PER-COMPPLAN,modern-capability-semantic-bindings.v1.json#/operationSemanticBindings/54,modern-capability-exact-schema-contracts.v1.json#/operationBindings/54,G3_CANONICAL_OPERATION_PRIMARY_OWNER,SEALED_G3_PRIMARY_OWNER
modern.compplan.proposal.submit,MODERN_OPERATION,HRIS-PER,MOD-PER-COMPPLAN,modern-capability-semantic-bindings.v1.json#/operationSemanticBindings/55,modern-capability-exact-schema-contracts.v1.json#/operationBindings/55,G3_CANONICAL_OPERATION_PRIMARY_OWNER,SEALED_G3_PRIMARY_OWNER
modern.compplan.proposal.upsert,MODERN_OPERATION,HRIS-PER,MOD-PER-COMPPLAN,modern-capability-semantic-bindings.v1.json#/operationSemanticBindings/56,modern-capability-exact-schema-contracts.v1.json#/operationBindings/56,G3_CANONICAL_OPERATION_PRIMARY_OWNER,SEALED_G3_PRIMARY_OWNER
modern.compplan.proposals.query,MODERN_OPERATION,HRIS-PER,MOD-PER-COMPPLAN,modern-capability-semantic-bindings.v1.json#/operationSemanticBindings/57,modern-capability-exact-schema-contracts.v1.json#/operationBindings/57,G3_CANONICAL_OPERATION_PRIMARY_OWNER,SEALED_G3_PRIMARY_OWNER
modern.compplan.snapshot.publish,MODERN_OPERATION,HRIS-PER,MOD-PER-COMPPLAN,modern-capability-semantic-bindings.v1.json#/operationSemanticBindings/58,modern-capability-exact-schema-contracts.v1.json#/operationBindings/58,G3_CANONICAL_OPERATION_PRIMARY_OWNER,SEALED_G3_PRIMARY_OWNER
modern.contingent.engagement.activate,MODERN_OPERATION,HRIS-HRM,MOD-HRM-CONTINGENT,modern-capability-semantic-bindings.v1.json#/operationSemanticBindings/59,modern-capability-exact-schema-contracts.v1.json#/operationBindings/59,G3_CANONICAL_OPERATION_PRIMARY_OWNER,SEALED_G3_PRIMARY_OWNER
modern.contingent.engagement.create,MODERN_OPERATION,HRIS-HRM,MOD-HRM-CONTINGENT,modern-capability-semantic-bindings.v1.json#/operationSemanticBindings/60,modern-capability-exact-schema-contracts.v1.json#/operationBindings/60,G3_CANONICAL_OPERATION_PRIMARY_OWNER,SEALED_G3_PRIMARY_OWNER
modern.contingent.engagement.offboard,MODERN_OPERATION,HRIS-HRM,MOD-HRM-CONTINGENT,modern-capability-semantic-bindings.v1.json#/operationSemanticBindings/61,modern-capability-exact-schema-contracts.v1.json#/operationBindings/61,G3_CANONICAL_OPERATION_PRIMARY_OWNER,SEALED_G3_PRIMARY_OWNER
modern.contingent.engagement.query,MODERN_OPERATION,HRIS-HRM,MOD-HRM-CONTINGENT,modern-capability-semantic-bindings.v1.json#/operationSemanticBindings/62,modern-capability-exact-schema-contracts.v1.json#/operationBindings/62,G3_CANONICAL_OPERATION_PRIMARY_OWNER,SEALED_G3_PRIMARY_OWNER
modern.contingent.engagement.reject,MODERN_OPERATION,HRIS-HRM,MOD-HRM-CONTINGENT,modern-capability-semantic-bindings.v1.json#/operationSemanticBindings/63,modern-capability-exact-schema-contracts.v1.json#/operationBindings/63,G3_CANONICAL_OPERATION_PRIMARY_OWNER,SEALED_G3_PRIMARY_OWNER
modern.contingent.engagement.revise,MODERN_OPERATION,HRIS-HRM,MOD-HRM-CONTINGENT,modern-capability-semantic-bindings.v1.json#/operationSemanticBindings/64,modern-capability-exact-schema-contracts.v1.json#/operationBindings/64,G3_CANONICAL_OPERATION_PRIMARY_OWNER,SEALED_G3_PRIMARY_OWNER
modern.contingent.engagement.submit,MODERN_OPERATION,HRIS-HRM,MOD-HRM-CONTINGENT,modern-capability-semantic-bindings.v1.json#/operationSemanticBindings/65,modern-capability-exact-schema-contracts.v1.json#/operationBindings/65,G3_CANONICAL_OPERATION_PRIMARY_OWNER,SEALED_G3_PRIMARY_OWNER
modern.contingent.engagements.query,MODERN_OPERATION,HRIS-HRM,MOD-HRM-CONTINGENT,modern-capability-semantic-bindings.v1.json#/operationSemanticBindings/66,modern-capability-exact-schema-contracts.v1.json#/operationBindings/66,G3_CANONICAL_OPERATION_PRIMARY_OWNER,SEALED_G3_PRIMARY_OWNER
modern.contingent.sponsor.reassign,MODERN_OPERATION,HRIS-HRM,MOD-HRM-CONTINGENT,modern-capability-semantic-bindings.v1.json#/operationSemanticBindings/67,modern-capability-exact-schema-contracts.v1.json#/operationBindings/67,G3_CANONICAL_OPERATION_PRIMARY_OWNER,SEALED_G3_PRIMARY_OWNER
modern.growth.coaching.record,MODERN_OPERATION,HRIS-PER,MOD-PER-GROWTH,modern-capability-semantic-bindings.v1.json#/operationSemanticBindings/68,modern-capability-exact-schema-contracts.v1.json#/operationBindings/68,G3_CANONICAL_OPERATION_PRIMARY_OWNER,SEALED_G3_PRIMARY_OWNER
modern.growth.evidence.link,MODERN_OPERATION,HRIS-PER,MOD-PER-GROWTH,modern-capability-semantic-bindings.v1.json#/operationSemanticBindings/69,modern-capability-exact-schema-contracts.v1.json#/operationBindings/69,G3_CANONICAL_OPERATION_PRIMARY_OWNER,SEALED_G3_PRIMARY_OWNER
modern.growth.evidence.unlink,MODERN_OPERATION,HRIS-PER,MOD-PER-GROWTH,modern-capability-semantic-bindings.v1.json#/operationSemanticBindings/70,modern-capability-exact-schema-contracts.v1.json#/operationBindings/70,G3_CANONICAL_OPERATION_PRIMARY_OWNER,SEALED_G3_PRIMARY_OWNER
modern.growth.export.cancel,MODERN_OPERATION,HRIS-PER,MOD-PER-GROWTH,modern-capability-semantic-bindings.v1.json#/operationSemanticBindings/71,modern-capability-exact-schema-contracts.v1.json#/operationBindings/71,G3_CANONICAL_OPERATION_PRIMARY_OWNER,SEALED_G3_PRIMARY_OWNER
modern.growth.export.query,MODERN_OPERATION,HRIS-PER,MOD-PER-GROWTH,modern-capability-semantic-bindings.v1.json#/operationSemanticBindings/72,modern-capability-exact-schema-contracts.v1.json#/operationBindings/72,G3_CANONICAL_OPERATION_PRIMARY_OWNER,SEALED_G3_PRIMARY_OWNER
modern.growth.export.request,MODERN_OPERATION,HRIS-PER,MOD-PER-GROWTH,modern-capability-semantic-bindings.v1.json#/operationSemanticBindings/73,modern-capability-exact-schema-contracts.v1.json#/operationBindings/73,G3_CANONICAL_OPERATION_PRIMARY_OWNER,SEALED_G3_PRIMARY_OWNER
modern.growth.exports.query,MODERN_OPERATION,HRIS-PER,MOD-PER-GROWTH,modern-capability-semantic-bindings.v1.json#/operationSemanticBindings/74,modern-capability-exact-schema-contracts.v1.json#/operationBindings/74,G3_CANONICAL_OPERATION_PRIMARY_OWNER,SEALED_G3_PRIMARY_OWNER
modern.growth.profile.archive,MODERN_OPERATION,HRIS-PER,MOD-PER-GROWTH,modern-capability-semantic-bindings.v1.json#/operationSemanticBindings/75,modern-capability-exact-schema-contracts.v1.json#/operationBindings/75,G3_CANONICAL_OPERATION_PRIMARY_OWNER,SEALED_G3_PRIMARY_OWNER
modern.growth.profile.create,MODERN_OPERATION,HRIS-PER,MOD-PER-GROWTH,modern-capability-semantic-bindings.v1.json#/operationSemanticBindings/76,modern-capability-exact-schema-contracts.v1.json#/operationBindings/76,G3_CANONICAL_OPERATION_PRIMARY_OWNER,SEALED_G3_PRIMARY_OWNER
modern.growth.profile.query,MODERN_OPERATION,HRIS-PER,MOD-PER-GROWTH,modern-capability-semantic-bindings.v1.json#/operationSemanticBindings/77,modern-capability-exact-schema-contracts.v1.json#/operationBindings/77,G3_CANONICAL_OPERATION_PRIMARY_OWNER,SEALED_G3_PRIMARY_OWNER
modern.growth.profile.update,MODERN_OPERATION,HRIS-PER,MOD-PER-GROWTH,modern-capability-semantic-bindings.v1.json#/operationSemanticBindings/78,modern-capability-exact-schema-contracts.v1.json#/operationBindings/78,G3_CANONICAL_OPERATION_PRIMARY_OWNER,SEALED_G3_PRIMARY_OWNER
modern.growth.profiles.query,MODERN_OPERATION,HRIS-PER,MOD-PER-GROWTH,modern-capability-semantic-bindings.v1.json#/operationSemanticBindings/79,modern-capability-exact-schema-contracts.v1.json#/operationBindings/79,G3_CANONICAL_OPERATION_PRIMARY_OWNER,SEALED_G3_PRIMARY_OWNER
modern.growth.self.query,MODERN_OPERATION,HRIS-PER,MOD-PER-GROWTH,modern-capability-semantic-bindings.v1.json#/operationSemanticBindings/80,modern-capability-exact-schema-contracts.v1.json#/operationBindings/80,G3_CANONICAL_OPERATION_PRIMARY_OWNER,SEALED_G3_PRIMARY_OWNER
modern.hrservice.case.assign,MODERN_OPERATION,HRIS-HRM,MOD-HRM-HRSD,modern-capability-semantic-bindings.v1.json#/operationSemanticBindings/81,modern-capability-exact-schema-contracts.v1.json#/operationBindings/81,G3_CANONICAL_OPERATION_PRIMARY_OWNER,SEALED_G3_PRIMARY_OWNER
modern.hrservice.case.cancel,MODERN_OPERATION,HRIS-HRM,MOD-HRM-HRSD,modern-capability-semantic-bindings.v1.json#/operationSemanticBindings/82,modern-capability-exact-schema-contracts.v1.json#/operationBindings/82,G3_CANONICAL_OPERATION_PRIMARY_OWNER,SEALED_G3_PRIMARY_OWNER
modern.hrservice.case.create,MODERN_OPERATION,HRIS-HRM,MOD-HRM-HRSD,modern-capability-semantic-bindings.v1.json#/operationSemanticBindings/83,modern-capability-exact-schema-contracts.v1.json#/operationBindings/83,G3_CANONICAL_OPERATION_PRIMARY_OWNER,SEALED_G3_PRIMARY_OWNER
modern.hrservice.case.query,MODERN_OPERATION,HRIS-HRM,MOD-HRM-HRSD,modern-capability-semantic-bindings.v1.json#/operationSemanticBindings/84,modern-capability-exact-schema-contracts.v1.json#/operationBindings/84,G3_CANONICAL_OPERATION_PRIMARY_OWNER,SEALED_G3_PRIMARY_OWNER
modern.hrservice.case.resolve,MODERN_OPERATION,HRIS-HRM,MOD-HRM-HRSD,modern-capability-semantic-bindings.v1.json#/operationSemanticBindings/85,modern-capability-exact-schema-contracts.v1.json#/operationBindings/85,G3_CANONICAL_OPERATION_PRIMARY_OWNER,SEALED_G3_PRIMARY_OWNER
modern.hrservice.case.respond,MODERN_OPERATION,HRIS-HRM,MOD-HRM-HRSD,modern-capability-semantic-bindings.v1.json#/operationSemanticBindings/86,modern-capability-exact-schema-contracts.v1.json#/operationBindings/86,G3_CANONICAL_OPERATION_PRIMARY_OWNER,SEALED_G3_PRIMARY_OWNER
modern.hrservice.case.triage,MODERN_OPERATION,HRIS-HRM,MOD-HRM-HRSD,modern-capability-semantic-bindings.v1.json#/operationSemanticBindings/87,modern-capability-exact-schema-contracts.v1.json#/operationBindings/87,G3_CANONICAL_OPERATION_PRIMARY_OWNER,SEALED_G3_PRIMARY_OWNER
modern.hrservice.cases.query,MODERN_OPERATION,HRIS-HRM,MOD-HRM-HRSD,modern-capability-semantic-bindings.v1.json#/operationSemanticBindings/88,modern-capability-exact-schema-contracts.v1.json#/operationBindings/88,G3_CANONICAL_OPERATION_PRIMARY_OWNER,SEALED_G3_PRIMARY_OWNER
modern.learning.assignment.cancel,MODERN_OPERATION,HRIS-PER,MOD-PER-LEARNING,modern-capability-semantic-bindings.v1.json#/operationSemanticBindings/89,modern-capability-exact-schema-contracts.v1.json#/operationBindings/89,G3_CANONICAL_OPERATION_PRIMARY_OWNER,SEALED_G3_PRIMARY_OWNER
modern.learning.assignment.create,MODERN_OPERATION,HRIS-PER,MOD-PER-LEARNING,modern-capability-semantic-bindings.v1.json#/operationSemanticBindings/90,modern-capability-exact-schema-contracts.v1.json#/operationBindings/90,G3_CANONICAL_OPERATION_PRIMARY_OWNER,SEALED_G3_PRIMARY_OWNER
modern.learning.assignment.query,MODERN_OPERATION,HRIS-PER,MOD-PER-LEARNING,modern-capability-semantic-bindings.v1.json#/operationSemanticBindings/91,modern-capability-exact-schema-contracts.v1.json#/operationBindings/91,G3_CANONICAL_OPERATION_PRIMARY_OWNER,SEALED_G3_PRIMARY_OWNER
modern.learning.assignment.start,MODERN_OPERATION,HRIS-PER,MOD-PER-LEARNING,modern-capability-semantic-bindings.v1.json#/operationSemanticBindings/92,modern-capability-exact-schema-contracts.v1.json#/operationBindings/92,G3_CANONICAL_OPERATION_PRIMARY_OWNER,SEALED_G3_PRIMARY_OWNER
modern.learning.assignments.query,MODERN_OPERATION,HRIS-PER,MOD-PER-LEARNING,modern-capability-semantic-bindings.v1.json#/operationSemanticBindings/93,modern-capability-exact-schema-contracts.v1.json#/operationBindings/93,G3_CANONICAL_OPERATION_PRIMARY_OWNER,SEALED_G3_PRIMARY_OWNER
modern.learning.catalog.query,MODERN_OPERATION,HRIS-PER,MOD-PER-LEARNING,modern-capability-semantic-bindings.v1.json#/operationSemanticBindings/94,modern-capability-exact-schema-contracts.v1.json#/operationBindings/94,G3_CANONICAL_OPERATION_PRIMARY_OWNER,SEALED_G3_PRIMARY_OWNER
modern.learning.completion.verify,MODERN_OPERATION,HRIS-PER,MOD-PER-LEARNING,modern-capability-semantic-bindings.v1.json#/operationSemanticBindings/95,modern-capability-exact-schema-contracts.v1.json#/operationBindings/95,G3_CANONICAL_OPERATION_PRIMARY_OWNER,SEALED_G3_PRIMARY_OWNER
modern.learning.offering.create,MODERN_OPERATION,HRIS-PER,MOD-PER-LEARNING,modern-capability-semantic-bindings.v1.json#/operationSemanticBindings/96,modern-capability-exact-schema-contracts.v1.json#/operationBindings/96,G3_CANONICAL_OPERATION_PRIMARY_OWNER,SEALED_G3_PRIMARY_OWNER
modern.learning.offering.publish,MODERN_OPERATION,HRIS-PER,MOD-PER-LEARNING,modern-capability-semantic-bindings.v1.json#/operationSemanticBindings/97,modern-capability-exact-schema-contracts.v1.json#/operationBindings/97,G3_CANONICAL_OPERATION_PRIMARY_OWNER,SEALED_G3_PRIMARY_OWNER
modern.learning.offering.query,MODERN_OPERATION,HRIS-PER,MOD-PER-LEARNING,modern-capability-semantic-bindings.v1.json#/operationSemanticBindings/98,modern-capability-exact-schema-contracts.v1.json#/operationBindings/98,G3_CANONICAL_OPERATION_PRIMARY_OWNER,SEALED_G3_PRIMARY_OWNER
modern.learning.offering.retire,MODERN_OPERATION,HRIS-PER,MOD-PER-LEARNING,modern-capability-semantic-bindings.v1.json#/operationSemanticBindings/99,modern-capability-exact-schema-contracts.v1.json#/operationBindings/99,G3_CANONICAL_OPERATION_PRIMARY_OWNER,SEALED_G3_PRIMARY_OWNER
modern.learning.offering.revise,MODERN_OPERATION,HRIS-PER,MOD-PER-LEARNING,modern-capability-semantic-bindings.v1.json#/operationSemanticBindings/100,modern-capability-exact-schema-contracts.v1.json#/operationBindings/100,G3_CANONICAL_OPERATION_PRIMARY_OWNER,SEALED_G3_PRIMARY_OWNER
modern.learning.self.enroll,MODERN_OPERATION,HRIS-PER,MOD-PER-LEARNING,modern-capability-semantic-bindings.v1.json#/operationSemanticBindings/101,modern-capability-exact-schema-contracts.v1.json#/operationBindings/101,G3_CANONICAL_OPERATION_PRIMARY_OWNER,SEALED_G3_PRIMARY_OWNER
modern.listening.action.complete,MODERN_OPERATION,HRIS-SYS,MOD-SYS-LISTEN,modern-capability-semantic-bindings.v1.json#/operationSemanticBindings/102,modern-capability-exact-schema-contracts.v1.json#/operationBindings/102,G3_CANONICAL_OPERATION_PRIMARY_OWNER,SEALED_G3_PRIMARY_OWNER
modern.listening.action.create,MODERN_OPERATION,HRIS-SYS,MOD-SYS-LISTEN,modern-capability-semantic-bindings.v1.json#/operationSemanticBindings/103,modern-capability-exact-schema-contracts.v1.json#/operationBindings/103,G3_CANONICAL_OPERATION_PRIMARY_OWNER,SEALED_G3_PRIMARY_OWNER
modern.listening.active.query,MODERN_OPERATION,HRIS-SYS,MOD-SYS-LISTEN,modern-capability-semantic-bindings.v1.json#/operationSemanticBindings/104,modern-capability-exact-schema-contracts.v1.json#/operationBindings/104,G3_CANONICAL_OPERATION_PRIMARY_OWNER,SEALED_G3_PRIMARY_OWNER
modern.listening.cohorts.query,MODERN_OPERATION,HRIS-SYS,MOD-SYS-LISTEN,modern-capability-semantic-bindings.v1.json#/operationSemanticBindings/105,modern-capability-exact-schema-contracts.v1.json#/operationBindings/105,G3_CANONICAL_OPERATION_PRIMARY_OWNER,SEALED_G3_PRIMARY_OWNER
modern.listening.response.submit,MODERN_OPERATION,HRIS-SYS,MOD-SYS-LISTEN,modern-capability-semantic-bindings.v1.json#/operationSemanticBindings/106,modern-capability-exact-schema-contracts.v1.json#/operationBindings/106,G3_CANONICAL_OPERATION_PRIMARY_OWNER,SEALED_G3_PRIMARY_OWNER
modern.listening.survey.close,MODERN_OPERATION,HRIS-SYS,MOD-SYS-LISTEN,modern-capability-semantic-bindings.v1.json#/operationSemanticBindings/107,modern-capability-exact-schema-contracts.v1.json#/operationBindings/107,G3_CANONICAL_OPERATION_PRIMARY_OWNER,SEALED_G3_PRIMARY_OWNER
modern.listening.survey.create,MODERN_OPERATION,HRIS-SYS,MOD-SYS-LISTEN,modern-capability-semantic-bindings.v1.json#/operationSemanticBindings/108,modern-capability-exact-schema-contracts.v1.json#/operationBindings/108,G3_CANONICAL_OPERATION_PRIMARY_OWNER,SEALED_G3_PRIMARY_OWNER
modern.listening.survey.publish,MODERN_OPERATION,HRIS-SYS,MOD-SYS-LISTEN,modern-capability-semantic-bindings.v1.json#/operationSemanticBindings/109,modern-capability-exact-schema-contracts.v1.json#/operationBindings/109,G3_CANONICAL_OPERATION_PRIMARY_OWNER,SEALED_G3_PRIMARY_OWNER
modern.listening.survey.revise,MODERN_OPERATION,HRIS-SYS,MOD-SYS-LISTEN,modern-capability-semantic-bindings.v1.json#/operationSemanticBindings/110,modern-capability-exact-schema-contracts.v1.json#/operationBindings/110,G3_CANONICAL_OPERATION_PRIMARY_OWNER,SEALED_G3_PRIMARY_OWNER
modern.listening.surveys.query,MODERN_OPERATION,HRIS-SYS,MOD-SYS-LISTEN,modern-capability-semantic-bindings.v1.json#/operationSemanticBindings/111,modern-capability-exact-schema-contracts.v1.json#/operationBindings/111,G3_CANONICAL_OPERATION_PRIMARY_OWNER,SEALED_G3_PRIMARY_OWNER
modern.onboarding.assignment.query,MODERN_OPERATION,HRIS-HRM,MOD-HRM-ONBOARD,modern-capability-semantic-bindings.v1.json#/operationSemanticBindings/112,modern-capability-exact-schema-contracts.v1.json#/operationBindings/112,G3_CANONICAL_OPERATION_PRIMARY_OWNER,SEALED_G3_PRIMARY_OWNER
modern.onboarding.assignments.query,MODERN_OPERATION,HRIS-HRM,MOD-HRM-ONBOARD,modern-capability-semantic-bindings.v1.json#/operationSemanticBindings/113,modern-capability-exact-schema-contracts.v1.json#/operationBindings/113,G3_CANONICAL_OPERATION_PRIMARY_OWNER,SEALED_G3_PRIMARY_OWNER
modern.onboarding.journey.assign,MODERN_OPERATION,HRIS-HRM,MOD-HRM-ONBOARD,modern-capability-semantic-bindings.v1.json#/operationSemanticBindings/114,modern-capability-exact-schema-contracts.v1.json#/operationBindings/114,G3_CANONICAL_OPERATION_PRIMARY_OWNER,SEALED_G3_PRIMARY_OWNER
modern.onboarding.journey.cancel,MODERN_OPERATION,HRIS-HRM,MOD-HRM-ONBOARD,modern-capability-semantic-bindings.v1.json#/operationSemanticBindings/115,modern-capability-exact-schema-contracts.v1.json#/operationBindings/115,G3_CANONICAL_OPERATION_PRIMARY_OWNER,SEALED_G3_PRIMARY_OWNER
modern.onboarding.self.query,MODERN_OPERATION,HRIS-HRM,MOD-HRM-ONBOARD,modern-capability-semantic-bindings.v1.json#/operationSemanticBindings/116,modern-capability-exact-schema-contracts.v1.json#/operationBindings/116,G3_CANONICAL_OPERATION_PRIMARY_OWNER,SEALED_G3_PRIMARY_OWNER
modern.onboarding.task.complete,MODERN_OPERATION,HRIS-HRM,MOD-HRM-ONBOARD,modern-capability-semantic-bindings.v1.json#/operationSemanticBindings/117,modern-capability-exact-schema-contracts.v1.json#/operationBindings/117,G3_CANONICAL_OPERATION_PRIMARY_OWNER,SEALED_G3_PRIMARY_OWNER
modern.onboarding.task.waive,MODERN_OPERATION,HRIS-HRM,MOD-HRM-ONBOARD,modern-capability-semantic-bindings.v1.json#/operationSemanticBindings/118,modern-capability-exact-schema-contracts.v1.json#/operationBindings/118,G3_CANONICAL_OPERATION_PRIMARY_OWNER,SEALED_G3_PRIMARY_OWNER
modern.onboarding.template.create,MODERN_OPERATION,HRIS-HRM,MOD-HRM-ONBOARD,modern-capability-semantic-bindings.v1.json#/operationSemanticBindings/119,modern-capability-exact-schema-contracts.v1.json#/operationBindings/119,G3_CANONICAL_OPERATION_PRIMARY_OWNER,SEALED_G3_PRIMARY_OWNER
modern.onboarding.template.publish,MODERN_OPERATION,HRIS-HRM,MOD-HRM-ONBOARD,modern-capability-semantic-bindings.v1.json#/operationSemanticBindings/120,modern-capability-exact-schema-contracts.v1.json#/operationBindings/120,G3_CANONICAL_OPERATION_PRIMARY_OWNER,SEALED_G3_PRIMARY_OWNER
modern.onboarding.template.query,MODERN_OPERATION,HRIS-HRM,MOD-HRM-ONBOARD,modern-capability-semantic-bindings.v1.json#/operationSemanticBindings/121,modern-capability-exact-schema-contracts.v1.json#/operationBindings/121,G3_CANONICAL_OPERATION_PRIMARY_OWNER,SEALED_G3_PRIMARY_OWNER
modern.onboarding.template.retire,MODERN_OPERATION,HRIS-HRM,MOD-HRM-ONBOARD,modern-capability-semantic-bindings.v1.json#/operationSemanticBindings/122,modern-capability-exact-schema-contracts.v1.json#/operationBindings/122,G3_CANONICAL_OPERATION_PRIMARY_OWNER,SEALED_G3_PRIMARY_OWNER
modern.onboarding.template.revise,MODERN_OPERATION,HRIS-HRM,MOD-HRM-ONBOARD,modern-capability-semantic-bindings.v1.json#/operationSemanticBindings/123,modern-capability-exact-schema-contracts.v1.json#/operationBindings/123,G3_CANONICAL_OPERATION_PRIMARY_OWNER,SEALED_G3_PRIMARY_OWNER
modern.onboarding.templates.query,MODERN_OPERATION,HRIS-HRM,MOD-HRM-ONBOARD,modern-capability-semantic-bindings.v1.json#/operationSemanticBindings/124,modern-capability-exact-schema-contracts.v1.json#/operationBindings/124,G3_CANONICAL_OPERATION_PRIMARY_OWNER,SEALED_G3_PRIMARY_OWNER
modern.opportunity.application.query,MODERN_OPERATION,HRIS-PER,MOD-PER-MARKET,modern-capability-semantic-bindings.v1.json#/operationSemanticBindings/125,modern-capability-exact-schema-contracts.v1.json#/operationBindings/125,G3_CANONICAL_OPERATION_PRIMARY_OWNER,SEALED_G3_PRIMARY_OWNER
modern.opportunity.application.withdraw,MODERN_OPERATION,HRIS-PER,MOD-PER-MARKET,modern-capability-semantic-bindings.v1.json#/operationSemanticBindings/126,modern-capability-exact-schema-contracts.v1.json#/operationBindings/126,G3_CANONICAL_OPERATION_PRIMARY_OWNER,SEALED_G3_PRIMARY_OWNER
modern.opportunity.applications.query,MODERN_OPERATION,HRIS-PER,MOD-PER-MARKET,modern-capability-semantic-bindings.v1.json#/operationSemanticBindings/127,modern-capability-exact-schema-contracts.v1.json#/operationBindings/127,G3_CANONICAL_OPERATION_PRIMARY_OWNER,SEALED_G3_PRIMARY_OWNER
modern.opportunity.apply,MODERN_OPERATION,HRIS-PER,MOD-PER-MARKET,modern-capability-semantic-bindings.v1.json#/operationSemanticBindings/128,modern-capability-exact-schema-contracts.v1.json#/operationBindings/128,G3_CANONICAL_OPERATION_PRIMARY_OWNER,SEALED_G3_PRIMARY_OWNER
modern.opportunity.cancel,MODERN_OPERATION,HRIS-PER,MOD-PER-MARKET,modern-capability-semantic-bindings.v1.json#/operationSemanticBindings/129,modern-capability-exact-schema-contracts.v1.json#/operationBindings/129,G3_CANONICAL_OPERATION_PRIMARY_OWNER,SEALED_G3_PRIMARY_OWNER
modern.opportunity.catalog.query,MODERN_OPERATION,HRIS-PER,MOD-PER-MARKET,modern-capability-semantic-bindings.v1.json#/operationSemanticBindings/130,modern-capability-exact-schema-contracts.v1.json#/operationBindings/130,G3_CANONICAL_OPERATION_PRIMARY_OWNER,SEALED_G3_PRIMARY_OWNER
modern.opportunity.close,MODERN_OPERATION,HRIS-PER,MOD-PER-MARKET,modern-capability-semantic-bindings.v1.json#/operationSemanticBindings/131,modern-capability-exact-schema-contracts.v1.json#/operationBindings/131,G3_CANONICAL_OPERATION_PRIMARY_OWNER,SEALED_G3_PRIMARY_OWNER
modern.opportunity.create,MODERN_OPERATION,HRIS-PER,MOD-PER-MARKET,modern-capability-semantic-bindings.v1.json#/operationSemanticBindings/132,modern-capability-exact-schema-contracts.v1.json#/operationBindings/132,G3_CANONICAL_OPERATION_PRIMARY_OWNER,SEALED_G3_PRIMARY_OWNER
modern.opportunity.publish,MODERN_OPERATION,HRIS-PER,MOD-PER-MARKET,modern-capability-semantic-bindings.v1.json#/operationSemanticBindings/133,modern-capability-exact-schema-contracts.v1.json#/operationBindings/133,G3_CANONICAL_OPERATION_PRIMARY_OWNER,SEALED_G3_PRIMARY_OWNER
modern.opportunity.query,MODERN_OPERATION,HRIS-PER,MOD-PER-MARKET,modern-capability-semantic-bindings.v1.json#/operationSemanticBindings/134,modern-capability-exact-schema-contracts.v1.json#/operationBindings/134,G3_CANONICAL_OPERATION_PRIMARY_OWNER,SEALED_G3_PRIMARY_OWNER
modern.opportunity.revise,MODERN_OPERATION,HRIS-PER,MOD-PER-MARKET,modern-capability-semantic-bindings.v1.json#/operationSemanticBindings/135,modern-capability-exact-schema-contracts.v1.json#/operationBindings/135,G3_CANONICAL_OPERATION_PRIMARY_OWNER,SEALED_G3_PRIMARY_OWNER
modern.opportunity.selection.record,MODERN_OPERATION,HRIS-PER,MOD-PER-MARKET,modern-capability-semantic-bindings.v1.json#/operationSemanticBindings/136,modern-capability-exact-schema-contracts.v1.json#/operationBindings/136,G3_CANONICAL_OPERATION_PRIMARY_OWNER,SEALED_G3_PRIMARY_OWNER
modern.opportunity.shortlist,MODERN_OPERATION,HRIS-PER,MOD-PER-MARKET,modern-capability-semantic-bindings.v1.json#/operationSemanticBindings/137,modern-capability-exact-schema-contracts.v1.json#/operationBindings/137,G3_CANONICAL_OPERATION_PRIMARY_OWNER,SEALED_G3_PRIMARY_OWNER
modern.recruiting.candidate.admit,MODERN_OPERATION,HRIS-HRM,MOD-HRM-RECRUIT,modern-capability-semantic-bindings.v1.json#/operationSemanticBindings/138,modern-capability-exact-schema-contracts.v1.json#/operationBindings/138,G3_CANONICAL_OPERATION_PRIMARY_OWNER,SEALED_G3_PRIMARY_OWNER
modern.recruiting.candidate.query,MODERN_OPERATION,HRIS-HRM,MOD-HRM-RECRUIT,modern-capability-semantic-bindings.v1.json#/operationSemanticBindings/139,modern-capability-exact-schema-contracts.v1.json#/operationBindings/139,G3_CANONICAL_OPERATION_PRIMARY_OWNER,SEALED_G3_PRIMARY_OWNER
modern.recruiting.candidate.stage,MODERN_OPERATION,HRIS-HRM,MOD-HRM-RECRUIT,modern-capability-semantic-bindings.v1.json#/operationSemanticBindings/140,modern-capability-exact-schema-contracts.v1.json#/operationBindings/140,G3_CANONICAL_OPERATION_PRIMARY_OWNER,SEALED_G3_PRIMARY_OWNER
modern.recruiting.candidates.query,MODERN_OPERATION,HRIS-HRM,MOD-HRM-RECRUIT,modern-capability-semantic-bindings.v1.json#/operationSemanticBindings/141,modern-capability-exact-schema-contracts.v1.json#/operationBindings/141,G3_CANONICAL_OPERATION_PRIMARY_OWNER,SEALED_G3_PRIMARY_OWNER
modern.recruiting.hire.cancel,MODERN_OPERATION,HRIS-HRM,MOD-HRM-RECRUIT,modern-capability-semantic-bindings.v1.json#/operationSemanticBindings/142,modern-capability-exact-schema-contracts.v1.json#/operationBindings/142,G3_CANONICAL_OPERATION_PRIMARY_OWNER,SEALED_G3_PRIMARY_OWNER
modern.recruiting.hire.record,MODERN_OPERATION,HRIS-HRM,MOD-HRM-RECRUIT,modern-capability-semantic-bindings.v1.json#/operationSemanticBindings/143,modern-capability-exact-schema-contracts.v1.json#/operationBindings/143,G3_CANONICAL_OPERATION_PRIMARY_OWNER,SEALED_G3_PRIMARY_OWNER
modern.recruiting.offer.issue,MODERN_OPERATION,HRIS-HRM,MOD-HRM-RECRUIT,modern-capability-semantic-bindings.v1.json#/operationSemanticBindings/144,modern-capability-exact-schema-contracts.v1.json#/operationBindings/144,G3_CANONICAL_OPERATION_PRIMARY_OWNER,SEALED_G3_PRIMARY_OWNER
modern.recruiting.offer.respond,MODERN_OPERATION,HRIS-HRM,MOD-HRM-RECRUIT,modern-capability-semantic-bindings.v1.json#/operationSemanticBindings/145,modern-capability-exact-schema-contracts.v1.json#/operationBindings/145,G3_CANONICAL_OPERATION_PRIMARY_OWNER,SEALED_G3_PRIMARY_OWNER
modern.recruiting.offer.withdraw,MODERN_OPERATION,HRIS-HRM,MOD-HRM-RECRUIT,modern-capability-semantic-bindings.v1.json#/operationSemanticBindings/146,modern-capability-exact-schema-contracts.v1.json#/operationBindings/146,G3_CANONICAL_OPERATION_PRIMARY_OWNER,SEALED_G3_PRIMARY_OWNER
modern.recruiting.requisition.create,MODERN_OPERATION,HRIS-HRM,MOD-HRM-RECRUIT,modern-capability-semantic-bindings.v1.json#/operationSemanticBindings/147,modern-capability-exact-schema-contracts.v1.json#/operationBindings/147,G3_CANONICAL_OPERATION_PRIMARY_OWNER,SEALED_G3_PRIMARY_OWNER
modern.recruiting.requisition.lifecycle.change,MODERN_OPERATION,HRIS-HRM,MOD-HRM-RECRUIT,modern-capability-semantic-bindings.v1.json#/operationSemanticBindings/148,modern-capability-exact-schema-contracts.v1.json#/operationBindings/148,G3_CANONICAL_OPERATION_PRIMARY_OWNER,SEALED_G3_PRIMARY_OWNER
modern.recruiting.requisition.publish,MODERN_OPERATION,HRIS-HRM,MOD-HRM-RECRUIT,modern-capability-semantic-bindings.v1.json#/operationSemanticBindings/149,modern-capability-exact-schema-contracts.v1.json#/operationBindings/149,G3_CANONICAL_OPERATION_PRIMARY_OWNER,SEALED_G3_PRIMARY_OWNER
modern.recruiting.requisition.query,MODERN_OPERATION,HRIS-HRM,MOD-HRM-RECRUIT,modern-capability-semantic-bindings.v1.json#/operationSemanticBindings/150,modern-capability-exact-schema-contracts.v1.json#/operationBindings/150,G3_CANONICAL_OPERATION_PRIMARY_OWNER,SEALED_G3_PRIMARY_OWNER
modern.recruiting.requisition.revise,MODERN_OPERATION,HRIS-HRM,MOD-HRM-RECRUIT,modern-capability-semantic-bindings.v1.json#/operationSemanticBindings/151,modern-capability-exact-schema-contracts.v1.json#/operationBindings/151,G3_CANONICAL_OPERATION_PRIMARY_OWNER,SEALED_G3_PRIMARY_OWNER
modern.recruiting.requisitions.query,MODERN_OPERATION,HRIS-HRM,MOD-HRM-RECRUIT,modern-capability-semantic-bindings.v1.json#/operationSemanticBindings/152,modern-capability-exact-schema-contracts.v1.json#/operationBindings/152,G3_CANONICAL_OPERATION_PRIMARY_OWNER,SEALED_G3_PRIMARY_OWNER
modern.skills.evidence.query,MODERN_OPERATION,HRIS-PER,MOD-PER-SKILLS,modern-capability-semantic-bindings.v1.json#/operationSemanticBindings/153,modern-capability-exact-schema-contracts.v1.json#/operationBindings/153,G3_CANONICAL_OPERATION_PRIMARY_OWNER,SEALED_G3_PRIMARY_OWNER
modern.skills.evidence.record,MODERN_OPERATION,HRIS-PER,MOD-PER-SKILLS,modern-capability-semantic-bindings.v1.json#/operationSemanticBindings/154,modern-capability-exact-schema-contracts.v1.json#/operationBindings/154,G3_CANONICAL_OPERATION_PRIMARY_OWNER,SEALED_G3_PRIMARY_OWNER
modern.skills.evidence.revoke,MODERN_OPERATION,HRIS-PER,MOD-PER-SKILLS,modern-capability-semantic-bindings.v1.json#/operationSemanticBindings/155,modern-capability-exact-schema-contracts.v1.json#/operationBindings/155,G3_CANONICAL_OPERATION_PRIMARY_OWNER,SEALED_G3_PRIMARY_OWNER
modern.skills.evidence.verify,MODERN_OPERATION,HRIS-PER,MOD-PER-SKILLS,modern-capability-semantic-bindings.v1.json#/operationSemanticBindings/156,modern-capability-exact-schema-contracts.v1.json#/operationBindings/156,G3_CANONICAL_OPERATION_PRIMARY_OWNER,SEALED_G3_PRIMARY_OWNER
modern.skills.evidences.query,MODERN_OPERATION,HRIS-PER,MOD-PER-SKILLS,modern-capability-semantic-bindings.v1.json#/operationSemanticBindings/157,modern-capability-exact-schema-contracts.v1.json#/operationBindings/157,G3_CANONICAL_OPERATION_PRIMARY_OWNER,SEALED_G3_PRIMARY_OWNER
modern.skills.taxonomies.query,MODERN_OPERATION,HRIS-PER,MOD-PER-SKILLS,modern-capability-semantic-bindings.v1.json#/operationSemanticBindings/158,modern-capability-exact-schema-contracts.v1.json#/operationBindings/158,G3_CANONICAL_OPERATION_PRIMARY_OWNER,SEALED_G3_PRIMARY_OWNER
modern.skills.taxonomy.create,MODERN_OPERATION,HRIS-PER,MOD-PER-SKILLS,modern-capability-semantic-bindings.v1.json#/operationSemanticBindings/159,modern-capability-exact-schema-contracts.v1.json#/operationBindings/159,G3_CANONICAL_OPERATION_PRIMARY_OWNER,SEALED_G3_PRIMARY_OWNER
modern.skills.taxonomy.publish,MODERN_OPERATION,HRIS-PER,MOD-PER-SKILLS,modern-capability-semantic-bindings.v1.json#/operationSemanticBindings/160,modern-capability-exact-schema-contracts.v1.json#/operationBindings/160,G3_CANONICAL_OPERATION_PRIMARY_OWNER,SEALED_G3_PRIMARY_OWNER
modern.skills.taxonomy.query,MODERN_OPERATION,HRIS-PER,MOD-PER-SKILLS,modern-capability-semantic-bindings.v1.json#/operationSemanticBindings/161,modern-capability-exact-schema-contracts.v1.json#/operationBindings/161,G3_CANONICAL_OPERATION_PRIMARY_OWNER,SEALED_G3_PRIMARY_OWNER
modern.skills.taxonomy.retire,MODERN_OPERATION,HRIS-PER,MOD-PER-SKILLS,modern-capability-semantic-bindings.v1.json#/operationSemanticBindings/162,modern-capability-exact-schema-contracts.v1.json#/operationBindings/162,G3_CANONICAL_OPERATION_PRIMARY_OWNER,SEALED_G3_PRIMARY_OWNER
modern.skills.taxonomy.revise,MODERN_OPERATION,HRIS-PER,MOD-PER-SKILLS,modern-capability-semantic-bindings.v1.json#/operationSemanticBindings/163,modern-capability-exact-schema-contracts.v1.json#/operationBindings/163,G3_CANONICAL_OPERATION_PRIMARY_OWNER,SEALED_G3_PRIMARY_OWNER
modern.skills.taxonomy.validate,MODERN_OPERATION,HRIS-PER,MOD-PER-SKILLS,modern-capability-semantic-bindings.v1.json#/operationSemanticBindings/164,modern-capability-exact-schema-contracts.v1.json#/operationBindings/164,G3_CANONICAL_OPERATION_PRIMARY_OWNER,SEALED_G3_PRIMARY_OWNER
modern.skills.worker.query,MODERN_OPERATION,HRIS-PER,MOD-PER-SKILLS,modern-capability-semantic-bindings.v1.json#/operationSemanticBindings/165,modern-capability-exact-schema-contracts.v1.json#/operationBindings/165,G3_CANONICAL_OPERATION_PRIMARY_OWNER,SEALED_G3_PRIMARY_OWNER
modern.succession.nomination.add,MODERN_OPERATION,HRIS-PER,MOD-PER-SUCCESSION,modern-capability-semantic-bindings.v1.json#/operationSemanticBindings/166,modern-capability-exact-schema-contracts.v1.json#/operationBindings/166,G3_CANONICAL_OPERATION_PRIMARY_OWNER,SEALED_G3_PRIMARY_OWNER
modern.succession.nomination.withdraw,MODERN_OPERATION,HRIS-PER,MOD-PER-SUCCESSION,modern-capability-semantic-bindings.v1.json#/operationSemanticBindings/167,modern-capability-exact-schema-contracts.v1.json#/operationBindings/167,G3_CANONICAL_OPERATION_PRIMARY_OWNER,SEALED_G3_PRIMARY_OWNER
modern.succession.plan.approve,MODERN_OPERATION,HRIS-PER,MOD-PER-SUCCESSION,modern-capability-semantic-bindings.v1.json#/operationSemanticBindings/168,modern-capability-exact-schema-contracts.v1.json#/operationBindings/168,G3_CANONICAL_OPERATION_PRIMARY_OWNER,SEALED_G3_PRIMARY_OWNER
modern.succession.plan.create,MODERN_OPERATION,HRIS-PER,MOD-PER-SUCCESSION,modern-capability-semantic-bindings.v1.json#/operationSemanticBindings/169,modern-capability-exact-schema-contracts.v1.json#/operationBindings/169,G3_CANONICAL_OPERATION_PRIMARY_OWNER,SEALED_G3_PRIMARY_OWNER
modern.succession.plan.publish,MODERN_OPERATION,HRIS-PER,MOD-PER-SUCCESSION,modern-capability-semantic-bindings.v1.json#/operationSemanticBindings/170,modern-capability-exact-schema-contracts.v1.json#/operationBindings/170,G3_CANONICAL_OPERATION_PRIMARY_OWNER,SEALED_G3_PRIMARY_OWNER
modern.succession.plan.query,MODERN_OPERATION,HRIS-PER,MOD-PER-SUCCESSION,modern-capability-semantic-bindings.v1.json#/operationSemanticBindings/171,modern-capability-exact-schema-contracts.v1.json#/operationBindings/171,G3_CANONICAL_OPERATION_PRIMARY_OWNER,SEALED_G3_PRIMARY_OWNER
modern.succession.plan.reject,MODERN_OPERATION,HRIS-PER,MOD-PER-SUCCESSION,modern-capability-semantic-bindings.v1.json#/operationSemanticBindings/172,modern-capability-exact-schema-contracts.v1.json#/operationBindings/172,G3_CANONICAL_OPERATION_PRIMARY_OWNER,SEALED_G3_PRIMARY_OWNER
modern.succession.plan.retire,MODERN_OPERATION,HRIS-PER,MOD-PER-SUCCESSION,modern-capability-semantic-bindings.v1.json#/operationSemanticBindings/173,modern-capability-exact-schema-contracts.v1.json#/operationBindings/173,G3_CANONICAL_OPERATION_PRIMARY_OWNER,SEALED_G3_PRIMARY_OWNER
modern.succession.plan.revise,MODERN_OPERATION,HRIS-PER,MOD-PER-SUCCESSION,modern-capability-semantic-bindings.v1.json#/operationSemanticBindings/174,modern-capability-exact-schema-contracts.v1.json#/operationBindings/174,G3_CANONICAL_OPERATION_PRIMARY_OWNER,SEALED_G3_PRIMARY_OWNER
modern.succession.plan.submit,MODERN_OPERATION,HRIS-PER,MOD-PER-SUCCESSION,modern-capability-semantic-bindings.v1.json#/operationSemanticBindings/175,modern-capability-exact-schema-contracts.v1.json#/operationBindings/175,G3_CANONICAL_OPERATION_PRIMARY_OWNER,SEALED_G3_PRIMARY_OWNER
modern.succession.plans.query,MODERN_OPERATION,HRIS-PER,MOD-PER-SUCCESSION,modern-capability-semantic-bindings.v1.json#/operationSemanticBindings/176,modern-capability-exact-schema-contracts.v1.json#/operationBindings/176,G3_CANONICAL_OPERATION_PRIMARY_OWNER,SEALED_G3_PRIMARY_OWNER
modern.succession.readiness.record,MODERN_OPERATION,HRIS-PER,MOD-PER-SUCCESSION,modern-capability-semantic-bindings.v1.json#/operationSemanticBindings/177,modern-capability-exact-schema-contracts.v1.json#/operationBindings/177,G3_CANONICAL_OPERATION_PRIMARY_OWNER,SEALED_G3_PRIMARY_OWNER
modern.wfm.candidate.query,MODERN_OPERATION,HRIS-TIM,MOD-TIM-WFM,modern-capability-semantic-bindings.v1.json#/operationSemanticBindings/178,modern-capability-exact-schema-contracts.v1.json#/operationBindings/178,G3_CANONICAL_OPERATION_PRIMARY_OWNER,SEALED_G3_PRIMARY_OWNER
modern.wfm.candidates.query,MODERN_OPERATION,HRIS-TIM,MOD-TIM-WFM,modern-capability-semantic-bindings.v1.json#/operationSemanticBindings/179,modern-capability-exact-schema-contracts.v1.json#/operationBindings/179,G3_CANONICAL_OPERATION_PRIMARY_OWNER,SEALED_G3_PRIMARY_OWNER
modern.wfm.forecast.create,MODERN_OPERATION,HRIS-TIM,MOD-TIM-WFM,modern-capability-semantic-bindings.v1.json#/operationSemanticBindings/180,modern-capability-exact-schema-contracts.v1.json#/operationBindings/180,G3_CANONICAL_OPERATION_PRIMARY_OWNER,SEALED_G3_PRIMARY_OWNER
modern.wfm.forecast.query,MODERN_OPERATION,HRIS-TIM,MOD-TIM-WFM,modern-capability-semantic-bindings.v1.json#/operationSemanticBindings/181,modern-capability-exact-schema-contracts.v1.json#/operationBindings/181,G3_CANONICAL_OPERATION_PRIMARY_OWNER,SEALED_G3_PRIMARY_OWNER
modern.wfm.forecasts.query,MODERN_OPERATION,HRIS-TIM,MOD-TIM-WFM,modern-capability-semantic-bindings.v1.json#/operationSemanticBindings/182,modern-capability-exact-schema-contracts.v1.json#/operationBindings/182,G3_CANONICAL_OPERATION_PRIMARY_OWNER,SEALED_G3_PRIMARY_OWNER
modern.wfm.optimization.cancel,MODERN_OPERATION,HRIS-TIM,MOD-TIM-WFM,modern-capability-semantic-bindings.v1.json#/operationSemanticBindings/183,modern-capability-exact-schema-contracts.v1.json#/operationBindings/183,G3_CANONICAL_OPERATION_PRIMARY_OWNER,SEALED_G3_PRIMARY_OWNER
modern.wfm.optimization.query,MODERN_OPERATION,HRIS-TIM,MOD-TIM-WFM,modern-capability-semantic-bindings.v1.json#/operationSemanticBindings/184,modern-capability-exact-schema-contracts.v1.json#/operationBindings/184,G3_CANONICAL_OPERATION_PRIMARY_OWNER,SEALED_G3_PRIMARY_OWNER
modern.wfm.schedule.cancel,MODERN_OPERATION,HRIS-TIM,MOD-TIM-WFM,modern-capability-semantic-bindings.v1.json#/operationSemanticBindings/185,modern-capability-exact-schema-contracts.v1.json#/operationBindings/185,G3_CANONICAL_OPERATION_PRIMARY_OWNER,SEALED_G3_PRIMARY_OWNER
modern.wfm.schedule.optimize,MODERN_OPERATION,HRIS-TIM,MOD-TIM-WFM,modern-capability-semantic-bindings.v1.json#/operationSemanticBindings/186,modern-capability-exact-schema-contracts.v1.json#/operationBindings/186,G3_CANONICAL_OPERATION_PRIMARY_OWNER,SEALED_G3_PRIMARY_OWNER
modern.wfm.schedule.publish,MODERN_OPERATION,HRIS-TIM,MOD-TIM-WFM,modern-capability-semantic-bindings.v1.json#/operationSemanticBindings/187,modern-capability-exact-schema-contracts.v1.json#/operationBindings/187,G3_CANONICAL_OPERATION_PRIMARY_OWNER,SEALED_G3_PRIMARY_OWNER
modern.wfm.schedule.submit,MODERN_OPERATION,HRIS-TIM,MOD-TIM-WFM,modern-capability-semantic-bindings.v1.json#/operationSemanticBindings/188,modern-capability-exact-schema-contracts.v1.json#/operationBindings/188,G3_CANONICAL_OPERATION_PRIMARY_OWNER,SEALED_G3_PRIMARY_OWNER
modern.wfm.schedule.validate,MODERN_OPERATION,HRIS-TIM,MOD-TIM-WFM,modern-capability-semantic-bindings.v1.json#/operationSemanticBindings/189,modern-capability-exact-schema-contracts.v1.json#/operationBindings/189,G3_CANONICAL_OPERATION_PRIMARY_OWNER,SEALED_G3_PRIMARY_OWNER
modern.workforceplan.scenario.approve,MODERN_OPERATION,HRIS-HRM,MOD-HRM-WFP,modern-capability-semantic-bindings.v1.json#/operationSemanticBindings/190,modern-capability-exact-schema-contracts.v1.json#/operationBindings/190,G3_CANONICAL_OPERATION_PRIMARY_OWNER,SEALED_G3_PRIMARY_OWNER
modern.workforceplan.scenario.cancel,MODERN_OPERATION,HRIS-HRM,MOD-HRM-WFP,modern-capability-semantic-bindings.v1.json#/operationSemanticBindings/191,modern-capability-exact-schema-contracts.v1.json#/operationBindings/191,G3_CANONICAL_OPERATION_PRIMARY_OWNER,SEALED_G3_PRIMARY_OWNER
modern.workforceplan.scenario.create,MODERN_OPERATION,HRIS-HRM,MOD-HRM-WFP,modern-capability-semantic-bindings.v1.json#/operationSemanticBindings/192,modern-capability-exact-schema-contracts.v1.json#/operationBindings/192,G3_CANONICAL_OPERATION_PRIMARY_OWNER,SEALED_G3_PRIMARY_OWNER
modern.workforceplan.scenario.publish,MODERN_OPERATION,HRIS-HRM,MOD-HRM-WFP,modern-capability-semantic-bindings.v1.json#/operationSemanticBindings/193,modern-capability-exact-schema-contracts.v1.json#/operationBindings/193,G3_CANONICAL_OPERATION_PRIMARY_OWNER,SEALED_G3_PRIMARY_OWNER
modern.workforceplan.scenario.query,MODERN_OPERATION,HRIS-HRM,MOD-HRM-WFP,modern-capability-semantic-bindings.v1.json#/operationSemanticBindings/194,modern-capability-exact-schema-contracts.v1.json#/operationBindings/194,G3_CANONICAL_OPERATION_PRIMARY_OWNER,SEALED_G3_PRIMARY_OWNER
modern.workforceplan.scenario.revise,MODERN_OPERATION,HRIS-HRM,MOD-HRM-WFP,modern-capability-semantic-bindings.v1.json#/operationSemanticBindings/195,modern-capability-exact-schema-contracts.v1.json#/operationBindings/195,G3_CANONICAL_OPERATION_PRIMARY_OWNER,SEALED_G3_PRIMARY_OWNER
modern.workforceplan.scenario.simulate,MODERN_OPERATION,HRIS-HRM,MOD-HRM-WFP,modern-capability-semantic-bindings.v1.json#/operationSemanticBindings/196,modern-capability-exact-schema-contracts.v1.json#/operationBindings/196,G3_CANONICAL_OPERATION_PRIMARY_OWNER,SEALED_G3_PRIMARY_OWNER
modern.workforceplan.scenario.submit,MODERN_OPERATION,HRIS-HRM,MOD-HRM-WFP,modern-capability-semantic-bindings.v1.json#/operationSemanticBindings/197,modern-capability-exact-schema-contracts.v1.json#/operationBindings/197,G3_CANONICAL_OPERATION_PRIMARY_OWNER,SEALED_G3_PRIMARY_OWNER
modern.workforceplan.scenarios.query,MODERN_OPERATION,HRIS-HRM,MOD-HRM-WFP,modern-capability-semantic-bindings.v1.json#/operationSemanticBindings/198,modern-capability-exact-schema-contracts.v1.json#/operationBindings/198,G3_CANONICAL_OPERATION_PRIMARY_OWNER,SEALED_G3_PRIMARY_OWNER
ApprovedCompensationPlanSnapshotPublished.v2,MODERN_EVENT,HRIS-PER,MOD-PER-COMPPLAN,modern-capability-semantic-bindings.v1.json#/eventSemanticBindings/0,modern-capability-event-payload-contracts.v1.json#/eventPayloadSchemas/0,G3_CANONICAL_EVENT_PRIMARY_PRODUCER,SEALED_G3_PRIMARY_OWNER
BenefitEnrollmentCancelled.v2,MODERN_EVENT,HRIS-HRM,MOD-HRM-BENEFITS,modern-capability-semantic-bindings.v1.json#/eventSemanticBindings/1,modern-capability-event-payload-contracts.v1.json#/eventPayloadSchemas/1,G3_CANONICAL_EVENT_PRIMARY_PRODUCER,SEALED_G3_PRIMARY_OWNER
BenefitEnrollmentDecided.v2,MODERN_EVENT,HRIS-HRM,MOD-HRM-BENEFITS,modern-capability-semantic-bindings.v1.json#/eventSemanticBindings/2,modern-capability-event-payload-contracts.v1.json#/eventPayloadSchemas/2,G3_CANONICAL_EVENT_PRIMARY_PRODUCER,SEALED_G3_PRIMARY_OWNER
BenefitEnrollmentSubmitted.v2,MODERN_EVENT,HRIS-HRM,MOD-HRM-BENEFITS,modern-capability-semantic-bindings.v1.json#/eventSemanticBindings/3,modern-capability-event-payload-contracts.v1.json#/eventPayloadSchemas/3,G3_CANONICAL_EVENT_PRIMARY_PRODUCER,SEALED_G3_PRIMARY_OWNER
BenefitLifeEventDecisionRecorded.v2,MODERN_EVENT,HRIS-HRM,MOD-HRM-BENEFITS,modern-capability-semantic-bindings.v1.json#/eventSemanticBindings/4,modern-capability-event-payload-contracts.v1.json#/eventPayloadSchemas/4,G3_CANONICAL_EVENT_PRIMARY_PRODUCER,SEALED_G3_PRIMARY_OWNER
BenefitLifeEventExpired.v2,MODERN_EVENT,HRIS-HRM,MOD-HRM-BENEFITS,modern-capability-semantic-bindings.v1.json#/eventSemanticBindings/5,modern-capability-event-payload-contracts.v1.json#/eventPayloadSchemas/5,G3_CANONICAL_EVENT_PRIMARY_PRODUCER,SEALED_G3_PRIMARY_OWNER
BenefitLifeEventSubmitted.v2,MODERN_EVENT,HRIS-HRM,MOD-HRM-BENEFITS,modern-capability-semantic-bindings.v1.json#/eventSemanticBindings/6,modern-capability-event-payload-contracts.v1.json#/eventPayloadSchemas/6,G3_CANONICAL_EVENT_PRIMARY_PRODUCER,SEALED_G3_PRIMARY_OWNER
BenefitPlanCreated.v2,MODERN_EVENT,HRIS-HRM,MOD-HRM-BENEFITS,modern-capability-semantic-bindings.v1.json#/eventSemanticBindings/7,modern-capability-event-payload-contracts.v1.json#/eventPayloadSchemas/7,G3_CANONICAL_EVENT_PRIMARY_PRODUCER,SEALED_G3_PRIMARY_OWNER
BenefitPlanPublished.v2,MODERN_EVENT,HRIS-HRM,MOD-HRM-BENEFITS,modern-capability-semantic-bindings.v1.json#/eventSemanticBindings/8,modern-capability-event-payload-contracts.v1.json#/eventPayloadSchemas/8,G3_CANONICAL_EVENT_PRIMARY_PRODUCER,SEALED_G3_PRIMARY_OWNER
BenefitPlanRetired.v2,MODERN_EVENT,HRIS-HRM,MOD-HRM-BENEFITS,modern-capability-semantic-bindings.v1.json#/eventSemanticBindings/9,modern-capability-event-payload-contracts.v1.json#/eventPayloadSchemas/9,G3_CANONICAL_EVENT_PRIMARY_PRODUCER,SEALED_G3_PRIMARY_OWNER
BenefitPlanRevised.v2,MODERN_EVENT,HRIS-HRM,MOD-HRM-BENEFITS,modern-capability-semantic-bindings.v1.json#/eventSemanticBindings/10,modern-capability-event-payload-contracts.v1.json#/eventPayloadSchemas/10,G3_CANONICAL_EVENT_PRIMARY_PRODUCER,SEALED_G3_PRIMARY_OWNER
BenefitProviderResultRecorded.v2,MODERN_EVENT,HRIS-HRM,MOD-HRM-BENEFITS,modern-capability-semantic-bindings.v1.json#/eventSemanticBindings/11,modern-capability-event-payload-contracts.v1.json#/eventPayloadSchemas/11,G3_CANONICAL_EVENT_PRIMARY_PRODUCER,SEALED_G3_PRIMARY_OWNER
CandidateAdmitted.v2,MODERN_EVENT,HRIS-HRM,MOD-HRM-RECRUIT,modern-capability-semantic-bindings.v1.json#/eventSemanticBindings/12,modern-capability-event-payload-contracts.v1.json#/eventPayloadSchemas/12,G3_CANONICAL_EVENT_PRIMARY_PRODUCER,SEALED_G3_PRIMARY_OWNER
CandidateHireHandoffCancelled.v2,MODERN_EVENT,HRIS-HRM,MOD-HRM-RECRUIT,modern-capability-semantic-bindings.v1.json#/eventSemanticBindings/13,modern-capability-event-payload-contracts.v1.json#/eventPayloadSchemas/13,G3_CANONICAL_EVENT_PRIMARY_PRODUCER,SEALED_G3_PRIMARY_OWNER
CandidateHireHandoffRequested.v2,MODERN_EVENT,HRIS-HRM,MOD-HRM-RECRUIT,modern-capability-semantic-bindings.v1.json#/eventSemanticBindings/14,modern-capability-event-payload-contracts.v1.json#/eventPayloadSchemas/14,G3_CANONICAL_EVENT_PRIMARY_PRODUCER,SEALED_G3_PRIMARY_OWNER
CandidateHireHandoffResultRecorded.v2,MODERN_EVENT,HRIS-HRM,MOD-HRM-RECRUIT,modern-capability-semantic-bindings.v1.json#/eventSemanticBindings/15,modern-capability-event-payload-contracts.v1.json#/eventPayloadSchemas/15,G3_CANONICAL_EVENT_PRIMARY_PRODUCER,SEALED_G3_PRIMARY_OWNER
CandidateOfferAccepted.v2,MODERN_EVENT,HRIS-HRM,MOD-HRM-RECRUIT,modern-capability-semantic-bindings.v1.json#/eventSemanticBindings/16,modern-capability-event-payload-contracts.v1.json#/eventPayloadSchemas/16,G3_CANONICAL_EVENT_PRIMARY_PRODUCER,SEALED_G3_PRIMARY_OWNER
CandidateOfferDeclined.v2,MODERN_EVENT,HRIS-HRM,MOD-HRM-RECRUIT,modern-capability-semantic-bindings.v1.json#/eventSemanticBindings/17,modern-capability-event-payload-contracts.v1.json#/eventPayloadSchemas/17,G3_CANONICAL_EVENT_PRIMARY_PRODUCER,SEALED_G3_PRIMARY_OWNER
CandidateOfferExpired.v2,MODERN_EVENT,HRIS-HRM,MOD-HRM-RECRUIT,modern-capability-semantic-bindings.v1.json#/eventSemanticBindings/18,modern-capability-event-payload-contracts.v1.json#/eventPayloadSchemas/18,G3_CANONICAL_EVENT_PRIMARY_PRODUCER,SEALED_G3_PRIMARY_OWNER
CandidateOfferIssued.v2,MODERN_EVENT,HRIS-HRM,MOD-HRM-RECRUIT,modern-capability-semantic-bindings.v1.json#/eventSemanticBindings/19,modern-capability-event-payload-contracts.v1.json#/eventPayloadSchemas/19,G3_CANONICAL_EVENT_PRIMARY_PRODUCER,SEALED_G3_PRIMARY_OWNER
CandidateOfferWithdrawn.v2,MODERN_EVENT,HRIS-HRM,MOD-HRM-RECRUIT,modern-capability-semantic-bindings.v1.json#/eventSemanticBindings/20,modern-capability-event-payload-contracts.v1.json#/eventPayloadSchemas/20,G3_CANONICAL_EVENT_PRIMARY_PRODUCER,SEALED_G3_PRIMARY_OWNER
CandidateStageChanged.v2,MODERN_EVENT,HRIS-HRM,MOD-HRM-RECRUIT,modern-capability-semantic-bindings.v1.json#/eventSemanticBindings/21,modern-capability-event-payload-contracts.v1.json#/eventPayloadSchemas/21,G3_CANONICAL_EVENT_PRIMARY_PRODUCER,SEALED_G3_PRIMARY_OWNER
CompensationBudgetAllocated.v2,MODERN_EVENT,HRIS-PER,MOD-PER-COMPPLAN,modern-capability-semantic-bindings.v1.json#/eventSemanticBindings/22,modern-capability-event-payload-contracts.v1.json#/eventPayloadSchemas/22,G3_CANONICAL_EVENT_PRIMARY_PRODUCER,SEALED_G3_PRIMARY_OWNER
CompensationCycleCancelled.v2,MODERN_EVENT,HRIS-PER,MOD-PER-COMPPLAN,modern-capability-semantic-bindings.v1.json#/eventSemanticBindings/23,modern-capability-event-payload-contracts.v1.json#/eventPayloadSchemas/23,G3_CANONICAL_EVENT_PRIMARY_PRODUCER,SEALED_G3_PRIMARY_OWNER
CompensationCycleCreated.v2,MODERN_EVENT,HRIS-PER,MOD-PER-COMPPLAN,modern-capability-semantic-bindings.v1.json#/eventSemanticBindings/24,modern-capability-event-payload-contracts.v1.json#/eventPayloadSchemas/24,G3_CANONICAL_EVENT_PRIMARY_PRODUCER,SEALED_G3_PRIMARY_OWNER
CompensationCycleRevised.v2,MODERN_EVENT,HRIS-PER,MOD-PER-COMPPLAN,modern-capability-semantic-bindings.v1.json#/eventSemanticBindings/25,modern-capability-event-payload-contracts.v1.json#/eventPayloadSchemas/25,G3_CANONICAL_EVENT_PRIMARY_PRODUCER,SEALED_G3_PRIMARY_OWNER
CompensationPlanApprovalRecorded.v2,MODERN_EVENT,HRIS-PER,MOD-PER-COMPPLAN,modern-capability-semantic-bindings.v1.json#/eventSemanticBindings/26,modern-capability-event-payload-contracts.v1.json#/eventPayloadSchemas/26,G3_CANONICAL_EVENT_PRIMARY_PRODUCER,SEALED_G3_PRIMARY_OWNER
CompensationProposalDrafted.v2,MODERN_EVENT,HRIS-PER,MOD-PER-COMPPLAN,modern-capability-semantic-bindings.v1.json#/eventSemanticBindings/27,modern-capability-event-payload-contracts.v1.json#/eventPayloadSchemas/27,G3_CANONICAL_EVENT_PRIMARY_PRODUCER,SEALED_G3_PRIMARY_OWNER
CompensationProposalSubmitted.v2,MODERN_EVENT,HRIS-PER,MOD-PER-COMPPLAN,modern-capability-semantic-bindings.v1.json#/eventSemanticBindings/28,modern-capability-event-payload-contracts.v1.json#/eventPayloadSchemas/28,G3_CANONICAL_EVENT_PRIMARY_PRODUCER,SEALED_G3_PRIMARY_OWNER
ContingentAccessExpiryInitiated.v2,MODERN_EVENT,HRIS-HRM,MOD-HRM-CONTINGENT,modern-capability-semantic-bindings.v1.json#/eventSemanticBindings/29,modern-capability-event-payload-contracts.v1.json#/eventPayloadSchemas/29,G3_CANONICAL_EVENT_PRIMARY_PRODUCER,SEALED_G3_PRIMARY_OWNER
ContingentAccessGrantRequested.v2,MODERN_EVENT,HRIS-HRM,MOD-HRM-CONTINGENT,modern-capability-semantic-bindings.v1.json#/eventSemanticBindings/30,modern-capability-event-payload-contracts.v1.json#/eventPayloadSchemas/30,G3_CANONICAL_EVENT_PRIMARY_PRODUCER,SEALED_G3_PRIMARY_OWNER
ContingentAccessGrantResultRecorded.v2,MODERN_EVENT,HRIS-HRM,MOD-HRM-CONTINGENT,modern-capability-semantic-bindings.v1.json#/eventSemanticBindings/31,modern-capability-event-payload-contracts.v1.json#/eventPayloadSchemas/31,G3_CANONICAL_EVENT_PRIMARY_PRODUCER,SEALED_G3_PRIMARY_OWNER
ContingentAccessRevokeResultRecorded.v2,MODERN_EVENT,HRIS-HRM,MOD-HRM-CONTINGENT,modern-capability-semantic-bindings.v1.json#/eventSemanticBindings/32,modern-capability-event-payload-contracts.v1.json#/eventPayloadSchemas/32,G3_CANONICAL_EVENT_PRIMARY_PRODUCER,SEALED_G3_PRIMARY_OWNER
ContingentEngagementCreated.v2,MODERN_EVENT,HRIS-HRM,MOD-HRM-CONTINGENT,modern-capability-semantic-bindings.v1.json#/eventSemanticBindings/33,modern-capability-event-payload-contracts.v1.json#/eventPayloadSchemas/33,G3_CANONICAL_EVENT_PRIMARY_PRODUCER,SEALED_G3_PRIMARY_OWNER
ContingentEngagementOffboardingStarted.v2,MODERN_EVENT,HRIS-HRM,MOD-HRM-CONTINGENT,modern-capability-semantic-bindings.v1.json#/eventSemanticBindings/34,modern-capability-event-payload-contracts.v1.json#/eventPayloadSchemas/34,G3_CANONICAL_EVENT_PRIMARY_PRODUCER,SEALED_G3_PRIMARY_OWNER
ContingentEngagementRejected.v2,MODERN_EVENT,HRIS-HRM,MOD-HRM-CONTINGENT,modern-capability-semantic-bindings.v1.json#/eventSemanticBindings/35,modern-capability-event-payload-contracts.v1.json#/eventPayloadSchemas/35,G3_CANONICAL_EVENT_PRIMARY_PRODUCER,SEALED_G3_PRIMARY_OWNER
ContingentEngagementRevised.v2,MODERN_EVENT,HRIS-HRM,MOD-HRM-CONTINGENT,modern-capability-semantic-bindings.v1.json#/eventSemanticBindings/36,modern-capability-event-payload-contracts.v1.json#/eventPayloadSchemas/36,G3_CANONICAL_EVENT_PRIMARY_PRODUCER,SEALED_G3_PRIMARY_OWNER
ContingentEngagementSubmitted.v2,MODERN_EVENT,HRIS-HRM,MOD-HRM-CONTINGENT,modern-capability-semantic-bindings.v1.json#/eventSemanticBindings/37,modern-capability-event-payload-contracts.v1.json#/eventPayloadSchemas/37,G3_CANONICAL_EVENT_PRIMARY_PRODUCER,SEALED_G3_PRIMARY_OWNER
ContingentSponsorReassigned.v2,MODERN_EVENT,HRIS-HRM,MOD-HRM-CONTINGENT,modern-capability-semantic-bindings.v1.json#/eventSemanticBindings/38,modern-capability-event-payload-contracts.v1.json#/eventPayloadSchemas/38,G3_CANONICAL_EVENT_PRIMARY_PRODUCER,SEALED_G3_PRIMARY_OWNER
EmployeeListeningActionCompleted.v3,MODERN_EVENT,HRIS-SYS,MOD-SYS-LISTEN,modern-capability-semantic-bindings.v1.json#/eventSemanticBindings/39,modern-capability-event-payload-contracts.v1.json#/eventPayloadSchemas/39,G3_CANONICAL_EVENT_PRIMARY_PRODUCER,SEALED_G3_PRIMARY_OWNER
EmployeeListeningActionCreated.v3,MODERN_EVENT,HRIS-SYS,MOD-SYS-LISTEN,modern-capability-semantic-bindings.v1.json#/eventSemanticBindings/40,modern-capability-event-payload-contracts.v1.json#/eventPayloadSchemas/40,G3_CANONICAL_EVENT_PRIMARY_PRODUCER,SEALED_G3_PRIMARY_OWNER
EmployeeListeningCohortProjectionPublished.v1,MODERN_EVENT,HRIS-SYS,MOD-SYS-LISTEN,modern-capability-semantic-bindings.v1.json#/eventSemanticBindings/41,modern-capability-event-payload-contracts.v1.json#/eventPayloadSchemas/41,G3_CANONICAL_EVENT_PRIMARY_PRODUCER,SEALED_G3_PRIMARY_OWNER
EmployeeListeningSurveyClosed.v3,MODERN_EVENT,HRIS-SYS,MOD-SYS-LISTEN,modern-capability-semantic-bindings.v1.json#/eventSemanticBindings/42,modern-capability-event-payload-contracts.v1.json#/eventPayloadSchemas/42,G3_CANONICAL_EVENT_PRIMARY_PRODUCER,SEALED_G3_PRIMARY_OWNER
EmployeeListeningSurveyCreated.v3,MODERN_EVENT,HRIS-SYS,MOD-SYS-LISTEN,modern-capability-semantic-bindings.v1.json#/eventSemanticBindings/43,modern-capability-event-payload-contracts.v1.json#/eventPayloadSchemas/43,G3_CANONICAL_EVENT_PRIMARY_PRODUCER,SEALED_G3_PRIMARY_OWNER
EmployeeListeningSurveyPublished.v3,MODERN_EVENT,HRIS-SYS,MOD-SYS-LISTEN,modern-capability-semantic-bindings.v1.json#/eventSemanticBindings/44,modern-capability-event-payload-contracts.v1.json#/eventPayloadSchemas/44,G3_CANONICAL_EVENT_PRIMARY_PRODUCER,SEALED_G3_PRIMARY_OWNER
EmployeeListeningSurveyRevised.v3,MODERN_EVENT,HRIS-SYS,MOD-SYS-LISTEN,modern-capability-semantic-bindings.v1.json#/eventSemanticBindings/45,modern-capability-event-payload-contracts.v1.json#/eventPayloadSchemas/45,G3_CANONICAL_EVENT_PRIMARY_PRODUCER,SEALED_G3_PRIMARY_OWNER
GovernedAiAssistanceCancelled.v2,MODERN_EVENT,HRIS-SYS,MOD-SYS-AI,modern-capability-semantic-bindings.v1.json#/eventSemanticBindings/46,modern-capability-event-payload-contracts.v1.json#/eventPayloadSchemas/46,G3_CANONICAL_EVENT_PRIMARY_PRODUCER,SEALED_G3_PRIMARY_OWNER
GovernedAiAssistanceConfirmed.v2,MODERN_EVENT,HRIS-SYS,MOD-SYS-AI,modern-capability-semantic-bindings.v1.json#/eventSemanticBindings/47,modern-capability-event-payload-contracts.v1.json#/eventPayloadSchemas/47,G3_CANONICAL_EVENT_PRIMARY_PRODUCER,SEALED_G3_PRIMARY_OWNER
GovernedAiAssistanceRejected.v2,MODERN_EVENT,HRIS-SYS,MOD-SYS-AI,modern-capability-semantic-bindings.v1.json#/eventSemanticBindings/48,modern-capability-event-payload-contracts.v1.json#/eventPayloadSchemas/48,G3_CANONICAL_EVENT_PRIMARY_PRODUCER,SEALED_G3_PRIMARY_OWNER
GovernedAiAssistanceRequested.v2,MODERN_EVENT,HRIS-SYS,MOD-SYS-AI,modern-capability-semantic-bindings.v1.json#/eventSemanticBindings/49,modern-capability-event-payload-contracts.v1.json#/eventPayloadSchemas/49,G3_CANONICAL_EVENT_PRIMARY_PRODUCER,SEALED_G3_PRIMARY_OWNER
GovernedAiAssistanceResultRecorded.v2,MODERN_EVENT,HRIS-SYS,MOD-SYS-AI,modern-capability-semantic-bindings.v1.json#/eventSemanticBindings/50,modern-capability-event-payload-contracts.v1.json#/eventPayloadSchemas/50,G3_CANONICAL_EVENT_PRIMARY_PRODUCER,SEALED_G3_PRIMARY_OWNER
GovernedAiAssistanceRevoked.v2,MODERN_EVENT,HRIS-SYS,MOD-SYS-AI,modern-capability-semantic-bindings.v1.json#/eventSemanticBindings/51,modern-capability-event-payload-contracts.v1.json#/eventPayloadSchemas/51,G3_CANONICAL_EVENT_PRIMARY_PRODUCER,SEALED_G3_PRIMARY_OWNER
GovernedAiPolicyCreated.v2,MODERN_EVENT,HRIS-SYS,MOD-SYS-AI,modern-capability-semantic-bindings.v1.json#/eventSemanticBindings/52,modern-capability-event-payload-contracts.v1.json#/eventPayloadSchemas/52,G3_CANONICAL_EVENT_PRIMARY_PRODUCER,SEALED_G3_PRIMARY_OWNER
GovernedAiPolicyEvaluationCancelled.v2,MODERN_EVENT,HRIS-SYS,MOD-SYS-AI,modern-capability-semantic-bindings.v1.json#/eventSemanticBindings/53,modern-capability-event-payload-contracts.v1.json#/eventPayloadSchemas/53,G3_CANONICAL_EVENT_PRIMARY_PRODUCER,SEALED_G3_PRIMARY_OWNER
GovernedAiPolicyEvaluationRequested.v2,MODERN_EVENT,HRIS-SYS,MOD-SYS-AI,modern-capability-semantic-bindings.v1.json#/eventSemanticBindings/54,modern-capability-event-payload-contracts.v1.json#/eventPayloadSchemas/54,G3_CANONICAL_EVENT_PRIMARY_PRODUCER,SEALED_G3_PRIMARY_OWNER
GovernedAiPolicyEvaluationResultRecorded.v2,MODERN_EVENT,HRIS-SYS,MOD-SYS-AI,modern-capability-semantic-bindings.v1.json#/eventSemanticBindings/55,modern-capability-event-payload-contracts.v1.json#/eventPayloadSchemas/55,G3_CANONICAL_EVENT_PRIMARY_PRODUCER,SEALED_G3_PRIMARY_OWNER
GovernedAiPolicyPublished.v2,MODERN_EVENT,HRIS-SYS,MOD-SYS-AI,modern-capability-semantic-bindings.v1.json#/eventSemanticBindings/56,modern-capability-event-payload-contracts.v1.json#/eventPayloadSchemas/56,G3_CANONICAL_EVENT_PRIMARY_PRODUCER,SEALED_G3_PRIMARY_OWNER
GovernedAiPolicyRetired.v2,MODERN_EVENT,HRIS-SYS,MOD-SYS-AI,modern-capability-semantic-bindings.v1.json#/eventSemanticBindings/57,modern-capability-event-payload-contracts.v1.json#/eventPayloadSchemas/57,G3_CANONICAL_EVENT_PRIMARY_PRODUCER,SEALED_G3_PRIMARY_OWNER
GovernedAiPolicyRevised.v2,MODERN_EVENT,HRIS-SYS,MOD-SYS-AI,modern-capability-semantic-bindings.v1.json#/eventSemanticBindings/58,modern-capability-event-payload-contracts.v1.json#/eventPayloadSchemas/58,G3_CANONICAL_EVENT_PRIMARY_PRODUCER,SEALED_G3_PRIMARY_OWNER
GovernedAiPolicySuspended.v2,MODERN_EVENT,HRIS-SYS,MOD-SYS-AI,modern-capability-semantic-bindings.v1.json#/eventSemanticBindings/59,modern-capability-event-payload-contracts.v1.json#/eventPayloadSchemas/59,G3_CANONICAL_EVENT_PRIMARY_PRODUCER,SEALED_G3_PRIMARY_OWNER
GrowthCoachingRecorded.v2,MODERN_EVENT,HRIS-PER,MOD-PER-GROWTH,modern-capability-semantic-bindings.v1.json#/eventSemanticBindings/60,modern-capability-event-payload-contracts.v1.json#/eventPayloadSchemas/60,G3_CANONICAL_EVENT_PRIMARY_PRODUCER,SEALED_G3_PRIMARY_OWNER
GrowthEvidenceLinked.v2,MODERN_EVENT,HRIS-PER,MOD-PER-GROWTH,modern-capability-semantic-bindings.v1.json#/eventSemanticBindings/61,modern-capability-event-payload-contracts.v1.json#/eventPayloadSchemas/61,G3_CANONICAL_EVENT_PRIMARY_PRODUCER,SEALED_G3_PRIMARY_OWNER
GrowthEvidenceUnlinked.v2,MODERN_EVENT,HRIS-PER,MOD-PER-GROWTH,modern-capability-semantic-bindings.v1.json#/eventSemanticBindings/62,modern-capability-event-payload-contracts.v1.json#/eventPayloadSchemas/62,G3_CANONICAL_EVENT_PRIMARY_PRODUCER,SEALED_G3_PRIMARY_OWNER
GrowthPortabilityExportCancelled.v2,MODERN_EVENT,HRIS-PER,MOD-PER-GROWTH,modern-capability-semantic-bindings.v1.json#/eventSemanticBindings/63,modern-capability-event-payload-contracts.v1.json#/eventPayloadSchemas/63,G3_CANONICAL_EVENT_PRIMARY_PRODUCER,SEALED_G3_PRIMARY_OWNER
GrowthPortabilityExportExpired.v2,MODERN_EVENT,HRIS-PER,MOD-PER-GROWTH,modern-capability-semantic-bindings.v1.json#/eventSemanticBindings/64,modern-capability-event-payload-contracts.v1.json#/eventPayloadSchemas/64,G3_CANONICAL_EVENT_PRIMARY_PRODUCER,SEALED_G3_PRIMARY_OWNER
GrowthPortabilityExportRequested.v2,MODERN_EVENT,HRIS-PER,MOD-PER-GROWTH,modern-capability-semantic-bindings.v1.json#/eventSemanticBindings/65,modern-capability-event-payload-contracts.v1.json#/eventPayloadSchemas/65,G3_CANONICAL_EVENT_PRIMARY_PRODUCER,SEALED_G3_PRIMARY_OWNER
GrowthPortabilityExportResultRecorded.v2,MODERN_EVENT,HRIS-PER,MOD-PER-GROWTH,modern-capability-semantic-bindings.v1.json#/eventSemanticBindings/66,modern-capability-event-payload-contracts.v1.json#/eventPayloadSchemas/66,G3_CANONICAL_EVENT_PRIMARY_PRODUCER,SEALED_G3_PRIMARY_OWNER
GrowthProfileArchived.v2,MODERN_EVENT,HRIS-PER,MOD-PER-GROWTH,modern-capability-semantic-bindings.v1.json#/eventSemanticBindings/67,modern-capability-event-payload-contracts.v1.json#/eventPayloadSchemas/67,G3_CANONICAL_EVENT_PRIMARY_PRODUCER,SEALED_G3_PRIMARY_OWNER
GrowthProfileCreated.v2,MODERN_EVENT,HRIS-PER,MOD-PER-GROWTH,modern-capability-semantic-bindings.v1.json#/eventSemanticBindings/68,modern-capability-event-payload-contracts.v1.json#/eventPayloadSchemas/68,G3_CANONICAL_EVENT_PRIMARY_PRODUCER,SEALED_G3_PRIMARY_OWNER
GrowthProfileUpdated.v2,MODERN_EVENT,HRIS-PER,MOD-PER-GROWTH,modern-capability-semantic-bindings.v1.json#/eventSemanticBindings/69,modern-capability-event-payload-contracts.v1.json#/eventPayloadSchemas/69,G3_CANONICAL_EVENT_PRIMARY_PRODUCER,SEALED_G3_PRIMARY_OWNER
HrServiceCaseAssigned.v2,MODERN_EVENT,HRIS-HRM,MOD-HRM-HRSD,modern-capability-semantic-bindings.v1.json#/eventSemanticBindings/70,modern-capability-event-payload-contracts.v1.json#/eventPayloadSchemas/70,G3_CANONICAL_EVENT_PRIMARY_PRODUCER,SEALED_G3_PRIMARY_OWNER
HrServiceCaseCancelled.v2,MODERN_EVENT,HRIS-HRM,MOD-HRM-HRSD,modern-capability-semantic-bindings.v1.json#/eventSemanticBindings/71,modern-capability-event-payload-contracts.v1.json#/eventPayloadSchemas/71,G3_CANONICAL_EVENT_PRIMARY_PRODUCER,SEALED_G3_PRIMARY_OWNER
HrServiceCaseCreated.v2,MODERN_EVENT,HRIS-HRM,MOD-HRM-HRSD,modern-capability-semantic-bindings.v1.json#/eventSemanticBindings/72,modern-capability-event-payload-contracts.v1.json#/eventPayloadSchemas/72,G3_CANONICAL_EVENT_PRIMARY_PRODUCER,SEALED_G3_PRIMARY_OWNER
HrServiceCaseResolved.v2,MODERN_EVENT,HRIS-HRM,MOD-HRM-HRSD,modern-capability-semantic-bindings.v1.json#/eventSemanticBindings/73,modern-capability-event-payload-contracts.v1.json#/eventPayloadSchemas/73,G3_CANONICAL_EVENT_PRIMARY_PRODUCER,SEALED_G3_PRIMARY_OWNER
HrServiceCaseResponseRecorded.v2,MODERN_EVENT,HRIS-HRM,MOD-HRM-HRSD,modern-capability-semantic-bindings.v1.json#/eventSemanticBindings/74,modern-capability-event-payload-contracts.v1.json#/eventPayloadSchemas/74,G3_CANONICAL_EVENT_PRIMARY_PRODUCER,SEALED_G3_PRIMARY_OWNER
HrServiceCaseTriaged.v2,MODERN_EVENT,HRIS-HRM,MOD-HRM-HRSD,modern-capability-semantic-bindings.v1.json#/eventSemanticBindings/75,modern-capability-event-payload-contracts.v1.json#/eventPayloadSchemas/75,G3_CANONICAL_EVENT_PRIMARY_PRODUCER,SEALED_G3_PRIMARY_OWNER
HrServiceSlaMilestoneRecorded.v2,MODERN_EVENT,HRIS-HRM,MOD-HRM-HRSD,modern-capability-semantic-bindings.v1.json#/eventSemanticBindings/76,modern-capability-event-payload-contracts.v1.json#/eventPayloadSchemas/76,G3_CANONICAL_EVENT_PRIMARY_PRODUCER,SEALED_G3_PRIMARY_OWNER
LearningAssignmentCancelled.v2,MODERN_EVENT,HRIS-PER,MOD-PER-LEARNING,modern-capability-semantic-bindings.v1.json#/eventSemanticBindings/77,modern-capability-event-payload-contracts.v1.json#/eventPayloadSchemas/77,G3_CANONICAL_EVENT_PRIMARY_PRODUCER,SEALED_G3_PRIMARY_OWNER
LearningAssignmentCreated.v2,MODERN_EVENT,HRIS-PER,MOD-PER-LEARNING,modern-capability-semantic-bindings.v1.json#/eventSemanticBindings/78,modern-capability-event-payload-contracts.v1.json#/eventPayloadSchemas/78,G3_CANONICAL_EVENT_PRIMARY_PRODUCER,SEALED_G3_PRIMARY_OWNER
LearningAssignmentStarted.v2,MODERN_EVENT,HRIS-PER,MOD-PER-LEARNING,modern-capability-semantic-bindings.v1.json#/eventSemanticBindings/79,modern-capability-event-payload-contracts.v1.json#/eventPayloadSchemas/79,G3_CANONICAL_EVENT_PRIMARY_PRODUCER,SEALED_G3_PRIMARY_OWNER
LearningCompletionVerified.v2,MODERN_EVENT,HRIS-PER,MOD-PER-LEARNING,modern-capability-semantic-bindings.v1.json#/eventSemanticBindings/80,modern-capability-event-payload-contracts.v1.json#/eventPayloadSchemas/80,G3_CANONICAL_EVENT_PRIMARY_PRODUCER,SEALED_G3_PRIMARY_OWNER
LearningEnrollmentCreated.v2,MODERN_EVENT,HRIS-PER,MOD-PER-LEARNING,modern-capability-semantic-bindings.v1.json#/eventSemanticBindings/81,modern-capability-event-payload-contracts.v1.json#/eventPayloadSchemas/81,G3_CANONICAL_EVENT_PRIMARY_PRODUCER,SEALED_G3_PRIMARY_OWNER
LearningOfferingCreated.v2,MODERN_EVENT,HRIS-PER,MOD-PER-LEARNING,modern-capability-semantic-bindings.v1.json#/eventSemanticBindings/82,modern-capability-event-payload-contracts.v1.json#/eventPayloadSchemas/82,G3_CANONICAL_EVENT_PRIMARY_PRODUCER,SEALED_G3_PRIMARY_OWNER
LearningOfferingPublished.v2,MODERN_EVENT,HRIS-PER,MOD-PER-LEARNING,modern-capability-semantic-bindings.v1.json#/eventSemanticBindings/83,modern-capability-event-payload-contracts.v1.json#/eventPayloadSchemas/83,G3_CANONICAL_EVENT_PRIMARY_PRODUCER,SEALED_G3_PRIMARY_OWNER
LearningOfferingRetired.v2,MODERN_EVENT,HRIS-PER,MOD-PER-LEARNING,modern-capability-semantic-bindings.v1.json#/eventSemanticBindings/84,modern-capability-event-payload-contracts.v1.json#/eventPayloadSchemas/84,G3_CANONICAL_EVENT_PRIMARY_PRODUCER,SEALED_G3_PRIMARY_OWNER
LearningOfferingRevised.v2,MODERN_EVENT,HRIS-PER,MOD-PER-LEARNING,modern-capability-semantic-bindings.v1.json#/eventSemanticBindings/85,modern-capability-event-payload-contracts.v1.json#/eventPayloadSchemas/85,G3_CANONICAL_EVENT_PRIMARY_PRODUCER,SEALED_G3_PRIMARY_OWNER
OnboardingJourneyAssigned.v2,MODERN_EVENT,HRIS-HRM,MOD-HRM-ONBOARD,modern-capability-semantic-bindings.v1.json#/eventSemanticBindings/86,modern-capability-event-payload-contracts.v1.json#/eventPayloadSchemas/86,G3_CANONICAL_EVENT_PRIMARY_PRODUCER,SEALED_G3_PRIMARY_OWNER
OnboardingJourneyCancelled.v2,MODERN_EVENT,HRIS-HRM,MOD-HRM-ONBOARD,modern-capability-semantic-bindings.v1.json#/eventSemanticBindings/87,modern-capability-event-payload-contracts.v1.json#/eventPayloadSchemas/87,G3_CANONICAL_EVENT_PRIMARY_PRODUCER,SEALED_G3_PRIMARY_OWNER
OnboardingJourneyCompleted.v2,MODERN_EVENT,HRIS-HRM,MOD-HRM-ONBOARD,modern-capability-semantic-bindings.v1.json#/eventSemanticBindings/88,modern-capability-event-payload-contracts.v1.json#/eventPayloadSchemas/88,G3_CANONICAL_EVENT_PRIMARY_PRODUCER,SEALED_G3_PRIMARY_OWNER
OnboardingTaskCompleted.v2,MODERN_EVENT,HRIS-HRM,MOD-HRM-ONBOARD,modern-capability-semantic-bindings.v1.json#/eventSemanticBindings/89,modern-capability-event-payload-contracts.v1.json#/eventPayloadSchemas/89,G3_CANONICAL_EVENT_PRIMARY_PRODUCER,SEALED_G3_PRIMARY_OWNER
OnboardingTaskWaived.v2,MODERN_EVENT,HRIS-HRM,MOD-HRM-ONBOARD,modern-capability-semantic-bindings.v1.json#/eventSemanticBindings/90,modern-capability-event-payload-contracts.v1.json#/eventPayloadSchemas/90,G3_CANONICAL_EVENT_PRIMARY_PRODUCER,SEALED_G3_PRIMARY_OWNER
OnboardingTemplateCreated.v2,MODERN_EVENT,HRIS-HRM,MOD-HRM-ONBOARD,modern-capability-semantic-bindings.v1.json#/eventSemanticBindings/91,modern-capability-event-payload-contracts.v1.json#/eventPayloadSchemas/91,G3_CANONICAL_EVENT_PRIMARY_PRODUCER,SEALED_G3_PRIMARY_OWNER
OnboardingTemplatePublished.v2,MODERN_EVENT,HRIS-HRM,MOD-HRM-ONBOARD,modern-capability-semantic-bindings.v1.json#/eventSemanticBindings/92,modern-capability-event-payload-contracts.v1.json#/eventPayloadSchemas/92,G3_CANONICAL_EVENT_PRIMARY_PRODUCER,SEALED_G3_PRIMARY_OWNER
OnboardingTemplateRetired.v2,MODERN_EVENT,HRIS-HRM,MOD-HRM-ONBOARD,modern-capability-semantic-bindings.v1.json#/eventSemanticBindings/93,modern-capability-event-payload-contracts.v1.json#/eventPayloadSchemas/93,G3_CANONICAL_EVENT_PRIMARY_PRODUCER,SEALED_G3_PRIMARY_OWNER
OnboardingTemplateRevised.v2,MODERN_EVENT,HRIS-HRM,MOD-HRM-ONBOARD,modern-capability-semantic-bindings.v1.json#/eventSemanticBindings/94,modern-capability-event-payload-contracts.v1.json#/eventPayloadSchemas/94,G3_CANONICAL_EVENT_PRIMARY_PRODUCER,SEALED_G3_PRIMARY_OWNER
PeopleAnalyticsExportCancelled.v2,MODERN_EVENT,HRIS-SYS,MOD-SYS-ANALYTICS,modern-capability-semantic-bindings.v1.json#/eventSemanticBindings/95,modern-capability-event-payload-contracts.v1.json#/eventPayloadSchemas/95,G3_CANONICAL_EVENT_PRIMARY_PRODUCER,SEALED_G3_PRIMARY_OWNER
PeopleAnalyticsExportExpired.v2,MODERN_EVENT,HRIS-SYS,MOD-SYS-ANALYTICS,modern-capability-semantic-bindings.v1.json#/eventSemanticBindings/96,modern-capability-event-payload-contracts.v1.json#/eventPayloadSchemas/96,G3_CANONICAL_EVENT_PRIMARY_PRODUCER,SEALED_G3_PRIMARY_OWNER
PeopleAnalyticsExportRequested.v2,MODERN_EVENT,HRIS-SYS,MOD-SYS-ANALYTICS,modern-capability-semantic-bindings.v1.json#/eventSemanticBindings/97,modern-capability-event-payload-contracts.v1.json#/eventPayloadSchemas/97,G3_CANONICAL_EVENT_PRIMARY_PRODUCER,SEALED_G3_PRIMARY_OWNER
PeopleAnalyticsExportResultRecorded.v2,MODERN_EVENT,HRIS-SYS,MOD-SYS-ANALYTICS,modern-capability-semantic-bindings.v1.json#/eventSemanticBindings/98,modern-capability-event-payload-contracts.v1.json#/eventPayloadSchemas/98,G3_CANONICAL_EVENT_PRIMARY_PRODUCER,SEALED_G3_PRIMARY_OWNER
PeopleMetricCreated.v2,MODERN_EVENT,HRIS-SYS,MOD-SYS-ANALYTICS,modern-capability-semantic-bindings.v1.json#/eventSemanticBindings/99,modern-capability-event-payload-contracts.v1.json#/eventPayloadSchemas/99,G3_CANONICAL_EVENT_PRIMARY_PRODUCER,SEALED_G3_PRIMARY_OWNER
PeopleMetricProjectionRequested.v2,MODERN_EVENT,HRIS-SYS,MOD-SYS-ANALYTICS,modern-capability-semantic-bindings.v1.json#/eventSemanticBindings/100,modern-capability-event-payload-contracts.v1.json#/eventPayloadSchemas/100,G3_CANONICAL_EVENT_PRIMARY_PRODUCER,SEALED_G3_PRIMARY_OWNER
PeopleMetricProjectionResultRecorded.v2,MODERN_EVENT,HRIS-SYS,MOD-SYS-ANALYTICS,modern-capability-semantic-bindings.v1.json#/eventSemanticBindings/101,modern-capability-event-payload-contracts.v1.json#/eventPayloadSchemas/101,G3_CANONICAL_EVENT_PRIMARY_PRODUCER,SEALED_G3_PRIMARY_OWNER
PeopleMetricPublished.v2,MODERN_EVENT,HRIS-SYS,MOD-SYS-ANALYTICS,modern-capability-semantic-bindings.v1.json#/eventSemanticBindings/102,modern-capability-event-payload-contracts.v1.json#/eventPayloadSchemas/102,G3_CANONICAL_EVENT_PRIMARY_PRODUCER,SEALED_G3_PRIMARY_OWNER
PeopleMetricRetired.v2,MODERN_EVENT,HRIS-SYS,MOD-SYS-ANALYTICS,modern-capability-semantic-bindings.v1.json#/eventSemanticBindings/103,modern-capability-event-payload-contracts.v1.json#/eventPayloadSchemas/103,G3_CANONICAL_EVENT_PRIMARY_PRODUCER,SEALED_G3_PRIMARY_OWNER
PeopleMetricRevised.v2,MODERN_EVENT,HRIS-SYS,MOD-SYS-ANALYTICS,modern-capability-semantic-bindings.v1.json#/eventSemanticBindings/104,modern-capability-event-payload-contracts.v1.json#/eventPayloadSchemas/104,G3_CANONICAL_EVENT_PRIMARY_PRODUCER,SEALED_G3_PRIMARY_OWNER
PeopleMetricValidated.v2,MODERN_EVENT,HRIS-SYS,MOD-SYS-ANALYTICS,modern-capability-semantic-bindings.v1.json#/eventSemanticBindings/105,modern-capability-event-payload-contracts.v1.json#/eventPayloadSchemas/105,G3_CANONICAL_EVENT_PRIMARY_PRODUCER,SEALED_G3_PRIMARY_OWNER
RequisitionClosed.v2,MODERN_EVENT,HRIS-HRM,MOD-HRM-RECRUIT,modern-capability-semantic-bindings.v1.json#/eventSemanticBindings/106,modern-capability-event-payload-contracts.v1.json#/eventPayloadSchemas/106,G3_CANONICAL_EVENT_PRIMARY_PRODUCER,SEALED_G3_PRIMARY_OWNER
RequisitionCreated.v2,MODERN_EVENT,HRIS-HRM,MOD-HRM-RECRUIT,modern-capability-semantic-bindings.v1.json#/eventSemanticBindings/107,modern-capability-event-payload-contracts.v1.json#/eventPayloadSchemas/107,G3_CANONICAL_EVENT_PRIMARY_PRODUCER,SEALED_G3_PRIMARY_OWNER
RequisitionPaused.v2,MODERN_EVENT,HRIS-HRM,MOD-HRM-RECRUIT,modern-capability-semantic-bindings.v1.json#/eventSemanticBindings/108,modern-capability-event-payload-contracts.v1.json#/eventPayloadSchemas/108,G3_CANONICAL_EVENT_PRIMARY_PRODUCER,SEALED_G3_PRIMARY_OWNER
RequisitionPublished.v2,MODERN_EVENT,HRIS-HRM,MOD-HRM-RECRUIT,modern-capability-semantic-bindings.v1.json#/eventSemanticBindings/109,modern-capability-event-payload-contracts.v1.json#/eventPayloadSchemas/109,G3_CANONICAL_EVENT_PRIMARY_PRODUCER,SEALED_G3_PRIMARY_OWNER
RequisitionResumed.v2,MODERN_EVENT,HRIS-HRM,MOD-HRM-RECRUIT,modern-capability-semantic-bindings.v1.json#/eventSemanticBindings/110,modern-capability-event-payload-contracts.v1.json#/eventPayloadSchemas/110,G3_CANONICAL_EVENT_PRIMARY_PRODUCER,SEALED_G3_PRIMARY_OWNER
RequisitionRevised.v2,MODERN_EVENT,HRIS-HRM,MOD-HRM-RECRUIT,modern-capability-semantic-bindings.v1.json#/eventSemanticBindings/111,modern-capability-event-payload-contracts.v1.json#/eventPayloadSchemas/111,G3_CANONICAL_EVENT_PRIMARY_PRODUCER,SEALED_G3_PRIMARY_OWNER
SkillsTaxonomyCreated.v2,MODERN_EVENT,HRIS-PER,MOD-PER-SKILLS,modern-capability-semantic-bindings.v1.json#/eventSemanticBindings/112,modern-capability-event-payload-contracts.v1.json#/eventPayloadSchemas/112,G3_CANONICAL_EVENT_PRIMARY_PRODUCER,SEALED_G3_PRIMARY_OWNER
SkillsTaxonomyPublished.v2,MODERN_EVENT,HRIS-PER,MOD-PER-SKILLS,modern-capability-semantic-bindings.v1.json#/eventSemanticBindings/113,modern-capability-event-payload-contracts.v1.json#/eventPayloadSchemas/113,G3_CANONICAL_EVENT_PRIMARY_PRODUCER,SEALED_G3_PRIMARY_OWNER
SkillsTaxonomyRetired.v2,MODERN_EVENT,HRIS-PER,MOD-PER-SKILLS,modern-capability-semantic-bindings.v1.json#/eventSemanticBindings/114,modern-capability-event-payload-contracts.v1.json#/eventPayloadSchemas/114,G3_CANONICAL_EVENT_PRIMARY_PRODUCER,SEALED_G3_PRIMARY_OWNER
SkillsTaxonomyRevised.v2,MODERN_EVENT,HRIS-PER,MOD-PER-SKILLS,modern-capability-semantic-bindings.v1.json#/eventSemanticBindings/115,modern-capability-event-payload-contracts.v1.json#/eventPayloadSchemas/115,G3_CANONICAL_EVENT_PRIMARY_PRODUCER,SEALED_G3_PRIMARY_OWNER
SkillsTaxonomyValidated.v2,MODERN_EVENT,HRIS-PER,MOD-PER-SKILLS,modern-capability-semantic-bindings.v1.json#/eventSemanticBindings/116,modern-capability-event-payload-contracts.v1.json#/eventPayloadSchemas/116,G3_CANONICAL_EVENT_PRIMARY_PRODUCER,SEALED_G3_PRIMARY_OWNER
SuccessionNominationAdded.v2,MODERN_EVENT,HRIS-PER,MOD-PER-SUCCESSION,modern-capability-semantic-bindings.v1.json#/eventSemanticBindings/117,modern-capability-event-payload-contracts.v1.json#/eventPayloadSchemas/117,G3_CANONICAL_EVENT_PRIMARY_PRODUCER,SEALED_G3_PRIMARY_OWNER
SuccessionNominationWithdrawn.v2,MODERN_EVENT,HRIS-PER,MOD-PER-SUCCESSION,modern-capability-semantic-bindings.v1.json#/eventSemanticBindings/118,modern-capability-event-payload-contracts.v1.json#/eventPayloadSchemas/118,G3_CANONICAL_EVENT_PRIMARY_PRODUCER,SEALED_G3_PRIMARY_OWNER
SuccessionPlanApproved.v2,MODERN_EVENT,HRIS-PER,MOD-PER-SUCCESSION,modern-capability-semantic-bindings.v1.json#/eventSemanticBindings/119,modern-capability-event-payload-contracts.v1.json#/eventPayloadSchemas/119,G3_CANONICAL_EVENT_PRIMARY_PRODUCER,SEALED_G3_PRIMARY_OWNER
SuccessionPlanCreated.v2,MODERN_EVENT,HRIS-PER,MOD-PER-SUCCESSION,modern-capability-semantic-bindings.v1.json#/eventSemanticBindings/120,modern-capability-event-payload-contracts.v1.json#/eventPayloadSchemas/120,G3_CANONICAL_EVENT_PRIMARY_PRODUCER,SEALED_G3_PRIMARY_OWNER
SuccessionPlanPublished.v2,MODERN_EVENT,HRIS-PER,MOD-PER-SUCCESSION,modern-capability-semantic-bindings.v1.json#/eventSemanticBindings/121,modern-capability-event-payload-contracts.v1.json#/eventPayloadSchemas/121,G3_CANONICAL_EVENT_PRIMARY_PRODUCER,SEALED_G3_PRIMARY_OWNER
SuccessionPlanRejected.v2,MODERN_EVENT,HRIS-PER,MOD-PER-SUCCESSION,modern-capability-semantic-bindings.v1.json#/eventSemanticBindings/122,modern-capability-event-payload-contracts.v1.json#/eventPayloadSchemas/122,G3_CANONICAL_EVENT_PRIMARY_PRODUCER,SEALED_G3_PRIMARY_OWNER
SuccessionPlanRetired.v2,MODERN_EVENT,HRIS-PER,MOD-PER-SUCCESSION,modern-capability-semantic-bindings.v1.json#/eventSemanticBindings/123,modern-capability-event-payload-contracts.v1.json#/eventPayloadSchemas/123,G3_CANONICAL_EVENT_PRIMARY_PRODUCER,SEALED_G3_PRIMARY_OWNER
SuccessionPlanRevised.v2,MODERN_EVENT,HRIS-PER,MOD-PER-SUCCESSION,modern-capability-semantic-bindings.v1.json#/eventSemanticBindings/124,modern-capability-event-payload-contracts.v1.json#/eventPayloadSchemas/124,G3_CANONICAL_EVENT_PRIMARY_PRODUCER,SEALED_G3_PRIMARY_OWNER
SuccessionPlanSubmitted.v2,MODERN_EVENT,HRIS-PER,MOD-PER-SUCCESSION,modern-capability-semantic-bindings.v1.json#/eventSemanticBindings/125,modern-capability-event-payload-contracts.v1.json#/eventPayloadSchemas/125,G3_CANONICAL_EVENT_PRIMARY_PRODUCER,SEALED_G3_PRIMARY_OWNER
SuccessionReadinessEvidenceRecorded.v2,MODERN_EVENT,HRIS-PER,MOD-PER-SUCCESSION,modern-capability-semantic-bindings.v1.json#/eventSemanticBindings/126,modern-capability-event-payload-contracts.v1.json#/eventPayloadSchemas/126,G3_CANONICAL_EVENT_PRIMARY_PRODUCER,SEALED_G3_PRIMARY_OWNER
TalentOpportunityApplicationShortlisted.v2,MODERN_EVENT,HRIS-PER,MOD-PER-MARKET,modern-capability-semantic-bindings.v1.json#/eventSemanticBindings/127,modern-capability-event-payload-contracts.v1.json#/eventPayloadSchemas/127,G3_CANONICAL_EVENT_PRIMARY_PRODUCER,SEALED_G3_PRIMARY_OWNER
TalentOpportunityApplicationSubmitted.v2,MODERN_EVENT,HRIS-PER,MOD-PER-MARKET,modern-capability-semantic-bindings.v1.json#/eventSemanticBindings/128,modern-capability-event-payload-contracts.v1.json#/eventPayloadSchemas/128,G3_CANONICAL_EVENT_PRIMARY_PRODUCER,SEALED_G3_PRIMARY_OWNER
TalentOpportunityApplicationWithdrawn.v2,MODERN_EVENT,HRIS-PER,MOD-PER-MARKET,modern-capability-semantic-bindings.v1.json#/eventSemanticBindings/129,modern-capability-event-payload-contracts.v1.json#/eventPayloadSchemas/129,G3_CANONICAL_EVENT_PRIMARY_PRODUCER,SEALED_G3_PRIMARY_OWNER
TalentOpportunityCancelled.v2,MODERN_EVENT,HRIS-PER,MOD-PER-MARKET,modern-capability-semantic-bindings.v1.json#/eventSemanticBindings/130,modern-capability-event-payload-contracts.v1.json#/eventPayloadSchemas/130,G3_CANONICAL_EVENT_PRIMARY_PRODUCER,SEALED_G3_PRIMARY_OWNER
TalentOpportunityClosed.v2,MODERN_EVENT,HRIS-PER,MOD-PER-MARKET,modern-capability-semantic-bindings.v1.json#/eventSemanticBindings/131,modern-capability-event-payload-contracts.v1.json#/eventPayloadSchemas/131,G3_CANONICAL_EVENT_PRIMARY_PRODUCER,SEALED_G3_PRIMARY_OWNER
TalentOpportunityCreated.v2,MODERN_EVENT,HRIS-PER,MOD-PER-MARKET,modern-capability-semantic-bindings.v1.json#/eventSemanticBindings/132,modern-capability-event-payload-contracts.v1.json#/eventPayloadSchemas/132,G3_CANONICAL_EVENT_PRIMARY_PRODUCER,SEALED_G3_PRIMARY_OWNER
TalentOpportunityPublished.v2,MODERN_EVENT,HRIS-PER,MOD-PER-MARKET,modern-capability-semantic-bindings.v1.json#/eventSemanticBindings/133,modern-capability-event-payload-contracts.v1.json#/eventPayloadSchemas/133,G3_CANONICAL_EVENT_PRIMARY_PRODUCER,SEALED_G3_PRIMARY_OWNER
TalentOpportunityRevised.v2,MODERN_EVENT,HRIS-PER,MOD-PER-MARKET,modern-capability-semantic-bindings.v1.json#/eventSemanticBindings/134,modern-capability-event-payload-contracts.v1.json#/eventPayloadSchemas/134,G3_CANONICAL_EVENT_PRIMARY_PRODUCER,SEALED_G3_PRIMARY_OWNER
TalentOpportunitySelectionRecorded.v2,MODERN_EVENT,HRIS-PER,MOD-PER-MARKET,modern-capability-semantic-bindings.v1.json#/eventSemanticBindings/135,modern-capability-event-payload-contracts.v1.json#/eventPayloadSchemas/135,G3_CANONICAL_EVENT_PRIMARY_PRODUCER,SEALED_G3_PRIMARY_OWNER
WorkerSkillEvidenceRecorded.v2,MODERN_EVENT,HRIS-PER,MOD-PER-SKILLS,modern-capability-semantic-bindings.v1.json#/eventSemanticBindings/136,modern-capability-event-payload-contracts.v1.json#/eventPayloadSchemas/136,G3_CANONICAL_EVENT_PRIMARY_PRODUCER,SEALED_G3_PRIMARY_OWNER
WorkerSkillEvidenceRevoked.v2,MODERN_EVENT,HRIS-PER,MOD-PER-SKILLS,modern-capability-semantic-bindings.v1.json#/eventSemanticBindings/137,modern-capability-event-payload-contracts.v1.json#/eventPayloadSchemas/137,G3_CANONICAL_EVENT_PRIMARY_PRODUCER,SEALED_G3_PRIMARY_OWNER
WorkerSkillEvidenceVerified.v2,MODERN_EVENT,HRIS-PER,MOD-PER-SKILLS,modern-capability-semantic-bindings.v1.json#/eventSemanticBindings/138,modern-capability-event-payload-contracts.v1.json#/eventPayloadSchemas/138,G3_CANONICAL_EVENT_PRIMARY_PRODUCER,SEALED_G3_PRIMARY_OWNER
WorkforceDemandForecastCreated.v2,MODERN_EVENT,HRIS-TIM,MOD-TIM-WFM,modern-capability-semantic-bindings.v1.json#/eventSemanticBindings/139,modern-capability-event-payload-contracts.v1.json#/eventPayloadSchemas/139,G3_CANONICAL_EVENT_PRIMARY_PRODUCER,SEALED_G3_PRIMARY_OWNER
WorkforceScenarioCancelled.v2,MODERN_EVENT,HRIS-HRM,MOD-HRM-WFP,modern-capability-semantic-bindings.v1.json#/eventSemanticBindings/140,modern-capability-event-payload-contracts.v1.json#/eventPayloadSchemas/140,G3_CANONICAL_EVENT_PRIMARY_PRODUCER,SEALED_G3_PRIMARY_OWNER
WorkforceScenarioCreated.v2,MODERN_EVENT,HRIS-HRM,MOD-HRM-WFP,modern-capability-semantic-bindings.v1.json#/eventSemanticBindings/141,modern-capability-event-payload-contracts.v1.json#/eventPayloadSchemas/141,G3_CANONICAL_EVENT_PRIMARY_PRODUCER,SEALED_G3_PRIMARY_OWNER
WorkforceScenarioDecisionRecorded.v2,MODERN_EVENT,HRIS-HRM,MOD-HRM-WFP,modern-capability-semantic-bindings.v1.json#/eventSemanticBindings/142,modern-capability-event-payload-contracts.v1.json#/eventPayloadSchemas/142,G3_CANONICAL_EVENT_PRIMARY_PRODUCER,SEALED_G3_PRIMARY_OWNER
WorkforceScenarioPublished.v2,MODERN_EVENT,HRIS-HRM,MOD-HRM-WFP,modern-capability-semantic-bindings.v1.json#/eventSemanticBindings/143,modern-capability-event-payload-contracts.v1.json#/eventPayloadSchemas/143,G3_CANONICAL_EVENT_PRIMARY_PRODUCER,SEALED_G3_PRIMARY_OWNER
WorkforceScenarioRevised.v2,MODERN_EVENT,HRIS-HRM,MOD-HRM-WFP,modern-capability-semantic-bindings.v1.json#/eventSemanticBindings/144,modern-capability-event-payload-contracts.v1.json#/eventPayloadSchemas/144,G3_CANONICAL_EVENT_PRIMARY_PRODUCER,SEALED_G3_PRIMARY_OWNER
WorkforceScenarioSimulated.v2,MODERN_EVENT,HRIS-HRM,MOD-HRM-WFP,modern-capability-semantic-bindings.v1.json#/eventSemanticBindings/145,modern-capability-event-payload-contracts.v1.json#/eventPayloadSchemas/145,G3_CANONICAL_EVENT_PRIMARY_PRODUCER,SEALED_G3_PRIMARY_OWNER
WorkforceScenarioSimulationFailed.v2,MODERN_EVENT,HRIS-HRM,MOD-HRM-WFP,modern-capability-semantic-bindings.v1.json#/eventSemanticBindings/146,modern-capability-event-payload-contracts.v1.json#/eventPayloadSchemas/146,G3_CANONICAL_EVENT_PRIMARY_PRODUCER,SEALED_G3_PRIMARY_OWNER
WorkforceScenarioSimulationRequested.v2,MODERN_EVENT,HRIS-HRM,MOD-HRM-WFP,modern-capability-semantic-bindings.v1.json#/eventSemanticBindings/147,modern-capability-event-payload-contracts.v1.json#/eventPayloadSchemas/147,G3_CANONICAL_EVENT_PRIMARY_PRODUCER,SEALED_G3_PRIMARY_OWNER
WorkforceScenarioSubmitted.v2,MODERN_EVENT,HRIS-HRM,MOD-HRM-WFP,modern-capability-semantic-bindings.v1.json#/eventSemanticBindings/148,modern-capability-event-payload-contracts.v1.json#/eventPayloadSchemas/148,G3_CANONICAL_EVENT_PRIMARY_PRODUCER,SEALED_G3_PRIMARY_OWNER
WorkforceScheduleApprovalResultRecorded.v2,MODERN_EVENT,HRIS-TIM,MOD-TIM-WFM,modern-capability-semantic-bindings.v1.json#/eventSemanticBindings/149,modern-capability-event-payload-contracts.v1.json#/eventPayloadSchemas/149,G3_CANONICAL_EVENT_PRIMARY_PRODUCER,SEALED_G3_PRIMARY_OWNER
WorkforceScheduleCandidateCancelled.v2,MODERN_EVENT,HRIS-TIM,MOD-TIM-WFM,modern-capability-semantic-bindings.v1.json#/eventSemanticBindings/150,modern-capability-event-payload-contracts.v1.json#/eventPayloadSchemas/150,G3_CANONICAL_EVENT_PRIMARY_PRODUCER,SEALED_G3_PRIMARY_OWNER
WorkforceScheduleCandidateSubmitted.v2,MODERN_EVENT,HRIS-TIM,MOD-TIM-WFM,modern-capability-semantic-bindings.v1.json#/eventSemanticBindings/151,modern-capability-event-payload-contracts.v1.json#/eventPayloadSchemas/151,G3_CANONICAL_EVENT_PRIMARY_PRODUCER,SEALED_G3_PRIMARY_OWNER
WorkforceScheduleOptimizationCancelled.v2,MODERN_EVENT,HRIS-TIM,MOD-TIM-WFM,modern-capability-semantic-bindings.v1.json#/eventSemanticBindings/152,modern-capability-event-payload-contracts.v1.json#/eventPayloadSchemas/152,G3_CANONICAL_EVENT_PRIMARY_PRODUCER,SEALED_G3_PRIMARY_OWNER
WorkforceScheduleOptimizationRequested.v2,MODERN_EVENT,HRIS-TIM,MOD-TIM-WFM,modern-capability-semantic-bindings.v1.json#/eventSemanticBindings/153,modern-capability-event-payload-contracts.v1.json#/eventPayloadSchemas/153,G3_CANONICAL_EVENT_PRIMARY_PRODUCER,SEALED_G3_PRIMARY_OWNER
WorkforceScheduleOptimizationResultRecorded.v2,MODERN_EVENT,HRIS-TIM,MOD-TIM-WFM,modern-capability-semantic-bindings.v1.json#/eventSemanticBindings/154,modern-capability-event-payload-contracts.v1.json#/eventPayloadSchemas/154,G3_CANONICAL_EVENT_PRIMARY_PRODUCER,SEALED_G3_PRIMARY_OWNER
WorkforceSchedulePublished.v2,MODERN_EVENT,HRIS-TIM,MOD-TIM-WFM,modern-capability-semantic-bindings.v1.json#/eventSemanticBindings/155,modern-capability-event-payload-contracts.v1.json#/eventPayloadSchemas/155,G3_CANONICAL_EVENT_PRIMARY_PRODUCER,SEALED_G3_PRIMARY_OWNER
WorkforceScheduleValidationCompleted.v2,MODERN_EVENT,HRIS-TIM,MOD-TIM-WFM,modern-capability-semantic-bindings.v1.json#/eventSemanticBindings/156,modern-capability-event-payload-contracts.v1.json#/eventPayloadSchemas/156,G3_CANONICAL_EVENT_PRIMARY_PRODUCER,SEALED_G3_PRIMARY_OWNER
