slice_id,source_kind,source_ref,source_module,session_id,module,historical_order,historical_delivery_wave,historical_gate_status,historical_implementation_state,historical_production_state,historical_code_go_token,recovery_integrity,source_family_sha256,source_row_count,semantic_lineage,current_frontend_evidence,current_backend_evidence,reconciled_frontend_evidence,reconciled_backend_evidence,disposition,blocker,dependency_ids,file_allocation_ids,historical_migration_allocation_ids,effective_migration_lineage,effective_module_order,effective_next_or_held_order,cross_module_order_override,result_commit_ids,evidence_commit_ids,authority_note
BASE-TFR-HRM-006,BASE_TARGET_FAMILY,TFR-HRM-006,HRM,HRIS-HRM,HRM,1,EVIDENCE_ONLY_RETIRED,RETIRED_NO_CODE,NOT_APPLICABLE_RETIRED,NOT_AUTHORIZED_G6,NO_CODE_GO_RETIRED,G3_REGISTER_HASH_VERIFIED_NUMBERED_EVIDENCE;TARGET_FAMILY_REGISTER_PIN_EXACT_SUPPLEMENT,c627c09c14e58e44bc51622dac392958ec88244e414b508020634f53cfcd1e69,23,TFR-HRM-006::OUT_OF_SCOPE.BENSK|OUT_OF_SCOPE.TECHNICAL_DUPLICATE::DECISION:HRM-DEC-008|DECISION:HRM-DEC-009,NONE,NONE,NONE,NONE,RETIRED,HISTORICAL_RETIRED_NO_CODE,NONE,NONE,NONE,NONE,NONE,RETIRED,NONE,NONE,RECOVERY_REGISTER_FE:08a05f764a7c6dec38cce2627b81bcb8ef87ee6c|CURRENT_FE:08a05f764a7c6dec38cce2627b81bcb8ef87ee6c|CURRENT_BE:5612cc1a0b4a21a4d0b9107739579f23d165790f|RECONCILED_FE:7f39d12cd10b8827c67355a7f445973d05373cc9|RECONCILED_BE:0731f6df2d55cdeb4784a09ae6e28d4ae4b0c294,HISTORICAL_CODE_GO_IS_NOT_CURRENT_AUTHORITY;G1_OVERLAY_ONLY;NO_MODULE_START_TOKEN;HISTORICAL_ALLOCATION_NOT_A_CURRENT_LEASE
BASE-TFR-HRM-001,BASE_TARGET_FAMILY,TFR-HRM-001,HRM,HRIS-HRM,HRM,2,G3A_BASE_001,OPEN_G3_CODE,NOT_STARTED_G3,NOT_AUTHORIZED_G6,G3-CODE-GO-BASE-TFR-HRM-001,G3_REGISTER_HASH_VERIFIED_NUMBERED_EVIDENCE;TARGET_FAMILY_REGISTER_PIN_EXACT_SUPPLEMENT,32a61311affd13c7dcde712fd1bf793c77a5ee3c2b35dd0619476f35854c285d,34,TFR-HRM-001::settings-workflow::PLAT-003,NONE,NONE,NONE,NONE,NOT_STARTED,NO_EXACT_SLICE_ID_OR_EXACT_IMPLEMENTATION_PATH_EVIDENCE_AT_PINNED_COMMITS,DEP-001|DEP-002|DEP-003|DEP-014|DEP-016,G3-HRM-BE-MIGRATION|G3-HRM-BE-SOURCE|G3-HRM-BE-TEST|G3-HRM-FE-SOURCE,MIG-HRM-PEOPLE-51-73,CURRENT_JIT_LEASE_REQUIRED_IF_SCHEMA_TOUCH,4,HELD-04_HISTORICAL_STABLE_ORDER,NONE,NONE,RECOVERY_REGISTER_FE:08a05f764a7c6dec38cce2627b81bcb8ef87ee6c|CURRENT_FE:08a05f764a7c6dec38cce2627b81bcb8ef87ee6c|CURRENT_BE:5612cc1a0b4a21a4d0b9107739579f23d165790f|RECONCILED_FE:7f39d12cd10b8827c67355a7f445973d05373cc9|RECONCILED_BE:0731f6df2d55cdeb4784a09ae6e28d4ae4b0c294,HISTORICAL_CODE_GO_IS_NOT_CURRENT_AUTHORITY;G1_OVERLAY_ONLY;NO_MODULE_START_TOKEN;HISTORICAL_ALLOCATION_NOT_A_CURRENT_LEASE
BASE-TFR-HRM-002,BASE_TARGET_FAMILY,TFR-HRM-002,HRM,HRIS-HRM,HRM,3,G3A_BASE_002,OPEN_G3_CODE,NOT_STARTED_G3,NOT_AUTHORIZED_G6,G3-CODE-GO-BASE-TFR-HRM-002,G3_REGISTER_HASH_VERIFIED_NUMBERED_EVIDENCE;TARGET_FAMILY_REGISTER_PIN_EXACT_SUPPLEMENT,ccb4d0f8c3ae4e7af17aaf892453d05ee089df060d3e204ed89f3430c36bfeb6,10,TFR-HRM-002::dwp-experience::PEP-HRM-014|SYS-API-026|SYS-API-027|PLAT-003|PLAT-004|SYS-API-033,NONE,NONE,NONE,NONE,NOT_STARTED,NO_EXACT_SLICE_ID_OR_EXACT_IMPLEMENTATION_PATH_EVIDENCE_AT_PINNED_COMMITS,DEP-001|DEP-002|DEP-003|DEP-014|DEP-015|DEP-016,G3-HRM-BE-MIGRATION|G3-HRM-BE-SOURCE|G3-HRM-BE-TEST|G3-HRM-FE-SOURCE,MIG-HRM-PEOPLE-51-73,CURRENT_JIT_LEASE_REQUIRED_IF_SCHEMA_TOUCH,5,HELD-05_HISTORICAL_STABLE_ORDER,NONE,NONE,RECOVERY_REGISTER_FE:08a05f764a7c6dec38cce2627b81bcb8ef87ee6c|CURRENT_FE:08a05f764a7c6dec38cce2627b81bcb8ef87ee6c|CURRENT_BE:5612cc1a0b4a21a4d0b9107739579f23d165790f|RECONCILED_FE:7f39d12cd10b8827c67355a7f445973d05373cc9|RECONCILED_BE:0731f6df2d55cdeb4784a09ae6e28d4ae4b0c294,HISTORICAL_CODE_GO_IS_NOT_CURRENT_AUTHORITY;G1_OVERLAY_ONLY;NO_MODULE_START_TOKEN;HISTORICAL_ALLOCATION_NOT_A_CURRENT_LEASE
BASE-TFR-HRM-003,BASE_TARGET_FAMILY,TFR-HRM-003,HRM,HRIS-HRM,HRM,4,G3A_BASE_003,OPEN_G3_CODE,NOT_STARTED_G3,NOT_AUTHORIZED_G6,G3-CODE-GO-BASE-TFR-HRM-003,G3_REGISTER_HASH_VERIFIED_NUMBERED_EVIDENCE;TARGET_FAMILY_REGISTER_PIN_EXACT_SUPPLEMENT,21b12d43ec49c0e7658f25477d258b4d76a910e770c8cca93bcd616cc27b1e51,19,TFR-HRM-003::hr-operations-home::PEP-HRM-016|SVC-PEP-HRM-006|XCON-013|EVT-HRM:HrisHomeContributionChanged.v1,NONE,NONE,NONE,NONE,NOT_STARTED,NO_EXACT_SLICE_ID_OR_EXACT_IMPLEMENTATION_PATH_EVIDENCE_AT_PINNED_COMMITS,DEP-001|DEP-002|DEP-003|DEP-011|DEP-016,G3-HRM-BE-MIGRATION|G3-HRM-BE-SOURCE|G3-HRM-BE-TEST|G3-HRM-FE-SOURCE,MIG-HRM-PEOPLE-51-73,CURRENT_JIT_LEASE_REQUIRED_IF_SCHEMA_TOUCH,6,HELD-06_HISTORICAL_STABLE_ORDER,NONE,NONE,RECOVERY_REGISTER_FE:08a05f764a7c6dec38cce2627b81bcb8ef87ee6c|CURRENT_FE:08a05f764a7c6dec38cce2627b81bcb8ef87ee6c|CURRENT_BE:5612cc1a0b4a21a4d0b9107739579f23d165790f|RECONCILED_FE:7f39d12cd10b8827c67355a7f445973d05373cc9|RECONCILED_BE:0731f6df2d55cdeb4784a09ae6e28d4ae4b0c294,HISTORICAL_CODE_GO_IS_NOT_CURRENT_AUTHORITY;G1_OVERLAY_ONLY;NO_MODULE_START_TOKEN;HISTORICAL_ALLOCATION_NOT_A_CURRENT_LEASE
BASE-TFR-HRM-004,BASE_TARGET_FAMILY,TFR-HRM-004,HRM,HRIS-HRM,HRM,5,G3A_BASE_004,OPEN_G3_CODE,NOT_STARTED_G3,NOT_AUTHORIZED_G6,G3-CODE-GO-BASE-TFR-HRM-004,G3_REGISTER_HASH_VERIFIED_NUMBERED_EVIDENCE;TARGET_FAMILY_REGISTER_PIN_EXACT_SUPPLEMENT;PACKET_SEAL_AND_FIRST_SLICE_ROW_BINDING_VALID;PACKET_BINDING_DRIFT_1_OF_10,fe867c1109d54c6e02d1486c5bd2f4aa83282695391dacef7bf410684d514a96,133,TFR-HRM-004::hr-people::PEP-HRM-001|PEP-HRM-002|SVC-PEP-HRM-002|EVT-HRM:PersonChanged.v1,NONE,NONE,apps/dwp/src/features/hris/people/pages/people-360-workspace.tsx@129d0a5da5ee580900030f677c3b6ebc6990a646:blob|apps/dwp/src/features/hris/people/model/people-360-model.ts@465371fbf432c3540e95a0d19b5f8006aa688bab:blob|SLICE_ID:apps/dwp/src/features/hris/people/pages/people-360-workspace.tsx,dwp-people-server/src/main/java/com/dwp/services/people/workforce/People360Service.java@447bc97561032e3ec8c9d749abceb65d1cdebb11:blob|dwp-people-server/src/main/java/com/dwp/services/people/hris/people/HrisWorkforceSnapshotProvider.java@cddc74cc2b8a5c35f8119f903579f9d42071a66b:blob,PRESENT_RECONCILED_PENDING_INTEGRATION,NOT_PRESENT_AS_EXACT_SLICE_AT_CURRENT_PINS|REQUIRES_SEMANTIC_PORT_AND_TARGETED_CONTRACT_VALIDATION|HISTORICAL_PACKET_CONTRACT_BINDING_DRIFT,DEP-001|DEP-002|DEP-003|DEP-007|DEP-016,G3-HRM-BE-MIGRATION|G3-HRM-BE-SOURCE|G3-HRM-BE-TEST|G3-HRM-FE-SOURCE,MIG-HRM-PEOPLE-51-73,CURRENT_JIT_LEASE_REQUIRED_IF_SCHEMA_TOUCH,1,NEXT-01_RECONCILED_INTEGRATION,NONE,FE:f3db8b1ed5265ef83caff1ae1b8374119d373d3b|BE:af0809d58298f0bff0bbcc075684101c6fc3262c,RECOVERY_REGISTER_FE:08a05f764a7c6dec38cce2627b81bcb8ef87ee6c|CURRENT_FE:08a05f764a7c6dec38cce2627b81bcb8ef87ee6c|CURRENT_BE:5612cc1a0b4a21a4d0b9107739579f23d165790f|RECONCILED_FE:7f39d12cd10b8827c67355a7f445973d05373cc9|RECONCILED_BE:0731f6df2d55cdeb4784a09ae6e28d4ae4b0c294,HISTORICAL_CODE_GO_IS_NOT_CURRENT_AUTHORITY;G1_OVERLAY_ONLY;NO_MODULE_START_TOKEN;HISTORICAL_ALLOCATION_NOT_A_CURRENT_LEASE
BASE-TFR-HRM-005,BASE_TARGET_FAMILY,TFR-HRM-005,HRM,HRIS-HRM,HRM,6,G3A_BASE_005,OPEN_G3_CODE,NOT_STARTED_G3,NOT_AUTHORIZED_G6,G3-CODE-GO-BASE-TFR-HRM-005,G3_REGISTER_HASH_VERIFIED_NUMBERED_EVIDENCE;TARGET_FAMILY_REGISTER_PIN_EXACT_SUPPLEMENT,aff33d64feb7769426e17e372962e09ff34f27f37b021a5daa22079a7f2a70b2,43,TFR-HRM-005::hr-organization-positions::PEP-HRM-006|PEP-HRM-007|PEP-HRM-008|PEP-HRM-009|PEP-HRM-010|XCON-006|EVT-HRM:OrganizationChanged.v1,NONE,NONE,NONE,NONE,NOT_STARTED,NO_EXACT_SLICE_ID_OR_EXACT_IMPLEMENTATION_PATH_EVIDENCE_AT_PINNED_COMMITS,DEP-001|DEP-002|DEP-003|DEP-007|DEP-016,G3-HRM-BE-MIGRATION|G3-HRM-BE-SOURCE|G3-HRM-BE-TEST|G3-HRM-FE-SOURCE,MIG-HRM-PEOPLE-51-73,CURRENT_JIT_LEASE_REQUIRED_IF_SCHEMA_TOUCH,7,HELD-07_HISTORICAL_STABLE_ORDER,NONE,NONE,RECOVERY_REGISTER_FE:08a05f764a7c6dec38cce2627b81bcb8ef87ee6c|CURRENT_FE:08a05f764a7c6dec38cce2627b81bcb8ef87ee6c|CURRENT_BE:5612cc1a0b4a21a4d0b9107739579f23d165790f|RECONCILED_FE:7f39d12cd10b8827c67355a7f445973d05373cc9|RECONCILED_BE:0731f6df2d55cdeb4784a09ae6e28d4ae4b0c294,HISTORICAL_CODE_GO_IS_NOT_CURRENT_AUTHORITY;G1_OVERLAY_ONLY;NO_MODULE_START_TOKEN;HISTORICAL_ALLOCATION_NOT_A_CURRENT_LEASE
BASE-TFR-HRM-007,BASE_TARGET_FAMILY,TFR-HRM-007,HRM,HRIS-HRM,HRM,7,G3A_BASE_007,OPEN_G3_CODE,NOT_STARTED_G3,NOT_AUTHORIZED_G6,G3-CODE-GO-BASE-TFR-HRM-007,G3_REGISTER_HASH_VERIFIED_NUMBERED_EVIDENCE;TARGET_FAMILY_REGISTER_PIN_EXACT_SUPPLEMENT,9d2373936772c7f15ba4fde19d4d480235e7bcc1e18db24adf312cb6f6ee2066,31,TFR-HRM-007::hr-appointments::PEP-HRM-006|PEP-HRM-007|PEP-HRM-008|PEP-HRM-009|EVT-HRM:AssignmentChanged.v1,NONE,NONE,NONE,NONE,NOT_STARTED,NO_EXACT_SLICE_ID_OR_EXACT_IMPLEMENTATION_PATH_EVIDENCE_AT_PINNED_COMMITS,DEP-001|DEP-002|DEP-003|DEP-016,G3-HRM-BE-MIGRATION|G3-HRM-BE-SOURCE|G3-HRM-BE-TEST|G3-HRM-FE-SOURCE,MIG-HRM-PEOPLE-51-73,CURRENT_JIT_LEASE_REQUIRED_IF_SCHEMA_TOUCH,8,HELD-08_HISTORICAL_STABLE_ORDER,NONE,NONE,RECOVERY_REGISTER_FE:08a05f764a7c6dec38cce2627b81bcb8ef87ee6c|CURRENT_FE:08a05f764a7c6dec38cce2627b81bcb8ef87ee6c|CURRENT_BE:5612cc1a0b4a21a4d0b9107739579f23d165790f|RECONCILED_FE:7f39d12cd10b8827c67355a7f445973d05373cc9|RECONCILED_BE:0731f6df2d55cdeb4784a09ae6e28d4ae4b0c294,HISTORICAL_CODE_GO_IS_NOT_CURRENT_AUTHORITY;G1_OVERLAY_ONLY;NO_MODULE_START_TOKEN;HISTORICAL_ALLOCATION_NOT_A_CURRENT_LEASE
BASE-TFR-HRM-008,BASE_TARGET_FAMILY,TFR-HRM-008,HRM,HRIS-HRM,HRM,8,G3A_BASE_008,OPEN_G3_CODE,NOT_STARTED_G3,NOT_AUTHORIZED_G6,G3-CODE-GO-BASE-TFR-HRM-008,G3_REGISTER_HASH_VERIFIED_NUMBERED_EVIDENCE;TARGET_FAMILY_REGISTER_PIN_EXACT_SUPPLEMENT,83ca1a8dd958a525eb9f19432a728c8355a64d45106373b96544eeda8dc4489f,18,TFR-HRM-008::hr-employment-assignments::PEP-HRM-006|PEP-HRM-007|PEP-HRM-008|PEP-HRM-009|SVC-PEP-HRM-004|XCON-001|XCON-003|XCON-004|XCON-005|XCON-016|EVT-HRM:AssignmentChanged.v1|EVT-HRM:WorkerHired.v1|EVT-HRM:WorkerChanged.v1|EVT-HRM:EmploymentChanged.v1|EVT-HRM:WorkplaceChanged.v1,apps/dwp/src/features/hris/employment/assignment-proposal-model.ts@9bbbbe67ae56f2b9ee417187269e7e5279302b03:blob|apps/dwp/src/features/hris/employment/assignment-proposal-workspace.tsx@049be56ce6568c93e4a4954fc1b3528abfbf1146:blob,dwp-people-server/src/main/java/com/dwp/services/people/hr/assignment/AssignmentProposalService.java@9f9578e40fa5e7b7e0ea2d51fe310a9f9adc6b3b:blob|dwp-people-server/src/main/resources/db/migration/V53__create_assignment_change_proposals.sql@abbc787c8aa32dfb907a73f606da6b1fe5d180c2:blob,NONE,NONE,PARTIAL_OVERLAP,CURRENT_ASSIGNMENT_PROPOSAL_SEMANTIC_OVERLAP;NO_SLICE_ID_OR_FULL_SEALED_TFR_HRM_008_CONFORMANCE_PROOF,DEP-001|DEP-002|DEP-003|DEP-007|DEP-016,G3-HRM-BE-MIGRATION|G3-HRM-BE-SOURCE|G3-HRM-BE-TEST|G3-HRM-FE-SOURCE,MIG-HRM-PEOPLE-51-73,CURRENT_JIT_LEASE_REQUIRED_IF_SCHEMA_TOUCH,3,HELD-03_PACKET_ORDER,NONE,FE:930b8469eabce8e1878b82c390fe5732b82ac620|BE:5612cc1a0b4a21a4d0b9107739579f23d165790f,RECOVERY_REGISTER_FE:08a05f764a7c6dec38cce2627b81bcb8ef87ee6c|CURRENT_FE:08a05f764a7c6dec38cce2627b81bcb8ef87ee6c|CURRENT_BE:5612cc1a0b4a21a4d0b9107739579f23d165790f|RECONCILED_FE:7f39d12cd10b8827c67355a7f445973d05373cc9|RECONCILED_BE:0731f6df2d55cdeb4784a09ae6e28d4ae4b0c294,HISTORICAL_CODE_GO_IS_NOT_CURRENT_AUTHORITY;G1_OVERLAY_ONLY;NO_MODULE_START_TOKEN;HISTORICAL_ALLOCATION_NOT_A_CURRENT_LEASE
BASE-TFR-HRM-009,BASE_TARGET_FAMILY,TFR-HRM-009,HRM,HRIS-HRM,HRM,9,G3A_BASE_009,OPEN_G3_CODE,NOT_STARTED_G3,NOT_AUTHORIZED_G6,G3-CODE-GO-BASE-TFR-HRM-009,G3_REGISTER_HASH_VERIFIED_NUMBERED_EVIDENCE;TARGET_FAMILY_REGISTER_PIN_EXACT_SUPPLEMENT,23593695008480f8100a3040dd21cc7011c3078b113902dc6b9e2e357084352a,21,TFR-HRM-009::hr-certificates-documents::PEP-HRM-012|EVT-HRM:CertificateIssued.v1,NONE,NONE,NONE,NONE,NOT_STARTED,NO_EXACT_SLICE_ID_OR_EXACT_IMPLEMENTATION_PATH_EVIDENCE_AT_PINNED_COMMITS,DEP-001|DEP-002|DEP-003|DEP-016,G3-HRM-BE-MIGRATION|G3-HRM-BE-SOURCE|G3-HRM-BE-TEST|G3-HRM-FE-SOURCE,MIG-HRM-PEOPLE-51-73,CURRENT_JIT_LEASE_REQUIRED_IF_SCHEMA_TOUCH,9,HELD-09_HISTORICAL_STABLE_ORDER,NONE,NONE,RECOVERY_REGISTER_FE:08a05f764a7c6dec38cce2627b81bcb8ef87ee6c|CURRENT_FE:08a05f764a7c6dec38cce2627b81bcb8ef87ee6c|CURRENT_BE:5612cc1a0b4a21a4d0b9107739579f23d165790f|RECONCILED_FE:7f39d12cd10b8827c67355a7f445973d05373cc9|RECONCILED_BE:0731f6df2d55cdeb4784a09ae6e28d4ae4b0c294,HISTORICAL_CODE_GO_IS_NOT_CURRENT_AUTHORITY;G1_OVERLAY_ONLY;NO_MODULE_START_TOKEN;HISTORICAL_ALLOCATION_NOT_A_CURRENT_LEASE
BASE-TFR-HRM-010,BASE_TARGET_FAMILY,TFR-HRM-010,HRM,HRIS-HRM,HRM,10,G3A_BASE_010,OPEN_G3_CODE,NOT_STARTED_G3,NOT_AUTHORIZED_G6,G3-CODE-GO-BASE-TFR-HRM-010,G3_REGISTER_HASH_VERIFIED_NUMBERED_EVIDENCE;TARGET_FAMILY_REGISTER_PIN_EXACT_SUPPLEMENT,3800c0ebee1b35406e2f3c4fdbaf678b0b50a159ff8821543776728d8b26c5b1,73,TFR-HRM-010::hr-employee-change-requests::PEP-HRM-003|PEP-HRM-004|PEP-HRM-005|SVC-PEP-HRM-001|EVT-HRM:EmployeeChangeApplied.v1,NONE,NONE,NONE,NONE,NOT_STARTED,NO_EXACT_SLICE_ID_OR_EXACT_IMPLEMENTATION_PATH_EVIDENCE_AT_PINNED_COMMITS,DEP-001|DEP-002|DEP-003|DEP-016,G3-HRM-BE-MIGRATION|G3-HRM-BE-SOURCE|G3-HRM-BE-TEST|G3-HRM-FE-SOURCE,MIG-HRM-PEOPLE-51-73,CURRENT_JIT_LEASE_REQUIRED_IF_SCHEMA_TOUCH,2,HELD-02_PACKET_ORDER,NONE,NONE,RECOVERY_REGISTER_FE:08a05f764a7c6dec38cce2627b81bcb8ef87ee6c|CURRENT_FE:08a05f764a7c6dec38cce2627b81bcb8ef87ee6c|CURRENT_BE:5612cc1a0b4a21a4d0b9107739579f23d165790f|RECONCILED_FE:7f39d12cd10b8827c67355a7f445973d05373cc9|RECONCILED_BE:0731f6df2d55cdeb4784a09ae6e28d4ae4b0c294,HISTORICAL_CODE_GO_IS_NOT_CURRENT_AUTHORITY;G1_OVERLAY_ONLY;NO_MODULE_START_TOKEN;HISTORICAL_ALLOCATION_NOT_A_CURRENT_LEASE
BASE-TFR-HRM-011,BASE_TARGET_FAMILY,TFR-HRM-011,HRM,HRIS-HRM,HRM,11,G3A_BASE_011,OPEN_G3_CODE,NOT_STARTED_G3,NOT_AUTHORIZED_G6,G3-CODE-GO-BASE-TFR-HRM-011,G3_REGISTER_HASH_VERIFIED_NUMBERED_EVIDENCE;TARGET_FAMILY_REGISTER_PIN_EXACT_SUPPLEMENT,48c146cb90d7b21db80b1a0e24ab032d7ed50904b722bd01ac424b553c033c97,30,TFR-HRM-011::hr-contracts-compensation-basis::PEP-HRM-011|SVC-PEP-HRM-003|SVC-PEP-HRM-005|XCON-002|XCON-007|XCON-017|XCON-018|XCON-019|EVT-HRM:EmploymentContractIssued.v1|EVT-HRM:CompensationBasisChanged.v1|EVT-HRM:WorkerDependentEligibilityChanged.v1|EVT-HRM:WorkerTaxIdentityChanged.v1|EVT-HRM:WorkerBankAccountTokenChanged.v1,NONE,NONE,NONE,NONE,NOT_STARTED,NO_EXACT_SLICE_ID_OR_EXACT_IMPLEMENTATION_PATH_EVIDENCE_AT_PINNED_COMMITS,DEP-001|DEP-002|DEP-003|DEP-008|DEP-016,G3-HRM-BE-MIGRATION|G3-HRM-BE-SOURCE|G3-HRM-BE-TEST|G3-HRM-FE-SOURCE,MIG-HRM-PEOPLE-51-73,CURRENT_JIT_LEASE_REQUIRED_IF_SCHEMA_TOUCH,10,HELD-10_HISTORICAL_STABLE_ORDER,NONE,NONE,RECOVERY_REGISTER_FE:08a05f764a7c6dec38cce2627b81bcb8ef87ee6c|CURRENT_FE:08a05f764a7c6dec38cce2627b81bcb8ef87ee6c|CURRENT_BE:5612cc1a0b4a21a4d0b9107739579f23d165790f|RECONCILED_FE:7f39d12cd10b8827c67355a7f445973d05373cc9|RECONCILED_BE:0731f6df2d55cdeb4784a09ae6e28d4ae4b0c294,HISTORICAL_CODE_GO_IS_NOT_CURRENT_AUTHORITY;G1_OVERLAY_ONLY;NO_MODULE_START_TOKEN;HISTORICAL_ALLOCATION_NOT_A_CURRENT_LEASE
BASE-TFR-HRM-012,BASE_TARGET_FAMILY,TFR-HRM-012,HRM,HRIS-HRM,HRM,12,G3A_BASE_012,OPEN_G3_CODE,NOT_STARTED_G3,NOT_AUTHORIZED_G6,G3-CODE-GO-BASE-TFR-HRM-012,G3_REGISTER_HASH_VERIFIED_NUMBERED_EVIDENCE;TARGET_FAMILY_REGISTER_PIN_EXACT_SUPPLEMENT,045228002731f170aa64cc37b82e02ff85a49873efaed9998486dcfbe8e99739,49,TFR-HRM-012::hr-data-quality::PEP-HRM-015|EVT-HRM:WorkforceIngestionReconciled.v1,NONE,NONE,NONE,NONE,NOT_STARTED,NO_EXACT_SLICE_ID_OR_EXACT_IMPLEMENTATION_PATH_EVIDENCE_AT_PINNED_COMMITS,DEP-001|DEP-002|DEP-003|DEP-016,G3-HRM-BE-MIGRATION|G3-HRM-BE-SOURCE|G3-HRM-BE-TEST|G3-HRM-FE-SOURCE,MIG-HRM-PEOPLE-51-73,CURRENT_JIT_LEASE_REQUIRED_IF_SCHEMA_TOUCH,11,HELD-11_HISTORICAL_STABLE_ORDER,NONE,NONE,RECOVERY_REGISTER_FE:08a05f764a7c6dec38cce2627b81bcb8ef87ee6c|CURRENT_FE:08a05f764a7c6dec38cce2627b81bcb8ef87ee6c|CURRENT_BE:5612cc1a0b4a21a4d0b9107739579f23d165790f|RECONCILED_FE:7f39d12cd10b8827c67355a7f445973d05373cc9|RECONCILED_BE:0731f6df2d55cdeb4784a09ae6e28d4ae4b0c294,HISTORICAL_CODE_GO_IS_NOT_CURRENT_AUTHORITY;G1_OVERLAY_ONLY;NO_MODULE_START_TOKEN;HISTORICAL_ALLOCATION_NOT_A_CURRENT_LEASE
BASE-TFR-HRM-013,BASE_TARGET_FAMILY,TFR-HRM-013,HRM,HRIS-HRM,HRM,13,G3A_BASE_013,OPEN_G3_CODE,NOT_STARTED_G3,NOT_AUTHORIZED_G6,G3-CODE-GO-BASE-TFR-HRM-013,G3_REGISTER_HASH_VERIFIED_NUMBERED_EVIDENCE;TARGET_FAMILY_REGISTER_PIN_EXACT_SUPPLEMENT,93814fefff93603210a584bcf442cf7b05b7e9524e35074ae0789498a9947db0,23,TFR-HRM-013::hr-exit-return::PEP-HRM-013|EVT-HRM:WorkerSeparated.v1,NONE,NONE,NONE,NONE,NOT_STARTED,NO_EXACT_SLICE_ID_OR_EXACT_IMPLEMENTATION_PATH_EVIDENCE_AT_PINNED_COMMITS,DEP-001|DEP-002|DEP-003|DEP-016,G3-HRM-BE-MIGRATION|G3-HRM-BE-SOURCE|G3-HRM-BE-TEST|G3-HRM-FE-SOURCE,MIG-HRM-PEOPLE-51-73,CURRENT_JIT_LEASE_REQUIRED_IF_SCHEMA_TOUCH,12,HELD-12_HISTORICAL_STABLE_ORDER,NONE,NONE,RECOVERY_REGISTER_FE:08a05f764a7c6dec38cce2627b81bcb8ef87ee6c|CURRENT_FE:08a05f764a7c6dec38cce2627b81bcb8ef87ee6c|CURRENT_BE:5612cc1a0b4a21a4d0b9107739579f23d165790f|RECONCILED_FE:7f39d12cd10b8827c67355a7f445973d05373cc9|RECONCILED_BE:0731f6df2d55cdeb4784a09ae6e28d4ae4b0c294,HISTORICAL_CODE_GO_IS_NOT_CURRENT_AUTHORITY;G1_OVERLAY_ONLY;NO_MODULE_START_TOKEN;HISTORICAL_ALLOCATION_NOT_A_CURRENT_LEASE
BASE-TFR-HRM-014,BASE_TARGET_FAMILY,TFR-HRM-014,HRM,HRIS-HRM,HRM,14,G3A_BASE_014,OPEN_G3_CODE,NOT_STARTED_G3,NOT_AUTHORIZED_G6,G3-CODE-GO-BASE-TFR-HRM-014,G3_REGISTER_HASH_VERIFIED_NUMBERED_EVIDENCE;TARGET_FAMILY_REGISTER_PIN_EXACT_SUPPLEMENT,f83412aed61970f2a9fd7843aba10ea6226b1a8aba754a0e36762d7bec8979d6,12,TFR-HRM-014::settings-documents-communications::SYS-API-011|SYS-API-012|SYS-API-013|SYS-API-014|SYS-API-015|SYS-API-016|SYS-API-033|PLAT-004,NONE,NONE,NONE,NONE,NOT_STARTED,NO_EXACT_SLICE_ID_OR_EXACT_IMPLEMENTATION_PATH_EVIDENCE_AT_PINNED_COMMITS,DEP-001|DEP-002|DEP-003|DEP-004|DEP-015|DEP-016,G3-HRM-BE-MIGRATION|G3-HRM-BE-SOURCE|G3-HRM-BE-TEST|G3-HRM-FE-SOURCE,MIG-HRM-PEOPLE-51-73,CURRENT_JIT_LEASE_REQUIRED_IF_SCHEMA_TOUCH,13,HELD-13_HISTORICAL_STABLE_ORDER,NONE,NONE,RECOVERY_REGISTER_FE:08a05f764a7c6dec38cce2627b81bcb8ef87ee6c|CURRENT_FE:08a05f764a7c6dec38cce2627b81bcb8ef87ee6c|CURRENT_BE:5612cc1a0b4a21a4d0b9107739579f23d165790f|RECONCILED_FE:7f39d12cd10b8827c67355a7f445973d05373cc9|RECONCILED_BE:0731f6df2d55cdeb4784a09ae6e28d4ae4b0c294,HISTORICAL_CODE_GO_IS_NOT_CURRENT_AUTHORITY;G1_OVERLAY_ONLY;NO_MODULE_START_TOKEN;HISTORICAL_ALLOCATION_NOT_A_CURRENT_LEASE
BASE-TFR-HRM-016,BASE_TARGET_FAMILY,TFR-HRM-016,HRM,HRIS-HRM,HRM,15,G3A_BASE_016,OPEN_G3_CODE,NOT_STARTED_G3,NOT_AUTHORIZED_G6,G3-CODE-GO-BASE-TFR-HRM-016,G3_REGISTER_HASH_VERIFIED_NUMBERED_EVIDENCE;TARGET_FAMILY_REGISTER_PIN_EXACT_SUPPLEMENT,a8cf0d9ccc78c5829ef86d11212046a8899b022aef5ea6cc57d16a27d294c6b5,52,TFR-HRM-016::settings-reference::SYS-API-011|SYS-API-012|SYS-API-013|SYS-API-014|SYS-API-015|SYS-API-016|SYS-EVT-003,NONE,NONE,NONE,NONE,NOT_STARTED,NO_EXACT_SLICE_ID_OR_EXACT_IMPLEMENTATION_PATH_EVIDENCE_AT_PINNED_COMMITS,DEP-001|DEP-002|DEP-003|DEP-004|DEP-016,G3-HRM-BE-MIGRATION|G3-HRM-BE-SOURCE|G3-HRM-BE-TEST|G3-HRM-FE-SOURCE,MIG-HRM-PEOPLE-51-73,CURRENT_JIT_LEASE_REQUIRED_IF_SCHEMA_TOUCH,14,HELD-14_HISTORICAL_STABLE_ORDER,NONE,NONE,RECOVERY_REGISTER_FE:08a05f764a7c6dec38cce2627b81bcb8ef87ee6c|CURRENT_FE:08a05f764a7c6dec38cce2627b81bcb8ef87ee6c|CURRENT_BE:5612cc1a0b4a21a4d0b9107739579f23d165790f|RECONCILED_FE:7f39d12cd10b8827c67355a7f445973d05373cc9|RECONCILED_BE:0731f6df2d55cdeb4784a09ae6e28d4ae4b0c294,HISTORICAL_CODE_GO_IS_NOT_CURRENT_AUTHORITY;G1_OVERLAY_ONLY;NO_MODULE_START_TOKEN;HISTORICAL_ALLOCATION_NOT_A_CURRENT_LEASE
BASE-TFR-HRM-017,BASE_TARGET_FAMILY,TFR-HRM-017,HRM,HRIS-HRM,HRM,16,G3A_BASE_017,OPEN_G3_CODE,NOT_STARTED_G3,NOT_AUTHORIZED_G6,G3-CODE-GO-BASE-TFR-HRM-017,G3_REGISTER_HASH_VERIFIED_NUMBERED_EVIDENCE;TARGET_FAMILY_REGISTER_PIN_EXACT_SUPPLEMENT,9d1d9b4bcb855d83286affb19020fb7cf6c10d6dc60d610407ea577dd3599989,6,TFR-HRM-017::settings-operations::SYS-API-011|SYS-API-012|SYS-API-013|SYS-API-014|SYS-API-015|SYS-API-016|PLAT-005,NONE,NONE,NONE,NONE,NOT_STARTED,NO_EXACT_SLICE_ID_OR_EXACT_IMPLEMENTATION_PATH_EVIDENCE_AT_PINNED_COMMITS,DEP-001|DEP-002|DEP-003|DEP-004|DEP-016,G3-HRM-BE-MIGRATION|G3-HRM-BE-SOURCE|G3-HRM-BE-TEST|G3-HRM-FE-SOURCE,MIG-HRM-PEOPLE-51-73,CURRENT_JIT_LEASE_REQUIRED_IF_SCHEMA_TOUCH,15,HELD-15_HISTORICAL_STABLE_ORDER,NONE,NONE,RECOVERY_REGISTER_FE:08a05f764a7c6dec38cce2627b81bcb8ef87ee6c|CURRENT_FE:08a05f764a7c6dec38cce2627b81bcb8ef87ee6c|CURRENT_BE:5612cc1a0b4a21a4d0b9107739579f23d165790f|RECONCILED_FE:7f39d12cd10b8827c67355a7f445973d05373cc9|RECONCILED_BE:0731f6df2d55cdeb4784a09ae6e28d4ae4b0c294,HISTORICAL_CODE_GO_IS_NOT_CURRENT_AUTHORITY;G1_OVERLAY_ONLY;NO_MODULE_START_TOKEN;HISTORICAL_ALLOCATION_NOT_A_CURRENT_LEASE
MOD-HRM-HRSD,MODERN_CAPABILITY,HRIS.MODERN.HR_SERVICE_DELIVERY,HRM,HRIS-HRM,HRM,17,G3B_FOUNDATION,OPEN_G3_CODE,NOT_STARTED_G3,NOT_AUTHORIZED_G6,G3-CODE-GO-MOD-HRM-HRSD,G3_REGISTER_HASH_VERIFIED_NUMBERED_EVIDENCE;MODERN_DELIVERY_REGISTER_COMPLETE;MODERN_CODING_CONTRACT_PARTIAL_EVENT_CHAIN,NOT_APPLICABLE_MODERN_CAPABILITY,0,HRIS.MODERN.HR_SERVICE_DELIVERY::Employee HR case intake triage knowledge response SLA and restricted assignment,NONE,NONE,NONE,NONE,NOT_STARTED,NO_EXACT_SLICE_ID_OR_EXACT_IMPLEMENTATION_PATH_EVIDENCE_AT_PINNED_COMMITS|RECOVERED_MODERN_CODING_CONTRACT_REGISTER_PARTIAL_REQUIRES_SUCCESSOR_RESEAL,DEP-001|DEP-002|DEP-003|DEP-016,G3-HRM-BE-MIGRATION|G3-HRM-BE-SOURCE|G3-HRM-BE-TEST|G3-HRM-FE-SOURCE,MIG-HRM-PEOPLE-51-73,CURRENT_JIT_LEASE_REQUIRED_IF_SCHEMA_TOUCH,16,HELD-16_HISTORICAL_STABLE_ORDER,NONE,NONE,RECOVERY_REGISTER_FE:08a05f764a7c6dec38cce2627b81bcb8ef87ee6c|CURRENT_FE:08a05f764a7c6dec38cce2627b81bcb8ef87ee6c|CURRENT_BE:5612cc1a0b4a21a4d0b9107739579f23d165790f|RECONCILED_FE:7f39d12cd10b8827c67355a7f445973d05373cc9|RECONCILED_BE:0731f6df2d55cdeb4784a09ae6e28d4ae4b0c294,HISTORICAL_CODE_GO_IS_NOT_CURRENT_AUTHORITY;G1_OVERLAY_ONLY;NO_MODULE_START_TOKEN;HISTORICAL_ALLOCATION_NOT_A_CURRENT_LEASE
MOD-HRM-ONBOARD,MODERN_CAPABILITY,HRIS.MODERN.ONBOARDING,HRM,HRIS-HRM,HRM,18,G3B_FOUNDATION,OPEN_G3_CODE,NOT_STARTED_G3,NOT_AUTHORIZED_G6,G3-CODE-GO-MOD-HRM-ONBOARD,G3_REGISTER_HASH_VERIFIED_NUMBERED_EVIDENCE;MODERN_DELIVERY_REGISTER_COMPLETE;MODERN_CODING_CONTRACT_PARTIAL_EVENT_CHAIN,NOT_APPLICABLE_MODERN_CAPABILITY,0,HRIS.MODERN.ONBOARDING::Reusable onboarding and transition journey templates with accountable tasks,NONE,NONE,NONE,NONE,NOT_STARTED,NO_EXACT_SLICE_ID_OR_EXACT_IMPLEMENTATION_PATH_EVIDENCE_AT_PINNED_COMMITS|RECOVERED_MODERN_CODING_CONTRACT_REGISTER_PARTIAL_REQUIRES_SUCCESSOR_RESEAL,DEP-001|DEP-002|DEP-003|DEP-007|DEP-016,G3-HRM-BE-MIGRATION|G3-HRM-BE-SOURCE|G3-HRM-BE-TEST|G3-HRM-FE-SOURCE,MIG-HRM-PEOPLE-51-73,CURRENT_JIT_LEASE_REQUIRED_IF_SCHEMA_TOUCH,17,HELD-17_HISTORICAL_STABLE_ORDER,NONE,NONE,RECOVERY_REGISTER_FE:08a05f764a7c6dec38cce2627b81bcb8ef87ee6c|CURRENT_FE:08a05f764a7c6dec38cce2627b81bcb8ef87ee6c|CURRENT_BE:5612cc1a0b4a21a4d0b9107739579f23d165790f|RECONCILED_FE:7f39d12cd10b8827c67355a7f445973d05373cc9|RECONCILED_BE:0731f6df2d55cdeb4784a09ae6e28d4ae4b0c294,HISTORICAL_CODE_GO_IS_NOT_CURRENT_AUTHORITY;G1_OVERLAY_ONLY;NO_MODULE_START_TOKEN;HISTORICAL_ALLOCATION_NOT_A_CURRENT_LEASE
MOD-HRM-BENEFITS,MODERN_CAPABILITY,HRIS.MODERN.BENEFITS_ADMIN,HRM,HRIS-HRM,HRM,19,G3C_EXPERIENCE,OPEN_G3_CODE,NOT_STARTED_G3,NOT_AUTHORIZED_G6,G3-CODE-GO-MOD-HRM-BENEFITS,G3_REGISTER_HASH_VERIFIED_NUMBERED_EVIDENCE;MODERN_DELIVERY_REGISTER_COMPLETE;MODERN_CODING_CONTRACT_PARTIAL_EVENT_CHAIN,NOT_APPLICABLE_MODERN_CAPABILITY,0,HRIS.MODERN.BENEFITS_ADMIN::Generic benefits plans eligibility enrollment life events and provider boundary,NONE,NONE,NONE,NONE,NOT_STARTED,NO_EXACT_SLICE_ID_OR_EXACT_IMPLEMENTATION_PATH_EVIDENCE_AT_PINNED_COMMITS|RECOVERED_MODERN_CODING_CONTRACT_REGISTER_PARTIAL_REQUIRES_SUCCESSOR_RESEAL,DEP-001|DEP-002|DEP-003|DEP-007|DEP-016,G3-HRM-BE-MIGRATION|G3-HRM-BE-SOURCE|G3-HRM-BE-TEST|G3-HRM-FE-SOURCE,MIG-HRM-PEOPLE-51-73,CURRENT_JIT_LEASE_REQUIRED_IF_SCHEMA_TOUCH,18,HELD-18_HISTORICAL_STABLE_ORDER,NONE,NONE,RECOVERY_REGISTER_FE:08a05f764a7c6dec38cce2627b81bcb8ef87ee6c|CURRENT_FE:08a05f764a7c6dec38cce2627b81bcb8ef87ee6c|CURRENT_BE:5612cc1a0b4a21a4d0b9107739579f23d165790f|RECONCILED_FE:7f39d12cd10b8827c67355a7f445973d05373cc9|RECONCILED_BE:0731f6df2d55cdeb4784a09ae6e28d4ae4b0c294,HISTORICAL_CODE_GO_IS_NOT_CURRENT_AUTHORITY;G1_OVERLAY_ONLY;NO_MODULE_START_TOKEN;HISTORICAL_ALLOCATION_NOT_A_CURRENT_LEASE
MOD-HRM-CONTINGENT,MODERN_CAPABILITY,HRIS.MODERN.CONTINGENT_WORKFORCE,HRM,HRIS-HRM,HRM,20,G3C_EXPERIENCE,OPEN_G3_CODE,NOT_STARTED_G3,NOT_AUTHORIZED_G6,G3-CODE-GO-MOD-HRM-CONTINGENT,G3_REGISTER_HASH_VERIFIED_NUMBERED_EVIDENCE;MODERN_DELIVERY_REGISTER_COMPLETE;MODERN_CODING_CONTRACT_PARTIAL_EVENT_CHAIN,NOT_APPLICABLE_MODERN_CAPABILITY,0,HRIS.MODERN.CONTINGENT_WORKFORCE::Contingent worker classification engagement assignment and offboarding controls,NONE,NONE,NONE,NONE,NOT_STARTED,NO_EXACT_SLICE_ID_OR_EXACT_IMPLEMENTATION_PATH_EVIDENCE_AT_PINNED_COMMITS|RECOVERED_MODERN_CODING_CONTRACT_REGISTER_PARTIAL_REQUIRES_SUCCESSOR_RESEAL,DEP-001|DEP-002|DEP-003|DEP-007|DEP-016,G3-HRM-BE-MIGRATION|G3-HRM-BE-SOURCE|G3-HRM-BE-TEST|G3-HRM-FE-SOURCE,MIG-HRM-PEOPLE-51-73,CURRENT_JIT_LEASE_REQUIRED_IF_SCHEMA_TOUCH,19,HELD-19_HISTORICAL_STABLE_ORDER,NONE,NONE,RECOVERY_REGISTER_FE:08a05f764a7c6dec38cce2627b81bcb8ef87ee6c|CURRENT_FE:08a05f764a7c6dec38cce2627b81bcb8ef87ee6c|CURRENT_BE:5612cc1a0b4a21a4d0b9107739579f23d165790f|RECONCILED_FE:7f39d12cd10b8827c67355a7f445973d05373cc9|RECONCILED_BE:0731f6df2d55cdeb4784a09ae6e28d4ae4b0c294,HISTORICAL_CODE_GO_IS_NOT_CURRENT_AUTHORITY;G1_OVERLAY_ONLY;NO_MODULE_START_TOKEN;HISTORICAL_ALLOCATION_NOT_A_CURRENT_LEASE
MOD-HRM-RECRUIT,MODERN_CAPABILITY,HRIS.MODERN.RECRUITING_ATS,HRM,HRIS-HRM,HRM,21,G3C_EXPERIENCE,OPEN_G3_CODE,NOT_STARTED_G3,NOT_AUTHORIZED_G6,G3-CODE-GO-MOD-HRM-RECRUIT,G3_REGISTER_HASH_VERIFIED_NUMBERED_EVIDENCE;MODERN_DELIVERY_REGISTER_COMPLETE;MODERN_CODING_CONTRACT_PARTIAL_EVENT_CHAIN,NOT_APPLICABLE_MODERN_CAPABILITY,0,HRIS.MODERN.RECRUITING_ATS::Privacy-first candidate pipeline requisition interview offer and hire handoff,NONE,NONE,NONE,NONE,NOT_STARTED,NO_EXACT_SLICE_ID_OR_EXACT_IMPLEMENTATION_PATH_EVIDENCE_AT_PINNED_COMMITS|RECOVERED_MODERN_CODING_CONTRACT_REGISTER_PARTIAL_REQUIRES_SUCCESSOR_RESEAL,DEP-001|DEP-002|DEP-003|DEP-007|DEP-016,G3-HRM-BE-MIGRATION|G3-HRM-BE-SOURCE|G3-HRM-BE-TEST|G3-HRM-FE-SOURCE,MIG-HRM-PEOPLE-51-73,CURRENT_JIT_LEASE_REQUIRED_IF_SCHEMA_TOUCH,20,HELD-20_HISTORICAL_STABLE_ORDER,NONE,NONE,RECOVERY_REGISTER_FE:08a05f764a7c6dec38cce2627b81bcb8ef87ee6c|CURRENT_FE:08a05f764a7c6dec38cce2627b81bcb8ef87ee6c|CURRENT_BE:5612cc1a0b4a21a4d0b9107739579f23d165790f|RECONCILED_FE:7f39d12cd10b8827c67355a7f445973d05373cc9|RECONCILED_BE:0731f6df2d55cdeb4784a09ae6e28d4ae4b0c294,HISTORICAL_CODE_GO_IS_NOT_CURRENT_AUTHORITY;G1_OVERLAY_ONLY;NO_MODULE_START_TOKEN;HISTORICAL_ALLOCATION_NOT_A_CURRENT_LEASE
MOD-HRM-WFP,MODERN_CAPABILITY,HRIS.MODERN.WORKFORCE_PLANNING,HRM,HRIS-HRM,HRM,22,G3D_OPTIMIZATION,OPEN_G3_CODE,NOT_STARTED_G3,NOT_AUTHORIZED_G6,G3-CODE-GO-MOD-HRM-WFP,G3_REGISTER_HASH_VERIFIED_NUMBERED_EVIDENCE;MODERN_DELIVERY_REGISTER_COMPLETE;MODERN_CODING_CONTRACT_PARTIAL_EVENT_CHAIN,NOT_APPLICABLE_MODERN_CAPABILITY,0,HRIS.MODERN.WORKFORCE_PLANNING::Non-canonical workforce scenarios with compare approve and publish lifecycle,NONE,NONE,NONE,NONE,NOT_STARTED,NO_EXACT_SLICE_ID_OR_EXACT_IMPLEMENTATION_PATH_EVIDENCE_AT_PINNED_COMMITS|RECOVERED_MODERN_CODING_CONTRACT_REGISTER_PARTIAL_REQUIRES_SUCCESSOR_RESEAL,DEP-001|DEP-002|DEP-003|DEP-007|DEP-016,G3-HRM-BE-MIGRATION|G3-HRM-BE-SOURCE|G3-HRM-BE-TEST|G3-HRM-FE-SOURCE,MIG-HRM-PEOPLE-51-73,CURRENT_JIT_LEASE_REQUIRED_IF_SCHEMA_TOUCH,21,HELD-21_HISTORICAL_STABLE_ORDER,NONE,NONE,RECOVERY_REGISTER_FE:08a05f764a7c6dec38cce2627b81bcb8ef87ee6c|CURRENT_FE:08a05f764a7c6dec38cce2627b81bcb8ef87ee6c|CURRENT_BE:5612cc1a0b4a21a4d0b9107739579f23d165790f|RECONCILED_FE:7f39d12cd10b8827c67355a7f445973d05373cc9|RECONCILED_BE:0731f6df2d55cdeb4784a09ae6e28d4ae4b0c294,HISTORICAL_CODE_GO_IS_NOT_CURRENT_AUTHORITY;G1_OVERLAY_ONLY;NO_MODULE_START_TOKEN;HISTORICAL_ALLOCATION_NOT_A_CURRENT_LEASE
BASE-TFR-PAY-001,BASE_TARGET_FAMILY,TFR-PAY-001,PAY,HRIS-PAY,PAY,23,G3A_BASE_001,OPEN_G3_CODE,NOT_STARTED_G3,NOT_AUTHORIZED_G6,G3-CODE-GO-BASE-TFR-PAY-001,G3_REGISTER_HASH_VERIFIED_NUMBERED_EVIDENCE;TARGET_FAMILY_REGISTER_PIN_EXACT_SUPPLEMENT,e90acf4d7cdb3127484465b09d14fa566bf8f546ad29ccc28aa589ce71f353f6,7,TFR-PAY-001::PAY-PLATFORM-NOTIFICATION::PLAT-004,NONE,NONE,NONE,NONE,NOT_STARTED,NO_EXACT_SLICE_ID_OR_EXACT_IMPLEMENTATION_PATH_EVIDENCE_AT_PINNED_COMMITS,DEP-001|DEP-002|DEP-003|DEP-015|DEP-016,G3-PAY-BE-MIGRATION|G3-PAY-BE-SOURCE|G3-PAY-BE-TEST|G3-PAY-FE-SOURCE,MIG-PAY-PAYROLL-1-49,CURRENT_JIT_LEASE_REQUIRED_IF_SCHEMA_TOUCH,6,HELD-06_HISTORICAL_STABLE_ORDER,NONE,NONE,RECOVERY_REGISTER_FE:08a05f764a7c6dec38cce2627b81bcb8ef87ee6c|CURRENT_FE:08a05f764a7c6dec38cce2627b81bcb8ef87ee6c|CURRENT_BE:5612cc1a0b4a21a4d0b9107739579f23d165790f|RECONCILED_FE:7f39d12cd10b8827c67355a7f445973d05373cc9|RECONCILED_BE:0731f6df2d55cdeb4784a09ae6e28d4ae4b0c294,HISTORICAL_CODE_GO_IS_NOT_CURRENT_AUTHORITY;G1_OVERLAY_ONLY;NO_MODULE_START_TOKEN;HISTORICAL_ALLOCATION_NOT_A_CURRENT_LEASE
BASE-TFR-PAY-002,BASE_TARGET_FAMILY,TFR-PAY-002,PAY,HRIS-PAY,PAY,24,G3A_BASE_002,OPEN_G3_CODE,NOT_STARTED_G3,NOT_AUTHORIZED_G6,G3-CODE-GO-BASE-TFR-PAY-002,G3_REGISTER_HASH_VERIFIED_NUMBERED_EVIDENCE;TARGET_FAMILY_REGISTER_PIN_EXACT_SUPPLEMENT,812ba196e0a799bf6e91571753aed1c229df046db3b29fc4ee80e6bca16dda32,7,TFR-PAY-002::PAY-CONNECTOR::SYS-API-021|SYS-API-022|SYS-API-023|SYS-API-024|SYS-API-025|PEP-PAY-003|PEP-PAY-009,NONE,NONE,NONE,NONE,NOT_STARTED,NO_EXACT_SLICE_ID_OR_EXACT_IMPLEMENTATION_PATH_EVIDENCE_AT_PINNED_COMMITS,DEP-001|DEP-002|DEP-003|DEP-006|DEP-016,G3-PAY-BE-MIGRATION|G3-PAY-BE-SOURCE|G3-PAY-BE-TEST|G3-PAY-FE-SOURCE,MIG-PAY-PAYROLL-1-49,CURRENT_JIT_LEASE_REQUIRED_IF_SCHEMA_TOUCH,7,HELD-07_HISTORICAL_STABLE_ORDER,NONE,NONE,RECOVERY_REGISTER_FE:08a05f764a7c6dec38cce2627b81bcb8ef87ee6c|CURRENT_FE:08a05f764a7c6dec38cce2627b81bcb8ef87ee6c|CURRENT_BE:5612cc1a0b4a21a4d0b9107739579f23d165790f|RECONCILED_FE:7f39d12cd10b8827c67355a7f445973d05373cc9|RECONCILED_BE:0731f6df2d55cdeb4784a09ae6e28d4ae4b0c294,HISTORICAL_CODE_GO_IS_NOT_CURRENT_AUTHORITY;G1_OVERLAY_ONLY;NO_MODULE_START_TOKEN;HISTORICAL_ALLOCATION_NOT_A_CURRENT_LEASE
BASE-TFR-PAY-003,BASE_TARGET_FAMILY,TFR-PAY-003,PAY,HRIS-PAY,PAY,25,G3A_BASE_003,OPEN_G3_CODE,NOT_STARTED_G3,NOT_AUTHORIZED_G6,G3-CODE-GO-BASE-TFR-PAY-003,G3_REGISTER_HASH_VERIFIED_NUMBERED_EVIDENCE;TARGET_FAMILY_REGISTER_PIN_EXACT_SUPPLEMENT,852755d8c1550d2b76842c45e87e9822e12209165780e63ae72d3b9af68d6a41,34,TFR-PAY-003::PAY-KR-INSURANCE::PEP-PAY-028|PEP-PAY-012|PEP-PAY-014|EVT-PAY:PayrollCalculated,NONE,NONE,NONE,NONE,NOT_STARTED,NO_EXACT_SLICE_ID_OR_EXACT_IMPLEMENTATION_PATH_EVIDENCE_AT_PINNED_COMMITS,DEP-001|DEP-002|DEP-003|DEP-016,G3-PAY-BE-MIGRATION|G3-PAY-BE-SOURCE|G3-PAY-BE-TEST|G3-PAY-FE-SOURCE,MIG-PAY-PAYROLL-1-49,CURRENT_JIT_LEASE_REQUIRED_IF_SCHEMA_TOUCH,8,HELD-08_HISTORICAL_STABLE_ORDER,NONE,NONE,RECOVERY_REGISTER_FE:08a05f764a7c6dec38cce2627b81bcb8ef87ee6c|CURRENT_FE:08a05f764a7c6dec38cce2627b81bcb8ef87ee6c|CURRENT_BE:5612cc1a0b4a21a4d0b9107739579f23d165790f|RECONCILED_FE:7f39d12cd10b8827c67355a7f445973d05373cc9|RECONCILED_BE:0731f6df2d55cdeb4784a09ae6e28d4ae4b0c294,HISTORICAL_CODE_GO_IS_NOT_CURRENT_AUTHORITY;G1_OVERLAY_ONLY;NO_MODULE_START_TOKEN;HISTORICAL_ALLOCATION_NOT_A_CURRENT_LEASE
BASE-TFR-PAY-004,BASE_TARGET_FAMILY,TFR-PAY-004,PAY,HRIS-PAY,PAY,26,G3A_BASE_004,OPEN_G3_CODE,NOT_STARTED_G3,NOT_AUTHORIZED_G6,G3-CODE-GO-BASE-TFR-PAY-004,G3_REGISTER_HASH_VERIFIED_NUMBERED_EVIDENCE;TARGET_FAMILY_REGISTER_PIN_EXACT_SUPPLEMENT,e3907422f10a20d8e186c1aada2e540f8d23a901b34b55205f61bca235679465,119,TFR-PAY-004::PAY-RETIREMENT::PEP-PAY-028|PEP-PAY-012|PEP-PAY-014|EVT-PAY:PayrollCalculated,NONE,NONE,NONE,NONE,NOT_STARTED,NO_EXACT_SLICE_ID_OR_EXACT_IMPLEMENTATION_PATH_EVIDENCE_AT_PINNED_COMMITS,DEP-001|DEP-002|DEP-003|DEP-016,G3-PAY-BE-MIGRATION|G3-PAY-BE-SOURCE|G3-PAY-BE-TEST|G3-PAY-FE-SOURCE,MIG-PAY-PAYROLL-1-49,CURRENT_JIT_LEASE_REQUIRED_IF_SCHEMA_TOUCH,9,HELD-09_HISTORICAL_STABLE_ORDER,NONE,NONE,RECOVERY_REGISTER_FE:08a05f764a7c6dec38cce2627b81bcb8ef87ee6c|CURRENT_FE:08a05f764a7c6dec38cce2627b81bcb8ef87ee6c|CURRENT_BE:5612cc1a0b4a21a4d0b9107739579f23d165790f|RECONCILED_FE:7f39d12cd10b8827c67355a7f445973d05373cc9|RECONCILED_BE:0731f6df2d55cdeb4784a09ae6e28d4ae4b0c294,HISTORICAL_CODE_GO_IS_NOT_CURRENT_AUTHORITY;G1_OVERLAY_ONLY;NO_MODULE_START_TOKEN;HISTORICAL_ALLOCATION_NOT_A_CURRENT_LEASE
BASE-TFR-PAY-005,BASE_TARGET_FAMILY,TFR-PAY-005,PAY,HRIS-PAY,PAY,27,G3A_BASE_005,OPEN_G3_CODE,NOT_STARTED_G3,NOT_AUTHORIZED_G6,G3-CODE-GO-BASE-TFR-PAY-005,G3_REGISTER_HASH_VERIFIED_NUMBERED_EVIDENCE;TARGET_FAMILY_REGISTER_PIN_EXACT_SUPPLEMENT,e8fbf7b7340bc32a3fbadfec536a6ca5a6622da1bf7027702967f0b08fcd8677,16,TFR-PAY-005::PAY-KR-TAX::PEP-PAY-028|PEP-PAY-012|PEP-PAY-014|EVT-PAY:PayrollCalculated,NONE,NONE,NONE,NONE,NOT_STARTED,NO_EXACT_SLICE_ID_OR_EXACT_IMPLEMENTATION_PATH_EVIDENCE_AT_PINNED_COMMITS,DEP-001|DEP-002|DEP-003|DEP-016,G3-PAY-BE-MIGRATION|G3-PAY-BE-SOURCE|G3-PAY-BE-TEST|G3-PAY-FE-SOURCE,MIG-PAY-PAYROLL-1-49,CURRENT_JIT_LEASE_REQUIRED_IF_SCHEMA_TOUCH,10,HELD-10_HISTORICAL_STABLE_ORDER,NONE,NONE,RECOVERY_REGISTER_FE:08a05f764a7c6dec38cce2627b81bcb8ef87ee6c|CURRENT_FE:08a05f764a7c6dec38cce2627b81bcb8ef87ee6c|CURRENT_BE:5612cc1a0b4a21a4d0b9107739579f23d165790f|RECONCILED_FE:7f39d12cd10b8827c67355a7f445973d05373cc9|RECONCILED_BE:0731f6df2d55cdeb4784a09ae6e28d4ae4b0c294,HISTORICAL_CODE_GO_IS_NOT_CURRENT_AUTHORITY;G1_OVERLAY_ONLY;NO_MODULE_START_TOKEN;HISTORICAL_ALLOCATION_NOT_A_CURRENT_LEASE
BASE-TFR-PAY-006,BASE_TARGET_FAMILY,TFR-PAY-006,PAY,HRIS-PAY,PAY,28,G3A_BASE_006,OPEN_G3_CODE,NOT_STARTED_G3,NOT_AUTHORIZED_G6,G3-CODE-GO-BASE-TFR-PAY-006,G3_REGISTER_HASH_VERIFIED_NUMBERED_EVIDENCE;TARGET_FAMILY_REGISTER_PIN_EXACT_SUPPLEMENT,1becffe45dd5701bfda428c64e2c4d718209bf4b9f859b622799f75901017dba,63,TFR-PAY-006::PAY-ELEMENT-FORMULA::PEP-PAY-004|PEP-PAY-005|PEP-PAY-006|PEP-PAY-007|PEP-PAY-008|EVT-PAY:PayrollConfigurationPublished,NONE,NONE,NONE,NONE,NOT_STARTED,NO_EXACT_SLICE_ID_OR_EXACT_IMPLEMENTATION_PATH_EVIDENCE_AT_PINNED_COMMITS,DEP-001|DEP-002|DEP-003|DEP-004|DEP-016,G3-PAY-BE-MIGRATION|G3-PAY-BE-SOURCE|G3-PAY-BE-TEST|G3-PAY-FE-SOURCE,MIG-PAY-PAYROLL-1-49,CURRENT_JIT_LEASE_REQUIRED_IF_SCHEMA_TOUCH,4,HELD-04_PACKET_ORDER,NONE,NONE,RECOVERY_REGISTER_FE:08a05f764a7c6dec38cce2627b81bcb8ef87ee6c|CURRENT_FE:08a05f764a7c6dec38cce2627b81bcb8ef87ee6c|CURRENT_BE:5612cc1a0b4a21a4d0b9107739579f23d165790f|RECONCILED_FE:7f39d12cd10b8827c67355a7f445973d05373cc9|RECONCILED_BE:0731f6df2d55cdeb4784a09ae6e28d4ae4b0c294,HISTORICAL_CODE_GO_IS_NOT_CURRENT_AUTHORITY;G1_OVERLAY_ONLY;NO_MODULE_START_TOKEN;HISTORICAL_ALLOCATION_NOT_A_CURRENT_LEASE
BASE-TFR-PAY-007,BASE_TARGET_FAMILY,TFR-PAY-007,PAY,HRIS-PAY,PAY,29,G3A_BASE_007,OPEN_G3_CODE,NOT_STARTED_G3,NOT_AUTHORIZED_G6,G3-CODE-GO-BASE-TFR-PAY-007,G3_REGISTER_HASH_VERIFIED_NUMBERED_EVIDENCE;TARGET_FAMILY_REGISTER_PIN_EXACT_SUPPLEMENT;PACKET_SEAL_AND_FIRST_SLICE_ROW_BINDING_VALID;PACKET_BINDINGS_EXACT,9f62fdb53dcd3482ee7a8bc875be09b4ed8735145309fefcd7c39d4e6e374779,13,TFR-PAY-007::PAY-FOUNDATION::PEP-PAY-002|PEP-PAY-003|EVT-PAY:PayrollConfigurationPublished,NONE,NONE,apps/dwp/src/features/hris/payroll/pages/payroll-foundation-studio.tsx@a6836a4e379145fb784903d945491107271c028e:blob|apps/dwp/src/features/hris/payroll/model/payroll-foundation-model.ts@57d6c50cf4b18ec81df9b9f29f9ba364810f9fb8:blob|SLICE_ID:apps/dwp/src/features/hris/payroll/model/payroll-foundation-model.test.ts|SLICE_ID:apps/dwp/src/features/hris/payroll/model/payroll-foundation-model.ts|SLICE_ID:apps/dwp/src/features/hris/payroll/pages/payroll-foundation-studio.tsx,dwp-payroll-server/src/main/java/com/dwp/services/payroll/foundation/PayrollFoundationService.java@0e8055d4a22dd23591eec1e73ccc13f647a6a58a:blob|dwp-payroll-server/src/main/resources/db/migration/V1__pay_create_payroll_foundation.sql@aefc10658015cbe4a1eb44cb47beef9a80189826:blob|SLICE_ID:dwp-payroll-server/src/main/resources/db/migration/V1__pay_create_payroll_foundation.sql,PRESENT_RECONCILED_PENDING_INTEGRATION,NOT_PRESENT_AS_EXACT_SLICE_AT_CURRENT_PINS|REQUIRES_SEMANTIC_PORT_AND_TARGETED_CONTRACT_VALIDATION,DEP-001|DEP-002|DEP-003|DEP-004|DEP-016,G3-PAY-BE-MIGRATION|G3-PAY-BE-SOURCE|G3-PAY-BE-TEST|G3-PAY-FE-SOURCE,MIG-PAY-PAYROLL-1-49,CURRENT_JIT_LEASE_REQUIRED_IF_SCHEMA_TOUCH,1,NEXT-01_RECONCILED_INTEGRATION_PAY_CHAIN_01_FOUNDATION,PAY_CHAIN_01_FOUNDATION,FE:f3db8b1ed5265ef83caff1ae1b8374119d373d3b|BE:af0809d58298f0bff0bbcc075684101c6fc3262c,RECOVERY_REGISTER_FE:08a05f764a7c6dec38cce2627b81bcb8ef87ee6c|CURRENT_FE:08a05f764a7c6dec38cce2627b81bcb8ef87ee6c|CURRENT_BE:5612cc1a0b4a21a4d0b9107739579f23d165790f|RECONCILED_FE:7f39d12cd10b8827c67355a7f445973d05373cc9|RECONCILED_BE:0731f6df2d55cdeb4784a09ae6e28d4ae4b0c294,HISTORICAL_CODE_GO_IS_NOT_CURRENT_AUTHORITY;G1_OVERLAY_ONLY;NO_MODULE_START_TOKEN;HISTORICAL_ALLOCATION_NOT_A_CURRENT_LEASE
BASE-TFR-PAY-008,BASE_TARGET_FAMILY,TFR-PAY-008,PAY,HRIS-PAY,PAY,30,G3A_BASE_008,OPEN_G3_CODE,NOT_STARTED_G3,NOT_AUTHORIZED_G6,G3-CODE-GO-BASE-TFR-PAY-008,G3_REGISTER_HASH_VERIFIED_NUMBERED_EVIDENCE;TARGET_FAMILY_REGISTER_PIN_EXACT_SUPPLEMENT,7eb342f23ad919073e8ca235dc925c4cac4f2deec6004be72ed54ba1eb3650f6,7,TFR-PAY-008::PAY-PAYMENT::PEP-PAY-021|PEP-PAY-022|PEP-PAY-023|PEP-PAY-024|PEP-PAY-025|EVT-PAY:PaymentInstructionReleased|EVT-PAY:PayrollPosted,NONE,NONE,NONE,NONE,NOT_STARTED,NO_EXACT_SLICE_ID_OR_EXACT_IMPLEMENTATION_PATH_EVIDENCE_AT_PINNED_COMMITS,DEP-001|DEP-002|DEP-003|DEP-016,G3-PAY-BE-MIGRATION|G3-PAY-BE-SOURCE|G3-PAY-BE-TEST|G3-PAY-FE-SOURCE,MIG-PAY-PAYROLL-1-49,CURRENT_JIT_LEASE_REQUIRED_IF_SCHEMA_TOUCH,11,HELD-11_HISTORICAL_STABLE_ORDER,NONE,NONE,RECOVERY_REGISTER_FE:08a05f764a7c6dec38cce2627b81bcb8ef87ee6c|CURRENT_FE:08a05f764a7c6dec38cce2627b81bcb8ef87ee6c|CURRENT_BE:5612cc1a0b4a21a4d0b9107739579f23d165790f|RECONCILED_FE:7f39d12cd10b8827c67355a7f445973d05373cc9|RECONCILED_BE:0731f6df2d55cdeb4784a09ae6e28d4ae4b0c294,HISTORICAL_CODE_GO_IS_NOT_CURRENT_AUTHORITY;G1_OVERLAY_ONLY;NO_MODULE_START_TOKEN;HISTORICAL_ALLOCATION_NOT_A_CURRENT_LEASE
BASE-TFR-PAY-009,BASE_TARGET_FAMILY,TFR-PAY-009,PAY,HRIS-PAY,PAY,31,G3A_BASE_009,OPEN_G3_CODE,NOT_STARTED_G3,NOT_AUTHORIZED_G6,G3-CODE-GO-BASE-TFR-PAY-009,G3_REGISTER_HASH_VERIFIED_NUMBERED_EVIDENCE;TARGET_FAMILY_REGISTER_PIN_EXACT_SUPPLEMENT,63db669cb1ae7ae65b5fa618a6009fd9b9c79b18113586cb51d7a11d3802d6b7,20,TFR-PAY-009::PAY-PAYSLIP::PEP-PAY-026|PEP-PAY-027|EVT-PAY:PayslipPublished,NONE,NONE,apps/dwp/src/features/hris/payroll/model/payroll-self-service-model.ts@773052d930b67af04b0c3c8423da645cc580ce7b:blob|apps/dwp/src/features/hris/payroll/pages/hris-payroll-workspace.tsx@b5be448f3b75e2244941f4b11a462abce613233b:blob,NONE,PARTIAL_OVERLAP,RECONCILED_PAYROLL_SELF_SERVICE_OVERLAPS_PAYSLIP;BACKEND_AND_FULL_SLICE_CONFORMANCE_NOT_PROVEN,DEP-001|DEP-002|DEP-003|DEP-016,G3-PAY-BE-MIGRATION|G3-PAY-BE-SOURCE|G3-PAY-BE-TEST|G3-PAY-FE-SOURCE,MIG-PAY-PAYROLL-1-49,CURRENT_JIT_LEASE_REQUIRED_IF_SCHEMA_TOUCH,12,HELD-12_HISTORICAL_STABLE_ORDER,NONE,FE:f3db8b1ed5265ef83caff1ae1b8374119d373d3b,RECOVERY_REGISTER_FE:08a05f764a7c6dec38cce2627b81bcb8ef87ee6c|CURRENT_FE:08a05f764a7c6dec38cce2627b81bcb8ef87ee6c|CURRENT_BE:5612cc1a0b4a21a4d0b9107739579f23d165790f|RECONCILED_FE:7f39d12cd10b8827c67355a7f445973d05373cc9|RECONCILED_BE:0731f6df2d55cdeb4784a09ae6e28d4ae4b0c294,HISTORICAL_CODE_GO_IS_NOT_CURRENT_AUTHORITY;G1_OVERLAY_ONLY;NO_MODULE_START_TOKEN;HISTORICAL_ALLOCATION_NOT_A_CURRENT_LEASE
BASE-TFR-PAY-010,BASE_TARGET_FAMILY,TFR-PAY-010,PAY,HRIS-PAY,PAY,32,G3A_BASE_010,OPEN_G3_CODE,NOT_STARTED_G3,NOT_AUTHORIZED_G6,G3-CODE-GO-BASE-TFR-PAY-010,G3_REGISTER_HASH_VERIFIED_NUMBERED_EVIDENCE;TARGET_FAMILY_REGISTER_PIN_EXACT_SUPPLEMENT,a0dfce7a2bb3ee9bd2f90c257b719faa3336d0811dc4280ecd2b7ae9c630b64f,48,TFR-PAY-010::PAY-RETRO-OFFCYCLE::PEP-PAY-019|PEP-PAY-020|EVT-PAY:PayrollCorrectionPosted,NONE,NONE,NONE,NONE,NOT_STARTED,NO_EXACT_SLICE_ID_OR_EXACT_IMPLEMENTATION_PATH_EVIDENCE_AT_PINNED_COMMITS,DEP-001|DEP-002|DEP-003|DEP-016,G3-PAY-BE-MIGRATION|G3-PAY-BE-SOURCE|G3-PAY-BE-TEST|G3-PAY-FE-SOURCE,MIG-PAY-PAYROLL-1-49,CURRENT_JIT_LEASE_REQUIRED_IF_SCHEMA_TOUCH,13,HELD-13_HISTORICAL_STABLE_ORDER,NONE,NONE,RECOVERY_REGISTER_FE:08a05f764a7c6dec38cce2627b81bcb8ef87ee6c|CURRENT_FE:08a05f764a7c6dec38cce2627b81bcb8ef87ee6c|CURRENT_BE:5612cc1a0b4a21a4d0b9107739579f23d165790f|RECONCILED_FE:7f39d12cd10b8827c67355a7f445973d05373cc9|RECONCILED_BE:0731f6df2d55cdeb4784a09ae6e28d4ae4b0c294,HISTORICAL_CODE_GO_IS_NOT_CURRENT_AUTHORITY;G1_OVERLAY_ONLY;NO_MODULE_START_TOKEN;HISTORICAL_ALLOCATION_NOT_A_CURRENT_LEASE
BASE-TFR-PAY-011,BASE_TARGET_FAMILY,TFR-PAY-011,PAY,HRIS-PAY,PAY,33,G3A_BASE_011,OPEN_G3_CODE,NOT_STARTED_G3,NOT_AUTHORIZED_G6,G3-CODE-GO-BASE-TFR-PAY-011,G3_REGISTER_HASH_VERIFIED_NUMBERED_EVIDENCE;TARGET_FAMILY_REGISTER_PIN_EXACT_SUPPLEMENT,f5d8baa4e3184a35f7586b7d73372cc9d8fffa080dcad1f5ad889b4cbc40f628,12,TFR-PAY-011::PAY-CALCULATION::PEP-PAY-012|PEP-PAY-013|PEP-PAY-017|PEP-PAY-018|PEP-PAY-033|EVT-PAY:PayrollCalculated|EVT-PAY:PayrollRunApproved|EVT-PAY:PayrollFinalized,NONE,NONE,NONE,NONE,NOT_STARTED,NO_EXACT_SLICE_ID_OR_EXACT_IMPLEMENTATION_PATH_EVIDENCE_AT_PINNED_COMMITS|PRODUCER_RESULT_PIN_GATE_REQUIRED_BEFORE_CALCULATION|REQUIRES_RESULT_COMMITS_MOD_PER_COMPPLAN_AND_BASE_TFR_PAY_016,DEP-001|DEP-002|DEP-003|DEP-016,G3-PAY-BE-MIGRATION|G3-PAY-BE-SOURCE|G3-PAY-BE-TEST|G3-PAY-FE-SOURCE,MIG-PAY-PAYROLL-1-49,CURRENT_JIT_LEASE_REQUIRED_IF_SCHEMA_TOUCH,3,HELD-03_PAY_CHAIN_04_CALCULATION_PRODUCER_RESULT_PIN_GATE,PAY_CHAIN_04_CALCULATION_AFTER_TYPED_INPUT_RESULT_PIN,NONE,RECOVERY_REGISTER_FE:08a05f764a7c6dec38cce2627b81bcb8ef87ee6c|CURRENT_FE:08a05f764a7c6dec38cce2627b81bcb8ef87ee6c|CURRENT_BE:5612cc1a0b4a21a4d0b9107739579f23d165790f|RECONCILED_FE:7f39d12cd10b8827c67355a7f445973d05373cc9|RECONCILED_BE:0731f6df2d55cdeb4784a09ae6e28d4ae4b0c294,HISTORICAL_CODE_GO_IS_NOT_CURRENT_AUTHORITY;G1_OVERLAY_ONLY;NO_MODULE_START_TOKEN;HISTORICAL_ALLOCATION_NOT_A_CURRENT_LEASE
BASE-TFR-PAY-012,BASE_TARGET_FAMILY,TFR-PAY-012,PAY,HRIS-PAY,PAY,34,G3A_BASE_012,OPEN_G3_CODE,NOT_STARTED_G3,NOT_AUTHORIZED_G6,G3-CODE-GO-BASE-TFR-PAY-012,G3_REGISTER_HASH_VERIFIED_NUMBERED_EVIDENCE;TARGET_FAMILY_REGISTER_PIN_EXACT_SUPPLEMENT,5ee8b11c4357d733e405a7f9cd45a29d24b316bb809b1164302e3ce3a2493e00,32,TFR-PAY-012::PAY-RESULT-TRACE::PEP-PAY-014|PEP-PAY-015|PEP-PAY-016|PEP-PAY-032|EVT-PAY:PayrollValidated,NONE,NONE,NONE,NONE,NOT_STARTED,NO_EXACT_SLICE_ID_OR_EXACT_IMPLEMENTATION_PATH_EVIDENCE_AT_PINNED_COMMITS,DEP-001|DEP-002|DEP-003|DEP-016,G3-PAY-BE-MIGRATION|G3-PAY-BE-SOURCE|G3-PAY-BE-TEST|G3-PAY-FE-SOURCE,MIG-PAY-PAYROLL-1-49,CURRENT_JIT_LEASE_REQUIRED_IF_SCHEMA_TOUCH,14,HELD-14_HISTORICAL_STABLE_ORDER,NONE,NONE,RECOVERY_REGISTER_FE:08a05f764a7c6dec38cce2627b81bcb8ef87ee6c|CURRENT_FE:08a05f764a7c6dec38cce2627b81bcb8ef87ee6c|CURRENT_BE:5612cc1a0b4a21a4d0b9107739579f23d165790f|RECONCILED_FE:7f39d12cd10b8827c67355a7f445973d05373cc9|RECONCILED_BE:0731f6df2d55cdeb4784a09ae6e28d4ae4b0c294,HISTORICAL_CODE_GO_IS_NOT_CURRENT_AUTHORITY;G1_OVERLAY_ONLY;NO_MODULE_START_TOKEN;HISTORICAL_ALLOCATION_NOT_A_CURRENT_LEASE
BASE-TFR-PAY-013,BASE_TARGET_FAMILY,TFR-PAY-013,PAY,HRIS-PAY,PAY,35,G3A_BASE_013,OPEN_G3_CODE,NOT_STARTED_G3,NOT_AUTHORIZED_G6,G3-CODE-GO-BASE-TFR-PAY-013,G3_REGISTER_HASH_VERIFIED_NUMBERED_EVIDENCE;TARGET_FAMILY_REGISTER_PIN_EXACT_SUPPLEMENT,3260534ab6e6e4130e8d5927518bb13d0a6780ac39f25d3d87a81523c2cc7720,23,TFR-PAY-013::PAY-RUN-PREPARE::PEP-PAY-011|EVT-PAY:PayrollRunPrepared,NONE,NONE,NONE,NONE,NOT_STARTED,NO_EXACT_SLICE_ID_OR_EXACT_IMPLEMENTATION_PATH_EVIDENCE_AT_PINNED_COMMITS,DEP-001|DEP-002|DEP-003|DEP-016,G3-PAY-BE-MIGRATION|G3-PAY-BE-SOURCE|G3-PAY-BE-TEST|G3-PAY-FE-SOURCE,MIG-PAY-PAYROLL-1-49,CURRENT_JIT_LEASE_REQUIRED_IF_SCHEMA_TOUCH,5,HELD-05_PACKET_ORDER,NONE,NONE,RECOVERY_REGISTER_FE:08a05f764a7c6dec38cce2627b81bcb8ef87ee6c|CURRENT_FE:08a05f764a7c6dec38cce2627b81bcb8ef87ee6c|CURRENT_BE:5612cc1a0b4a21a4d0b9107739579f23d165790f|RECONCILED_FE:7f39d12cd10b8827c67355a7f445973d05373cc9|RECONCILED_BE:0731f6df2d55cdeb4784a09ae6e28d4ae4b0c294,HISTORICAL_CODE_GO_IS_NOT_CURRENT_AUTHORITY;G1_OVERLAY_ONLY;NO_MODULE_START_TOKEN;HISTORICAL_ALLOCATION_NOT_A_CURRENT_LEASE
BASE-TFR-PAY-014,BASE_TARGET_FAMILY,TFR-PAY-014,PAY,HRIS-PAY,PAY,36,G3A_BASE_014,OPEN_G3_CODE,NOT_STARTED_G3,NOT_AUTHORIZED_G6,G3-CODE-GO-BASE-TFR-PAY-014,G3_REGISTER_HASH_VERIFIED_NUMBERED_EVIDENCE;TARGET_FAMILY_REGISTER_PIN_EXACT_SUPPLEMENT,bb54238ee2ebb124a97f193f7eace7a5238e49c1d469311848324b11ae7d5073,4,TFR-PAY-014::PAY-STATUTORY-DEDUCTION::PEP-PAY-004|PEP-PAY-005|PEP-PAY-008|PEP-PAY-012|PEP-PAY-014,NONE,NONE,NONE,NONE,NOT_STARTED,NO_EXACT_SLICE_ID_OR_EXACT_IMPLEMENTATION_PATH_EVIDENCE_AT_PINNED_COMMITS,DEP-001|DEP-002|DEP-003|DEP-016,G3-PAY-BE-MIGRATION|G3-PAY-BE-SOURCE|G3-PAY-BE-TEST|G3-PAY-FE-SOURCE,MIG-PAY-PAYROLL-1-49,CURRENT_JIT_LEASE_REQUIRED_IF_SCHEMA_TOUCH,15,HELD-15_HISTORICAL_STABLE_ORDER,NONE,NONE,RECOVERY_REGISTER_FE:08a05f764a7c6dec38cce2627b81bcb8ef87ee6c|CURRENT_FE:08a05f764a7c6dec38cce2627b81bcb8ef87ee6c|CURRENT_BE:5612cc1a0b4a21a4d0b9107739579f23d165790f|RECONCILED_FE:7f39d12cd10b8827c67355a7f445973d05373cc9|RECONCILED_BE:0731f6df2d55cdeb4784a09ae6e28d4ae4b0c294,HISTORICAL_CODE_GO_IS_NOT_CURRENT_AUTHORITY;G1_OVERLAY_ONLY;NO_MODULE_START_TOKEN;HISTORICAL_ALLOCATION_NOT_A_CURRENT_LEASE
BASE-TFR-PAY-015,BASE_TARGET_FAMILY,TFR-PAY-015,PAY,HRIS-PAY,PAY,37,G3A_BASE_015,OPEN_G3_CODE,NOT_STARTED_G3,NOT_AUTHORIZED_G6,G3-CODE-GO-BASE-TFR-PAY-015,G3_REGISTER_HASH_VERIFIED_NUMBERED_EVIDENCE;TARGET_FAMILY_REGISTER_PIN_EXACT_SUPPLEMENT,b711226d9a6f4a78f0c5439e494b0c0c76c036b51a79228fe12538d8d98be9f6,7,TFR-PAY-015::PAY-DASHBOARD::PEP-PAY-001|SVC-PEP-PAY-001|XCON-015|EVT-PAY:HrisHomeContributionChanged.v1,NONE,NONE,NONE,NONE,NOT_STARTED,NO_EXACT_SLICE_ID_OR_EXACT_IMPLEMENTATION_PATH_EVIDENCE_AT_PINNED_COMMITS,DEP-001|DEP-002|DEP-003|DEP-013|DEP-016,G3-PAY-BE-MIGRATION|G3-PAY-BE-SOURCE|G3-PAY-BE-TEST|G3-PAY-FE-SOURCE,MIG-PAY-PAYROLL-1-49,CURRENT_JIT_LEASE_REQUIRED_IF_SCHEMA_TOUCH,16,HELD-16_HISTORICAL_STABLE_ORDER,NONE,NONE,RECOVERY_REGISTER_FE:08a05f764a7c6dec38cce2627b81bcb8ef87ee6c|CURRENT_FE:08a05f764a7c6dec38cce2627b81bcb8ef87ee6c|CURRENT_BE:5612cc1a0b4a21a4d0b9107739579f23d165790f|RECONCILED_FE:7f39d12cd10b8827c67355a7f445973d05373cc9|RECONCILED_BE:0731f6df2d55cdeb4784a09ae6e28d4ae4b0c294,HISTORICAL_CODE_GO_IS_NOT_CURRENT_AUTHORITY;G1_OVERLAY_ONLY;NO_MODULE_START_TOKEN;HISTORICAL_ALLOCATION_NOT_A_CURRENT_LEASE
BASE-TFR-PAY-016,BASE_TARGET_FAMILY,TFR-PAY-016,PAY,HRIS-PAY,PAY,38,G3A_BASE_016,OPEN_G3_CODE,NOT_STARTED_G3,NOT_AUTHORIZED_G6,G3-CODE-GO-BASE-TFR-PAY-016,G3_REGISTER_HASH_VERIFIED_NUMBERED_EVIDENCE;TARGET_FAMILY_REGISTER_PIN_EXACT_SUPPLEMENT,9b6cf3f5f875a60c8e7588be7d80a7c452de669ee09c53ac6fcb6ee6e9a0da5d,91,TFR-PAY-016::PAY-WORKER-INPUT::PEP-PAY-009|PEP-PAY-010|SVC-PEP-PER-001|XCON-020|XCON-021,NONE,NONE,NONE,NONE,NOT_STARTED,NO_EXACT_SLICE_ID_OR_EXACT_IMPLEMENTATION_PATH_EVIDENCE_AT_PINNED_COMMITS|REQUIRES_MOD_PER_COMPPLAN_PRODUCER_RESULT_PIN_BEFORE_TYPED_CONSUMER_INPUT,DEP-001|DEP-002|DEP-003|DEP-016|DEP-019,G3-PAY-BE-MIGRATION|G3-PAY-BE-SOURCE|G3-PAY-BE-TEST|G3-PAY-FE-SOURCE,MIG-PAY-PAYROLL-1-49,CURRENT_JIT_LEASE_REQUIRED_IF_SCHEMA_TOUCH,2,HELD-02_PAY_CHAIN_03_TYPED_CONSUMER_INPUT_AFTER_PRODUCER_RESULT_PIN,PAY_CHAIN_03_TYPED_CONSUMER_INPUT,NONE,RECOVERY_REGISTER_FE:08a05f764a7c6dec38cce2627b81bcb8ef87ee6c|CURRENT_FE:08a05f764a7c6dec38cce2627b81bcb8ef87ee6c|CURRENT_BE:5612cc1a0b4a21a4d0b9107739579f23d165790f|RECONCILED_FE:7f39d12cd10b8827c67355a7f445973d05373cc9|RECONCILED_BE:0731f6df2d55cdeb4784a09ae6e28d4ae4b0c294,HISTORICAL_CODE_GO_IS_NOT_CURRENT_AUTHORITY;G1_OVERLAY_ONLY;NO_MODULE_START_TOKEN;HISTORICAL_ALLOCATION_NOT_A_CURRENT_LEASE
BASE-TFR-PAY-017,BASE_TARGET_FAMILY,TFR-PAY-017,PAY,HRIS-PAY,PAY,39,G3A_BASE_017,OPEN_G3_CODE,NOT_STARTED_G3,NOT_AUTHORIZED_G6,G3-CODE-GO-BASE-TFR-PAY-017,G3_REGISTER_HASH_VERIFIED_NUMBERED_EVIDENCE;TARGET_FAMILY_REGISTER_PIN_EXACT_SUPPLEMENT,5ff23b732c42fbcf6402ab0cd9088438c5f81c41d76c99a7f1ee79877ac2c85b,34,TFR-PAY-017::PAY-YEA-HYBRID::PEP-PAY-029|PEP-PAY-030|PEP-PAY-031|EVT-PAY:YearEndCaseChanged,NONE,NONE,NONE,NONE,NOT_STARTED,NO_EXACT_SLICE_ID_OR_EXACT_IMPLEMENTATION_PATH_EVIDENCE_AT_PINNED_COMMITS,DEP-001|DEP-002|DEP-003|DEP-016,G3-PAY-BE-MIGRATION|G3-PAY-BE-SOURCE|G3-PAY-BE-TEST|G3-PAY-FE-SOURCE,MIG-PAY-PAYROLL-1-49,CURRENT_JIT_LEASE_REQUIRED_IF_SCHEMA_TOUCH,17,HELD-17_HISTORICAL_STABLE_ORDER,NONE,NONE,RECOVERY_REGISTER_FE:08a05f764a7c6dec38cce2627b81bcb8ef87ee6c|CURRENT_FE:08a05f764a7c6dec38cce2627b81bcb8ef87ee6c|CURRENT_BE:5612cc1a0b4a21a4d0b9107739579f23d165790f|RECONCILED_FE:7f39d12cd10b8827c67355a7f445973d05373cc9|RECONCILED_BE:0731f6df2d55cdeb4784a09ae6e28d4ae4b0c294,HISTORICAL_CODE_GO_IS_NOT_CURRENT_AUTHORITY;G1_OVERLAY_ONLY;NO_MODULE_START_TOKEN;HISTORICAL_ALLOCATION_NOT_A_CURRENT_LEASE
BASE-TFR-PAY-018,BASE_TARGET_FAMILY,TFR-PAY-018,PAY,HRIS-PAY,PAY,40,G3A_BASE_018,OPEN_G3_CODE,NOT_STARTED_G3,NOT_AUTHORIZED_G6,G3-CODE-GO-BASE-TFR-PAY-018,G3_REGISTER_HASH_VERIFIED_NUMBERED_EVIDENCE;TARGET_FAMILY_REGISTER_PIN_EXACT_SUPPLEMENT,7bec2dd1d923fff59069e8b842f0ad7d23393eda506b5afe2f5443df741c65fa,5,TFR-PAY-018::PAY-PLATFORM-AUTOMATION::SYS-API-017|SYS-API-018|SYS-API-019|SYS-API-020,NONE,NONE,NONE,NONE,NOT_STARTED,NO_EXACT_SLICE_ID_OR_EXACT_IMPLEMENTATION_PATH_EVIDENCE_AT_PINNED_COMMITS,DEP-001|DEP-002|DEP-003|DEP-004|DEP-005|DEP-016,G3-PAY-BE-MIGRATION|G3-PAY-BE-SOURCE|G3-PAY-BE-TEST|G3-PAY-FE-SOURCE,MIG-PAY-PAYROLL-1-49,CURRENT_JIT_LEASE_REQUIRED_IF_SCHEMA_TOUCH,18,HELD-18_HISTORICAL_STABLE_ORDER,NONE,NONE,RECOVERY_REGISTER_FE:08a05f764a7c6dec38cce2627b81bcb8ef87ee6c|CURRENT_FE:08a05f764a7c6dec38cce2627b81bcb8ef87ee6c|CURRENT_BE:5612cc1a0b4a21a4d0b9107739579f23d165790f|RECONCILED_FE:7f39d12cd10b8827c67355a7f445973d05373cc9|RECONCILED_BE:0731f6df2d55cdeb4784a09ae6e28d4ae4b0c294,HISTORICAL_CODE_GO_IS_NOT_CURRENT_AUTHORITY;G1_OVERLAY_ONLY;NO_MODULE_START_TOKEN;HISTORICAL_ALLOCATION_NOT_A_CURRENT_LEASE
BASE-TFR-PAY-019,BASE_TARGET_FAMILY,TFR-PAY-019,PAY,HRIS-PAY,PAY,41,G3A_BASE_019,OPEN_G3_CODE,NOT_STARTED_G3,NOT_AUTHORIZED_G6,G3-CODE-GO-BASE-TFR-PAY-019,G3_REGISTER_HASH_VERIFIED_NUMBERED_EVIDENCE;TARGET_FAMILY_REGISTER_PIN_EXACT_SUPPLEMENT,e4b4c748ed7bf38cb0b5fa4ceb87a168cc943fb61de25862a97631fc46bdd70b,13,TFR-PAY-019::PAY-PLATFORM-CONFIG::SYS-API-011|SYS-API-012|SYS-API-013|SYS-API-014|SYS-API-015|SYS-API-016|EVT-PAY:PolicyPublished,NONE,NONE,NONE,NONE,NOT_STARTED,NO_EXACT_SLICE_ID_OR_EXACT_IMPLEMENTATION_PATH_EVIDENCE_AT_PINNED_COMMITS,DEP-001|DEP-002|DEP-003|DEP-004|DEP-016,G3-PAY-BE-MIGRATION|G3-PAY-BE-SOURCE|G3-PAY-BE-TEST|G3-PAY-FE-SOURCE,MIG-PAY-PAYROLL-1-49,CURRENT_JIT_LEASE_REQUIRED_IF_SCHEMA_TOUCH,19,HELD-19_HISTORICAL_STABLE_ORDER,NONE,NONE,RECOVERY_REGISTER_FE:08a05f764a7c6dec38cce2627b81bcb8ef87ee6c|CURRENT_FE:08a05f764a7c6dec38cce2627b81bcb8ef87ee6c|CURRENT_BE:5612cc1a0b4a21a4d0b9107739579f23d165790f|RECONCILED_FE:7f39d12cd10b8827c67355a7f445973d05373cc9|RECONCILED_BE:0731f6df2d55cdeb4784a09ae6e28d4ae4b0c294,HISTORICAL_CODE_GO_IS_NOT_CURRENT_AUTHORITY;G1_OVERLAY_ONLY;NO_MODULE_START_TOKEN;HISTORICAL_ALLOCATION_NOT_A_CURRENT_LEASE
BASE-TFR-PAY-020,BASE_TARGET_FAMILY,TFR-PAY-020,PAY,HRIS-PAY,PAY,42,G3A_BASE_020,OPEN_G3_CODE,NOT_STARTED_G3,NOT_AUTHORIZED_G6,G3-CODE-GO-BASE-TFR-PAY-020,G3_REGISTER_HASH_VERIFIED_NUMBERED_EVIDENCE;TARGET_FAMILY_REGISTER_PIN_EXACT_SUPPLEMENT,2317b5fc393c62ef7c75da9f40c254fa9111136ff6a73fd177e949030fd2444f,19,TFR-PAY-020::PAY-TIME-PROJECTION::SVC-PEP-TIM-001|XCON-008|XCON-009|XCON-010|XCON-011,NONE,NONE,NONE,NONE,NOT_STARTED,NO_EXACT_SLICE_ID_OR_EXACT_IMPLEMENTATION_PATH_EVIDENCE_AT_PINNED_COMMITS,DEP-001|DEP-002|DEP-003|DEP-009|DEP-016,G3-PAY-BE-MIGRATION|G3-PAY-BE-SOURCE|G3-PAY-BE-TEST|G3-PAY-FE-SOURCE,MIG-PAY-PAYROLL-1-49,CURRENT_JIT_LEASE_REQUIRED_IF_SCHEMA_TOUCH,20,HELD-20_HISTORICAL_STABLE_ORDER,NONE,NONE,RECOVERY_REGISTER_FE:08a05f764a7c6dec38cce2627b81bcb8ef87ee6c|CURRENT_FE:08a05f764a7c6dec38cce2627b81bcb8ef87ee6c|CURRENT_BE:5612cc1a0b4a21a4d0b9107739579f23d165790f|RECONCILED_FE:7f39d12cd10b8827c67355a7f445973d05373cc9|RECONCILED_BE:0731f6df2d55cdeb4784a09ae6e28d4ae4b0c294,HISTORICAL_CODE_GO_IS_NOT_CURRENT_AUTHORITY;G1_OVERLAY_ONLY;NO_MODULE_START_TOKEN;HISTORICAL_ALLOCATION_NOT_A_CURRENT_LEASE
BASE-TFR-PAY-021,BASE_TARGET_FAMILY,TFR-PAY-021,PAY,HRIS-PAY,PAY,43,G3A_BASE_021,OPEN_G3_CODE,NOT_STARTED_G3,NOT_AUTHORIZED_G6,G3-CODE-GO-BASE-TFR-PAY-021,G3_REGISTER_HASH_VERIFIED_NUMBERED_EVIDENCE;TARGET_FAMILY_REGISTER_PIN_EXACT_SUPPLEMENT,cbbe83a930bb0d27e4c8020b51ec0ebe0049f43ad6894c0fdda2020d8565925d,6,TFR-PAY-021::PAY-HRM-PROJECTION::SVC-PEP-HRM-002|SVC-PEP-HRM-003|SVC-PEP-HRM-005|XCON-001|XCON-002|XCON-003|XCON-004|XCON-005|XCON-006|XCON-007|XCON-017|XCON-018|XCON-019,NONE,NONE,NONE,NONE,NOT_STARTED,NO_EXACT_SLICE_ID_OR_EXACT_IMPLEMENTATION_PATH_EVIDENCE_AT_PINNED_COMMITS,DEP-001|DEP-002|DEP-003|DEP-007|DEP-008|DEP-016,G3-PAY-BE-MIGRATION|G3-PAY-BE-SOURCE|G3-PAY-BE-TEST|G3-PAY-FE-SOURCE,MIG-PAY-PAYROLL-1-49,CURRENT_JIT_LEASE_REQUIRED_IF_SCHEMA_TOUCH,21,HELD-21_HISTORICAL_STABLE_ORDER,NONE,NONE,RECOVERY_REGISTER_FE:08a05f764a7c6dec38cce2627b81bcb8ef87ee6c|CURRENT_FE:08a05f764a7c6dec38cce2627b81bcb8ef87ee6c|CURRENT_BE:5612cc1a0b4a21a4d0b9107739579f23d165790f|RECONCILED_FE:7f39d12cd10b8827c67355a7f445973d05373cc9|RECONCILED_BE:0731f6df2d55cdeb4784a09ae6e28d4ae4b0c294,HISTORICAL_CODE_GO_IS_NOT_CURRENT_AUTHORITY;G1_OVERLAY_ONLY;NO_MODULE_START_TOKEN;HISTORICAL_ALLOCATION_NOT_A_CURRENT_LEASE
BASE-TFR-PER-001,BASE_TARGET_FAMILY,TFR-PER-001,PER,HRIS-PER,PER,44,G3A_BASE_001,OPEN_G3_CODE,NOT_STARTED_G3,NOT_AUTHORIZED_G6,G3-CODE-GO-BASE-TFR-PER-001,G3_REGISTER_HASH_VERIFIED_NUMBERED_EVIDENCE;TARGET_FAMILY_REGISTER_PIN_EXACT_SUPPLEMENT,cb7aa91280cca068e3ea8515562402a6584b12e2505f04d9b9c99917a22f114c,2,TFR-PER-001::PER-NOTIFICATION-001::PLAT-004,NONE,NONE,NONE,NONE,NOT_STARTED,NO_EXACT_SLICE_ID_OR_EXACT_IMPLEMENTATION_PATH_EVIDENCE_AT_PINNED_COMMITS,DEP-001|DEP-002|DEP-003|DEP-015|DEP-016,G3-PER-BE-MIGRATION|G3-PER-BE-SOURCE|G3-PER-BE-TEST|G3-PER-FE-SOURCE,MIG-PER-PERFORMANCE-1-63,CURRENT_JIT_LEASE_REQUIRED_IF_SCHEMA_TOUCH,5,HELD-05_HISTORICAL_STABLE_ORDER,NONE,NONE,RECOVERY_REGISTER_FE:08a05f764a7c6dec38cce2627b81bcb8ef87ee6c|CURRENT_FE:08a05f764a7c6dec38cce2627b81bcb8ef87ee6c|CURRENT_BE:5612cc1a0b4a21a4d0b9107739579f23d165790f|RECONCILED_FE:7f39d12cd10b8827c67355a7f445973d05373cc9|RECONCILED_BE:0731f6df2d55cdeb4784a09ae6e28d4ae4b0c294,HISTORICAL_CODE_GO_IS_NOT_CURRENT_AUTHORITY;G1_OVERLAY_ONLY;NO_MODULE_START_TOKEN;HISTORICAL_ALLOCATION_NOT_A_CURRENT_LEASE
BASE-TFR-PER-002,BASE_TARGET_FAMILY,TFR-PER-002,PER,HRIS-PER,PER,45,G3A_BASE_002,OPEN_G3_CODE,NOT_STARTED_G3,NOT_AUTHORIZED_G6,G3-CODE-GO-BASE-TFR-PER-002,G3_REGISTER_HASH_VERIFIED_NUMBERED_EVIDENCE;TARGET_FAMILY_REGISTER_PIN_EXACT_SUPPLEMENT,69e28b14370438a36630d5d8b0c27d6e83d13b08b2fa98b711e3769719c36e93,36,TFR-PER-002::PER-CALIBRATION-001::PEP-PER-017|EVT-PER:PerformanceCalibrationApproved.v1,NONE,NONE,NONE,NONE,NOT_STARTED,NO_EXACT_SLICE_ID_OR_EXACT_IMPLEMENTATION_PATH_EVIDENCE_AT_PINNED_COMMITS,DEP-001|DEP-002|DEP-003|DEP-016,G3-PER-BE-MIGRATION|G3-PER-BE-SOURCE|G3-PER-BE-TEST|G3-PER-FE-SOURCE,MIG-PER-PERFORMANCE-1-63,CURRENT_JIT_LEASE_REQUIRED_IF_SCHEMA_TOUCH,6,HELD-06_HISTORICAL_STABLE_ORDER,NONE,NONE,RECOVERY_REGISTER_FE:08a05f764a7c6dec38cce2627b81bcb8ef87ee6c|CURRENT_FE:08a05f764a7c6dec38cce2627b81bcb8ef87ee6c|CURRENT_BE:5612cc1a0b4a21a4d0b9107739579f23d165790f|RECONCILED_FE:7f39d12cd10b8827c67355a7f445973d05373cc9|RECONCILED_BE:0731f6df2d55cdeb4784a09ae6e28d4ae4b0c294,HISTORICAL_CODE_GO_IS_NOT_CURRENT_AUTHORITY;G1_OVERLAY_ONLY;NO_MODULE_START_TOKEN;HISTORICAL_ALLOCATION_NOT_A_CURRENT_LEASE
BASE-TFR-PER-003,BASE_TARGET_FAMILY,TFR-PER-003,PER,HRIS-PER,PER,46,G3A_BASE_003,OPEN_G3_CODE,NOT_STARTED_G3,NOT_AUTHORIZED_G6,G3-CODE-GO-BASE-TFR-PER-003,G3_REGISTER_HASH_VERIFIED_NUMBERED_EVIDENCE;TARGET_FAMILY_REGISTER_PIN_EXACT_SUPPLEMENT,c50fb52b58bac3d189362d65a838a1ff3c0a9fc670f9b4ca1535f9da899e56cc,27,TFR-PER-003::PER-CHECKIN-001::PEP-PER-016,NONE,NONE,NONE,NONE,NOT_STARTED,NO_EXACT_SLICE_ID_OR_EXACT_IMPLEMENTATION_PATH_EVIDENCE_AT_PINNED_COMMITS,DEP-001|DEP-002|DEP-003|DEP-016,G3-PER-BE-MIGRATION|G3-PER-BE-SOURCE|G3-PER-BE-TEST|G3-PER-FE-SOURCE,MIG-PER-PERFORMANCE-1-63,CURRENT_JIT_LEASE_REQUIRED_IF_SCHEMA_TOUCH,7,HELD-07_HISTORICAL_STABLE_ORDER,NONE,NONE,RECOVERY_REGISTER_FE:08a05f764a7c6dec38cce2627b81bcb8ef87ee6c|CURRENT_FE:08a05f764a7c6dec38cce2627b81bcb8ef87ee6c|CURRENT_BE:5612cc1a0b4a21a4d0b9107739579f23d165790f|RECONCILED_FE:7f39d12cd10b8827c67355a7f445973d05373cc9|RECONCILED_BE:0731f6df2d55cdeb4784a09ae6e28d4ae4b0c294,HISTORICAL_CODE_GO_IS_NOT_CURRENT_AUTHORITY;G1_OVERLAY_ONLY;NO_MODULE_START_TOKEN;HISTORICAL_ALLOCATION_NOT_A_CURRENT_LEASE
BASE-TFR-PER-004,BASE_TARGET_FAMILY,TFR-PER-004,PER,HRIS-PER,PER,47,G3A_BASE_004,OPEN_G3_CODE,NOT_STARTED_G3,NOT_AUTHORIZED_G6,G3-CODE-GO-BASE-TFR-PER-004,G3_REGISTER_HASH_VERIFIED_NUMBERED_EVIDENCE;TARGET_FAMILY_REGISTER_PIN_EXACT_SUPPLEMENT,fdd2331792c4e3e3b4d132fce534c3d05769ade2273d40d851eb2c64883c043c,12,TFR-PER-004::PER-CONFIG-001::SYS-API-011|SYS-API-012|SYS-API-013|SYS-API-014|SYS-API-015|SYS-API-016,NONE,NONE,NONE,NONE,NOT_STARTED,NO_EXACT_SLICE_ID_OR_EXACT_IMPLEMENTATION_PATH_EVIDENCE_AT_PINNED_COMMITS,DEP-001|DEP-002|DEP-003|DEP-004|DEP-016,G3-PER-BE-MIGRATION|G3-PER-BE-SOURCE|G3-PER-BE-TEST|G3-PER-FE-SOURCE,MIG-PER-PERFORMANCE-1-63,CURRENT_JIT_LEASE_REQUIRED_IF_SCHEMA_TOUCH,8,HELD-08_HISTORICAL_STABLE_ORDER,NONE,NONE,RECOVERY_REGISTER_FE:08a05f764a7c6dec38cce2627b81bcb8ef87ee6c|CURRENT_FE:08a05f764a7c6dec38cce2627b81bcb8ef87ee6c|CURRENT_BE:5612cc1a0b4a21a4d0b9107739579f23d165790f|RECONCILED_FE:7f39d12cd10b8827c67355a7f445973d05373cc9|RECONCILED_BE:0731f6df2d55cdeb4784a09ae6e28d4ae4b0c294,HISTORICAL_CODE_GO_IS_NOT_CURRENT_AUTHORITY;G1_OVERLAY_ONLY;NO_MODULE_START_TOKEN;HISTORICAL_ALLOCATION_NOT_A_CURRENT_LEASE
BASE-TFR-PER-005,BASE_TARGET_FAMILY,TFR-PER-005,PER,HRIS-PER,PER,48,G3A_BASE_005,OPEN_G3_CODE,NOT_STARTED_G3,NOT_AUTHORIZED_G6,G3-CODE-GO-BASE-TFR-PER-005,G3_REGISTER_HASH_VERIFIED_NUMBERED_EVIDENCE;TARGET_FAMILY_REGISTER_PIN_EXACT_SUPPLEMENT;PACKET_SEAL_AND_FIRST_SLICE_ROW_BINDING_VALID;PACKET_BINDINGS_EXACT,443bab3c10a78d69ba0b7a7d4c9f1c044cc4cbed70c2a2e47d97a069718d531a,8,TFR-PER-005::PER-CYCLE-001::PEP-PER-002|PEP-PER-003|PEP-PER-004|PEP-PER-005|PEP-PER-006|PEP-PER-007|EVT-PER:PerformanceCyclePublished.v1,NONE,NONE,apps/dwp/src/features/hris/performance/pages/hris-performance-cycle-studio.tsx@39e50c6ba295c87c5d9d69b2f4fac2fa85363977:blob|apps/dwp/src/features/hris/performance/model/performance-cycle-contract.ts@ebbc081178836cffe4c94ead08cbc1d0c74f1e89:blob,dwp-people-server/src/main/java/com/dwp/services/people/hr/performance/PerformanceCycleService.java@7e53b6fba29d0a16be12e10aba594a76846668fc:blob|dwp-people-server/src/main/resources/db/performance-migration/V1__per_create_evaluation_cycle_foundation.sql@3bfb2b6570863e31f1916abe8dae03be90f8d96f:blob|SLICE_ID:dwp-people-server/src/main/resources/db/performance-migration/V1__per_create_evaluation_cycle_foundation.sql,PRESENT_RECONCILED_PENDING_INTEGRATION,NOT_PRESENT_AS_EXACT_SLICE_AT_CURRENT_PINS|REQUIRES_SEMANTIC_PORT_AND_TARGETED_CONTRACT_VALIDATION,DEP-001|DEP-002|DEP-003|DEP-004|DEP-016,G3-PER-BE-MIGRATION|G3-PER-BE-SOURCE|G3-PER-BE-TEST|G3-PER-FE-SOURCE,MIG-PER-PERFORMANCE-1-63,CURRENT_JIT_LEASE_REQUIRED_IF_SCHEMA_TOUCH,1,NEXT-01_RECONCILED_INTEGRATION,NONE,FE:f3db8b1ed5265ef83caff1ae1b8374119d373d3b|BE:af0809d58298f0bff0bbcc075684101c6fc3262c,RECOVERY_REGISTER_FE:08a05f764a7c6dec38cce2627b81bcb8ef87ee6c|CURRENT_FE:08a05f764a7c6dec38cce2627b81bcb8ef87ee6c|CURRENT_BE:5612cc1a0b4a21a4d0b9107739579f23d165790f|RECONCILED_FE:7f39d12cd10b8827c67355a7f445973d05373cc9|RECONCILED_BE:0731f6df2d55cdeb4784a09ae6e28d4ae4b0c294,HISTORICAL_CODE_GO_IS_NOT_CURRENT_AUTHORITY;G1_OVERLAY_ONLY;NO_MODULE_START_TOKEN;HISTORICAL_ALLOCATION_NOT_A_CURRENT_LEASE
BASE-TFR-PER-006,BASE_TARGET_FAMILY,TFR-PER-006,PER,HRIS-PER,PER,49,G3A_BASE_006,OPEN_G3_CODE,NOT_STARTED_G3,NOT_AUTHORIZED_G6,G3-CODE-GO-BASE-TFR-PER-006,G3_REGISTER_HASH_VERIFIED_NUMBERED_EVIDENCE;TARGET_FAMILY_REGISTER_PIN_EXACT_SUPPLEMENT,4a8efebbae76c0aab5c9b4b740daf6945ac6f22ca628fdf066bf8aa286e30ca2,42,TFR-PER-006::PER-POPULATION-001::PEP-PER-008|PEP-PER-009|EVT-PER:PerformancePopulationFrozen.v1,NONE,NONE,NONE,NONE,NOT_STARTED,NO_EXACT_SLICE_ID_OR_EXACT_IMPLEMENTATION_PATH_EVIDENCE_AT_PINNED_COMMITS,DEP-001|DEP-002|DEP-003|DEP-016,G3-PER-BE-MIGRATION|G3-PER-BE-SOURCE|G3-PER-BE-TEST|G3-PER-FE-SOURCE,MIG-PER-PERFORMANCE-1-63,CURRENT_JIT_LEASE_REQUIRED_IF_SCHEMA_TOUCH,2,HELD-02_PACKET_ORDER,NONE,NONE,RECOVERY_REGISTER_FE:08a05f764a7c6dec38cce2627b81bcb8ef87ee6c|CURRENT_FE:08a05f764a7c6dec38cce2627b81bcb8ef87ee6c|CURRENT_BE:5612cc1a0b4a21a4d0b9107739579f23d165790f|RECONCILED_FE:7f39d12cd10b8827c67355a7f445973d05373cc9|RECONCILED_BE:0731f6df2d55cdeb4784a09ae6e28d4ae4b0c294,HISTORICAL_CODE_GO_IS_NOT_CURRENT_AUTHORITY;G1_OVERLAY_ONLY;NO_MODULE_START_TOKEN;HISTORICAL_ALLOCATION_NOT_A_CURRENT_LEASE
BASE-TFR-PER-007,BASE_TARGET_FAMILY,TFR-PER-007,PER,HRIS-PER,PER,50,G3A_BASE_007,OPEN_G3_CODE,NOT_STARTED_G3,NOT_AUTHORIZED_G6,G3-CODE-GO-BASE-TFR-PER-007,G3_REGISTER_HASH_VERIFIED_NUMBERED_EVIDENCE;TARGET_FAMILY_REGISTER_PIN_EXACT_SUPPLEMENT,9c10e1d03cb59f039990cab408d4e3a548d70120ffd8c5cc0c8b0ece26337a91,5,TFR-PER-007::PER-HOME-001::PEP-PER-001|SVC-PEP-PER-002|XCON-012|EVT-PER:HrisHomeContributionChanged.v1,NONE,NONE,NONE,NONE,NOT_STARTED,NO_EXACT_SLICE_ID_OR_EXACT_IMPLEMENTATION_PATH_EVIDENCE_AT_PINNED_COMMITS,DEP-001|DEP-002|DEP-003|DEP-010|DEP-016,G3-PER-BE-MIGRATION|G3-PER-BE-SOURCE|G3-PER-BE-TEST|G3-PER-FE-SOURCE,MIG-PER-PERFORMANCE-1-63,CURRENT_JIT_LEASE_REQUIRED_IF_SCHEMA_TOUCH,9,HELD-09_HISTORICAL_STABLE_ORDER,NONE,NONE,RECOVERY_REGISTER_FE:08a05f764a7c6dec38cce2627b81bcb8ef87ee6c|CURRENT_FE:08a05f764a7c6dec38cce2627b81bcb8ef87ee6c|CURRENT_BE:5612cc1a0b4a21a4d0b9107739579f23d165790f|RECONCILED_FE:7f39d12cd10b8827c67355a7f445973d05373cc9|RECONCILED_BE:0731f6df2d55cdeb4784a09ae6e28d4ae4b0c294,HISTORICAL_CODE_GO_IS_NOT_CURRENT_AUTHORITY;G1_OVERLAY_ONLY;NO_MODULE_START_TOKEN;HISTORICAL_ALLOCATION_NOT_A_CURRENT_LEASE
BASE-TFR-PER-008,BASE_TARGET_FAMILY,TFR-PER-008,PER,HRIS-PER,PER,51,G3A_BASE_008,OPEN_G3_CODE,NOT_STARTED_G3,NOT_AUTHORIZED_G6,G3-CODE-GO-BASE-TFR-PER-008,G3_REGISTER_HASH_VERIFIED_NUMBERED_EVIDENCE;TARGET_FAMILY_REGISTER_PIN_EXACT_SUPPLEMENT,1e93491c7430eb638dc8f4be92cc053a74e3f2088bdb005e5645019675288735,14,TFR-PER-008::PER-FEEDBACK-001::PEP-PER-015|EVT-PER:PerformanceFeedbackSubmitted.v1,NONE,NONE,NONE,NONE,NOT_STARTED,NO_EXACT_SLICE_ID_OR_EXACT_IMPLEMENTATION_PATH_EVIDENCE_AT_PINNED_COMMITS,DEP-001|DEP-002|DEP-003|DEP-016,G3-PER-BE-MIGRATION|G3-PER-BE-SOURCE|G3-PER-BE-TEST|G3-PER-FE-SOURCE,MIG-PER-PERFORMANCE-1-63,CURRENT_JIT_LEASE_REQUIRED_IF_SCHEMA_TOUCH,10,HELD-10_HISTORICAL_STABLE_ORDER,NONE,NONE,RECOVERY_REGISTER_FE:08a05f764a7c6dec38cce2627b81bcb8ef87ee6c|CURRENT_FE:08a05f764a7c6dec38cce2627b81bcb8ef87ee6c|CURRENT_BE:5612cc1a0b4a21a4d0b9107739579f23d165790f|RECONCILED_FE:7f39d12cd10b8827c67355a7f445973d05373cc9|RECONCILED_BE:0731f6df2d55cdeb4784a09ae6e28d4ae4b0c294,HISTORICAL_CODE_GO_IS_NOT_CURRENT_AUTHORITY;G1_OVERLAY_ONLY;NO_MODULE_START_TOKEN;HISTORICAL_ALLOCATION_NOT_A_CURRENT_LEASE
BASE-TFR-PER-009,BASE_TARGET_FAMILY,TFR-PER-009,PER,HRIS-PER,PER,52,G3A_BASE_009,OPEN_G3_CODE,NOT_STARTED_G3,NOT_AUTHORIZED_G6,G3-CODE-GO-BASE-TFR-PER-009,G3_REGISTER_HASH_VERIFIED_NUMBERED_EVIDENCE;TARGET_FAMILY_REGISTER_PIN_EXACT_SUPPLEMENT,21fa3ac9605bfe264bea52502bd41e1a4608e0feec4e30ea2ecaf276c99b3286,77,TFR-PER-009::PER-GOAL-001::PEP-PER-010|PEP-PER-011|EVT-PER:PerformanceGoalCommitted.v1,NONE,NONE,apps/dwp/src/features/hris/performance/model/performance-goal-model.ts@ddb372477b3deefad7ebba4cfefa9288544d4aa9:blob|apps/dwp/src/features/hris/performance/pages/hris-performance-workspace.tsx@abcaa7b437e30c4d91367f487c7994674fc2d127:blob,NONE,PARTIAL_OVERLAP,RECONCILED_PERSONAL_GOAL_OVERLAPS_GOAL_SLICE;BACKEND_AND_FULL_SLICE_CONFORMANCE_NOT_PROVEN,DEP-001|DEP-002|DEP-003|DEP-016,G3-PER-BE-MIGRATION|G3-PER-BE-SOURCE|G3-PER-BE-TEST|G3-PER-FE-SOURCE,MIG-PER-PERFORMANCE-1-63,CURRENT_JIT_LEASE_REQUIRED_IF_SCHEMA_TOUCH,11,HELD-11_HISTORICAL_STABLE_ORDER,NONE,FE:f3db8b1ed5265ef83caff1ae1b8374119d373d3b,RECOVERY_REGISTER_FE:08a05f764a7c6dec38cce2627b81bcb8ef87ee6c|CURRENT_FE:08a05f764a7c6dec38cce2627b81bcb8ef87ee6c|CURRENT_BE:5612cc1a0b4a21a4d0b9107739579f23d165790f|RECONCILED_FE:7f39d12cd10b8827c67355a7f445973d05373cc9|RECONCILED_BE:0731f6df2d55cdeb4784a09ae6e28d4ae4b0c294,HISTORICAL_CODE_GO_IS_NOT_CURRENT_AUTHORITY;G1_OVERLAY_ONLY;NO_MODULE_START_TOKEN;HISTORICAL_ALLOCATION_NOT_A_CURRENT_LEASE
BASE-TFR-PER-010,BASE_TARGET_FAMILY,TFR-PER-010,PER,HRIS-PER,PER,53,G3A_BASE_010,OPEN_G3_CODE,NOT_STARTED_G3,NOT_AUTHORIZED_G6,G3-CODE-GO-BASE-TFR-PER-010,G3_REGISTER_HASH_VERIFIED_NUMBERED_EVIDENCE;TARGET_FAMILY_REGISTER_PIN_EXACT_SUPPLEMENT,a8685d51d2020f5b1320731f8a6e23645480cad24a988716153b56e178d26457,6,TFR-PER-010::PER-INTEGRATION-001::PEP-PER-020|EVT-PER:PerformanceImportCompleted.v1,NONE,NONE,NONE,NONE,NOT_STARTED,NO_EXACT_SLICE_ID_OR_EXACT_IMPLEMENTATION_PATH_EVIDENCE_AT_PINNED_COMMITS,DEP-001|DEP-002|DEP-003|DEP-016,G3-PER-BE-MIGRATION|G3-PER-BE-SOURCE|G3-PER-BE-TEST|G3-PER-FE-SOURCE,MIG-PER-PERFORMANCE-1-63,CURRENT_JIT_LEASE_REQUIRED_IF_SCHEMA_TOUCH,12,HELD-12_HISTORICAL_STABLE_ORDER,NONE,NONE,RECOVERY_REGISTER_FE:08a05f764a7c6dec38cce2627b81bcb8ef87ee6c|CURRENT_FE:08a05f764a7c6dec38cce2627b81bcb8ef87ee6c|CURRENT_BE:5612cc1a0b4a21a4d0b9107739579f23d165790f|RECONCILED_FE:7f39d12cd10b8827c67355a7f445973d05373cc9|RECONCILED_BE:0731f6df2d55cdeb4784a09ae6e28d4ae4b0c294,HISTORICAL_CODE_GO_IS_NOT_CURRENT_AUTHORITY;G1_OVERLAY_ONLY;NO_MODULE_START_TOKEN;HISTORICAL_ALLOCATION_NOT_A_CURRENT_LEASE
BASE-TFR-PER-011,BASE_TARGET_FAMILY,TFR-PER-011,PER,HRIS-PER,PER,54,G3A_BASE_011,OPEN_G3_CODE,NOT_STARTED_G3,NOT_AUTHORIZED_G6,G3-CODE-GO-BASE-TFR-PER-011,G3_REGISTER_HASH_VERIFIED_NUMBERED_EVIDENCE;TARGET_FAMILY_REGISTER_PIN_EXACT_SUPPLEMENT,69f220f389e46e7e48dd15bee334c9c3dbc65425c48d28c956c898ecd5f89c19,27,TFR-PER-011::PER-MONITOR-001::PEP-PER-001|PEP-PER-021|PLAT-005,NONE,NONE,NONE,NONE,NOT_STARTED,NO_EXACT_SLICE_ID_OR_EXACT_IMPLEMENTATION_PATH_EVIDENCE_AT_PINNED_COMMITS,DEP-001|DEP-002|DEP-003|DEP-016,G3-PER-BE-MIGRATION|G3-PER-BE-SOURCE|G3-PER-BE-TEST|G3-PER-FE-SOURCE,MIG-PER-PERFORMANCE-1-63,CURRENT_JIT_LEASE_REQUIRED_IF_SCHEMA_TOUCH,13,HELD-13_HISTORICAL_STABLE_ORDER,NONE,NONE,RECOVERY_REGISTER_FE:08a05f764a7c6dec38cce2627b81bcb8ef87ee6c|CURRENT_FE:08a05f764a7c6dec38cce2627b81bcb8ef87ee6c|CURRENT_BE:5612cc1a0b4a21a4d0b9107739579f23d165790f|RECONCILED_FE:7f39d12cd10b8827c67355a7f445973d05373cc9|RECONCILED_BE:0731f6df2d55cdeb4784a09ae6e28d4ae4b0c294,HISTORICAL_CODE_GO_IS_NOT_CURRENT_AUTHORITY;G1_OVERLAY_ONLY;NO_MODULE_START_TOKEN;HISTORICAL_ALLOCATION_NOT_A_CURRENT_LEASE
BASE-TFR-PER-012,BASE_TARGET_FAMILY,TFR-PER-012,PER,HRIS-PER,PER,55,G3A_BASE_012,OPEN_G3_CODE,NOT_STARTED_G3,NOT_AUTHORIZED_G6,G3-CODE-GO-BASE-TFR-PER-012,G3_REGISTER_HASH_VERIFIED_NUMBERED_EVIDENCE;TARGET_FAMILY_REGISTER_PIN_EXACT_SUPPLEMENT,eac17bfc738c230abe2088bb0aaa4dc8c150816ff6420e57b1fb1ecface3859d,35,TFR-PER-012::PER-RESULT-001::PEP-PER-018|PEP-PER-019|EVT-PER:PerformanceResultsPublished.v1|EVT-PER:PerformanceAppealResolved.v1,NONE,NONE,NONE,NONE,NOT_STARTED,NO_EXACT_SLICE_ID_OR_EXACT_IMPLEMENTATION_PATH_EVIDENCE_AT_PINNED_COMMITS,DEP-001|DEP-002|DEP-003|DEP-016,G3-PER-BE-MIGRATION|G3-PER-BE-SOURCE|G3-PER-BE-TEST|G3-PER-FE-SOURCE,MIG-PER-PERFORMANCE-1-63,CURRENT_JIT_LEASE_REQUIRED_IF_SCHEMA_TOUCH,14,HELD-14_HISTORICAL_STABLE_ORDER,NONE,NONE,RECOVERY_REGISTER_FE:08a05f764a7c6dec38cce2627b81bcb8ef87ee6c|CURRENT_FE:08a05f764a7c6dec38cce2627b81bcb8ef87ee6c|CURRENT_BE:5612cc1a0b4a21a4d0b9107739579f23d165790f|RECONCILED_FE:7f39d12cd10b8827c67355a7f445973d05373cc9|RECONCILED_BE:0731f6df2d55cdeb4784a09ae6e28d4ae4b0c294,HISTORICAL_CODE_GO_IS_NOT_CURRENT_AUTHORITY;G1_OVERLAY_ONLY;NO_MODULE_START_TOKEN;HISTORICAL_ALLOCATION_NOT_A_CURRENT_LEASE
BASE-TFR-PER-013,BASE_TARGET_FAMILY,TFR-PER-013,PER,HRIS-PER,PER,56,G3A_BASE_013,OPEN_G3_CODE,NOT_STARTED_G3,NOT_AUTHORIZED_G6,G3-CODE-GO-BASE-TFR-PER-013,G3_REGISTER_HASH_VERIFIED_NUMBERED_EVIDENCE;TARGET_FAMILY_REGISTER_PIN_EXACT_SUPPLEMENT,e3059c698654bf061da72729e99a66a5b3fb9c66668d9ffe13ffb1e15150799b,26,TFR-PER-013::PER-REVIEW-001::PEP-PER-012|PEP-PER-013|PEP-PER-014|EVT-PER:PerformanceReviewSubmitted.v1,NONE,NONE,NONE,NONE,NOT_STARTED,NO_EXACT_SLICE_ID_OR_EXACT_IMPLEMENTATION_PATH_EVIDENCE_AT_PINNED_COMMITS,DEP-001|DEP-002|DEP-003|DEP-016,G3-PER-BE-MIGRATION|G3-PER-BE-SOURCE|G3-PER-BE-TEST|G3-PER-FE-SOURCE,MIG-PER-PERFORMANCE-1-63,CURRENT_JIT_LEASE_REQUIRED_IF_SCHEMA_TOUCH,4,HELD-04_PACKET_ORDER,NONE,NONE,RECOVERY_REGISTER_FE:08a05f764a7c6dec38cce2627b81bcb8ef87ee6c|CURRENT_FE:08a05f764a7c6dec38cce2627b81bcb8ef87ee6c|CURRENT_BE:5612cc1a0b4a21a4d0b9107739579f23d165790f|RECONCILED_FE:7f39d12cd10b8827c67355a7f445973d05373cc9|RECONCILED_BE:0731f6df2d55cdeb4784a09ae6e28d4ae4b0c294,HISTORICAL_CODE_GO_IS_NOT_CURRENT_AUTHORITY;G1_OVERLAY_ONLY;NO_MODULE_START_TOKEN;HISTORICAL_ALLOCATION_NOT_A_CURRENT_LEASE
BASE-TFR-PER-014,BASE_TARGET_FAMILY,TFR-PER-014,PER,HRIS-PER,PER,57,G3A_BASE_014,OPEN_G3_CODE,NOT_STARTED_G3,NOT_AUTHORIZED_G6,G3-CODE-GO-BASE-TFR-PER-014,G3_REGISTER_HASH_VERIFIED_NUMBERED_EVIDENCE;TARGET_FAMILY_REGISTER_PIN_EXACT_SUPPLEMENT,48b2d4893e1bf414d84f30931afc0b54a99a0c89d7c276f8ebc7708272b96082,22,TFR-PER-014::PER-TEMPLATE-001::PEP-PER-003|PEP-PER-005|PEP-PER-006|PEP-PER-007,NONE,NONE,NONE,NONE,NOT_STARTED,NO_EXACT_SLICE_ID_OR_EXACT_IMPLEMENTATION_PATH_EVIDENCE_AT_PINNED_COMMITS,DEP-001|DEP-002|DEP-003|DEP-004|DEP-016,G3-PER-BE-MIGRATION|G3-PER-BE-SOURCE|G3-PER-BE-TEST|G3-PER-FE-SOURCE,MIG-PER-PERFORMANCE-1-63,CURRENT_JIT_LEASE_REQUIRED_IF_SCHEMA_TOUCH,15,HELD-15_HISTORICAL_STABLE_ORDER,NONE,NONE,RECOVERY_REGISTER_FE:08a05f764a7c6dec38cce2627b81bcb8ef87ee6c|CURRENT_FE:08a05f764a7c6dec38cce2627b81bcb8ef87ee6c|CURRENT_BE:5612cc1a0b4a21a4d0b9107739579f23d165790f|RECONCILED_FE:7f39d12cd10b8827c67355a7f445973d05373cc9|RECONCILED_BE:0731f6df2d55cdeb4784a09ae6e28d4ae4b0c294,HISTORICAL_CODE_GO_IS_NOT_CURRENT_AUTHORITY;G1_OVERLAY_ONLY;NO_MODULE_START_TOKEN;HISTORICAL_ALLOCATION_NOT_A_CURRENT_LEASE
BASE-TFR-PER-015,BASE_TARGET_FAMILY,TFR-PER-015,PER,HRIS-PER,PER,58,G3A_BASE_015,OPEN_G3_CODE,NOT_STARTED_G3,NOT_AUTHORIZED_G6,G3-CODE-GO-BASE-TFR-PER-015,G3_REGISTER_HASH_VERIFIED_NUMBERED_EVIDENCE;TARGET_FAMILY_REGISTER_PIN_EXACT_SUPPLEMENT,585ec257708bee75216df5e76fd307bc7ad176e68ba10c7add31b5594761e294,4,TFR-PER-015::PER-PLATFORM-001::SYS-API-017|SYS-API-018|SYS-API-019|SYS-API-020,NONE,NONE,NONE,NONE,NOT_STARTED,NO_EXACT_SLICE_ID_OR_EXACT_IMPLEMENTATION_PATH_EVIDENCE_AT_PINNED_COMMITS,DEP-001|DEP-002|DEP-003|DEP-004|DEP-005|DEP-016,G3-PER-BE-MIGRATION|G3-PER-BE-SOURCE|G3-PER-BE-TEST|G3-PER-FE-SOURCE,MIG-PER-PERFORMANCE-1-63,CURRENT_JIT_LEASE_REQUIRED_IF_SCHEMA_TOUCH,16,HELD-16_HISTORICAL_STABLE_ORDER,NONE,NONE,RECOVERY_REGISTER_FE:08a05f764a7c6dec38cce2627b81bcb8ef87ee6c|CURRENT_FE:08a05f764a7c6dec38cce2627b81bcb8ef87ee6c|CURRENT_BE:5612cc1a0b4a21a4d0b9107739579f23d165790f|RECONCILED_FE:7f39d12cd10b8827c67355a7f445973d05373cc9|RECONCILED_BE:0731f6df2d55cdeb4784a09ae6e28d4ae4b0c294,HISTORICAL_CODE_GO_IS_NOT_CURRENT_AUTHORITY;G1_OVERLAY_ONLY;NO_MODULE_START_TOKEN;HISTORICAL_ALLOCATION_NOT_A_CURRENT_LEASE
BASE-TFR-PER-016,BASE_TARGET_FAMILY,TFR-PER-016,PER,HRIS-PER,PER,59,G3A_BASE_016,OPEN_G3_CODE,NOT_STARTED_G3,NOT_AUTHORIZED_G6,G3-CODE-GO-BASE-TFR-PER-016,G3_REGISTER_HASH_VERIFIED_NUMBERED_EVIDENCE;TARGET_FAMILY_REGISTER_PIN_EXACT_SUPPLEMENT,3c3ca65f37cbe69a58be6ee42c97e3e979b976d0b878c5f0499dbe6d8ff88b84,6,TFR-PER-016::PER-WORKFORCE-PROJECTION-001::SVC-PEP-HRM-002|XCON-001|XCON-003|XCON-004|XCON-005|XCON-006,NONE,NONE,NONE,NONE,NOT_STARTED,NO_EXACT_SLICE_ID_OR_EXACT_IMPLEMENTATION_PATH_EVIDENCE_AT_PINNED_COMMITS,DEP-001|DEP-002|DEP-003|DEP-007|DEP-016,G3-PER-BE-MIGRATION|G3-PER-BE-SOURCE|G3-PER-BE-TEST|G3-PER-FE-SOURCE,MIG-PER-PERFORMANCE-1-63,CURRENT_JIT_LEASE_REQUIRED_IF_SCHEMA_TOUCH,3,HELD-03_PACKET_ORDER,NONE,NONE,RECOVERY_REGISTER_FE:08a05f764a7c6dec38cce2627b81bcb8ef87ee6c|CURRENT_FE:08a05f764a7c6dec38cce2627b81bcb8ef87ee6c|CURRENT_BE:5612cc1a0b4a21a4d0b9107739579f23d165790f|RECONCILED_FE:7f39d12cd10b8827c67355a7f445973d05373cc9|RECONCILED_BE:0731f6df2d55cdeb4784a09ae6e28d4ae4b0c294,HISTORICAL_CODE_GO_IS_NOT_CURRENT_AUTHORITY;G1_OVERLAY_ONLY;NO_MODULE_START_TOKEN;HISTORICAL_ALLOCATION_NOT_A_CURRENT_LEASE
MOD-PER-SKILLS,MODERN_CAPABILITY,HRIS.MODERN.SKILLS_ONTOLOGY,PER,HRIS-PER,PER,60,G3B_FOUNDATION,OPEN_G3_CODE,NOT_STARTED_G3,NOT_AUTHORIZED_G6,G3-CODE-GO-MOD-PER-SKILLS,G3_REGISTER_HASH_VERIFIED_NUMBERED_EVIDENCE;MODERN_DELIVERY_REGISTER_COMPLETE;MODERN_CODING_CONTRACT_PARTIAL_EVENT_CHAIN,NOT_APPLICABLE_MODERN_CAPABILITY,0,HRIS.MODERN.SKILLS_ONTOLOGY::Versioned skill taxonomy; proficiency; evidence provenance; consent-aware worker profile,NONE,NONE,NONE,NONE,NOT_STARTED,NO_EXACT_SLICE_ID_OR_EXACT_IMPLEMENTATION_PATH_EVIDENCE_AT_PINNED_COMMITS|RECOVERED_MODERN_CODING_CONTRACT_REGISTER_PARTIAL_REQUIRES_SUCCESSOR_RESEAL,DEP-001|DEP-002|DEP-003|DEP-004|DEP-007|DEP-016,G3-PER-BE-MIGRATION|G3-PER-BE-SOURCE|G3-PER-BE-TEST|G3-PER-FE-SOURCE,MIG-PER-PERFORMANCE-1-63,CURRENT_JIT_LEASE_REQUIRED_IF_SCHEMA_TOUCH,17,HELD-17_HISTORICAL_STABLE_ORDER,NONE,NONE,RECOVERY_REGISTER_FE:08a05f764a7c6dec38cce2627b81bcb8ef87ee6c|CURRENT_FE:08a05f764a7c6dec38cce2627b81bcb8ef87ee6c|CURRENT_BE:5612cc1a0b4a21a4d0b9107739579f23d165790f|RECONCILED_FE:7f39d12cd10b8827c67355a7f445973d05373cc9|RECONCILED_BE:0731f6df2d55cdeb4784a09ae6e28d4ae4b0c294,HISTORICAL_CODE_GO_IS_NOT_CURRENT_AUTHORITY;G1_OVERLAY_ONLY;NO_MODULE_START_TOKEN;HISTORICAL_ALLOCATION_NOT_A_CURRENT_LEASE
MOD-PER-GROWTH,MODERN_CAPABILITY,HRIS.MODERN.GROWTH_PROFILE,PER,HRIS-PER,PER,61,G3C_EXPERIENCE,OPEN_G3_CODE,NOT_STARTED_G3,NOT_AUTHORIZED_G6,G3-CODE-GO-MOD-PER-GROWTH,G3_REGISTER_HASH_VERIFIED_NUMBERED_EVIDENCE;MODERN_DELIVERY_REGISTER_COMPLETE;MODERN_CODING_CONTRACT_PARTIAL_EVENT_CHAIN,NOT_APPLICABLE_MODERN_CAPABILITY,0,HRIS.MODERN.GROWTH_PROFILE::Employee-owned aspiration profile separated from verified evidence,NONE,NONE,NONE,NONE,NOT_STARTED,NO_EXACT_SLICE_ID_OR_EXACT_IMPLEMENTATION_PATH_EVIDENCE_AT_PINNED_COMMITS|RECOVERED_MODERN_CODING_CONTRACT_REGISTER_PARTIAL_REQUIRES_SUCCESSOR_RESEAL,DEP-001|DEP-002|DEP-003|DEP-007|DEP-016,G3-PER-BE-MIGRATION|G3-PER-BE-SOURCE|G3-PER-BE-TEST|G3-PER-FE-SOURCE,MIG-PER-PERFORMANCE-1-63,CURRENT_JIT_LEASE_REQUIRED_IF_SCHEMA_TOUCH,18,HELD-18_HISTORICAL_STABLE_ORDER,NONE,NONE,RECOVERY_REGISTER_FE:08a05f764a7c6dec38cce2627b81bcb8ef87ee6c|CURRENT_FE:08a05f764a7c6dec38cce2627b81bcb8ef87ee6c|CURRENT_BE:5612cc1a0b4a21a4d0b9107739579f23d165790f|RECONCILED_FE:7f39d12cd10b8827c67355a7f445973d05373cc9|RECONCILED_BE:0731f6df2d55cdeb4784a09ae6e28d4ae4b0c294,HISTORICAL_CODE_GO_IS_NOT_CURRENT_AUTHORITY;G1_OVERLAY_ONLY;NO_MODULE_START_TOKEN;HISTORICAL_ALLOCATION_NOT_A_CURRENT_LEASE
MOD-PER-LEARNING,MODERN_CAPABILITY,HRIS.MODERN.LEARNING,PER,HRIS-PER,PER,62,G3C_EXPERIENCE,OPEN_G3_CODE,NOT_STARTED_G3,NOT_AUTHORIZED_G6,G3-CODE-GO-MOD-PER-LEARNING,G3_REGISTER_HASH_VERIFIED_NUMBERED_EVIDENCE;MODERN_DELIVERY_REGISTER_COMPLETE;MODERN_CODING_CONTRACT_PARTIAL_EVENT_CHAIN,NOT_APPLICABLE_MODERN_CAPABILITY,0,HRIS.MODERN.LEARNING::Learning catalog assignment completion evidence and governed recommendations,NONE,NONE,NONE,NONE,NOT_STARTED,NO_EXACT_SLICE_ID_OR_EXACT_IMPLEMENTATION_PATH_EVIDENCE_AT_PINNED_COMMITS|RECOVERED_MODERN_CODING_CONTRACT_REGISTER_PARTIAL_REQUIRES_SUCCESSOR_RESEAL,DEP-001|DEP-002|DEP-003|DEP-007|DEP-016,G3-PER-BE-MIGRATION|G3-PER-BE-SOURCE|G3-PER-BE-TEST|G3-PER-FE-SOURCE,MIG-PER-PERFORMANCE-1-63,CURRENT_JIT_LEASE_REQUIRED_IF_SCHEMA_TOUCH,19,HELD-19_HISTORICAL_STABLE_ORDER,NONE,NONE,RECOVERY_REGISTER_FE:08a05f764a7c6dec38cce2627b81bcb8ef87ee6c|CURRENT_FE:08a05f764a7c6dec38cce2627b81bcb8ef87ee6c|CURRENT_BE:5612cc1a0b4a21a4d0b9107739579f23d165790f|RECONCILED_FE:7f39d12cd10b8827c67355a7f445973d05373cc9|RECONCILED_BE:0731f6df2d55cdeb4784a09ae6e28d4ae4b0c294,HISTORICAL_CODE_GO_IS_NOT_CURRENT_AUTHORITY;G1_OVERLAY_ONLY;NO_MODULE_START_TOKEN;HISTORICAL_ALLOCATION_NOT_A_CURRENT_LEASE
MOD-PER-COMPPLAN,MODERN_CAPABILITY,HRIS.MODERN.COMPENSATION_PLANNING,PER,HRIS-PER,PER,63,G3D_OPTIMIZATION,OPEN_G3_CODE,NOT_STARTED_G3,NOT_AUTHORIZED_G6,G3-CODE-GO-MOD-PER-COMPPLAN,G3_REGISTER_HASH_VERIFIED_NUMBERED_EVIDENCE;MODERN_DELIVERY_REGISTER_COMPLETE;MODERN_CODING_CONTRACT_PARTIAL_EVENT_CHAIN,NOT_APPLICABLE_MODERN_CAPABILITY,0,HRIS.MODERN.COMPENSATION_PLANNING::Compensation cycles budgets guidelines proposals and approved payroll handoff,NONE,NONE,NONE,NONE,NOT_STARTED,NO_EXACT_SLICE_ID_OR_EXACT_IMPLEMENTATION_PATH_EVIDENCE_AT_PINNED_COMMITS|RECOVERED_MODERN_CODING_CONTRACT_REGISTER_PARTIAL_REQUIRES_SUCCESSOR_RESEAL,DEP-001|DEP-002|DEP-003|DEP-016|DEP-019,G3-PER-BE-MIGRATION|G3-PER-BE-SOURCE|G3-PER-BE-TEST|G3-PER-FE-SOURCE,MIG-PER-PERFORMANCE-1-63,CURRENT_JIT_LEASE_REQUIRED_IF_SCHEMA_TOUCH,20,HELD-20_PAY_CHAIN_02_PER_PAY_HANDOFF_PRODUCER_RESULT_PIN,PAY_CHAIN_02_PER_PAY_HANDOFF,NONE,RECOVERY_REGISTER_FE:08a05f764a7c6dec38cce2627b81bcb8ef87ee6c|CURRENT_FE:08a05f764a7c6dec38cce2627b81bcb8ef87ee6c|CURRENT_BE:5612cc1a0b4a21a4d0b9107739579f23d165790f|RECONCILED_FE:7f39d12cd10b8827c67355a7f445973d05373cc9|RECONCILED_BE:0731f6df2d55cdeb4784a09ae6e28d4ae4b0c294,HISTORICAL_CODE_GO_IS_NOT_CURRENT_AUTHORITY;G1_OVERLAY_ONLY;NO_MODULE_START_TOKEN;HISTORICAL_ALLOCATION_NOT_A_CURRENT_LEASE
MOD-PER-MARKET,MODERN_CAPABILITY,HRIS.MODERN.INTERNAL_MARKETPLACE,PER,HRIS-PER,PER,64,G3D_OPTIMIZATION,OPEN_G3_CODE,NOT_STARTED_G3,NOT_AUTHORIZED_G6,G3-CODE-GO-MOD-PER-MARKET,G3_REGISTER_HASH_VERIFIED_NUMBERED_EVIDENCE;MODERN_DELIVERY_REGISTER_COMPLETE;MODERN_CODING_CONTRACT_PARTIAL_EVENT_CHAIN,NOT_APPLICABLE_MODERN_CAPABILITY,0,HRIS.MODERN.INTERNAL_MARKETPLACE::Internal jobs projects mentors and mobility opportunities with explainable matching,NONE,NONE,NONE,NONE,NOT_STARTED,NO_EXACT_SLICE_ID_OR_EXACT_IMPLEMENTATION_PATH_EVIDENCE_AT_PINNED_COMMITS|RECOVERED_MODERN_CODING_CONTRACT_REGISTER_PARTIAL_REQUIRES_SUCCESSOR_RESEAL,DEP-001|DEP-002|DEP-003|DEP-004|DEP-007|DEP-016,G3-PER-BE-MIGRATION|G3-PER-BE-SOURCE|G3-PER-BE-TEST|G3-PER-FE-SOURCE,MIG-PER-PERFORMANCE-1-63,CURRENT_JIT_LEASE_REQUIRED_IF_SCHEMA_TOUCH,21,HELD-21_HISTORICAL_STABLE_ORDER,NONE,NONE,RECOVERY_REGISTER_FE:08a05f764a7c6dec38cce2627b81bcb8ef87ee6c|CURRENT_FE:08a05f764a7c6dec38cce2627b81bcb8ef87ee6c|CURRENT_BE:5612cc1a0b4a21a4d0b9107739579f23d165790f|RECONCILED_FE:7f39d12cd10b8827c67355a7f445973d05373cc9|RECONCILED_BE:0731f6df2d55cdeb4784a09ae6e28d4ae4b0c294,HISTORICAL_CODE_GO_IS_NOT_CURRENT_AUTHORITY;G1_OVERLAY_ONLY;NO_MODULE_START_TOKEN;HISTORICAL_ALLOCATION_NOT_A_CURRENT_LEASE
MOD-PER-SUCCESSION,MODERN_CAPABILITY,HRIS.MODERN.SUCCESSION,PER,HRIS-PER,PER,65,G3D_OPTIMIZATION,OPEN_G3_CODE,NOT_STARTED_G3,NOT_AUTHORIZED_G6,G3-CODE-GO-MOD-PER-SUCCESSION,G3_REGISTER_HASH_VERIFIED_NUMBERED_EVIDENCE;MODERN_DELIVERY_REGISTER_COMPLETE;MODERN_CODING_CONTRACT_PARTIAL_EVENT_CHAIN,NOT_APPLICABLE_MODERN_CAPABILITY,0,HRIS.MODERN.SUCCESSION::Restricted succession pools key-position risk and development actions,NONE,NONE,NONE,NONE,NOT_STARTED,NO_EXACT_SLICE_ID_OR_EXACT_IMPLEMENTATION_PATH_EVIDENCE_AT_PINNED_COMMITS|RECOVERED_MODERN_CODING_CONTRACT_REGISTER_PARTIAL_REQUIRES_SUCCESSOR_RESEAL,DEP-001|DEP-002|DEP-003|DEP-007|DEP-016,G3-PER-BE-MIGRATION|G3-PER-BE-SOURCE|G3-PER-BE-TEST|G3-PER-FE-SOURCE,MIG-PER-PERFORMANCE-1-63,CURRENT_JIT_LEASE_REQUIRED_IF_SCHEMA_TOUCH,22,HELD-22_HISTORICAL_STABLE_ORDER,NONE,NONE,RECOVERY_REGISTER_FE:08a05f764a7c6dec38cce2627b81bcb8ef87ee6c|CURRENT_FE:08a05f764a7c6dec38cce2627b81bcb8ef87ee6c|CURRENT_BE:5612cc1a0b4a21a4d0b9107739579f23d165790f|RECONCILED_FE:7f39d12cd10b8827c67355a7f445973d05373cc9|RECONCILED_BE:0731f6df2d55cdeb4784a09ae6e28d4ae4b0c294,HISTORICAL_CODE_GO_IS_NOT_CURRENT_AUTHORITY;G1_OVERLAY_ONLY;NO_MODULE_START_TOKEN;HISTORICAL_ALLOCATION_NOT_A_CURRENT_LEASE
BASE-TFR-SYS-013,BASE_TARGET_FAMILY,TFR-SYS-013,SYS,HRIS-SYS,SYS,66,EVIDENCE_ONLY_RETIRED,RETIRED_NO_CODE,NOT_APPLICABLE_RETIRED,NOT_AUTHORIZED_G6,NO_CODE_GO_RETIRED,G3_REGISTER_HASH_VERIFIED_NUMBERED_EVIDENCE;TARGET_FAMILY_REGISTER_PIN_EXACT_SUPPLEMENT,9b3e616b881fc37c5553f5b44bab2a703d9e04a0f03466f925b1a4076ee5a77a,4,TFR-SYS-013::DWP.PLATFORM.RETIRED_LEGACY_PATH::DECISION:DEC-SYS-013,NONE,NONE,NONE,NONE,RETIRED,HISTORICAL_RETIRED_NO_CODE,NONE,NONE,NONE,NONE,NONE,RETIRED,NONE,NONE,RECOVERY_REGISTER_FE:08a05f764a7c6dec38cce2627b81bcb8ef87ee6c|CURRENT_FE:08a05f764a7c6dec38cce2627b81bcb8ef87ee6c|CURRENT_BE:5612cc1a0b4a21a4d0b9107739579f23d165790f|RECONCILED_FE:7f39d12cd10b8827c67355a7f445973d05373cc9|RECONCILED_BE:0731f6df2d55cdeb4784a09ae6e28d4ae4b0c294,HISTORICAL_CODE_GO_IS_NOT_CURRENT_AUTHORITY;G1_OVERLAY_ONLY;NO_MODULE_START_TOKEN;HISTORICAL_ALLOCATION_NOT_A_CURRENT_LEASE
BASE-TFR-SYS-001,BASE_TARGET_FAMILY,TFR-SYS-001,SYS,HRIS-SYS,SYS,67,G3A_BASE_001,OPEN_G3_CODE,NOT_STARTED_G3,NOT_AUTHORIZED_G6,G3-CODE-GO-BASE-TFR-SYS-001,G3_REGISTER_HASH_VERIFIED_NUMBERED_EVIDENCE;TARGET_FAMILY_REGISTER_PIN_EXACT_SUPPLEMENT,a0dae833740f05696a27d3eea8c3212c8547ed475e8e4c7e87bffa93c71d060c,16,TFR-SYS-001::DWP.GOVERNANCE.AUDIT_EVIDENCE::SHARED-API-009|PLAT-005,NONE,NONE,NONE,NONE,NOT_STARTED,NO_EXACT_SLICE_ID_OR_EXACT_IMPLEMENTATION_PATH_EVIDENCE_AT_PINNED_COMMITS|HISTORICAL_MIGRATION_ID_SUPERSEDED_USE_CURRENT_JIT_LEASE,DEP-001|DEP-002|DEP-003|DEP-016,G3-SYS-BE-MIGRATION|G3-SYS-BE-SOURCE|G3-SYS-BE-TEST|G3-SYS-FE-SOURCE,MIG-SYS-PLATFORM-261-289,CURRENT_JIT_LEASE_REQUIRED_IF_SCHEMA_TOUCH,3,HELD-03_HISTORICAL_STABLE_ORDER,NONE,NONE,RECOVERY_REGISTER_FE:08a05f764a7c6dec38cce2627b81bcb8ef87ee6c|CURRENT_FE:08a05f764a7c6dec38cce2627b81bcb8ef87ee6c|CURRENT_BE:5612cc1a0b4a21a4d0b9107739579f23d165790f|RECONCILED_FE:7f39d12cd10b8827c67355a7f445973d05373cc9|RECONCILED_BE:0731f6df2d55cdeb4784a09ae6e28d4ae4b0c294,HISTORICAL_CODE_GO_IS_NOT_CURRENT_AUTHORITY;G1_OVERLAY_ONLY;NO_MODULE_START_TOKEN;HISTORICAL_ALLOCATION_NOT_A_CURRENT_LEASE
BASE-TFR-SYS-002,BASE_TARGET_FAMILY,TFR-SYS-002,SYS,HRIS-SYS,SYS,68,G3A_BASE_002,OPEN_G3_CODE,NOT_STARTED_G3,NOT_AUTHORIZED_G6,G3-CODE-GO-BASE-TFR-SYS-002,G3_REGISTER_HASH_VERIFIED_NUMBERED_EVIDENCE;TARGET_FAMILY_REGISTER_PIN_EXACT_SUPPLEMENT,5b4a9d774a961d56f2225749f6981122106d3b863b8a2d601034313758559d6f,5,TFR-SYS-002::DWP.OPERATIONS.OBSERVABILITY::SYS-API-035|SYS-API-036|SYS-API-038|SYS-EVT-009,NONE,NONE,NONE,NONE,NOT_STARTED,NO_EXACT_SLICE_ID_OR_EXACT_IMPLEMENTATION_PATH_EVIDENCE_AT_PINNED_COMMITS|HISTORICAL_MIGRATION_ID_SUPERSEDED_USE_CURRENT_JIT_LEASE,DEP-001|DEP-002|DEP-003|DEP-004|DEP-005|DEP-016,G3-SYS-BE-MIGRATION|G3-SYS-BE-SOURCE|G3-SYS-BE-TEST|G3-SYS-FE-SOURCE,MIG-SYS-PLATFORM-261-289,CURRENT_JIT_LEASE_REQUIRED_IF_SCHEMA_TOUCH,4,HELD-04_HISTORICAL_STABLE_ORDER,NONE,NONE,RECOVERY_REGISTER_FE:08a05f764a7c6dec38cce2627b81bcb8ef87ee6c|CURRENT_FE:08a05f764a7c6dec38cce2627b81bcb8ef87ee6c|CURRENT_BE:5612cc1a0b4a21a4d0b9107739579f23d165790f|RECONCILED_FE:7f39d12cd10b8827c67355a7f445973d05373cc9|RECONCILED_BE:0731f6df2d55cdeb4784a09ae6e28d4ae4b0c294,HISTORICAL_CODE_GO_IS_NOT_CURRENT_AUTHORITY;G1_OVERLAY_ONLY;NO_MODULE_START_TOKEN;HISTORICAL_ALLOCATION_NOT_A_CURRENT_LEASE
BASE-TFR-SYS-003,BASE_TARGET_FAMILY,TFR-SYS-003,SYS,HRIS-SYS,SYS,69,G3A_BASE_003,OPEN_G3_CODE,NOT_STARTED_G3,NOT_AUTHORIZED_G6,G3-CODE-GO-BASE-TFR-SYS-003,G3_REGISTER_HASH_VERIFIED_NUMBERED_EVIDENCE;TARGET_FAMILY_REGISTER_PIN_EXACT_SUPPLEMENT,ef4581a0a39a65591d10d96a2a3663fdafaa3dda9daebb239a9720e99a5f23a1,10,TFR-SYS-003::DWP.APPROVAL.WORKFLOW::SHARED-API-005|SHARED-API-006|SHARED-API-010|SHARED-API-011|SHARED-API-012|PLAT-003,NONE,NONE,NONE,NONE,NOT_STARTED,NO_EXACT_SLICE_ID_OR_EXACT_IMPLEMENTATION_PATH_EVIDENCE_AT_PINNED_COMMITS|HISTORICAL_MIGRATION_ID_SUPERSEDED_USE_CURRENT_JIT_LEASE,DEP-001|DEP-002|DEP-003|DEP-014|DEP-016,G3-SYS-BE-MIGRATION|G3-SYS-BE-SOURCE|G3-SYS-BE-TEST|G3-SYS-FE-SOURCE,MIG-SYS-PLATFORM-261-289,CURRENT_JIT_LEASE_REQUIRED_IF_SCHEMA_TOUCH,5,HELD-05_HISTORICAL_STABLE_ORDER,NONE,NONE,RECOVERY_REGISTER_FE:08a05f764a7c6dec38cce2627b81bcb8ef87ee6c|CURRENT_FE:08a05f764a7c6dec38cce2627b81bcb8ef87ee6c|CURRENT_BE:5612cc1a0b4a21a4d0b9107739579f23d165790f|RECONCILED_FE:7f39d12cd10b8827c67355a7f445973d05373cc9|RECONCILED_BE:0731f6df2d55cdeb4784a09ae6e28d4ae4b0c294,HISTORICAL_CODE_GO_IS_NOT_CURRENT_AUTHORITY;G1_OVERLAY_ONLY;NO_MODULE_START_TOKEN;HISTORICAL_ALLOCATION_NOT_A_CURRENT_LEASE
BASE-TFR-SYS-004,BASE_TARGET_FAMILY,TFR-SYS-004,SYS,HRIS-SYS,SYS,70,G3A_BASE_004,OPEN_G3_CODE,NOT_STARTED_G3,NOT_AUTHORIZED_G6,G3-CODE-GO-BASE-TFR-SYS-004,G3_REGISTER_HASH_VERIFIED_NUMBERED_EVIDENCE;TARGET_FAMILY_REGISTER_PIN_EXACT_SUPPLEMENT;PACKET_SEAL_AND_FIRST_SLICE_ROW_BINDING_VALID;PACKET_BINDINGS_EXACT,9be834804aff393b5f2618b1b41162af5b13827e1d61527b57e8cb59f0971a26,39,TFR-SYS-004::DWP.IDENTITY.PRODUCT_ACCESS::SYS-API-001|SYS-API-002|SYS-API-003|SYS-API-004|SYS-API-005|SYS-API-006|SYS-API-007|SYS-API-008|SYS-API-009|SYS-API-010|SYS-API-037|SYS-EVT-001|SYS-EVT-002,NONE,NONE,apps/dwp/src/features/hris/administration/system-access/pages/hris-system-workspace.tsx@d519e5316bd74a399984f940ab44e6fc59aeb634:blob|apps/dwp/src/features/hris/administration/system-access/model/hris-system-model.ts@2b7617b5569b1e52f8554c27a23fec9e06fcf260:blob,dwp-auth-server/src/main/java/com/dwp/services/auth/productaccess/HrisProductAccessService.java@fde4efbe4f6b61875b74d039e6fbcda37152e718:blob|dwp-auth-server/src/main/java/com/dwp/services/auth/productaccess/HrisProductAccessPolicy.java@c386412cd60e79f538dbab8dfab11a2aacf970ba:blob,PRESENT_RECONCILED_PENDING_INTEGRATION,NOT_PRESENT_AS_EXACT_SLICE_AT_CURRENT_PINS|REQUIRES_SEMANTIC_PORT_AND_TARGETED_CONTRACT_VALIDATION,DEP-001|DEP-002|DEP-003|DEP-004|DEP-016,G3-SYS-AUTH-BE-MIGRATION|G3-SYS-AUTH-BE-SOURCE|G3-SYS-AUTH-BE-TEST|G3-SYS-FE-SOURCE,MIG-SYS-AUTH-217-245,CURRENT_JIT_LEASE_REQUIRED_IF_SCHEMA_TOUCH,1,NEXT-01_RECONCILED_INTEGRATION,NONE,FE:f3db8b1ed5265ef83caff1ae1b8374119d373d3b|BE:af0809d58298f0bff0bbcc075684101c6fc3262c,RECOVERY_REGISTER_FE:08a05f764a7c6dec38cce2627b81bcb8ef87ee6c|CURRENT_FE:08a05f764a7c6dec38cce2627b81bcb8ef87ee6c|CURRENT_BE:5612cc1a0b4a21a4d0b9107739579f23d165790f|RECONCILED_FE:7f39d12cd10b8827c67355a7f445973d05373cc9|RECONCILED_BE:0731f6df2d55cdeb4784a09ae6e28d4ae4b0c294,HISTORICAL_CODE_GO_IS_NOT_CURRENT_AUTHORITY;G1_OVERLAY_ONLY;NO_MODULE_START_TOKEN;HISTORICAL_ALLOCATION_NOT_A_CURRENT_LEASE
BASE-TFR-SYS-005,BASE_TARGET_FAMILY,TFR-SYS-005,SYS,HRIS-SYS,SYS,71,G3A_BASE_005,OPEN_G3_CODE,NOT_STARTED_G3,NOT_AUTHORIZED_G6,G3-CODE-GO-BASE-TFR-SYS-005,G3_REGISTER_HASH_VERIFIED_NUMBERED_EVIDENCE;TARGET_FAMILY_REGISTER_PIN_EXACT_SUPPLEMENT,2f7300f5a1141bd786ffad12d6d5504f9478cbf1d18e76b60b1fc0fb9eb73421,12,TFR-SYS-005::DWP.COMMUNICATION.TEMPLATES::SHARED-API-007|SHARED-API-008|PLAT-004,NONE,NONE,NONE,NONE,NOT_STARTED,NO_EXACT_SLICE_ID_OR_EXACT_IMPLEMENTATION_PATH_EVIDENCE_AT_PINNED_COMMITS|HISTORICAL_MIGRATION_ID_SUPERSEDED_USE_CURRENT_JIT_LEASE,DEP-001|DEP-002|DEP-003|DEP-015|DEP-016,G3-SYS-BE-MIGRATION|G3-SYS-BE-SOURCE|G3-SYS-BE-TEST|G3-SYS-FE-SOURCE,MIG-SYS-PLATFORM-261-289,CURRENT_JIT_LEASE_REQUIRED_IF_SCHEMA_TOUCH,6,HELD-06_HISTORICAL_STABLE_ORDER,NONE,NONE,RECOVERY_REGISTER_FE:08a05f764a7c6dec38cce2627b81bcb8ef87ee6c|CURRENT_FE:08a05f764a7c6dec38cce2627b81bcb8ef87ee6c|CURRENT_BE:5612cc1a0b4a21a4d0b9107739579f23d165790f|RECONCILED_FE:7f39d12cd10b8827c67355a7f445973d05373cc9|RECONCILED_BE:0731f6df2d55cdeb4784a09ae6e28d4ae4b0c294,HISTORICAL_CODE_GO_IS_NOT_CURRENT_AUTHORITY;G1_OVERLAY_ONLY;NO_MODULE_START_TOKEN;HISTORICAL_ALLOCATION_NOT_A_CURRENT_LEASE
BASE-TFR-SYS-006,BASE_TARGET_FAMILY,TFR-SYS-006,SYS,HRIS-SYS,SYS,72,G3A_BASE_006,OPEN_G3_CODE,NOT_STARTED_G3,NOT_AUTHORIZED_G6,G3-CODE-GO-BASE-TFR-SYS-006,G3_REGISTER_HASH_VERIFIED_NUMBERED_EVIDENCE;TARGET_FAMILY_REGISTER_PIN_EXACT_SUPPLEMENT,29d8eb318606a7c20946d21941bc0e55cd17a631836ad02434322f9d2c3ca11b,10,TFR-SYS-006::DWP.AUTOMATION.CONTROL_PLANE::SYS-API-017|SYS-API-018|SYS-API-019|SYS-API-020|SYS-API-046|SYS-API-047|SYS-API-048|SYS-API-049|SYS-API-050|SYS-API-051|SYS-API-052|SYS-API-053|SYS-API-054|SYS-API-055|SYS-API-056|SYS-EVT-004,NONE,NONE,NONE,NONE,NOT_STARTED,NO_EXACT_SLICE_ID_OR_EXACT_IMPLEMENTATION_PATH_EVIDENCE_AT_PINNED_COMMITS|HISTORICAL_MIGRATION_ID_SUPERSEDED_USE_CURRENT_JIT_LEASE,DEP-001|DEP-002|DEP-003|DEP-004|DEP-005|DEP-016,G3-SYS-BE-MIGRATION|G3-SYS-BE-SOURCE|G3-SYS-BE-TEST|G3-SYS-FE-SOURCE,MIG-SYS-PLATFORM-261-289,CURRENT_JIT_LEASE_REQUIRED_IF_SCHEMA_TOUCH,7,HELD-07_HISTORICAL_STABLE_ORDER,NONE,NONE,RECOVERY_REGISTER_FE:08a05f764a7c6dec38cce2627b81bcb8ef87ee6c|CURRENT_FE:08a05f764a7c6dec38cce2627b81bcb8ef87ee6c|CURRENT_BE:5612cc1a0b4a21a4d0b9107739579f23d165790f|RECONCILED_FE:7f39d12cd10b8827c67355a7f445973d05373cc9|RECONCILED_BE:0731f6df2d55cdeb4784a09ae6e28d4ae4b0c294,HISTORICAL_CODE_GO_IS_NOT_CURRENT_AUTHORITY;G1_OVERLAY_ONLY;NO_MODULE_START_TOKEN;HISTORICAL_ALLOCATION_NOT_A_CURRENT_LEASE
BASE-TFR-SYS-007,BASE_TARGET_FAMILY,TFR-SYS-007,SYS,HRIS-SYS,SYS,73,G3A_BASE_007,OPEN_G3_CODE,NOT_STARTED_G3,NOT_AUTHORIZED_G6,G3-CODE-GO-BASE-TFR-SYS-007,G3_REGISTER_HASH_VERIFIED_NUMBERED_EVIDENCE;TARGET_FAMILY_REGISTER_PIN_EXACT_SUPPLEMENT,c36c35b9ff77e9dfd8149cde55970c364febd07af1ee3c6f9b89d0390330974d,37,TFR-SYS-007::HRIS.CONFIG.REFERENCE_DATA::SYS-API-011|SYS-API-012|SYS-API-013|SYS-API-014|SYS-API-015|SYS-API-016|SYS-API-041|SYS-API-042|SYS-API-043|SYS-API-044|SYS-API-045|SYS-EVT-003,NONE,NONE,NONE,NONE,NOT_STARTED,NO_EXACT_SLICE_ID_OR_EXACT_IMPLEMENTATION_PATH_EVIDENCE_AT_PINNED_COMMITS|HISTORICAL_MIGRATION_ID_SUPERSEDED_USE_CURRENT_JIT_LEASE,DEP-001|DEP-002|DEP-003|DEP-004|DEP-016,G3-SYS-BE-MIGRATION|G3-SYS-BE-SOURCE|G3-SYS-BE-TEST|G3-SYS-FE-SOURCE,MIG-SYS-PLATFORM-261-289,CURRENT_JIT_LEASE_REQUIRED_IF_SCHEMA_TOUCH,2,HELD-02_EARLY_OVERRIDE,NONE,NONE,RECOVERY_REGISTER_FE:08a05f764a7c6dec38cce2627b81bcb8ef87ee6c|CURRENT_FE:08a05f764a7c6dec38cce2627b81bcb8ef87ee6c|CURRENT_BE:5612cc1a0b4a21a4d0b9107739579f23d165790f|RECONCILED_FE:7f39d12cd10b8827c67355a7f445973d05373cc9|RECONCILED_BE:0731f6df2d55cdeb4784a09ae6e28d4ae4b0c294,HISTORICAL_CODE_GO_IS_NOT_CURRENT_AUTHORITY;G1_OVERLAY_ONLY;NO_MODULE_START_TOKEN;HISTORICAL_ALLOCATION_NOT_A_CURRENT_LEASE
BASE-TFR-SYS-008,BASE_TARGET_FAMILY,TFR-SYS-008,SYS,HRIS-SYS,SYS,74,G3A_BASE_008,OPEN_G3_CODE,NOT_STARTED_G3,NOT_AUTHORIZED_G6,G3-CODE-GO-BASE-TFR-SYS-008,G3_REGISTER_HASH_VERIFIED_NUMBERED_EVIDENCE;TARGET_FAMILY_REGISTER_PIN_EXACT_SUPPLEMENT,8fd5277d423ee42f21b1cb551b06aa2ff73fa058352ba4e8433f0a6eebd7f6ce,19,TFR-SYS-008::DWP.INTEGRATION.CONTROL_PLANE::SYS-API-021|SYS-API-022|SYS-API-023|SYS-API-024|SYS-API-025|SYS-API-057|SYS-API-058|SYS-API-059|SYS-API-060|SYS-API-061|SYS-API-062|SYS-API-063|SYS-API-064|SYS-API-065|SYS-API-066|SYS-API-067|SYS-API-068|SYS-EVT-005,NONE,NONE,NONE,NONE,NOT_STARTED,NO_EXACT_SLICE_ID_OR_EXACT_IMPLEMENTATION_PATH_EVIDENCE_AT_PINNED_COMMITS|HISTORICAL_MIGRATION_ID_SUPERSEDED_USE_CURRENT_JIT_LEASE,DEP-001|DEP-002|DEP-003|DEP-006|DEP-016,G3-SYS-BE-MIGRATION|G3-SYS-BE-SOURCE|G3-SYS-BE-TEST|G3-SYS-FE-SOURCE,MIG-SYS-PLATFORM-261-289,CURRENT_JIT_LEASE_REQUIRED_IF_SCHEMA_TOUCH,8,HELD-08_HISTORICAL_STABLE_ORDER,NONE,NONE,RECOVERY_REGISTER_FE:08a05f764a7c6dec38cce2627b81bcb8ef87ee6c|CURRENT_FE:08a05f764a7c6dec38cce2627b81bcb8ef87ee6c|CURRENT_BE:5612cc1a0b4a21a4d0b9107739579f23d165790f|RECONCILED_FE:7f39d12cd10b8827c67355a7f445973d05373cc9|RECONCILED_BE:0731f6df2d55cdeb4784a09ae6e28d4ae4b0c294,HISTORICAL_CODE_GO_IS_NOT_CURRENT_AUTHORITY;G1_OVERLAY_ONLY;NO_MODULE_START_TOKEN;HISTORICAL_ALLOCATION_NOT_A_CURRENT_LEASE
BASE-TFR-SYS-009,BASE_TARGET_FAMILY,TFR-SYS-009,SYS,HRIS-SYS,SYS,75,G3A_BASE_009,OPEN_G3_CODE,NOT_STARTED_G3,NOT_AUTHORIZED_G6,G3-CODE-GO-BASE-TFR-SYS-009,G3_REGISTER_HASH_VERIFIED_NUMBERED_EVIDENCE;TARGET_FAMILY_REGISTER_PIN_EXACT_SUPPLEMENT,67e1fb1215135de465c152070478ff652b2a0bbab1996b6b1afd1ec4f0dd6172,2,TFR-SYS-009::DWP.OBJECT.CONTROLLED_TRANSFER::SYS-API-033|SYS-API-034|SYS-EVT-008,NONE,NONE,NONE,NONE,NOT_STARTED,NO_EXACT_SLICE_ID_OR_EXACT_IMPLEMENTATION_PATH_EVIDENCE_AT_PINNED_COMMITS|HISTORICAL_MIGRATION_ID_SUPERSEDED_USE_CURRENT_JIT_LEASE,DEP-001|DEP-002|DEP-003|DEP-016,G3-SYS-BE-MIGRATION|G3-SYS-BE-SOURCE|G3-SYS-BE-TEST|G3-SYS-FE-SOURCE,MIG-SYS-PLATFORM-261-289,CURRENT_JIT_LEASE_REQUIRED_IF_SCHEMA_TOUCH,9,HELD-09_HISTORICAL_STABLE_ORDER,NONE,NONE,RECOVERY_REGISTER_FE:08a05f764a7c6dec38cce2627b81bcb8ef87ee6c|CURRENT_FE:08a05f764a7c6dec38cce2627b81bcb8ef87ee6c|CURRENT_BE:5612cc1a0b4a21a4d0b9107739579f23d165790f|RECONCILED_FE:7f39d12cd10b8827c67355a7f445973d05373cc9|RECONCILED_BE:0731f6df2d55cdeb4784a09ae6e28d4ae4b0c294,HISTORICAL_CODE_GO_IS_NOT_CURRENT_AUTHORITY;G1_OVERLAY_ONLY;NO_MODULE_START_TOKEN;HISTORICAL_ALLOCATION_NOT_A_CURRENT_LEASE
BASE-TFR-SYS-010,BASE_TARGET_FAMILY,TFR-SYS-010,SYS,HRIS-SYS,SYS,76,G3A_BASE_010,OPEN_G3_CODE,NOT_STARTED_G3,NOT_AUTHORIZED_G6,G3-CODE-GO-BASE-TFR-SYS-010,G3_REGISTER_HASH_VERIFIED_NUMBERED_EVIDENCE;TARGET_FAMILY_REGISTER_PIN_EXACT_SUPPLEMENT,f9729b2bdf8575a425ae650f0e947c102649a11f5eb1fc9936d9aba303d3a525,9,TFR-SYS-010::DWP.DATA.GOVERNANCE::SHARED-API-003|SHARED-API-004,NONE,NONE,NONE,NONE,NOT_STARTED,NO_EXACT_SLICE_ID_OR_EXACT_IMPLEMENTATION_PATH_EVIDENCE_AT_PINNED_COMMITS|HISTORICAL_MIGRATION_ID_SUPERSEDED_USE_CURRENT_JIT_LEASE,DEP-001|DEP-002|DEP-003|DEP-016,G3-SYS-BE-MIGRATION|G3-SYS-BE-SOURCE|G3-SYS-BE-TEST|G3-SYS-FE-SOURCE,MIG-SYS-PLATFORM-261-289,CURRENT_JIT_LEASE_REQUIRED_IF_SCHEMA_TOUCH,10,HELD-10_HISTORICAL_STABLE_ORDER,NONE,NONE,RECOVERY_REGISTER_FE:08a05f764a7c6dec38cce2627b81bcb8ef87ee6c|CURRENT_FE:08a05f764a7c6dec38cce2627b81bcb8ef87ee6c|CURRENT_BE:5612cc1a0b4a21a4d0b9107739579f23d165790f|RECONCILED_FE:7f39d12cd10b8827c67355a7f445973d05373cc9|RECONCILED_BE:0731f6df2d55cdeb4784a09ae6e28d4ae4b0c294,HISTORICAL_CODE_GO_IS_NOT_CURRENT_AUTHORITY;G1_OVERLAY_ONLY;NO_MODULE_START_TOKEN;HISTORICAL_ALLOCATION_NOT_A_CURRENT_LEASE
BASE-TFR-SYS-011,BASE_TARGET_FAMILY,TFR-SYS-011,SYS,HRIS-SYS,SYS,77,G3A_BASE_011,OPEN_G3_CODE,NOT_STARTED_G3,NOT_AUTHORIZED_G6,G3-CODE-GO-BASE-TFR-SYS-011,G3_REGISTER_HASH_VERIFIED_NUMBERED_EVIDENCE;TARGET_FAMILY_REGISTER_PIN_EXACT_SUPPLEMENT,43784624aa57a83cc35a35803e95230f72539f616c493ec6b0381b017925cbe7,19,TFR-SYS-011::DWP.TENANT.ENTERPRISE_DIRECTORY::SHARED-API-001|SHARED-API-002,NONE,NONE,NONE,NONE,NOT_STARTED,NO_EXACT_SLICE_ID_OR_EXACT_IMPLEMENTATION_PATH_EVIDENCE_AT_PINNED_COMMITS|HISTORICAL_MIGRATION_ID_SUPERSEDED_USE_CURRENT_JIT_LEASE,DEP-001|DEP-002|DEP-003|DEP-004|DEP-016,G3-SYS-BE-MIGRATION|G3-SYS-BE-SOURCE|G3-SYS-BE-TEST|G3-SYS-FE-SOURCE,MIG-SYS-PLATFORM-261-289,CURRENT_JIT_LEASE_REQUIRED_IF_SCHEMA_TOUCH,11,HELD-11_HISTORICAL_STABLE_ORDER,NONE,NONE,RECOVERY_REGISTER_FE:08a05f764a7c6dec38cce2627b81bcb8ef87ee6c|CURRENT_FE:08a05f764a7c6dec38cce2627b81bcb8ef87ee6c|CURRENT_BE:5612cc1a0b4a21a4d0b9107739579f23d165790f|RECONCILED_FE:7f39d12cd10b8827c67355a7f445973d05373cc9|RECONCILED_BE:0731f6df2d55cdeb4784a09ae6e28d4ae4b0c294,HISTORICAL_CODE_GO_IS_NOT_CURRENT_AUTHORITY;G1_OVERLAY_ONLY;NO_MODULE_START_TOKEN;HISTORICAL_ALLOCATION_NOT_A_CURRENT_LEASE
BASE-TFR-SYS-012,BASE_TARGET_FAMILY,TFR-SYS-012,SYS,HRIS-SYS,SYS,78,G3A_BASE_012,OPEN_G3_CODE,NOT_STARTED_G3,NOT_AUTHORIZED_G6,G3-CODE-GO-BASE-TFR-SYS-012,G3_REGISTER_HASH_VERIFIED_NUMBERED_EVIDENCE;TARGET_FAMILY_REGISTER_PIN_EXACT_SUPPLEMENT,b9eaff79e11eb4a6439f999addb6ce4c2ff22a2913b8230af976a475189818e6,7,TFR-SYS-012::HRIS.EXPERIENCE.COMPOSITION::SVC-PEP-HRM-006|SVC-PEP-PAY-001|SVC-PEP-PER-002|SVC-PEP-TIM-002|SYS-API-026|SYS-API-027|SYS-API-031|SYS-API-032|SYS-API-039|SYS-API-040|SYS-EVT-007|XCON-012|XCON-013|XCON-014|XCON-015,NONE,NONE,apps/dwp/src/features/hris/home/model/hris-home-provider-contract.ts@027e7df22c2a45ddd1a2afc82c0b051ce02b735c:blob|apps/dwp/src/features/hris/shell/model/hris-shell-navigation-contract.ts@b27708e3fe0a14feb1198ff0771575b0db86b74d:blob,NONE,PARTIAL_OVERLAP,RECONCILED_HOME_SHELL_OVERLAPS_EXPERIENCE_COMPOSITION;ALL_OWNER_CONTRIBUTIONS_AND_BACKEND_COMPOSITION_NOT_PROVEN|HISTORICAL_MIGRATION_ID_SUPERSEDED_USE_CURRENT_JIT_LEASE,DEP-001|DEP-002|DEP-003|DEP-010|DEP-011|DEP-012|DEP-013|DEP-016,G3-SYS-BE-MIGRATION|G3-SYS-BE-SOURCE|G3-SYS-BE-TEST|G3-SYS-FE-SOURCE,MIG-SYS-PLATFORM-261-289,CURRENT_JIT_LEASE_REQUIRED_IF_SCHEMA_TOUCH,13,HELD-13_LATE_OVERRIDE,NONE,FE:f3db8b1ed5265ef83caff1ae1b8374119d373d3b,RECOVERY_REGISTER_FE:08a05f764a7c6dec38cce2627b81bcb8ef87ee6c|CURRENT_FE:08a05f764a7c6dec38cce2627b81bcb8ef87ee6c|CURRENT_BE:5612cc1a0b4a21a4d0b9107739579f23d165790f|RECONCILED_FE:7f39d12cd10b8827c67355a7f445973d05373cc9|RECONCILED_BE:0731f6df2d55cdeb4784a09ae6e28d4ae4b0c294,HISTORICAL_CODE_GO_IS_NOT_CURRENT_AUTHORITY;G1_OVERLAY_ONLY;NO_MODULE_START_TOKEN;HISTORICAL_ALLOCATION_NOT_A_CURRENT_LEASE
BASE-TFR-HRM-015,BASE_TARGET_FAMILY,TFR-HRM-015,HRM,HRIS-SYS,SYS,79,G3A_BASE_015,OPEN_G3_CODE,NOT_STARTED_G3,NOT_AUTHORIZED_G6,G3-CODE-GO-BASE-TFR-HRM-015,G3_REGISTER_HASH_VERIFIED_NUMBERED_EVIDENCE;TARGET_FAMILY_REGISTER_PIN_EXACT_SUPPLEMENT,51ab756e1c54caa3310e888ef454d37446d9e277b4832090f8600ff7bd1e2e1d,6,TFR-HRM-015::dwp-extensibility::SYS-API-028|SYS-API-029|SYS-API-030|SYS-API-069|SYS-API-070|SYS-API-071|SYS-API-072|SYS-API-073|SYS-API-074|SYS-API-075|SYS-EVT-006,NONE,NONE,NONE,NONE,NOT_STARTED,NO_EXACT_SLICE_ID_OR_EXACT_IMPLEMENTATION_PATH_EVIDENCE_AT_PINNED_COMMITS|HISTORICAL_MIGRATION_ID_SUPERSEDED_USE_CURRENT_JIT_LEASE,DEP-001|DEP-002|DEP-003|DEP-016,G3-SYS-BE-MIGRATION|G3-SYS-BE-SOURCE|G3-SYS-BE-TEST|G3-SYS-FE-SOURCE,MIG-SYS-PLATFORM-261-289,CURRENT_JIT_LEASE_REQUIRED_IF_SCHEMA_TOUCH,12,HELD-12_HISTORICAL_STABLE_ORDER,NONE,NONE,RECOVERY_REGISTER_FE:08a05f764a7c6dec38cce2627b81bcb8ef87ee6c|CURRENT_FE:08a05f764a7c6dec38cce2627b81bcb8ef87ee6c|CURRENT_BE:5612cc1a0b4a21a4d0b9107739579f23d165790f|RECONCILED_FE:7f39d12cd10b8827c67355a7f445973d05373cc9|RECONCILED_BE:0731f6df2d55cdeb4784a09ae6e28d4ae4b0c294,HISTORICAL_CODE_GO_IS_NOT_CURRENT_AUTHORITY;G1_OVERLAY_ONLY;NO_MODULE_START_TOKEN;HISTORICAL_ALLOCATION_NOT_A_CURRENT_LEASE
MOD-SYS-ANALYTICS,MODERN_CAPABILITY,HRIS.MODERN.PEOPLE_ANALYTICS,SYS,HRIS-SYS,SYS,80,G3B_FOUNDATION,OPEN_G3_CODE,NOT_STARTED_G3,NOT_AUTHORIZED_G6,G3-CODE-GO-MOD-SYS-ANALYTICS,G3_REGISTER_HASH_VERIFIED_NUMBERED_EVIDENCE;MODERN_DELIVERY_REGISTER_COMPLETE;MODERN_CODING_CONTRACT_PARTIAL_EVENT_CHAIN,NOT_APPLICABLE_MODERN_CAPABILITY,0,HRIS.MODERN.PEOPLE_ANALYTICS::Versioned semantic metrics cohort analytics lineage and privacy-safe exports,NONE,NONE,NONE,NONE,NOT_STARTED,NO_EXACT_SLICE_ID_OR_EXACT_IMPLEMENTATION_PATH_EVIDENCE_AT_PINNED_COMMITS|RECOVERED_MODERN_CODING_CONTRACT_REGISTER_PARTIAL_REQUIRES_SUCCESSOR_RESEAL|HISTORICAL_MIGRATION_ID_SUPERSEDED_USE_CURRENT_JIT_LEASE,DEP-001|DEP-002|DEP-003|DEP-004|DEP-016,G3-SYS-BE-MIGRATION|G3-SYS-BE-SOURCE|G3-SYS-BE-TEST|G3-SYS-FE-SOURCE,MIG-SYS-PLATFORM-261-289,CURRENT_JIT_LEASE_REQUIRED_IF_SCHEMA_TOUCH,14,HELD-14_HISTORICAL_STABLE_ORDER,NONE,NONE,RECOVERY_REGISTER_FE:08a05f764a7c6dec38cce2627b81bcb8ef87ee6c|CURRENT_FE:08a05f764a7c6dec38cce2627b81bcb8ef87ee6c|CURRENT_BE:5612cc1a0b4a21a4d0b9107739579f23d165790f|RECONCILED_FE:7f39d12cd10b8827c67355a7f445973d05373cc9|RECONCILED_BE:0731f6df2d55cdeb4784a09ae6e28d4ae4b0c294,HISTORICAL_CODE_GO_IS_NOT_CURRENT_AUTHORITY;G1_OVERLAY_ONLY;NO_MODULE_START_TOKEN;HISTORICAL_ALLOCATION_NOT_A_CURRENT_LEASE
MOD-SYS-LISTEN,MODERN_CAPABILITY,HRIS.MODERN.EMPLOYEE_LISTENING,SYS,HRIS-SYS,SYS,81,G3C_EXPERIENCE,OPEN_G3_CODE,NOT_STARTED_G3,NOT_AUTHORIZED_G6,G3-CODE-GO-MOD-SYS-LISTEN,G3_REGISTER_HASH_VERIFIED_NUMBERED_EVIDENCE;MODERN_DELIVERY_REGISTER_COMPLETE;MODERN_CODING_CONTRACT_PARTIAL_EVENT_CHAIN,NOT_APPLICABLE_MODERN_CAPABILITY,0,HRIS.MODERN.EMPLOYEE_LISTENING::Pulse survey lifecycle anonymous cohort results and action tracking,NONE,NONE,NONE,NONE,NOT_STARTED,NO_EXACT_SLICE_ID_OR_EXACT_IMPLEMENTATION_PATH_EVIDENCE_AT_PINNED_COMMITS|RECOVERED_MODERN_CODING_CONTRACT_REGISTER_PARTIAL_REQUIRES_SUCCESSOR_RESEAL,DEP-001|DEP-002|DEP-003|DEP-004|DEP-016,G3-SYS-FE-SOURCE|G3-SYS-LISTEN-CONFIGURATION-BE-MIGRATION|G3-SYS-LISTEN-CONFIGURATION-BE-SOURCE|G3-SYS-LISTEN-CONFIGURATION-BE-TEST|G3-SYS-LISTEN-INSIGHTS-BE-MIGRATION|G3-SYS-LISTEN-INSIGHTS-BE-SOURCE|G3-SYS-LISTEN-INSIGHTS-BE-TEST|G3-SYS-LISTEN-ISSUER-BE-MIGRATION|G3-SYS-LISTEN-ISSUER-BE-SOURCE|G3-SYS-LISTEN-ISSUER-BE-TEST|G3-SYS-LISTEN-PROTECTED-BE-MIGRATION|G3-SYS-LISTEN-PROTECTED-BE-SOURCE|G3-SYS-LISTEN-PROTECTED-BE-TEST,MIG-SYS-AUTH-HRIS-PARTICIPATION-ISSUER-1-40|MIG-SYS-PLATFORM-HRIS-CONFIGURATION-1-40|MIG-SYS-PLATFORM-HRIS-INSIGHTS-1-40|MIG-SYS-PLATFORM-HRIS-LISTENING-PROTECTED-1-40,CURRENT_JIT_LEASE_REQUIRED_IF_SCHEMA_TOUCH,15,HELD-15_HISTORICAL_STABLE_ORDER,NONE,NONE,RECOVERY_REGISTER_FE:08a05f764a7c6dec38cce2627b81bcb8ef87ee6c|CURRENT_FE:08a05f764a7c6dec38cce2627b81bcb8ef87ee6c|CURRENT_BE:5612cc1a0b4a21a4d0b9107739579f23d165790f|RECONCILED_FE:7f39d12cd10b8827c67355a7f445973d05373cc9|RECONCILED_BE:0731f6df2d55cdeb4784a09ae6e28d4ae4b0c294,HISTORICAL_CODE_GO_IS_NOT_CURRENT_AUTHORITY;G1_OVERLAY_ONLY;NO_MODULE_START_TOKEN;HISTORICAL_ALLOCATION_NOT_A_CURRENT_LEASE
MOD-SYS-AI,MODERN_CAPABILITY,HRIS.MODERN.GOVERNED_AI,SYS,HRIS-SYS,SYS,82,G3D_OPTIMIZATION,OPEN_G3_CODE,NOT_STARTED_G3,NOT_AUTHORIZED_G6,G3-CODE-GO-MOD-SYS-AI,G3_REGISTER_HASH_VERIFIED_NUMBERED_EVIDENCE;MODERN_DELIVERY_REGISTER_COMPLETE;MODERN_CODING_CONTRACT_PARTIAL_EVENT_CHAIN,NOT_APPLICABLE_MODERN_CAPABILITY,0,HRIS.MODERN.GOVERNED_AI::Assistive explain draft search and anomaly capabilities with human control,NONE,NONE,NONE,NONE,NOT_STARTED,NO_EXACT_SLICE_ID_OR_EXACT_IMPLEMENTATION_PATH_EVIDENCE_AT_PINNED_COMMITS|RECOVERED_MODERN_CODING_CONTRACT_REGISTER_PARTIAL_REQUIRES_SUCCESSOR_RESEAL|HISTORICAL_MIGRATION_ID_SUPERSEDED_USE_CURRENT_JIT_LEASE,DEP-001|DEP-002|DEP-003|DEP-016,G3-SYS-BE-MIGRATION|G3-SYS-BE-SOURCE|G3-SYS-BE-TEST|G3-SYS-FE-SOURCE,MIG-SYS-PLATFORM-261-289,CURRENT_JIT_LEASE_REQUIRED_IF_SCHEMA_TOUCH,16,HELD-16_HISTORICAL_STABLE_ORDER,NONE,NONE,RECOVERY_REGISTER_FE:08a05f764a7c6dec38cce2627b81bcb8ef87ee6c|CURRENT_FE:08a05f764a7c6dec38cce2627b81bcb8ef87ee6c|CURRENT_BE:5612cc1a0b4a21a4d0b9107739579f23d165790f|RECONCILED_FE:7f39d12cd10b8827c67355a7f445973d05373cc9|RECONCILED_BE:0731f6df2d55cdeb4784a09ae6e28d4ae4b0c294,HISTORICAL_CODE_GO_IS_NOT_CURRENT_AUTHORITY;G1_OVERLAY_ONLY;NO_MODULE_START_TOKEN;HISTORICAL_ALLOCATION_NOT_A_CURRENT_LEASE
BASE-TFR-TIM-001,BASE_TARGET_FAMILY,TFR-TIM-001,TIM,HRIS-TIM,TIM,83,G3A_BASE_001,OPEN_G3_CODE,NOT_STARTED_G3,NOT_AUTHORIZED_G6,G3-CODE-GO-BASE-TFR-TIM-001,G3_REGISTER_HASH_VERIFIED_NUMBERED_EVIDENCE;TARGET_FAMILY_REGISTER_PIN_EXACT_SUPPLEMENT,686c38b4cf1b62e446d68d6163c62aefa55eeee116746ff1c5634d46152a37f3,7,TFR-TIM-001::TIM-APPROVAL::PLAT-003|EVT-TIM:ApprovalDecisionRecorded,NONE,NONE,NONE,NONE,NOT_STARTED,NO_EXACT_SLICE_ID_OR_EXACT_IMPLEMENTATION_PATH_EVIDENCE_AT_PINNED_COMMITS,DEP-001|DEP-002|DEP-003|DEP-014|DEP-016,G3-TIM-BE-MIGRATION|G3-TIM-BE-SOURCE|G3-TIM-BE-TEST|G3-TIM-FE-SOURCE,MIG-TIM-TIME-1-39,CURRENT_JIT_LEASE_REQUIRED_IF_SCHEMA_TOUCH,6,HELD-06_HISTORICAL_STABLE_ORDER,NONE,NONE,RECOVERY_REGISTER_FE:08a05f764a7c6dec38cce2627b81bcb8ef87ee6c|CURRENT_FE:08a05f764a7c6dec38cce2627b81bcb8ef87ee6c|CURRENT_BE:5612cc1a0b4a21a4d0b9107739579f23d165790f|RECONCILED_FE:7f39d12cd10b8827c67355a7f445973d05373cc9|RECONCILED_BE:0731f6df2d55cdeb4784a09ae6e28d4ae4b0c294,HISTORICAL_CODE_GO_IS_NOT_CURRENT_AUTHORITY;G1_OVERLAY_ONLY;NO_MODULE_START_TOKEN;HISTORICAL_ALLOCATION_NOT_A_CURRENT_LEASE
BASE-TFR-TIM-002,BASE_TARGET_FAMILY,TFR-TIM-002,TIM,HRIS-TIM,TIM,84,G3A_BASE_002,OPEN_G3_CODE,NOT_STARTED_G3,NOT_AUTHORIZED_G6,G3-CODE-GO-BASE-TFR-TIM-002,G3_REGISTER_HASH_VERIFIED_NUMBERED_EVIDENCE;TARGET_FAMILY_REGISTER_PIN_EXACT_SUPPLEMENT,e90acf4d7cdb3127484465b09d14fa566bf8f546ad29ccc28aa589ce71f353f6,1,TFR-TIM-002::TIM-PLATFORM-NOTIFICATION::PLAT-004,NONE,NONE,NONE,NONE,NOT_STARTED,NO_EXACT_SLICE_ID_OR_EXACT_IMPLEMENTATION_PATH_EVIDENCE_AT_PINNED_COMMITS,DEP-001|DEP-002|DEP-003|DEP-015|DEP-016,G3-TIM-BE-MIGRATION|G3-TIM-BE-SOURCE|G3-TIM-BE-TEST|G3-TIM-FE-SOURCE,MIG-TIM-TIME-1-39,CURRENT_JIT_LEASE_REQUIRED_IF_SCHEMA_TOUCH,7,HELD-07_HISTORICAL_STABLE_ORDER,NONE,NONE,RECOVERY_REGISTER_FE:08a05f764a7c6dec38cce2627b81bcb8ef87ee6c|CURRENT_FE:08a05f764a7c6dec38cce2627b81bcb8ef87ee6c|CURRENT_BE:5612cc1a0b4a21a4d0b9107739579f23d165790f|RECONCILED_FE:7f39d12cd10b8827c67355a7f445973d05373cc9|RECONCILED_BE:0731f6df2d55cdeb4784a09ae6e28d4ae4b0c294,HISTORICAL_CODE_GO_IS_NOT_CURRENT_AUTHORITY;G1_OVERLAY_ONLY;NO_MODULE_START_TOKEN;HISTORICAL_ALLOCATION_NOT_A_CURRENT_LEASE
BASE-TFR-TIM-003,BASE_TARGET_FAMILY,TFR-TIM-003,TIM,HRIS-TIM,TIM,85,G3A_BASE_003,OPEN_G3_CODE,NOT_STARTED_G3,NOT_AUTHORIZED_G6,G3-CODE-GO-BASE-TFR-TIM-003,G3_REGISTER_HASH_VERIFIED_NUMBERED_EVIDENCE;TARGET_FAMILY_REGISTER_PIN_EXACT_SUPPLEMENT,3cb545db297f41345d7e91267e5dfb2ca69ee7b3203fb99e4a9772a2382fbcc0,14,TFR-TIM-003::TIM-LEAVE-ABSENCE::XCON-004|EVT-TIM:EmploymentChanged.v1,NONE,NONE,NONE,NONE,NOT_STARTED,NO_EXACT_SLICE_ID_OR_EXACT_IMPLEMENTATION_PATH_EVIDENCE_AT_PINNED_COMMITS,DEP-001|DEP-002|DEP-003|DEP-007|DEP-016,G3-TIM-BE-MIGRATION|G3-TIM-BE-SOURCE|G3-TIM-BE-TEST|G3-TIM-FE-SOURCE,MIG-TIM-TIME-1-39,CURRENT_JIT_LEASE_REQUIRED_IF_SCHEMA_TOUCH,8,HELD-08_HISTORICAL_STABLE_ORDER,NONE,NONE,RECOVERY_REGISTER_FE:08a05f764a7c6dec38cce2627b81bcb8ef87ee6c|CURRENT_FE:08a05f764a7c6dec38cce2627b81bcb8ef87ee6c|CURRENT_BE:5612cc1a0b4a21a4d0b9107739579f23d165790f|RECONCILED_FE:7f39d12cd10b8827c67355a7f445973d05373cc9|RECONCILED_BE:0731f6df2d55cdeb4784a09ae6e28d4ae4b0c294,HISTORICAL_CODE_GO_IS_NOT_CURRENT_AUTHORITY;G1_OVERLAY_ONLY;NO_MODULE_START_TOKEN;HISTORICAL_ALLOCATION_NOT_A_CURRENT_LEASE
BASE-TFR-TIM-004,BASE_TARGET_FAMILY,TFR-TIM-004,TIM,HRIS-TIM,TIM,86,G3A_BASE_004,OPEN_G3_CODE,NOT_STARTED_G3,NOT_AUTHORIZED_G6,G3-CODE-GO-BASE-TFR-TIM-004,G3_REGISTER_HASH_VERIFIED_NUMBERED_EVIDENCE;TARGET_FAMILY_REGISTER_PIN_EXACT_SUPPLEMENT,7bec2dd1d923fff59069e8b842f0ad7d23393eda506b5afe2f5443df741c65fa,5,TFR-TIM-004::TIM-PLATFORM-AUTOMATION::SYS-API-017|SYS-API-018|SYS-API-019|SYS-API-020,NONE,NONE,NONE,NONE,NOT_STARTED,NO_EXACT_SLICE_ID_OR_EXACT_IMPLEMENTATION_PATH_EVIDENCE_AT_PINNED_COMMITS,DEP-001|DEP-002|DEP-003|DEP-004|DEP-005|DEP-016,G3-TIM-BE-MIGRATION|G3-TIM-BE-SOURCE|G3-TIM-BE-TEST|G3-TIM-FE-SOURCE,MIG-TIM-TIME-1-39,CURRENT_JIT_LEASE_REQUIRED_IF_SCHEMA_TOUCH,9,HELD-09_HISTORICAL_STABLE_ORDER,NONE,NONE,RECOVERY_REGISTER_FE:08a05f764a7c6dec38cce2627b81bcb8ef87ee6c|CURRENT_FE:08a05f764a7c6dec38cce2627b81bcb8ef87ee6c|CURRENT_BE:5612cc1a0b4a21a4d0b9107739579f23d165790f|RECONCILED_FE:7f39d12cd10b8827c67355a7f445973d05373cc9|RECONCILED_BE:0731f6df2d55cdeb4784a09ae6e28d4ae4b0c294,HISTORICAL_CODE_GO_IS_NOT_CURRENT_AUTHORITY;G1_OVERLAY_ONLY;NO_MODULE_START_TOKEN;HISTORICAL_ALLOCATION_NOT_A_CURRENT_LEASE
BASE-TFR-TIM-005,BASE_TARGET_FAMILY,TFR-TIM-005,TIM,HRIS-TIM,TIM,87,G3A_BASE_005,OPEN_G3_CODE,NOT_STARTED_G3,NOT_AUTHORIZED_G6,G3-CODE-GO-BASE-TFR-TIM-005,G3_REGISTER_HASH_VERIFIED_NUMBERED_EVIDENCE;TARGET_FAMILY_REGISTER_PIN_EXACT_SUPPLEMENT,e4b4c748ed7bf38cb0b5fa4ceb87a168cc943fb61de25862a97631fc46bdd70b,13,TFR-TIM-005::TIM-PLATFORM-CONFIG::SYS-API-011|SYS-API-012|SYS-API-013|SYS-API-014|SYS-API-015|SYS-API-016|EVT-TIM:PolicyPublished,NONE,NONE,NONE,NONE,NOT_STARTED,NO_EXACT_SLICE_ID_OR_EXACT_IMPLEMENTATION_PATH_EVIDENCE_AT_PINNED_COMMITS,DEP-001|DEP-002|DEP-003|DEP-004|DEP-016,G3-TIM-BE-MIGRATION|G3-TIM-BE-SOURCE|G3-TIM-BE-TEST|G3-TIM-FE-SOURCE,MIG-TIM-TIME-1-39,CURRENT_JIT_LEASE_REQUIRED_IF_SCHEMA_TOUCH,10,HELD-10_HISTORICAL_STABLE_ORDER,NONE,NONE,RECOVERY_REGISTER_FE:08a05f764a7c6dec38cce2627b81bcb8ef87ee6c|CURRENT_FE:08a05f764a7c6dec38cce2627b81bcb8ef87ee6c|CURRENT_BE:5612cc1a0b4a21a4d0b9107739579f23d165790f|RECONCILED_FE:7f39d12cd10b8827c67355a7f445973d05373cc9|RECONCILED_BE:0731f6df2d55cdeb4784a09ae6e28d4ae4b0c294,HISTORICAL_CODE_GO_IS_NOT_CURRENT_AUTHORITY;G1_OVERLAY_ONLY;NO_MODULE_START_TOKEN;HISTORICAL_ALLOCATION_NOT_A_CURRENT_LEASE
BASE-TFR-TIM-006,BASE_TARGET_FAMILY,TFR-TIM-006,TIM,HRIS-TIM,TIM,88,G3A_BASE_006,OPEN_G3_CODE,NOT_STARTED_G3,NOT_AUTHORIZED_G6,G3-CODE-GO-BASE-TFR-TIM-006,G3_REGISTER_HASH_VERIFIED_NUMBERED_EVIDENCE;TARGET_FAMILY_REGISTER_PIN_EXACT_SUPPLEMENT,7c11c39eddee9036c8c7a25ba713930d354791606f8393703bf5d48b6e885a83,6,TFR-TIM-006::TIM-CLOCK::PEP-TIM-007|PEP-TIM-008|EVT-TIM:ClockEventRecorded,NONE,NONE,NONE,NONE,NOT_STARTED,NO_EXACT_SLICE_ID_OR_EXACT_IMPLEMENTATION_PATH_EVIDENCE_AT_PINNED_COMMITS,DEP-001|DEP-002|DEP-003|DEP-006|DEP-016,G3-TIM-BE-MIGRATION|G3-TIM-BE-SOURCE|G3-TIM-BE-TEST|G3-TIM-FE-SOURCE,MIG-TIM-TIME-1-39,CURRENT_JIT_LEASE_REQUIRED_IF_SCHEMA_TOUCH,2,HELD-02_PACKET_ORDER,NONE,NONE,RECOVERY_REGISTER_FE:08a05f764a7c6dec38cce2627b81bcb8ef87ee6c|CURRENT_FE:08a05f764a7c6dec38cce2627b81bcb8ef87ee6c|CURRENT_BE:5612cc1a0b4a21a4d0b9107739579f23d165790f|RECONCILED_FE:7f39d12cd10b8827c67355a7f445973d05373cc9|RECONCILED_BE:0731f6df2d55cdeb4784a09ae6e28d4ae4b0c294,HISTORICAL_CODE_GO_IS_NOT_CURRENT_AUTHORITY;G1_OVERLAY_ONLY;NO_MODULE_START_TOKEN;HISTORICAL_ALLOCATION_NOT_A_CURRENT_LEASE
BASE-TFR-TIM-007,BASE_TARGET_FAMILY,TFR-TIM-007,TIM,HRIS-TIM,TIM,89,G3A_BASE_007,OPEN_G3_CODE,NOT_STARTED_G3,NOT_AUTHORIZED_G6,G3-CODE-GO-BASE-TFR-TIM-007,G3_REGISTER_HASH_VERIFIED_NUMBERED_EVIDENCE;TARGET_FAMILY_REGISTER_PIN_EXACT_SUPPLEMENT,cf3f686f4466ee193413c124dae40c0fe72270bae8de0355ef3f23ebb8f9835f,22,TFR-TIM-007::TIM-CLOSE-HANDOFF::PEP-TIM-022|PEP-TIM-023|PEP-TIM-024|PEP-TIM-025|PEP-TIM-026|SVC-PEP-TIM-001|XCON-008|XCON-009|XCON-010|XCON-011|EVT-TIM:TimePeriodClosed.v1|EVT-TIM:TimePeriodReopened.v1|EVT-TIM:PayrollTimeHandoffReady.v1,NONE,NONE,NONE,NONE,NOT_STARTED,NO_EXACT_SLICE_ID_OR_EXACT_IMPLEMENTATION_PATH_EVIDENCE_AT_PINNED_COMMITS,DEP-001|DEP-002|DEP-003|DEP-009|DEP-016,G3-TIM-BE-MIGRATION|G3-TIM-BE-SOURCE|G3-TIM-BE-TEST|G3-TIM-FE-SOURCE,MIG-TIM-TIME-1-39,CURRENT_JIT_LEASE_REQUIRED_IF_SCHEMA_TOUCH,5,HELD-05_PACKET_ORDER,NONE,NONE,RECOVERY_REGISTER_FE:08a05f764a7c6dec38cce2627b81bcb8ef87ee6c|CURRENT_FE:08a05f764a7c6dec38cce2627b81bcb8ef87ee6c|CURRENT_BE:5612cc1a0b4a21a4d0b9107739579f23d165790f|RECONCILED_FE:7f39d12cd10b8827c67355a7f445973d05373cc9|RECONCILED_BE:0731f6df2d55cdeb4784a09ae6e28d4ae4b0c294,HISTORICAL_CODE_GO_IS_NOT_CURRENT_AUTHORITY;G1_OVERLAY_ONLY;NO_MODULE_START_TOKEN;HISTORICAL_ALLOCATION_NOT_A_CURRENT_LEASE
BASE-TFR-TIM-008,BASE_TARGET_FAMILY,TFR-TIM-008,TIM,HRIS-TIM,TIM,90,G3A_BASE_008,OPEN_G3_CODE,NOT_STARTED_G3,NOT_AUTHORIZED_G6,G3-CODE-GO-BASE-TFR-TIM-008,G3_REGISTER_HASH_VERIFIED_NUMBERED_EVIDENCE;TARGET_FAMILY_REGISTER_PIN_EXACT_SUPPLEMENT,5e4c16cb6410a67ef7f39c253d63c836fdf42a26b4094937191347f64b96991e,7,TFR-TIM-008::TIM-CONNECTOR::SYS-API-021|SYS-API-022|SYS-API-023|SYS-API-024|SYS-API-025|PEP-TIM-007,NONE,NONE,NONE,NONE,NOT_STARTED,NO_EXACT_SLICE_ID_OR_EXACT_IMPLEMENTATION_PATH_EVIDENCE_AT_PINNED_COMMITS,DEP-001|DEP-002|DEP-003|DEP-006|DEP-016,G3-TIM-BE-MIGRATION|G3-TIM-BE-SOURCE|G3-TIM-BE-TEST|G3-TIM-FE-SOURCE,MIG-TIM-TIME-1-39,CURRENT_JIT_LEASE_REQUIRED_IF_SCHEMA_TOUCH,11,HELD-11_HISTORICAL_STABLE_ORDER,NONE,NONE,RECOVERY_REGISTER_FE:08a05f764a7c6dec38cce2627b81bcb8ef87ee6c|CURRENT_FE:08a05f764a7c6dec38cce2627b81bcb8ef87ee6c|CURRENT_BE:5612cc1a0b4a21a4d0b9107739579f23d165790f|RECONCILED_FE:7f39d12cd10b8827c67355a7f445973d05373cc9|RECONCILED_BE:0731f6df2d55cdeb4784a09ae6e28d4ae4b0c294,HISTORICAL_CODE_GO_IS_NOT_CURRENT_AUTHORITY;G1_OVERLAY_ONLY;NO_MODULE_START_TOKEN;HISTORICAL_ALLOCATION_NOT_A_CURRENT_LEASE
BASE-TFR-TIM-009,BASE_TARGET_FAMILY,TFR-TIM-009,TIM,HRIS-TIM,TIM,91,G3A_BASE_009,OPEN_G3_CODE,NOT_STARTED_G3,NOT_AUTHORIZED_G6,G3-CODE-GO-BASE-TFR-TIM-009,G3_REGISTER_HASH_VERIFIED_NUMBERED_EVIDENCE;TARGET_FAMILY_REGISTER_PIN_EXACT_SUPPLEMENT,5fa07e50958c5edad9a7fdd5926dcf01afe61d9985610429b384555c944a2a2f,20,TFR-TIM-009::TIM-ANALYTICS::PEP-TIM-001|PEP-TIM-027,NONE,NONE,NONE,NONE,NOT_STARTED,NO_EXACT_SLICE_ID_OR_EXACT_IMPLEMENTATION_PATH_EVIDENCE_AT_PINNED_COMMITS,DEP-001|DEP-002|DEP-003|DEP-016,G3-TIM-BE-MIGRATION|G3-TIM-BE-SOURCE|G3-TIM-BE-TEST|G3-TIM-FE-SOURCE,MIG-TIM-TIME-1-39,CURRENT_JIT_LEASE_REQUIRED_IF_SCHEMA_TOUCH,12,HELD-12_HISTORICAL_STABLE_ORDER,NONE,NONE,RECOVERY_REGISTER_FE:08a05f764a7c6dec38cce2627b81bcb8ef87ee6c|CURRENT_FE:08a05f764a7c6dec38cce2627b81bcb8ef87ee6c|CURRENT_BE:5612cc1a0b4a21a4d0b9107739579f23d165790f|RECONCILED_FE:7f39d12cd10b8827c67355a7f445973d05373cc9|RECONCILED_BE:0731f6df2d55cdeb4784a09ae6e28d4ae4b0c294,HISTORICAL_CODE_GO_IS_NOT_CURRENT_AUTHORITY;G1_OVERLAY_ONLY;NO_MODULE_START_TOKEN;HISTORICAL_ALLOCATION_NOT_A_CURRENT_LEASE
BASE-TFR-TIM-010,BASE_TARGET_FAMILY,TFR-TIM-010,TIM,HRIS-TIM,TIM,92,G3A_BASE_010,OPEN_G3_CODE,NOT_STARTED_G3,NOT_AUTHORIZED_G6,G3-CODE-GO-BASE-TFR-TIM-010,G3_REGISTER_HASH_VERIFIED_NUMBERED_EVIDENCE;TARGET_FAMILY_REGISTER_PIN_EXACT_SUPPLEMENT,4a266ae738ed05a82fb9f8ba8bd6160c38b060c92508faac03b62369da1c39c8,26,TFR-TIM-010::TIM-INTERPRETATION::PEP-TIM-009|PEP-TIM-010|EVT-TIM:TimeInterpreted,NONE,NONE,NONE,NONE,NOT_STARTED,NO_EXACT_SLICE_ID_OR_EXACT_IMPLEMENTATION_PATH_EVIDENCE_AT_PINNED_COMMITS,DEP-001|DEP-002|DEP-003|DEP-016,G3-TIM-BE-MIGRATION|G3-TIM-BE-SOURCE|G3-TIM-BE-TEST|G3-TIM-FE-SOURCE,MIG-TIM-TIME-1-39,CURRENT_JIT_LEASE_REQUIRED_IF_SCHEMA_TOUCH,3,HELD-03_PACKET_ORDER,NONE,NONE,RECOVERY_REGISTER_FE:08a05f764a7c6dec38cce2627b81bcb8ef87ee6c|CURRENT_FE:08a05f764a7c6dec38cce2627b81bcb8ef87ee6c|CURRENT_BE:5612cc1a0b4a21a4d0b9107739579f23d165790f|RECONCILED_FE:7f39d12cd10b8827c67355a7f445973d05373cc9|RECONCILED_BE:0731f6df2d55cdeb4784a09ae6e28d4ae4b0c294,HISTORICAL_CODE_GO_IS_NOT_CURRENT_AUTHORITY;G1_OVERLAY_ONLY;NO_MODULE_START_TOKEN;HISTORICAL_ALLOCATION_NOT_A_CURRENT_LEASE
BASE-TFR-TIM-011,BASE_TARGET_FAMILY,TFR-TIM-011,TIM,HRIS-TIM,TIM,93,G3A_BASE_011,OPEN_G3_CODE,NOT_STARTED_G3,NOT_AUTHORIZED_G6,G3-CODE-GO-BASE-TFR-TIM-011,G3_REGISTER_HASH_VERIFIED_NUMBERED_EVIDENCE;TARGET_FAMILY_REGISTER_PIN_EXACT_SUPPLEMENT,657df30abca775267e5568ac1461be2f90dbbf221372438e52fcc56c72ded771,28,TFR-TIM-011::TIM-LEAVE-KR::SYS-API-011|SYS-API-012|SYS-API-013|SYS-API-014|SYS-API-015|SYS-API-016|PEP-TIM-015|PEP-TIM-016|PEP-TIM-017,NONE,NONE,NONE,NONE,NOT_STARTED,NO_EXACT_SLICE_ID_OR_EXACT_IMPLEMENTATION_PATH_EVIDENCE_AT_PINNED_COMMITS,DEP-001|DEP-002|DEP-003|DEP-004|DEP-016,G3-TIM-BE-MIGRATION|G3-TIM-BE-SOURCE|G3-TIM-BE-TEST|G3-TIM-FE-SOURCE,MIG-TIM-TIME-1-39,CURRENT_JIT_LEASE_REQUIRED_IF_SCHEMA_TOUCH,13,HELD-13_HISTORICAL_STABLE_ORDER,NONE,NONE,RECOVERY_REGISTER_FE:08a05f764a7c6dec38cce2627b81bcb8ef87ee6c|CURRENT_FE:08a05f764a7c6dec38cce2627b81bcb8ef87ee6c|CURRENT_BE:5612cc1a0b4a21a4d0b9107739579f23d165790f|RECONCILED_FE:7f39d12cd10b8827c67355a7f445973d05373cc9|RECONCILED_BE:0731f6df2d55cdeb4784a09ae6e28d4ae4b0c294,HISTORICAL_CODE_GO_IS_NOT_CURRENT_AUTHORITY;G1_OVERLAY_ONLY;NO_MODULE_START_TOKEN;HISTORICAL_ALLOCATION_NOT_A_CURRENT_LEASE
BASE-TFR-TIM-012,BASE_TARGET_FAMILY,TFR-TIM-012,TIM,HRIS-TIM,TIM,94,G3A_BASE_012,OPEN_G3_CODE,NOT_STARTED_G3,NOT_AUTHORIZED_G6,G3-CODE-GO-BASE-TFR-TIM-012,G3_REGISTER_HASH_VERIFIED_NUMBERED_EVIDENCE;TARGET_FAMILY_REGISTER_PIN_EXACT_SUPPLEMENT,d50dc38ea7a0302fbc78334e28f98230522497e85ed032c0ba7348893b97c76d,32,TFR-TIM-012::TIM-LEAVE-LEDGER::PEP-TIM-017|PEP-TIM-018|EVT-TIM:LeaveLedgerPosted,NONE,NONE,NONE,NONE,NOT_STARTED,NO_EXACT_SLICE_ID_OR_EXACT_IMPLEMENTATION_PATH_EVIDENCE_AT_PINNED_COMMITS,DEP-001|DEP-002|DEP-003|DEP-016,G3-TIM-BE-MIGRATION|G3-TIM-BE-SOURCE|G3-TIM-BE-TEST|G3-TIM-FE-SOURCE,MIG-TIM-TIME-1-39,CURRENT_JIT_LEASE_REQUIRED_IF_SCHEMA_TOUCH,14,HELD-14_HISTORICAL_STABLE_ORDER,NONE,NONE,RECOVERY_REGISTER_FE:08a05f764a7c6dec38cce2627b81bcb8ef87ee6c|CURRENT_FE:08a05f764a7c6dec38cce2627b81bcb8ef87ee6c|CURRENT_BE:5612cc1a0b4a21a4d0b9107739579f23d165790f|RECONCILED_FE:7f39d12cd10b8827c67355a7f445973d05373cc9|RECONCILED_BE:0731f6df2d55cdeb4784a09ae6e28d4ae4b0c294,HISTORICAL_CODE_GO_IS_NOT_CURRENT_AUTHORITY;G1_OVERLAY_ONLY;NO_MODULE_START_TOKEN;HISTORICAL_ALLOCATION_NOT_A_CURRENT_LEASE
BASE-TFR-TIM-013,BASE_TARGET_FAMILY,TFR-TIM-013,TIM,HRIS-TIM,TIM,95,G3A_BASE_013,OPEN_G3_CODE,NOT_STARTED_G3,NOT_AUTHORIZED_G6,G3-CODE-GO-BASE-TFR-TIM-013,G3_REGISTER_HASH_VERIFIED_NUMBERED_EVIDENCE;TARGET_FAMILY_REGISTER_PIN_EXACT_SUPPLEMENT,3a3baf8b1fe7abbcae64b0d3831a98b0ee6d3a8b9003fb859b51f92182a81f23,29,TFR-TIM-013::TIM-LEAVE-POLICY::PEP-TIM-015|PEP-TIM-016,NONE,NONE,NONE,NONE,NOT_STARTED,NO_EXACT_SLICE_ID_OR_EXACT_IMPLEMENTATION_PATH_EVIDENCE_AT_PINNED_COMMITS,DEP-001|DEP-002|DEP-003|DEP-004|DEP-016,G3-TIM-BE-MIGRATION|G3-TIM-BE-SOURCE|G3-TIM-BE-TEST|G3-TIM-FE-SOURCE,MIG-TIM-TIME-1-39,CURRENT_JIT_LEASE_REQUIRED_IF_SCHEMA_TOUCH,15,HELD-15_HISTORICAL_STABLE_ORDER,NONE,NONE,RECOVERY_REGISTER_FE:08a05f764a7c6dec38cce2627b81bcb8ef87ee6c|CURRENT_FE:08a05f764a7c6dec38cce2627b81bcb8ef87ee6c|CURRENT_BE:5612cc1a0b4a21a4d0b9107739579f23d165790f|RECONCILED_FE:7f39d12cd10b8827c67355a7f445973d05373cc9|RECONCILED_BE:0731f6df2d55cdeb4784a09ae6e28d4ae4b0c294,HISTORICAL_CODE_GO_IS_NOT_CURRENT_AUTHORITY;G1_OVERLAY_ONLY;NO_MODULE_START_TOKEN;HISTORICAL_ALLOCATION_NOT_A_CURRENT_LEASE
BASE-TFR-TIM-014,BASE_TARGET_FAMILY,TFR-TIM-014,TIM,HRIS-TIM,TIM,96,G3A_BASE_014,OPEN_G3_CODE,NOT_STARTED_G3,NOT_AUTHORIZED_G6,G3-CODE-GO-BASE-TFR-TIM-014,G3_REGISTER_HASH_VERIFIED_NUMBERED_EVIDENCE;TARGET_FAMILY_REGISTER_PIN_EXACT_SUPPLEMENT,4d8bd915cd5745868e22b293607bd4dfedf1b6cbffe03b20597bda091841bb0a,77,TFR-TIM-014::TIM-LEAVE-REQUEST::PEP-TIM-019|PEP-TIM-020|PEP-TIM-021|EVT-TIM:LeaveDecisionRecorded,NONE,NONE,NONE,NONE,NOT_STARTED,NO_EXACT_SLICE_ID_OR_EXACT_IMPLEMENTATION_PATH_EVIDENCE_AT_PINNED_COMMITS,DEP-001|DEP-002|DEP-003|DEP-016,G3-TIM-BE-MIGRATION|G3-TIM-BE-SOURCE|G3-TIM-BE-TEST|G3-TIM-FE-SOURCE,MIG-TIM-TIME-1-39,CURRENT_JIT_LEASE_REQUIRED_IF_SCHEMA_TOUCH,16,HELD-16_HISTORICAL_STABLE_ORDER,NONE,NONE,RECOVERY_REGISTER_FE:08a05f764a7c6dec38cce2627b81bcb8ef87ee6c|CURRENT_FE:08a05f764a7c6dec38cce2627b81bcb8ef87ee6c|CURRENT_BE:5612cc1a0b4a21a4d0b9107739579f23d165790f|RECONCILED_FE:7f39d12cd10b8827c67355a7f445973d05373cc9|RECONCILED_BE:0731f6df2d55cdeb4784a09ae6e28d4ae4b0c294,HISTORICAL_CODE_GO_IS_NOT_CURRENT_AUTHORITY;G1_OVERLAY_ONLY;NO_MODULE_START_TOKEN;HISTORICAL_ALLOCATION_NOT_A_CURRENT_LEASE
BASE-TFR-TIM-015,BASE_TARGET_FAMILY,TFR-TIM-015,TIM,HRIS-TIM,TIM,97,G3A_BASE_015,OPEN_G3_CODE,NOT_STARTED_G3,NOT_AUTHORIZED_G6,G3-CODE-GO-BASE-TFR-TIM-015,G3_REGISTER_HASH_VERIFIED_NUMBERED_EVIDENCE;TARGET_FAMILY_REGISTER_PIN_EXACT_SUPPLEMENT,8bad9cbd36f4f6987905555127703319f9b4e8d2de71b344a8aaf726b84ea8ca,82,TFR-TIM-015::TIM-OVERTIME::PLAT-003|PEP-TIM-011|PEP-TIM-012|PEP-TIM-013|PEP-TIM-014,NONE,NONE,NONE,NONE,NOT_STARTED,NO_EXACT_SLICE_ID_OR_EXACT_IMPLEMENTATION_PATH_EVIDENCE_AT_PINNED_COMMITS,DEP-001|DEP-002|DEP-003|DEP-014|DEP-016,G3-TIM-BE-MIGRATION|G3-TIM-BE-SOURCE|G3-TIM-BE-TEST|G3-TIM-FE-SOURCE,MIG-TIM-TIME-1-39,CURRENT_JIT_LEASE_REQUIRED_IF_SCHEMA_TOUCH,17,HELD-17_HISTORICAL_STABLE_ORDER,NONE,NONE,RECOVERY_REGISTER_FE:08a05f764a7c6dec38cce2627b81bcb8ef87ee6c|CURRENT_FE:08a05f764a7c6dec38cce2627b81bcb8ef87ee6c|CURRENT_BE:5612cc1a0b4a21a4d0b9107739579f23d165790f|RECONCILED_FE:7f39d12cd10b8827c67355a7f445973d05373cc9|RECONCILED_BE:0731f6df2d55cdeb4784a09ae6e28d4ae4b0c294,HISTORICAL_CODE_GO_IS_NOT_CURRENT_AUTHORITY;G1_OVERLAY_ONLY;NO_MODULE_START_TOKEN;HISTORICAL_ALLOCATION_NOT_A_CURRENT_LEASE
BASE-TFR-TIM-016,BASE_TARGET_FAMILY,TFR-TIM-016,TIM,HRIS-TIM,TIM,98,G3A_BASE_016,OPEN_G3_CODE,NOT_STARTED_G3,NOT_AUTHORIZED_G6,G3-CODE-GO-BASE-TFR-TIM-016,G3_REGISTER_HASH_VERIFIED_NUMBERED_EVIDENCE;TARGET_FAMILY_REGISTER_PIN_EXACT_SUPPLEMENT;PACKET_SEAL_AND_FIRST_SLICE_ROW_BINDING_VALID;PACKET_BINDINGS_EXACT,4e6c6b686b9054a8f650bfb6aaa1e034eb441657b25339e33eb76a3ea13d2e73,129,TFR-TIM-016::TIM-SCHEDULE::PEP-TIM-002|PEP-TIM-003|PEP-TIM-004|PEP-TIM-005|PEP-TIM-006,NONE,NONE,apps/dwp/src/features/hris/time/__tests__/g3-slices/base-tfr-tim-016.slice.test.tsx@1672d8e8848744eea0223f73f33311858c459cf3:blob|apps/dwp/src/features/hris/time/components/hris-time-work-plan-studio.tsx@567c50e17f22b286a54c03edb4e23900e5866c32:blob|SLICE_ID:apps/dwp/src/features/hris/time/__tests__/g3-slices/base-tfr-tim-016.slice.test.tsx,dwp-time-server/src/main/java/com/dwp/services/time/workregime/WorkRegimeApplicationService.java@305186c9c632a5693cd7f95efbc30bf01ca8d3bd:blob|dwp-time-server/src/main/resources/db/migration/V1__tim_create_work_regime_foundation.sql@74adee01a6fbbad7e87e5b984caa36dfcde30386:blob|dwp-time-server/src/test/java/com/dwp/services/time/workregime/TimeG3SliceContractTest.java@e9b3ccc3ce93566f19d4108e2f331c5687043ddb:blob|SLICE_ID:dwp-time-server/src/main/java/com/dwp/services/time/workregime/WorkRegimeModels.java|SLICE_ID:dwp-time-server/src/main/resources/db/migration/V1__tim_create_work_regime_foundation.sql|SLICE_ID:dwp-time-server/src/test/java/com/dwp/services/time/workregime/TimeMigrationCleanUpgradeTest.java,PRESENT_RECONCILED_PENDING_INTEGRATION,NOT_PRESENT_AS_EXACT_SLICE_AT_CURRENT_PINS|REQUIRES_SEMANTIC_PORT_AND_TARGETED_CONTRACT_VALIDATION,DEP-001|DEP-002|DEP-003|DEP-004|DEP-016,G3-TIM-BE-MIGRATION|G3-TIM-BE-SOURCE|G3-TIM-BE-TEST|G3-TIM-FE-SOURCE,MIG-TIM-TIME-1-39,CURRENT_JIT_LEASE_REQUIRED_IF_SCHEMA_TOUCH,1,NEXT-01_RECONCILED_INTEGRATION,NONE,FE:f3db8b1ed5265ef83caff1ae1b8374119d373d3b|BE:af0809d58298f0bff0bbcc075684101c6fc3262c,RECOVERY_REGISTER_FE:08a05f764a7c6dec38cce2627b81bcb8ef87ee6c|CURRENT_FE:08a05f764a7c6dec38cce2627b81bcb8ef87ee6c|CURRENT_BE:5612cc1a0b4a21a4d0b9107739579f23d165790f|RECONCILED_FE:7f39d12cd10b8827c67355a7f445973d05373cc9|RECONCILED_BE:0731f6df2d55cdeb4784a09ae6e28d4ae4b0c294,HISTORICAL_CODE_GO_IS_NOT_CURRENT_AUTHORITY;G1_OVERLAY_ONLY;NO_MODULE_START_TOKEN;HISTORICAL_ALLOCATION_NOT_A_CURRENT_LEASE
BASE-TFR-TIM-017,BASE_TARGET_FAMILY,TFR-TIM-017,TIM,HRIS-TIM,TIM,99,G3A_BASE_017,OPEN_G3_CODE,NOT_STARTED_G3,NOT_AUTHORIZED_G6,G3-CODE-GO-BASE-TFR-TIM-017,G3_REGISTER_HASH_VERIFIED_NUMBERED_EVIDENCE;TARGET_FAMILY_REGISTER_PIN_EXACT_SUPPLEMENT,7851b0dca7f57684b0088506a23c37cd41417f0c3aaad4debce9499cd66673c0,42,TFR-TIM-017::TIM-TIMECARD::PEP-TIM-011|PEP-TIM-012|PEP-TIM-013|PEP-TIM-014|PEP-TIM-028|EVT-TIM:TimecardDecisionRecorded,NONE,NONE,apps/dwp/src/features/hris/time/model/hris-time-model.ts@e7f97c8122afdbf62dd7e3ad69c8ef677ea938c0:blob|apps/dwp/src/features/hris/time/pages/hris-time-workspace.tsx@2d6b2890dc2c0afd3a4bda16dd5b0dc65d231a3d:blob,NONE,PARTIAL_OVERLAP,RECONCILED_TIME_CARD_UI_OVERLAPS_TIMECARD;CLOSE_HANDOFF_BACKEND_AND_FULL_CONFORMANCE_NOT_PROVEN,DEP-001|DEP-002|DEP-003|DEP-016,G3-TIM-BE-MIGRATION|G3-TIM-BE-SOURCE|G3-TIM-BE-TEST|G3-TIM-FE-SOURCE,MIG-TIM-TIME-1-39,CURRENT_JIT_LEASE_REQUIRED_IF_SCHEMA_TOUCH,4,HELD-04_PACKET_ORDER,NONE,FE:f3db8b1ed5265ef83caff1ae1b8374119d373d3b,RECOVERY_REGISTER_FE:08a05f764a7c6dec38cce2627b81bcb8ef87ee6c|CURRENT_FE:08a05f764a7c6dec38cce2627b81bcb8ef87ee6c|CURRENT_BE:5612cc1a0b4a21a4d0b9107739579f23d165790f|RECONCILED_FE:7f39d12cd10b8827c67355a7f445973d05373cc9|RECONCILED_BE:0731f6df2d55cdeb4784a09ae6e28d4ae4b0c294,HISTORICAL_CODE_GO_IS_NOT_CURRENT_AUTHORITY;G1_OVERLAY_ONLY;NO_MODULE_START_TOKEN;HISTORICAL_ALLOCATION_NOT_A_CURRENT_LEASE
BASE-TFR-TIM-018,BASE_TARGET_FAMILY,TFR-TIM-018,TIM,HRIS-TIM,TIM,100,G3A_BASE_018,OPEN_G3_CODE,NOT_STARTED_G3,NOT_AUTHORIZED_G6,G3-CODE-GO-BASE-TFR-TIM-018,G3_REGISTER_HASH_VERIFIED_NUMBERED_EVIDENCE;TARGET_FAMILY_REGISTER_PIN_EXACT_SUPPLEMENT,0ffa7c533f2b060d826de4f6c7e6bcb044e63288843d1c0949f1c54007309169,20,TFR-TIM-018::TIM-DASHBOARD::PEP-TIM-001|SVC-PEP-TIM-002|XCON-014|EVT-TIM:HrisHomeContributionChanged.v1,NONE,NONE,NONE,NONE,NOT_STARTED,NO_EXACT_SLICE_ID_OR_EXACT_IMPLEMENTATION_PATH_EVIDENCE_AT_PINNED_COMMITS,DEP-001|DEP-002|DEP-003|DEP-012|DEP-016,G3-TIM-BE-MIGRATION|G3-TIM-BE-SOURCE|G3-TIM-BE-TEST|G3-TIM-FE-SOURCE,MIG-TIM-TIME-1-39,CURRENT_JIT_LEASE_REQUIRED_IF_SCHEMA_TOUCH,18,HELD-18_HISTORICAL_STABLE_ORDER,NONE,NONE,RECOVERY_REGISTER_FE:08a05f764a7c6dec38cce2627b81bcb8ef87ee6c|CURRENT_FE:08a05f764a7c6dec38cce2627b81bcb8ef87ee6c|CURRENT_BE:5612cc1a0b4a21a4d0b9107739579f23d165790f|RECONCILED_FE:7f39d12cd10b8827c67355a7f445973d05373cc9|RECONCILED_BE:0731f6df2d55cdeb4784a09ae6e28d4ae4b0c294,HISTORICAL_CODE_GO_IS_NOT_CURRENT_AUTHORITY;G1_OVERLAY_ONLY;NO_MODULE_START_TOKEN;HISTORICAL_ALLOCATION_NOT_A_CURRENT_LEASE
BASE-TFR-TIM-019,BASE_TARGET_FAMILY,TFR-TIM-019,TIM,HRIS-TIM,TIM,101,G3A_BASE_019,OPEN_G3_CODE,NOT_STARTED_G3,NOT_AUTHORIZED_G6,G3-CODE-GO-BASE-TFR-TIM-019,G3_REGISTER_HASH_VERIFIED_NUMBERED_EVIDENCE;TARGET_FAMILY_REGISTER_PIN_EXACT_SUPPLEMENT,03df4acbe0fa7077a4d205bf82a63d662b9d61015ec7244482e7df1fa6af9b34,8,TFR-TIM-019::TIM-HRM-PROJECTION::SVC-PEP-HRM-002|SVC-PEP-HRM-004|XCON-001|XCON-003|XCON-005|XCON-006|XCON-016,NONE,NONE,NONE,NONE,NOT_STARTED,NO_EXACT_SLICE_ID_OR_EXACT_IMPLEMENTATION_PATH_EVIDENCE_AT_PINNED_COMMITS,DEP-001|DEP-002|DEP-003|DEP-007|DEP-016,G3-TIM-BE-MIGRATION|G3-TIM-BE-SOURCE|G3-TIM-BE-TEST|G3-TIM-FE-SOURCE,MIG-TIM-TIME-1-39,CURRENT_JIT_LEASE_REQUIRED_IF_SCHEMA_TOUCH,19,HELD-19_HISTORICAL_STABLE_ORDER,NONE,NONE,RECOVERY_REGISTER_FE:08a05f764a7c6dec38cce2627b81bcb8ef87ee6c|CURRENT_FE:08a05f764a7c6dec38cce2627b81bcb8ef87ee6c|CURRENT_BE:5612cc1a0b4a21a4d0b9107739579f23d165790f|RECONCILED_FE:7f39d12cd10b8827c67355a7f445973d05373cc9|RECONCILED_BE:0731f6df2d55cdeb4784a09ae6e28d4ae4b0c294,HISTORICAL_CODE_GO_IS_NOT_CURRENT_AUTHORITY;G1_OVERLAY_ONLY;NO_MODULE_START_TOKEN;HISTORICAL_ALLOCATION_NOT_A_CURRENT_LEASE
MOD-TIM-WFM,MODERN_CAPABILITY,HRIS.MODERN.ADVANCED_WFM,TIM,HRIS-TIM,TIM,102,G3D_OPTIMIZATION,OPEN_G3_CODE,NOT_STARTED_G3,NOT_AUTHORIZED_G6,G3-CODE-GO-MOD-TIM-WFM,G3_REGISTER_HASH_VERIFIED_NUMBERED_EVIDENCE;MODERN_DELIVERY_REGISTER_COMPLETE;MODERN_CODING_CONTRACT_PARTIAL_EVENT_CHAIN,NOT_APPLICABLE_MODERN_CAPABILITY,0,HRIS.MODERN.ADVANCED_WFM::Demand forecasting schedule optimization explainability and approved publish,NONE,NONE,NONE,NONE,NOT_STARTED,NO_EXACT_SLICE_ID_OR_EXACT_IMPLEMENTATION_PATH_EVIDENCE_AT_PINNED_COMMITS|RECOVERED_MODERN_CODING_CONTRACT_REGISTER_PARTIAL_REQUIRES_SUCCESSOR_RESEAL,DEP-001|DEP-002|DEP-003|DEP-004|DEP-009|DEP-016,G3-TIM-BE-MIGRATION|G3-TIM-BE-SOURCE|G3-TIM-BE-TEST|G3-TIM-FE-SOURCE,MIG-TIM-TIME-1-39,CURRENT_JIT_LEASE_REQUIRED_IF_SCHEMA_TOUCH,20,HELD-20_HISTORICAL_STABLE_ORDER,NONE,NONE,RECOVERY_REGISTER_FE:08a05f764a7c6dec38cce2627b81bcb8ef87ee6c|CURRENT_FE:08a05f764a7c6dec38cce2627b81bcb8ef87ee6c|CURRENT_BE:5612cc1a0b4a21a4d0b9107739579f23d165790f|RECONCILED_FE:7f39d12cd10b8827c67355a7f445973d05373cc9|RECONCILED_BE:0731f6df2d55cdeb4784a09ae6e28d4ae4b0c294,HISTORICAL_CODE_GO_IS_NOT_CURRENT_AUTHORITY;G1_OVERLAY_ONLY;NO_MODULE_START_TOKEN;HISTORICAL_ALLOCATION_NOT_A_CURRENT_LEASE
