binding_id,module,source_operation_id,method,contract_path,browser_path,owner_path,owner_service,source_contract,source_authorization_alias,canonical_app_entitlement,authorization_profiles,canonical_capability_keys,canonical_resource_types,canonical_resource_keys,canonical_actions,canonical_population_types,canonical_field_group_keys,purpose_codes,pep_layers,state
PEP-HRM-001,HRM,searchPeople,GET,/api/people/v1/hris/people,/api/people/v1/hris/people,/v1/hris/people,dwp-people-server,../session-evidence/hrm/g2-readiness/api-event-contracts.v1.json,hcm.operations.people.view,APP.HCM:VIEW,HRIS_HR_BUSINESS_PARTNER>HRIS_DUTY_CORE_VIEWER,hcm.operations.people.view,DATA,DATA.HRIS_WORKFORCE,VIEW,LEGAL_ENTITY|NAMED_POPULATION|ORG_TREE|ORG_UNIT,DIRECTORY|EMPLOYMENT|ORGANIZATION,HR_OPERATIONS,GATEWAY_APP_ENTITLEMENT|OWNER_API_OPERATION|RESOURCE_POPULATION|REPOSITORY_TENANT_PREDICATE|FIELD_PROJECTION|PURPOSE_POLICY|AUDIT_DECISION,G3_BINDING_SPECIFIED_NOT_IMPLEMENTED
PEP-HRM-002,HRM,getPerson360,GET,/api/people/v1/hris/people/{personPublicId},/api/people/v1/hris/people/{personPublicId},/v1/hris/people/{personPublicId},dwp-people-server,../session-evidence/hrm/g2-readiness/api-event-contracts.v1.json,hcm.operations.people.view,APP.HCM:VIEW,HRIS_HR_BUSINESS_PARTNER>HRIS_DUTY_CORE_VIEWER,hcm.operations.people.view,DATA,DATA.HRIS_WORKFORCE,VIEW,LEGAL_ENTITY|NAMED_POPULATION|ORG_TREE|ORG_UNIT,DIRECTORY|EMPLOYMENT|ORGANIZATION,HR_OPERATIONS,GATEWAY_APP_ENTITLEMENT|OWNER_API_OPERATION|RESOURCE_POPULATION|REPOSITORY_TENANT_PREDICATE|FIELD_PROJECTION|PURPOSE_POLICY|AUDIT_DECISION,G3_BINDING_SPECIFIED_NOT_IMPLEMENTED
PEP-HRM-003,HRM,createEmployeeChangeRequest,POST,/api/people/v1/hris/employee-change-requests,/api/people/v1/hris/employee-change-requests,/v1/hris/employee-change-requests,dwp-people-server,../session-evidence/hrm/g2-readiness/api-event-contracts.v1.json,hcm.personal.profile.update or hcm.team.people-change.request or hcm.operations.people.update,APP.HCM:VIEW,HRIS_EMPLOYEE>HRIS_DUTY_SELF_PROFILE_EDITOR|HRIS_LINE_MANAGER>HRIS_DUTY_MANAGER_PEOPLE_CHANGE_REQUESTER|HRIS_HR_BUSINESS_PARTNER>HRIS_DUTY_CORE_EDITOR,hcm.operations.people.update|hcm.personal.profile.update|hcm.team.people-change.request,ACTION|DATA,ACTION.HRIS_PEOPLE_CHANGE_REQUEST|DATA.HRIS_SELF_PROFILE|DATA.HRIS_WORKFORCE,CREATE|UPDATE,APPROVED_DELEGATION|DIRECT_REPORTS|LEGAL_ENTITY|NAMED_POPULATION|ORG_TREE|ORG_UNIT|SELF,EMPLOYMENT|LIMITED_EMPLOYMENT|ORGANIZATION|SELF_PROFILE,EMPLOYEE_SELF_SERVICE|TEAM_MANAGEMENT|HR_OPERATIONS,GATEWAY_APP_ENTITLEMENT|OWNER_API_OPERATION|RESOURCE_POPULATION|REPOSITORY_TENANT_PREDICATE|FIELD_PROJECTION|PURPOSE_POLICY|AUDIT_DECISION,G3_BINDING_SPECIFIED_NOT_IMPLEMENTED
PEP-HRM-004,HRM,submitEmployeeChangeRequest,POST,/api/people/v1/hris/employee-change-requests/{requestPublicId}/submit,/api/people/v1/hris/employee-change-requests/{requestPublicId}/submit,/v1/hris/employee-change-requests/{requestPublicId}/submit,dwp-people-server,../session-evidence/hrm/g2-readiness/api-event-contracts.v1.json,matching change request create capability,APP.HCM:VIEW,HRIS_EMPLOYEE>HRIS_DUTY_SELF_PROFILE_EDITOR|HRIS_LINE_MANAGER>HRIS_DUTY_MANAGER_PEOPLE_CHANGE_REQUESTER|HRIS_HR_BUSINESS_PARTNER>HRIS_DUTY_CORE_EDITOR,hcm.operations.people.update|hcm.personal.profile.update|hcm.team.people-change.request,ACTION|DATA,ACTION.HRIS_PEOPLE_CHANGE_REQUEST|DATA.HRIS_SELF_PROFILE|DATA.HRIS_WORKFORCE,CREATE|UPDATE,APPROVED_DELEGATION|DIRECT_REPORTS|LEGAL_ENTITY|NAMED_POPULATION|ORG_TREE|ORG_UNIT|SELF,EMPLOYMENT|LIMITED_EMPLOYMENT|ORGANIZATION|SELF_PROFILE,EMPLOYEE_SELF_SERVICE|TEAM_MANAGEMENT|HR_OPERATIONS,GATEWAY_APP_ENTITLEMENT|OWNER_API_OPERATION|RESOURCE_POPULATION|REPOSITORY_TENANT_PREDICATE|FIELD_PROJECTION|PURPOSE_POLICY|AUDIT_DECISION,G3_BINDING_SPECIFIED_NOT_IMPLEMENTED
PEP-HRM-005,HRM,applyEmployeeChangeRequest,POST,/api/people/v1/hris/employee-change-requests/{requestPublicId}/apply,/api/people/v1/hris/employee-change-requests/{requestPublicId}/apply,/v1/hris/employee-change-requests/{requestPublicId}/apply,dwp-people-server,../session-evidence/hrm/g2-readiness/api-event-contracts.v1.json,hcm.operations.people-change.approve,APP.HCM:VIEW,HRIS_HR_LIFECYCLE_APPROVER>HRIS_DUTY_CORE_APPROVER,hcm.operations.people-change.approve,ACTION,ACTION.HRIS_WORKFORCE_CHANGE_APPROVE,APPROVE,LEGAL_ENTITY|NAMED_POPULATION|ORG_TREE|ORG_UNIT,EMPLOYMENT|ORGANIZATION,HR_LIFECYCLE,GATEWAY_APP_ENTITLEMENT|OWNER_API_OPERATION|RESOURCE_POPULATION|REPOSITORY_TENANT_PREDICATE|FIELD_PROJECTION|PURPOSE_POLICY|AUDIT_DECISION,G3_BINDING_SPECIFIED_NOT_IMPLEMENTED
PEP-HRM-006,HRM,createAssignmentEvent,POST,/api/people/v1/hris/assignment-events,/api/people/v1/hris/assignment-events,/v1/hris/assignment-events,dwp-people-server,../session-evidence/hrm/g2-readiness/api-event-contracts.v1.json,hcm.operations.assignment.manage,APP.HCM:VIEW,HRIS_HR_BUSINESS_PARTNER>HRIS_DUTY_ASSIGNMENT_MAKER,hcm.operations.assignment.manage,ACTION,ACTION.HRIS_ASSIGNMENT_EVENT,MANAGE,LEGAL_ENTITY|NAMED_POPULATION|ORG_TREE|ORG_UNIT,COMPENSATION|EMPLOYMENT|IMPACT_SUMMARY|ORGANIZATION,HR_LIFECYCLE,GATEWAY_APP_ENTITLEMENT|OWNER_API_OPERATION|RESOURCE_POPULATION|REPOSITORY_TENANT_PREDICATE|FIELD_PROJECTION|PURPOSE_POLICY|AUDIT_DECISION,G3_BINDING_SPECIFIED_NOT_IMPLEMENTED
PEP-HRM-007,HRM,validateAssignmentEvent,POST,/api/people/v1/hris/assignment-events/{eventPublicId}/validate,/api/people/v1/hris/assignment-events/{eventPublicId}/validate,/v1/hris/assignment-events/{eventPublicId}/validate,dwp-people-server,../session-evidence/hrm/g2-readiness/api-event-contracts.v1.json,hcm.operations.assignment.manage,APP.HCM:VIEW,HRIS_HR_BUSINESS_PARTNER>HRIS_DUTY_ASSIGNMENT_MAKER,hcm.operations.assignment.manage,ACTION,ACTION.HRIS_ASSIGNMENT_EVENT,MANAGE,LEGAL_ENTITY|NAMED_POPULATION|ORG_TREE|ORG_UNIT,COMPENSATION|EMPLOYMENT|IMPACT_SUMMARY|ORGANIZATION,HR_LIFECYCLE,GATEWAY_APP_ENTITLEMENT|OWNER_API_OPERATION|RESOURCE_POPULATION|REPOSITORY_TENANT_PREDICATE|FIELD_PROJECTION|PURPOSE_POLICY|AUDIT_DECISION,G3_BINDING_SPECIFIED_NOT_IMPLEMENTED
PEP-HRM-008,HRM,submitAssignmentEvent,POST,/api/people/v1/hris/assignment-events/{eventPublicId}/submit,/api/people/v1/hris/assignment-events/{eventPublicId}/submit,/v1/hris/assignment-events/{eventPublicId}/submit,dwp-people-server,../session-evidence/hrm/g2-readiness/api-event-contracts.v1.json,hcm.operations.assignment.manage,APP.HCM:VIEW,HRIS_HR_BUSINESS_PARTNER>HRIS_DUTY_ASSIGNMENT_MAKER,hcm.operations.assignment.manage,ACTION,ACTION.HRIS_ASSIGNMENT_EVENT,MANAGE,LEGAL_ENTITY|NAMED_POPULATION|ORG_TREE|ORG_UNIT,COMPENSATION|EMPLOYMENT|IMPACT_SUMMARY|ORGANIZATION,HR_LIFECYCLE,GATEWAY_APP_ENTITLEMENT|OWNER_API_OPERATION|RESOURCE_POPULATION|REPOSITORY_TENANT_PREDICATE|FIELD_PROJECTION|PURPOSE_POLICY|AUDIT_DECISION,G3_BINDING_SPECIFIED_NOT_IMPLEMENTED
PEP-HRM-009,HRM,publishAssignmentEvent,POST,/api/people/v1/hris/assignment-events/{eventPublicId}/publish,/api/people/v1/hris/assignment-events/{eventPublicId}/publish,/v1/hris/assignment-events/{eventPublicId}/publish,dwp-people-server,../session-evidence/hrm/g2-readiness/api-event-contracts.v1.json,hcm.operations.people-change.approve,APP.HCM:VIEW,HRIS_HR_LIFECYCLE_APPROVER>HRIS_DUTY_CORE_APPROVER,hcm.operations.people-change.approve,ACTION,ACTION.HRIS_WORKFORCE_CHANGE_APPROVE,APPROVE,LEGAL_ENTITY|NAMED_POPULATION|ORG_TREE|ORG_UNIT,EMPLOYMENT|ORGANIZATION,HR_LIFECYCLE,GATEWAY_APP_ENTITLEMENT|OWNER_API_OPERATION|RESOURCE_POPULATION|REPOSITORY_TENANT_PREDICATE|FIELD_PROJECTION|PURPOSE_POLICY|AUDIT_DECISION,G3_BINDING_SPECIFIED_NOT_IMPLEMENTED
PEP-HRM-010,HRM,queryOrganizationGraph,GET,/api/people/v1/hris/organizations/graph,/api/people/v1/hris/organizations/graph,/v1/hris/organizations/graph,dwp-people-server,../session-evidence/hrm/g2-readiness/api-event-contracts.v1.json,hcm.operations.organization.view,APP.HCM:VIEW,HRIS_HR_BUSINESS_PARTNER>HRIS_DUTY_ORGANIZATION_VIEWER,hcm.operations.organization.view,DATA,DATA.HRIS_ORGANIZATION,VIEW,LEGAL_ENTITY|ORG_TREE|ORG_UNIT,ORGANIZATION,HR_OPERATIONS,GATEWAY_APP_ENTITLEMENT|OWNER_API_OPERATION|RESOURCE_POPULATION|REPOSITORY_TENANT_PREDICATE|FIELD_PROJECTION|PURPOSE_POLICY|AUDIT_DECISION,G3_BINDING_SPECIFIED_NOT_IMPLEMENTED
PEP-HRM-011,HRM,issueEmploymentContract,POST,/api/people/v1/hris/employment-contracts,/api/people/v1/hris/employment-contracts,/v1/hris/employment-contracts,dwp-people-server,../session-evidence/hrm/g2-readiness/api-event-contracts.v1.json,hcm.operations.contract.issue,APP.HCM:VIEW,HRIS_HR_BUSINESS_PARTNER>HRIS_DUTY_CONTRACT_ISSUER,hcm.operations.contract.issue,ACTION,ACTION.HRIS_EMPLOYMENT_CONTRACT,ISSUE,LEGAL_ENTITY|NAMED_POPULATION|ORG_TREE|ORG_UNIT,COMPENSATION|DOCUMENT_CONTENT|EMPLOYMENT,HR_LIFECYCLE,GATEWAY_APP_ENTITLEMENT|OWNER_API_OPERATION|RESOURCE_POPULATION|REPOSITORY_TENANT_PREDICATE|FIELD_PROJECTION|PURPOSE_POLICY|AUDIT_DECISION,G3_BINDING_SPECIFIED_NOT_IMPLEMENTED
PEP-HRM-012,HRM,requestCertificate,POST,/api/people/v1/hris/certificates,/api/people/v1/hris/certificates,/v1/hris/certificates,dwp-people-server,../session-evidence/hrm/g2-readiness/api-event-contracts.v1.json,hcm.personal.certificate.request or hcm.operations.certificate.issue,APP.HCM:VIEW,HRIS_EMPLOYEE>HRIS_DUTY_SELF_CERTIFICATE_REQUESTER|HRIS_HR_BUSINESS_PARTNER>HRIS_DUTY_CERTIFICATE_ISSUER,hcm.operations.certificate.issue|hcm.personal.certificate.request,ACTION,ACTION.HRIS_CERTIFICATE,CREATE|ISSUE,LEGAL_ENTITY|NAMED_POPULATION|ORG_TREE|ORG_UNIT|SELF,DIRECTORY|DOCUMENT_CONTENT|EMPLOYMENT,EMPLOYEE_SELF_SERVICE|TEAM_MANAGEMENT|HR_OPERATIONS,GATEWAY_APP_ENTITLEMENT|OWNER_API_OPERATION|RESOURCE_POPULATION|REPOSITORY_TENANT_PREDICATE|FIELD_PROJECTION|PURPOSE_POLICY|AUDIT_DECISION,G3_BINDING_SPECIFIED_NOT_IMPLEMENTED
PEP-HRM-013,HRM,createSeparationCase,POST,/api/people/v1/hris/separation-cases,/api/people/v1/hris/separation-cases,/v1/hris/separation-cases,dwp-people-server,../session-evidence/hrm/g2-readiness/api-event-contracts.v1.json,hcm.operations.separation.manage,APP.HCM:VIEW,HRIS_HR_BUSINESS_PARTNER>HRIS_DUTY_SEPARATION_MAKER,hcm.operations.separation.manage,ACTION,ACTION.HRIS_SEPARATION_CASE,MANAGE,LEGAL_ENTITY|NAMED_POPULATION|ORG_TREE|ORG_UNIT,COMPENSATION|DOCUMENT_CONTENT|EMPLOYMENT,HR_LIFECYCLE,GATEWAY_APP_ENTITLEMENT|OWNER_API_OPERATION|RESOURCE_POPULATION|REPOSITORY_TENANT_PREDICATE|FIELD_PROJECTION|PURPOSE_POLICY|AUDIT_DECISION,G3_BINDING_SPECIFIED_NOT_IMPLEMENTED
PEP-HRM-014,HRM,getCommandReceipt,GET,/api/people/v1/hris/command-receipts/{receiptId},/api/people/v1/hris/command-receipts/{receiptId},/v1/hris/command-receipts/{receiptId},dwp-people-server,../session-evidence/hrm/g2-readiness/api-event-contracts.v1.json,same capability and population as originating command,APP.HCM:VIEW,HRIS_EMPLOYEE>HRIS_DUTY_COMMAND_RECEIPT_READER|HRIS_LINE_MANAGER>HRIS_DUTY_COMMAND_RECEIPT_READER|HRIS_HR_BUSINESS_PARTNER>HRIS_DUTY_COMMAND_RECEIPT_READER|HRIS_HR_LIFECYCLE_APPROVER>HRIS_DUTY_COMMAND_RECEIPT_READER|HRIS_INTEGRATION_EXECUTOR>HRIS_DUTY_COMMAND_RECEIPT_READER,hcm.command-receipt.view,DATA,DATA.HRIS_COMMAND_RECEIPT,VIEW,ORIGINATING_COMMAND_SCOPE,COMMAND_RECEIPT,COMMAND_STATUS,GATEWAY_APP_ENTITLEMENT|OWNER_API_OPERATION|RESOURCE_POPULATION|REPOSITORY_TENANT_PREDICATE|FIELD_PROJECTION|PURPOSE_POLICY|AUDIT_DECISION,G3_BINDING_SPECIFIED_NOT_IMPLEMENTED
PEP-HRM-015,HRM,initiateWorkforceIngestion,POST,/api/people/v1/hris/integrations/workforce-ingestions,/api/people/v1/hris/integrations/workforce-ingestions,/v1/hris/integrations/workforce-ingestions,dwp-people-server,../session-evidence/hrm/g2-readiness/api-event-contracts.v1.json,hcm.integration.execute,APP.HCM:VIEW,HRIS_INTEGRATION_EXECUTOR>HRIS_DUTY_INTEGRATION_EXECUTOR,hcm.integration.execute,ACTION,ACTION.HRIS_INTEGRATION_EXECUTE,EXECUTE,CONNECTOR_SET|LEGAL_ENTITY,INTEGRATION_METADATA|REDACTED_PAYLOAD,HRIS_INTEGRATION,GATEWAY_APP_ENTITLEMENT|OWNER_API_OPERATION|RESOURCE_POPULATION|REPOSITORY_TENANT_PREDICATE|FIELD_PROJECTION|PURPOSE_POLICY|AUDIT_DECISION,G3_BINDING_SPECIFIED_NOT_IMPLEMENTED
PEP-HRM-016,HRM,getWorkforceHomeWidgets,GET,/api/people/v1/hris/home/widgets/workforce,/api/people/v1/hris/home/widgets/workforce,/v1/hris/home/widgets/workforce,dwp-people-server,../session-evidence/hrm/g2-readiness/api-event-contracts.v1.json,hcm.personal.profile.view or hcm.operations.people.view,APP.HCM:VIEW,HRIS_EMPLOYEE>HRIS_DUTY_SELF_PROFILE_READER|HRIS_HR_BUSINESS_PARTNER>HRIS_DUTY_CORE_VIEWER,hcm.operations.people.view|hcm.personal.profile.view,DATA,DATA.HRIS_SELF_PROFILE|DATA.HRIS_WORKFORCE,VIEW,LEGAL_ENTITY|NAMED_POPULATION|ORG_TREE|ORG_UNIT|SELF,DIRECTORY|EMPLOYMENT|ORGANIZATION|SELF_PROFILE,HRIS_HOME_WIDGET,GATEWAY_APP_ENTITLEMENT|OWNER_API_OPERATION|RESOURCE_POPULATION|REPOSITORY_TENANT_PREDICATE|FIELD_PROJECTION|PURPOSE_POLICY|AUDIT_DECISION,G3_BINDING_SPECIFIED_NOT_IMPLEMENTED
PEP-PER-001,PER,getPerformanceDashboard,GET,/api/people/v1/hris/performance/dashboard,/api/people/v1/hris/performance/dashboard,/v1/hris/performance/dashboard,dwp-people-server,../session-evidence/per/g2-readiness/api-event-contracts.yaml,hcm.personal.performance.view|hcm.team.performance.review|hcm.operations.performance.update,APP.HCM:VIEW,HRIS_EMPLOYEE>HRIS_DUTY_SELF_PERFORMANCE_READER|HRIS_LINE_MANAGER>HRIS_DUTY_MANAGER_PERFORMANCE_REVIEWER|HRIS_PERFORMANCE_OPERATOR>HRIS_DUTY_PERFORMANCE_OPERATOR,hcm.operations.performance.update|hcm.personal.performance.view|hcm.team.performance.review,DATA,DATA.HRIS_PERFORMANCE_REVIEW|DATA.HR_TALENT,UPDATE|VIEW,ASSIGNED_REVIEW_POPULATION|NAMED_POPULATION|ORG_TREE|SELF,LIMITED_PROFILE|PERFORMANCE|PERFORMANCE_ASSIGNED|SELF_PERFORMANCE,PERFORMANCE_DASHBOARD,GATEWAY_APP_ENTITLEMENT|OWNER_API_OPERATION|RESOURCE_POPULATION|REPOSITORY_TENANT_PREDICATE|FIELD_PROJECTION|PURPOSE_POLICY|AUDIT_DECISION,G3_BINDING_SPECIFIED_NOT_IMPLEMENTED
PEP-PER-002,PER,listCycles,GET,/api/people/v1/hris/performance/cycles,/api/people/v1/hris/performance/cycles,/v1/hris/performance/cycles,dwp-people-server,../session-evidence/per/g2-readiness/api-event-contracts.yaml,per.cycle.view,APP.HCM:VIEW,HRIS_EMPLOYEE>HRIS_DUTY_PERFORMANCE_CYCLE_READER|HRIS_LINE_MANAGER>HRIS_DUTY_PERFORMANCE_CYCLE_READER|HRIS_PERFORMANCE_OPERATOR>HRIS_DUTY_PERFORMANCE_CYCLE_READER,per.cycle.view,DATA,DATA.HRIS_PERFORMANCE_CYCLE,VIEW,ASSIGNED_REVIEW_POPULATION|NAMED_POPULATION|ORG_TREE|SELF,PERFORMANCE_CONFIG,PERFORMANCE_CONFIGURATION,GATEWAY_APP_ENTITLEMENT|OWNER_API_OPERATION|RESOURCE_POPULATION|REPOSITORY_TENANT_PREDICATE|FIELD_PROJECTION|PURPOSE_POLICY|AUDIT_DECISION,G3_BINDING_SPECIFIED_NOT_IMPLEMENTED
PEP-PER-003,PER,createCycle,POST,/api/people/v1/hris/performance/cycles,/api/people/v1/hris/performance/cycles,/v1/hris/performance/cycles,dwp-people-server,../session-evidence/per/g2-readiness/api-event-contracts.yaml,per.cycle.manage,APP.HCM:VIEW,HRIS_PERFORMANCE_OPERATOR>HRIS_DUTY_PERFORMANCE_OPERATOR,hcm.operations.performance.update,DATA,DATA.HR_TALENT,UPDATE,NAMED_POPULATION|ORG_TREE,LIMITED_PROFILE|PERFORMANCE,PERFORMANCE_CONFIGURATION,GATEWAY_APP_ENTITLEMENT|OWNER_API_OPERATION|RESOURCE_POPULATION|REPOSITORY_TENANT_PREDICATE|FIELD_PROJECTION|PURPOSE_POLICY|AUDIT_DECISION,G3_BINDING_SPECIFIED_NOT_IMPLEMENTED
PEP-PER-004,PER,getCycle,GET,/api/people/v1/hris/performance/cycles/{cycleId},/api/people/v1/hris/performance/cycles/{cycleId},/v1/hris/performance/cycles/{cycleId},dwp-people-server,../session-evidence/per/g2-readiness/api-event-contracts.yaml,per.cycle.view,APP.HCM:VIEW,HRIS_EMPLOYEE>HRIS_DUTY_PERFORMANCE_CYCLE_READER|HRIS_LINE_MANAGER>HRIS_DUTY_PERFORMANCE_CYCLE_READER|HRIS_PERFORMANCE_OPERATOR>HRIS_DUTY_PERFORMANCE_CYCLE_READER,per.cycle.view,DATA,DATA.HRIS_PERFORMANCE_CYCLE,VIEW,ASSIGNED_REVIEW_POPULATION|NAMED_POPULATION|ORG_TREE|SELF,PERFORMANCE_CONFIG,PERFORMANCE_CONFIGURATION,GATEWAY_APP_ENTITLEMENT|OWNER_API_OPERATION|RESOURCE_POPULATION|REPOSITORY_TENANT_PREDICATE|FIELD_PROJECTION|PURPOSE_POLICY|AUDIT_DECISION,G3_BINDING_SPECIFIED_NOT_IMPLEMENTED
PEP-PER-005,PER,updateCycleDraft,PATCH,/api/people/v1/hris/performance/cycles/{cycleId},/api/people/v1/hris/performance/cycles/{cycleId},/v1/hris/performance/cycles/{cycleId},dwp-people-server,../session-evidence/per/g2-readiness/api-event-contracts.yaml,per.cycle.manage,APP.HCM:VIEW,HRIS_PERFORMANCE_OPERATOR>HRIS_DUTY_PERFORMANCE_OPERATOR,hcm.operations.performance.update,DATA,DATA.HR_TALENT,UPDATE,NAMED_POPULATION|ORG_TREE,LIMITED_PROFILE|PERFORMANCE,PERFORMANCE_CONFIGURATION,GATEWAY_APP_ENTITLEMENT|OWNER_API_OPERATION|RESOURCE_POPULATION|REPOSITORY_TENANT_PREDICATE|FIELD_PROJECTION|PURPOSE_POLICY|AUDIT_DECISION,G3_BINDING_SPECIFIED_NOT_IMPLEMENTED
PEP-PER-006,PER,validateCycle,POST,/api/people/v1/hris/performance/cycles/{cycleId}/validate,/api/people/v1/hris/performance/cycles/{cycleId}/validate,/v1/hris/performance/cycles/{cycleId}/validate,dwp-people-server,../session-evidence/per/g2-readiness/api-event-contracts.yaml,per.cycle.manage,APP.HCM:VIEW,HRIS_PERFORMANCE_OPERATOR>HRIS_DUTY_PERFORMANCE_OPERATOR,hcm.operations.performance.update,DATA,DATA.HR_TALENT,UPDATE,NAMED_POPULATION|ORG_TREE,LIMITED_PROFILE|PERFORMANCE,PERFORMANCE_CONFIGURATION,GATEWAY_APP_ENTITLEMENT|OWNER_API_OPERATION|RESOURCE_POPULATION|REPOSITORY_TENANT_PREDICATE|FIELD_PROJECTION|PURPOSE_POLICY|AUDIT_DECISION,G3_BINDING_SPECIFIED_NOT_IMPLEMENTED
PEP-PER-007,PER,publishCycle,POST,/api/people/v1/hris/performance/cycles/{cycleId}/publish,/api/people/v1/hris/performance/cycles/{cycleId}/publish,/v1/hris/performance/cycles/{cycleId}/publish,dwp-people-server,../session-evidence/per/g2-readiness/api-event-contracts.yaml,per.cycle.publish,APP.HCM:VIEW,HRIS_CONFIG_PUBLISHER>HRIS_DUTY_POLICY_PUBLISHER,hcm.configuration.policy.publish,ACTION,ACTION.HRIS_POLICY_PUBLISH,PUBLISH,LEGAL_ENTITY|POLICY_NODE,CONFIGURATION|IMPACT_SUMMARY,PERFORMANCE_CONFIGURATION,GATEWAY_APP_ENTITLEMENT|OWNER_API_OPERATION|RESOURCE_POPULATION|REPOSITORY_TENANT_PREDICATE|FIELD_PROJECTION|PURPOSE_POLICY|AUDIT_DECISION,G3_BINDING_SPECIFIED_NOT_IMPLEMENTED
PEP-PER-008,PER,previewPopulation,POST,/api/people/v1/hris/performance/cycles/{cycleId}/population-previews,/api/people/v1/hris/performance/cycles/{cycleId}/population-previews,/v1/hris/performance/cycles/{cycleId}/population-previews,dwp-people-server,../session-evidence/per/g2-readiness/api-event-contracts.yaml,per.population.preview,APP.HCM:VIEW,HRIS_PERFORMANCE_OPERATOR>HRIS_DUTY_PERFORMANCE_OPERATOR,hcm.operations.performance.update,DATA,DATA.HR_TALENT,UPDATE,NAMED_POPULATION|ORG_TREE,LIMITED_PROFILE|PERFORMANCE,PERFORMANCE_CONFIGURATION,GATEWAY_APP_ENTITLEMENT|OWNER_API_OPERATION|RESOURCE_POPULATION|REPOSITORY_TENANT_PREDICATE|FIELD_PROJECTION|PURPOSE_POLICY|AUDIT_DECISION,G3_BINDING_SPECIFIED_NOT_IMPLEMENTED
PEP-PER-009,PER,freezePopulation,POST,/api/people/v1/hris/performance/cycles/{cycleId}/population-freezes,/api/people/v1/hris/performance/cycles/{cycleId}/population-freezes,/v1/hris/performance/cycles/{cycleId}/population-freezes,dwp-people-server,../session-evidence/per/g2-readiness/api-event-contracts.yaml,per.population.freeze,APP.HCM:VIEW,HRIS_PERFORMANCE_OPERATOR>HRIS_DUTY_PERFORMANCE_OPERATOR,hcm.operations.performance.update,DATA,DATA.HR_TALENT,UPDATE,NAMED_POPULATION|ORG_TREE,LIMITED_PROFILE|PERFORMANCE,PERFORMANCE_CONFIGURATION,GATEWAY_APP_ENTITLEMENT|OWNER_API_OPERATION|RESOURCE_POPULATION|REPOSITORY_TENANT_PREDICATE|FIELD_PROJECTION|PURPOSE_POLICY|AUDIT_DECISION,G3_BINDING_SPECIFIED_NOT_IMPLEMENTED
PEP-PER-010,PER,createGoal,POST,/api/people/v1/hris/performance/goals,/api/people/v1/hris/performance/goals,/v1/hris/performance/goals,dwp-people-server,../session-evidence/per/g2-readiness/api-event-contracts.yaml,per.goal.self.write|per.goal.team.approve,APP.HCM:VIEW,HRIS_EMPLOYEE>HRIS_DUTY_SELF_GOAL_AUTHOR|HRIS_LINE_MANAGER>HRIS_DUTY_MANAGER_PERFORMANCE_REVIEWER,hcm.team.performance.review|per.goal.self.write,DATA,DATA.HRIS_PERFORMANCE_GOAL|DATA.HRIS_PERFORMANCE_REVIEW,UPDATE,ASSIGNED_REVIEW_POPULATION|SELF,PERFORMANCE_ASSIGNED|PERFORMANCE_GOAL,PERFORMANCE_GOAL,GATEWAY_APP_ENTITLEMENT|OWNER_API_OPERATION|RESOURCE_POPULATION|REPOSITORY_TENANT_PREDICATE|FIELD_PROJECTION|PURPOSE_POLICY|AUDIT_DECISION,G3_BINDING_SPECIFIED_NOT_IMPLEMENTED
PEP-PER-011,PER,submitGoal,POST,/api/people/v1/hris/performance/goals/{goalId}/submit,/api/people/v1/hris/performance/goals/{goalId}/submit,/v1/hris/performance/goals/{goalId}/submit,dwp-people-server,../session-evidence/per/g2-readiness/api-event-contracts.yaml,per.goal.self.write|per.goal.team.approve,APP.HCM:VIEW,HRIS_EMPLOYEE>HRIS_DUTY_SELF_GOAL_AUTHOR|HRIS_LINE_MANAGER>HRIS_DUTY_MANAGER_PERFORMANCE_REVIEWER,hcm.team.performance.review|per.goal.self.write,DATA,DATA.HRIS_PERFORMANCE_GOAL|DATA.HRIS_PERFORMANCE_REVIEW,UPDATE,ASSIGNED_REVIEW_POPULATION|SELF,PERFORMANCE_ASSIGNED|PERFORMANCE_GOAL,PERFORMANCE_GOAL,GATEWAY_APP_ENTITLEMENT|OWNER_API_OPERATION|RESOURCE_POPULATION|REPOSITORY_TENANT_PREDICATE|FIELD_PROJECTION|PURPOSE_POLICY|AUDIT_DECISION,G3_BINDING_SPECIFIED_NOT_IMPLEMENTED
PEP-PER-012,PER,getAssignedReview,GET,/api/people/v1/hris/performance/reviews/{reviewId},/api/people/v1/hris/performance/reviews/{reviewId},/v1/hris/performance/reviews/{reviewId},dwp-people-server,../session-evidence/per/g2-readiness/api-event-contracts.yaml,per.review.self.submit|hcm.team.performance.review,APP.HCM:VIEW,HRIS_EMPLOYEE>HRIS_DUTY_SELF_REVIEWER|HRIS_LINE_MANAGER>HRIS_DUTY_MANAGER_PERFORMANCE_REVIEWER,hcm.team.performance.review|per.review.self.submit,DATA,DATA.HRIS_PERFORMANCE_REVIEW,UPDATE,ASSIGNED_REVIEW_POPULATION|SELF,PERFORMANCE_ASSIGNED|PERFORMANCE_REVIEW_PRIVATE,PERFORMANCE_REVIEW,GATEWAY_APP_ENTITLEMENT|OWNER_API_OPERATION|RESOURCE_POPULATION|REPOSITORY_TENANT_PREDICATE|FIELD_PROJECTION|PURPOSE_POLICY|AUDIT_DECISION,G3_BINDING_SPECIFIED_NOT_IMPLEMENTED
PEP-PER-013,PER,saveReviewDraft,PATCH,/api/people/v1/hris/performance/reviews/{reviewId},/api/people/v1/hris/performance/reviews/{reviewId},/v1/hris/performance/reviews/{reviewId},dwp-people-server,../session-evidence/per/g2-readiness/api-event-contracts.yaml,per.review.self.submit|hcm.team.performance.review,APP.HCM:VIEW,HRIS_EMPLOYEE>HRIS_DUTY_SELF_REVIEWER|HRIS_LINE_MANAGER>HRIS_DUTY_MANAGER_PERFORMANCE_REVIEWER,hcm.team.performance.review|per.review.self.submit,DATA,DATA.HRIS_PERFORMANCE_REVIEW,UPDATE,ASSIGNED_REVIEW_POPULATION|SELF,PERFORMANCE_ASSIGNED|PERFORMANCE_REVIEW_PRIVATE,PERFORMANCE_REVIEW,GATEWAY_APP_ENTITLEMENT|OWNER_API_OPERATION|RESOURCE_POPULATION|REPOSITORY_TENANT_PREDICATE|FIELD_PROJECTION|PURPOSE_POLICY|AUDIT_DECISION,G3_BINDING_SPECIFIED_NOT_IMPLEMENTED
PEP-PER-014,PER,submitReview,POST,/api/people/v1/hris/performance/reviews/{reviewId}/submit,/api/people/v1/hris/performance/reviews/{reviewId}/submit,/v1/hris/performance/reviews/{reviewId}/submit,dwp-people-server,../session-evidence/per/g2-readiness/api-event-contracts.yaml,per.review.self.submit|hcm.team.performance.review,APP.HCM:VIEW,HRIS_EMPLOYEE>HRIS_DUTY_SELF_REVIEWER|HRIS_LINE_MANAGER>HRIS_DUTY_MANAGER_PERFORMANCE_REVIEWER,hcm.team.performance.review|per.review.self.submit,DATA,DATA.HRIS_PERFORMANCE_REVIEW,UPDATE,ASSIGNED_REVIEW_POPULATION|SELF,PERFORMANCE_ASSIGNED|PERFORMANCE_REVIEW_PRIVATE,PERFORMANCE_REVIEW,GATEWAY_APP_ENTITLEMENT|OWNER_API_OPERATION|RESOURCE_POPULATION|REPOSITORY_TENANT_PREDICATE|FIELD_PROJECTION|PURPOSE_POLICY|AUDIT_DECISION,G3_BINDING_SPECIFIED_NOT_IMPLEMENTED
PEP-PER-015,PER,createFeedbackRequest,POST,/api/people/v1/hris/performance/feedback-requests,/api/people/v1/hris/performance/feedback-requests,/v1/hris/performance/feedback-requests,dwp-people-server,../session-evidence/per/g2-readiness/api-event-contracts.yaml,per.feedback.request.create,APP.HCM:VIEW,HRIS_EMPLOYEE>HRIS_DUTY_FEEDBACK_REQUESTER|HRIS_LINE_MANAGER>HRIS_DUTY_MANAGER_PERFORMANCE_REVIEWER,hcm.team.performance.review|per.feedback.request.create,ACTION|DATA,ACTION.HRIS_PERFORMANCE_FEEDBACK|DATA.HRIS_PERFORMANCE_REVIEW,CREATE|UPDATE,ASSIGNED_REVIEW_POPULATION|SELF,LIMITED_PROFILE|PERFORMANCE_ASSIGNED|PERFORMANCE_FEEDBACK_ASSIGNED,PERFORMANCE_FEEDBACK,GATEWAY_APP_ENTITLEMENT|OWNER_API_OPERATION|RESOURCE_POPULATION|REPOSITORY_TENANT_PREDICATE|FIELD_PROJECTION|PURPOSE_POLICY|AUDIT_DECISION,G3_BINDING_SPECIFIED_NOT_IMPLEMENTED
PEP-PER-016,PER,createCheckin,POST,/api/people/v1/hris/performance/check-ins,/api/people/v1/hris/performance/check-ins,/v1/hris/performance/check-ins,dwp-people-server,../session-evidence/per/g2-readiness/api-event-contracts.yaml,per.checkin.manage,APP.HCM:VIEW,HRIS_EMPLOYEE>HRIS_DUTY_CHECKIN_PARTICIPANT|HRIS_LINE_MANAGER>HRIS_DUTY_MANAGER_PERFORMANCE_REVIEWER,hcm.team.performance.review|per.checkin.manage,DATA,DATA.HRIS_PERFORMANCE_CHECKIN|DATA.HRIS_PERFORMANCE_REVIEW,UPDATE,ASSIGNED_REVIEW_POPULATION|PAIRED_MANAGER|SELF,PERFORMANCE_ASSIGNED|PERFORMANCE_CHECKIN|PERFORMANCE_CHECKIN_PRIVATE,PERFORMANCE_CHECKIN,GATEWAY_APP_ENTITLEMENT|OWNER_API_OPERATION|RESOURCE_POPULATION|REPOSITORY_TENANT_PREDICATE|FIELD_PROJECTION|PURPOSE_POLICY|AUDIT_DECISION,G3_BINDING_SPECIFIED_NOT_IMPLEMENTED
PEP-PER-017,PER,appendCalibrationAdjustment,POST,/api/people/v1/hris/performance/calibration-sessions/{sessionId}/adjustments,/api/people/v1/hris/performance/calibration-sessions/{sessionId}/adjustments,/v1/hris/performance/calibration-sessions/{sessionId}/adjustments,dwp-people-server,../session-evidence/per/g2-readiness/api-event-contracts.yaml,hcm.operations.performance.calibrate,APP.HCM:VIEW,HRIS_PERFORMANCE_CALIBRATOR>HRIS_DUTY_PERFORMANCE_CALIBRATOR,hcm.operations.performance.calibrate,ACTION,ACTION.HRIS_PERFORMANCE_CALIBRATE,EXECUTE,NAMED_POPULATION,PERFORMANCE_PRIVATE,PERFORMANCE_CALIBRATION,GATEWAY_APP_ENTITLEMENT|OWNER_API_OPERATION|RESOURCE_POPULATION|REPOSITORY_TENANT_PREDICATE|FIELD_PROJECTION|PURPOSE_POLICY|AUDIT_DECISION,G3_BINDING_SPECIFIED_NOT_IMPLEMENTED
PEP-PER-018,PER,publishResults,POST,/api/people/v1/hris/performance/result-sets/{resultSetId}/publish,/api/people/v1/hris/performance/result-sets/{resultSetId}/publish,/v1/hris/performance/result-sets/{resultSetId}/publish,dwp-people-server,../session-evidence/per/g2-readiness/api-event-contracts.yaml,hcm.operations.performance.publish,APP.HCM:VIEW,HRIS_PERFORMANCE_RESULT_PUBLISHER>HRIS_DUTY_PERFORMANCE_RESULT_PUBLISHER,hcm.operations.performance.publish,ACTION,ACTION.HRIS_PERFORMANCE_PUBLISH,PUBLISH,NAMED_POPULATION,PERFORMANCE_PRIVATE,PERFORMANCE_RESULT_PUBLISH,GATEWAY_APP_ENTITLEMENT|OWNER_API_OPERATION|RESOURCE_POPULATION|REPOSITORY_TENANT_PREDICATE|FIELD_PROJECTION|PURPOSE_POLICY|AUDIT_DECISION,G3_BINDING_SPECIFIED_NOT_IMPLEMENTED
PEP-PER-019,PER,openAppeal,POST,/api/people/v1/hris/performance/results/{resultId}/appeals,/api/people/v1/hris/performance/results/{resultId}/appeals,/v1/hris/performance/results/{resultId}/appeals,dwp-people-server,../session-evidence/per/g2-readiness/api-event-contracts.yaml,per.appeal.self.open,APP.HCM:VIEW,HRIS_EMPLOYEE>HRIS_DUTY_SELF_PERFORMANCE_APPELLANT,per.appeal.self.open,ACTION,ACTION.HRIS_PERFORMANCE_APPEAL,CREATE,SELF,PERFORMANCE_APPEAL_SELF,PERFORMANCE_APPEAL,GATEWAY_APP_ENTITLEMENT|OWNER_API_OPERATION|RESOURCE_POPULATION|REPOSITORY_TENANT_PREDICATE|FIELD_PROJECTION|PURPOSE_POLICY|AUDIT_DECISION,G3_BINDING_SPECIFIED_NOT_IMPLEMENTED
PEP-PER-020,PER,requestImport,POST,/api/people/v1/hris/performance/imports,/api/people/v1/hris/performance/imports,/v1/hris/performance/imports,dwp-people-server,../session-evidence/per/g2-readiness/api-event-contracts.yaml,per.data-exchange.execute,APP.HCM:VIEW,HRIS_PERFORMANCE_OPERATOR>HRIS_DUTY_PERFORMANCE_DATA_EXCHANGE_OPERATOR,per.data-exchange.execute,ACTION,ACTION.HRIS_PERFORMANCE_DATA_EXCHANGE,EXECUTE,NAMED_POPULATION,APPROVED_EXPORT_FIELDS|DOCUMENT_CONTENT,PERFORMANCE_DATA_EXCHANGE,GATEWAY_APP_ENTITLEMENT|OWNER_API_OPERATION|RESOURCE_POPULATION|REPOSITORY_TENANT_PREDICATE|FIELD_PROJECTION|PURPOSE_POLICY|AUDIT_DECISION,G3_BINDING_SPECIFIED_NOT_IMPLEMENTED
PEP-PER-021,PER,getCommandReceipt,GET,/api/people/v1/hris/performance/command-receipts/{receiptId},/api/people/v1/hris/performance/command-receipts/{receiptId},/v1/hris/performance/command-receipts/{receiptId},dwp-people-server,../session-evidence/per/g2-readiness/api-event-contracts.yaml,per.command-receipt.view,APP.HCM:VIEW,HRIS_EMPLOYEE>HRIS_DUTY_PERFORMANCE_COMMAND_RECEIPT_READER|HRIS_LINE_MANAGER>HRIS_DUTY_PERFORMANCE_COMMAND_RECEIPT_READER|HRIS_PERFORMANCE_OPERATOR>HRIS_DUTY_PERFORMANCE_COMMAND_RECEIPT_READER|HRIS_PERFORMANCE_CALIBRATOR>HRIS_DUTY_PERFORMANCE_COMMAND_RECEIPT_READER|HRIS_PERFORMANCE_RESULT_PUBLISHER>HRIS_DUTY_PERFORMANCE_COMMAND_RECEIPT_READER|HRIS_CONFIG_PUBLISHER>HRIS_DUTY_PERFORMANCE_COMMAND_RECEIPT_READER,per.command-receipt.view,DATA,DATA.HRIS_PERFORMANCE_COMMAND_RECEIPT,VIEW,ORIGINATING_COMMAND_SCOPE,COMMAND_RECEIPT,COMMAND_STATUS,GATEWAY_APP_ENTITLEMENT|OWNER_API_OPERATION|RESOURCE_POPULATION|REPOSITORY_TENANT_PREDICATE|FIELD_PROJECTION|PURPOSE_POLICY|AUDIT_DECISION,G3_BINDING_SPECIFIED_NOT_IMPLEMENTED
PEP-TIM-001,TIM,time.widget.summary,GET,/v1/widgets/summary,/api/time/v1/widgets/summary,/v1/widgets/summary,dwp-time-server,../session-evidence/tim/g2-api-event-contracts.json,TIME_WIDGET_VIEW,APP.HCM:VIEW,HRIS_EMPLOYEE>HRIS_DUTY_SELF_TIME_READER|HRIS_LINE_MANAGER>HRIS_DUTY_MANAGER_TIME_APPROVER|HRIS_TIMEKEEPER>HRIS_DUTY_TIME_OPERATOR,hcm.operations.time.update|hcm.personal.time.view|hcm.team.time.approve,DATA,DATA.HR_TIME,APPROVE|UPDATE|VIEW,APPROVED_DELEGATION|DIRECT_REPORTS|LEGAL_ENTITY|ORG_TREE|ORG_UNIT|SELF|TIME_GROUP,LIMITED_PROFILE|SELF_TIME|TIME_DETAIL,TIME_DASHBOARD,GATEWAY_APP_ENTITLEMENT|OWNER_API_OPERATION|RESOURCE_POPULATION|REPOSITORY_TENANT_PREDICATE|FIELD_PROJECTION|PURPOSE_POLICY|AUDIT_DECISION,G3_BINDING_SPECIFIED_NOT_IMPLEMENTED
PEP-TIM-002,TIM,schedule.query,GET,/v1/schedules,/api/time/v1/schedules,/v1/schedules,dwp-time-server,../session-evidence/tim/g2-api-event-contracts.json,TIME_SCHEDULE_VIEW,APP.HCM:VIEW,HRIS_EMPLOYEE>HRIS_DUTY_SELF_TIME_READER|HRIS_LINE_MANAGER>HRIS_DUTY_MANAGER_TIME_APPROVER|HRIS_TIMEKEEPER>HRIS_DUTY_TIME_OPERATOR,hcm.operations.time.update|hcm.personal.time.view|hcm.team.time.approve,DATA,DATA.HR_TIME,APPROVE|UPDATE|VIEW,APPROVED_DELEGATION|DIRECT_REPORTS|LEGAL_ENTITY|ORG_TREE|ORG_UNIT|SELF|TIME_GROUP,LIMITED_PROFILE|SELF_TIME|TIME_DETAIL,TIME_CONFIGURATION,GATEWAY_APP_ENTITLEMENT|OWNER_API_OPERATION|RESOURCE_POPULATION|REPOSITORY_TENANT_PREDICATE|FIELD_PROJECTION|PURPOSE_POLICY|AUDIT_DECISION,G3_BINDING_SPECIFIED_NOT_IMPLEMENTED
PEP-TIM-003,TIM,schedule.rule.create,POST,/v1/work-rule-sets/versions,/api/time/v1/work-rule-sets/versions,/v1/work-rule-sets/versions,dwp-time-server,../session-evidence/tim/g2-api-event-contracts.json,TIME_RULE_CONFIGURE,APP.HCM:VIEW,HRIS_TIMEKEEPER>HRIS_DUTY_TIME_OPERATOR,hcm.operations.time.update,DATA,DATA.HR_TIME,UPDATE,LEGAL_ENTITY|ORG_TREE|ORG_UNIT|TIME_GROUP,LIMITED_PROFILE|TIME_DETAIL,TIME_CONFIGURATION,GATEWAY_APP_ENTITLEMENT|OWNER_API_OPERATION|RESOURCE_POPULATION|REPOSITORY_TENANT_PREDICATE|FIELD_PROJECTION|PURPOSE_POLICY|AUDIT_DECISION,G3_BINDING_SPECIFIED_NOT_IMPLEMENTED
PEP-TIM-004,TIM,schedule.rule.validate,POST,/v1/work-rule-sets/{ruleId}/validate,/api/time/v1/work-rule-sets/{ruleId}/validate,/v1/work-rule-sets/{ruleId}/validate,dwp-time-server,../session-evidence/tim/g2-api-event-contracts.json,TIME_RULE_VALIDATE,APP.HCM:VIEW,HRIS_TIMEKEEPER>HRIS_DUTY_TIME_OPERATOR,hcm.operations.time.update,DATA,DATA.HR_TIME,UPDATE,LEGAL_ENTITY|ORG_TREE|ORG_UNIT|TIME_GROUP,LIMITED_PROFILE|TIME_DETAIL,TIME_CONFIGURATION,GATEWAY_APP_ENTITLEMENT|OWNER_API_OPERATION|RESOURCE_POPULATION|REPOSITORY_TENANT_PREDICATE|FIELD_PROJECTION|PURPOSE_POLICY|AUDIT_DECISION,G3_BINDING_SPECIFIED_NOT_IMPLEMENTED
PEP-TIM-005,TIM,schedule.rule.simulate,POST,/v1/work-rule-sets/{ruleId}/simulations,/api/time/v1/work-rule-sets/{ruleId}/simulations,/v1/work-rule-sets/{ruleId}/simulations,dwp-time-server,../session-evidence/tim/g2-api-event-contracts.json,TIME_RULE_SIMULATE,APP.HCM:VIEW,HRIS_TIMEKEEPER>HRIS_DUTY_TIME_OPERATOR,hcm.operations.time.update,DATA,DATA.HR_TIME,UPDATE,LEGAL_ENTITY|ORG_TREE|ORG_UNIT|TIME_GROUP,LIMITED_PROFILE|TIME_DETAIL,TIME_CONFIGURATION,GATEWAY_APP_ENTITLEMENT|OWNER_API_OPERATION|RESOURCE_POPULATION|REPOSITORY_TENANT_PREDICATE|FIELD_PROJECTION|PURPOSE_POLICY|AUDIT_DECISION,G3_BINDING_SPECIFIED_NOT_IMPLEMENTED
PEP-TIM-006,TIM,schedule.rule.publish,POST,/v1/work-rule-sets/{ruleId}/publish,/api/time/v1/work-rule-sets/{ruleId}/publish,/v1/work-rule-sets/{ruleId}/publish,dwp-time-server,../session-evidence/tim/g2-api-event-contracts.json,TIME_RULE_PUBLISH,APP.HCM:VIEW,HRIS_CONFIG_PUBLISHER>HRIS_DUTY_POLICY_PUBLISHER,hcm.configuration.policy.publish,ACTION,ACTION.HRIS_POLICY_PUBLISH,PUBLISH,LEGAL_ENTITY|POLICY_NODE,CONFIGURATION|IMPACT_SUMMARY,TIME_CONFIGURATION,GATEWAY_APP_ENTITLEMENT|OWNER_API_OPERATION|RESOURCE_POPULATION|REPOSITORY_TENANT_PREDICATE|FIELD_PROJECTION|PURPOSE_POLICY|AUDIT_DECISION,G3_BINDING_SPECIFIED_NOT_IMPLEMENTED
PEP-TIM-007,TIM,clock.record,POST,/v1/clock-events,/api/time/v1/clock-events,/v1/clock-events,dwp-time-server,../session-evidence/tim/g2-api-event-contracts.json,TIME_CLOCK_RECORD,APP.HCM:VIEW,HRIS_EMPLOYEE>HRIS_DUTY_SELF_TIME_SUBMITTER,hcm.personal.time.submit,DATA,DATA.HR_TIME,CREATE,SELF,SELF_TIME,TIME_CAPTURE,GATEWAY_APP_ENTITLEMENT|OWNER_API_OPERATION|RESOURCE_POPULATION|REPOSITORY_TENANT_PREDICATE|FIELD_PROJECTION|PURPOSE_POLICY|AUDIT_DECISION,G3_BINDING_SPECIFIED_NOT_IMPLEMENTED
PEP-TIM-008,TIM,clock.void,POST,/v1/clock-events/{eventId}/voids,/api/time/v1/clock-events/{eventId}/voids,/v1/clock-events/{eventId}/voids,dwp-time-server,../session-evidence/tim/g2-api-event-contracts.json,TIME_CLOCK_CORRECT,APP.HCM:VIEW,HRIS_EMPLOYEE>HRIS_DUTY_SELF_TIME_SUBMITTER|HRIS_TIMEKEEPER>HRIS_DUTY_TIME_OPERATOR,hcm.operations.time.update|hcm.personal.time.submit,DATA,DATA.HR_TIME,CREATE|UPDATE,LEGAL_ENTITY|ORG_TREE|ORG_UNIT|SELF|TIME_GROUP,LIMITED_PROFILE|SELF_TIME|TIME_DETAIL,TIME_CAPTURE,GATEWAY_APP_ENTITLEMENT|OWNER_API_OPERATION|RESOURCE_POPULATION|REPOSITORY_TENANT_PREDICATE|FIELD_PROJECTION|PURPOSE_POLICY|AUDIT_DECISION,G3_BINDING_SPECIFIED_NOT_IMPLEMENTED
PEP-TIM-009,TIM,interpretation.run,POST,/v1/interpretation-runs,/api/time/v1/interpretation-runs,/v1/interpretation-runs,dwp-time-server,../session-evidence/tim/g2-api-event-contracts.json,TIME_INTERPRET_RUN,APP.HCM:VIEW,HRIS_EMPLOYEE>HRIS_DUTY_SELF_TIME_SUBMITTER|HRIS_TIMEKEEPER>HRIS_DUTY_TIME_OPERATOR,hcm.operations.time.update|hcm.personal.time.submit,DATA,DATA.HR_TIME,CREATE|UPDATE,LEGAL_ENTITY|ORG_TREE|ORG_UNIT|SELF|TIME_GROUP,LIMITED_PROFILE|SELF_TIME|TIME_DETAIL,TIME_INTERPRETATION,GATEWAY_APP_ENTITLEMENT|OWNER_API_OPERATION|RESOURCE_POPULATION|REPOSITORY_TENANT_PREDICATE|FIELD_PROJECTION|PURPOSE_POLICY|AUDIT_DECISION,G3_BINDING_SPECIFIED_NOT_IMPLEMENTED
PEP-TIM-010,TIM,interpretation.trace,GET,/v1/interpretation-runs/{runId}/trace,/api/time/v1/interpretation-runs/{runId}/trace,/v1/interpretation-runs/{runId}/trace,dwp-time-server,../session-evidence/tim/g2-api-event-contracts.json,TIME_TRACE_VIEW,APP.HCM:VIEW,HRIS_EMPLOYEE>HRIS_DUTY_SELF_TIME_READER|HRIS_TIMEKEEPER>HRIS_DUTY_TIME_OPERATOR,hcm.operations.time.update|hcm.personal.time.view,DATA,DATA.HR_TIME,UPDATE|VIEW,LEGAL_ENTITY|ORG_TREE|ORG_UNIT|SELF|TIME_GROUP,LIMITED_PROFILE|SELF_TIME|TIME_DETAIL,TIME_INTERPRETATION,GATEWAY_APP_ENTITLEMENT|OWNER_API_OPERATION|RESOURCE_POPULATION|REPOSITORY_TENANT_PREDICATE|FIELD_PROJECTION|PURPOSE_POLICY|AUDIT_DECISION,G3_BINDING_SPECIFIED_NOT_IMPLEMENTED
PEP-TIM-011,TIM,timecard.query,GET,/v1/timecards/{timecardId},/api/time/v1/timecards/{timecardId},/v1/timecards/{timecardId},dwp-time-server,../session-evidence/tim/g2-api-event-contracts.json,TIME_TIMECARD_VIEW,APP.HCM:VIEW,HRIS_EMPLOYEE>HRIS_DUTY_SELF_TIME_READER|HRIS_LINE_MANAGER>HRIS_DUTY_MANAGER_TIME_APPROVER|HRIS_TIMEKEEPER>HRIS_DUTY_TIME_OPERATOR,hcm.operations.time.update|hcm.personal.time.view|hcm.team.time.approve,DATA,DATA.HR_TIME,APPROVE|UPDATE|VIEW,APPROVED_DELEGATION|DIRECT_REPORTS|LEGAL_ENTITY|ORG_TREE|ORG_UNIT|SELF|TIME_GROUP,LIMITED_PROFILE|SELF_TIME|TIME_DETAIL,TIME_TIMECARD,GATEWAY_APP_ENTITLEMENT|OWNER_API_OPERATION|RESOURCE_POPULATION|REPOSITORY_TENANT_PREDICATE|FIELD_PROJECTION|PURPOSE_POLICY|AUDIT_DECISION,G3_BINDING_SPECIFIED_NOT_IMPLEMENTED
PEP-TIM-012,TIM,timecard.correct,POST,/v1/timecards/{timecardId}/corrections,/api/time/v1/timecards/{timecardId}/corrections,/v1/timecards/{timecardId}/corrections,dwp-time-server,../session-evidence/tim/g2-api-event-contracts.json,TIME_TIMECARD_CORRECT,APP.HCM:VIEW,HRIS_EMPLOYEE>HRIS_DUTY_SELF_TIME_SUBMITTER|HRIS_TIMEKEEPER>HRIS_DUTY_TIME_OPERATOR,hcm.operations.time.update|hcm.personal.time.submit,DATA,DATA.HR_TIME,CREATE|UPDATE,LEGAL_ENTITY|ORG_TREE|ORG_UNIT|SELF|TIME_GROUP,LIMITED_PROFILE|SELF_TIME|TIME_DETAIL,TIME_TIMECARD,GATEWAY_APP_ENTITLEMENT|OWNER_API_OPERATION|RESOURCE_POPULATION|REPOSITORY_TENANT_PREDICATE|FIELD_PROJECTION|PURPOSE_POLICY|AUDIT_DECISION,G3_BINDING_SPECIFIED_NOT_IMPLEMENTED
PEP-TIM-013,TIM,timecard.submit,POST,/v1/timecards/{timecardId}/submit,/api/time/v1/timecards/{timecardId}/submit,/v1/timecards/{timecardId}/submit,dwp-time-server,../session-evidence/tim/g2-api-event-contracts.json,TIME_TIMECARD_SUBMIT,APP.HCM:VIEW,HRIS_EMPLOYEE>HRIS_DUTY_SELF_TIME_SUBMITTER,hcm.personal.time.submit,DATA,DATA.HR_TIME,CREATE,SELF,SELF_TIME,TIME_TIMECARD,GATEWAY_APP_ENTITLEMENT|OWNER_API_OPERATION|RESOURCE_POPULATION|REPOSITORY_TENANT_PREDICATE|FIELD_PROJECTION|PURPOSE_POLICY|AUDIT_DECISION,G3_BINDING_SPECIFIED_NOT_IMPLEMENTED
PEP-TIM-014,TIM,timecard.decide,POST,/v1/timecards/{timecardId}/decisions,/api/time/v1/timecards/{timecardId}/decisions,/v1/timecards/{timecardId}/decisions,dwp-time-server,../session-evidence/tim/g2-api-event-contracts.json,TIME_TIMECARD_DECIDE,APP.HCM:VIEW,HRIS_LINE_MANAGER>HRIS_DUTY_MANAGER_TIME_APPROVER|HRIS_TIME_APPROVER>HRIS_DUTY_TIME_APPROVER,hcm.operations.time.approve|hcm.team.time.approve,DATA,DATA.HR_TIME,APPROVE,APPROVED_DELEGATION|DIRECT_REPORTS|LEGAL_ENTITY|ORG_TREE|ORG_UNIT|TIME_GROUP,LIMITED_PROFILE|TIME_DETAIL,TIME_TIMECARD,GATEWAY_APP_ENTITLEMENT|OWNER_API_OPERATION|RESOURCE_POPULATION|REPOSITORY_TENANT_PREDICATE|FIELD_PROJECTION|PURPOSE_POLICY|AUDIT_DECISION,G3_BINDING_SPECIFIED_NOT_IMPLEMENTED
PEP-TIM-015,TIM,leave.plan.create,POST,/v1/leave/plans/versions,/api/time/v1/leave/plans/versions,/v1/leave/plans/versions,dwp-time-server,../session-evidence/tim/g2-api-event-contracts.json,LEAVE_PLAN_CONFIGURE,APP.HCM:VIEW,HRIS_LEAVE_ADMINISTRATOR>HRIS_DUTY_ABSENCE_OPERATOR,hcm.operations.leave.update,DATA,DATA.HR_ABSENCE,UPDATE,LEGAL_ENTITY|ORG_TREE|ORG_UNIT,ABSENCE_BALANCE|ABSENCE_REASON_EVIDENCE|LIMITED_PROFILE,LEAVE_SERVICE,GATEWAY_APP_ENTITLEMENT|OWNER_API_OPERATION|RESOURCE_POPULATION|REPOSITORY_TENANT_PREDICATE|FIELD_PROJECTION|PURPOSE_POLICY|AUDIT_DECISION,G3_BINDING_SPECIFIED_NOT_IMPLEMENTED
PEP-TIM-016,TIM,leave.plan.publish,POST,/v1/leave/plans/{planId}/publish,/api/time/v1/leave/plans/{planId}/publish,/v1/leave/plans/{planId}/publish,dwp-time-server,../session-evidence/tim/g2-api-event-contracts.json,LEAVE_PLAN_PUBLISH,APP.HCM:VIEW,HRIS_CONFIG_PUBLISHER>HRIS_DUTY_POLICY_PUBLISHER,hcm.configuration.policy.publish,ACTION,ACTION.HRIS_POLICY_PUBLISH,PUBLISH,LEGAL_ENTITY|POLICY_NODE,CONFIGURATION|IMPACT_SUMMARY,LEAVE_SERVICE,GATEWAY_APP_ENTITLEMENT|OWNER_API_OPERATION|RESOURCE_POPULATION|REPOSITORY_TENANT_PREDICATE|FIELD_PROJECTION|PURPOSE_POLICY|AUDIT_DECISION,G3_BINDING_SPECIFIED_NOT_IMPLEMENTED
PEP-TIM-017,TIM,leave.entitlement.run,POST,/v1/leave/entitlement-runs,/api/time/v1/leave/entitlement-runs,/v1/leave/entitlement-runs,dwp-time-server,../session-evidence/tim/g2-api-event-contracts.json,LEAVE_ENTITLEMENT_RUN,APP.HCM:VIEW,HRIS_LEAVE_ADMINISTRATOR>HRIS_DUTY_ABSENCE_OPERATOR,hcm.operations.leave.update,DATA,DATA.HR_ABSENCE,UPDATE,LEGAL_ENTITY|ORG_TREE|ORG_UNIT,ABSENCE_BALANCE|ABSENCE_REASON_EVIDENCE|LIMITED_PROFILE,LEAVE_SERVICE,GATEWAY_APP_ENTITLEMENT|OWNER_API_OPERATION|RESOURCE_POPULATION|REPOSITORY_TENANT_PREDICATE|FIELD_PROJECTION|PURPOSE_POLICY|AUDIT_DECISION,G3_BINDING_SPECIFIED_NOT_IMPLEMENTED
PEP-TIM-018,TIM,leave.balance.query,GET,/v1/leave/balances,/api/time/v1/leave/balances,/v1/leave/balances,dwp-time-server,../session-evidence/tim/g2-api-event-contracts.json,LEAVE_BALANCE_VIEW,APP.HCM:VIEW,HRIS_EMPLOYEE>HRIS_DUTY_SELF_ABSENCE_READER|HRIS_LINE_MANAGER>HRIS_DUTY_MANAGER_ABSENCE_APPROVER|HRIS_LEAVE_ADMINISTRATOR>HRIS_DUTY_ABSENCE_OPERATOR,hcm.operations.leave.update|hcm.personal.leave.view|hcm.team.leave.approve,DATA,DATA.HR_ABSENCE,APPROVE|UPDATE|VIEW,APPROVED_DELEGATION|DIRECT_REPORTS|LEGAL_ENTITY|ORG_TREE|ORG_UNIT|SELF,ABSENCE_BALANCE|ABSENCE_REASON_EVIDENCE|ABSENCE_REASON_MINIMIZED|ABSENCE_REQUEST|LIMITED_PROFILE|SELF_LEAVE,LEAVE_SERVICE,GATEWAY_APP_ENTITLEMENT|OWNER_API_OPERATION|RESOURCE_POPULATION|REPOSITORY_TENANT_PREDICATE|FIELD_PROJECTION|PURPOSE_POLICY|AUDIT_DECISION,G3_BINDING_SPECIFIED_NOT_IMPLEMENTED
PEP-TIM-019,TIM,leave.request.create,POST,/v1/leave/requests,/api/time/v1/leave/requests,/v1/leave/requests,dwp-time-server,../session-evidence/tim/g2-api-event-contracts.json,LEAVE_REQUEST_CREATE,APP.HCM:VIEW,HRIS_EMPLOYEE>HRIS_DUTY_SELF_ABSENCE_REQUESTER|HRIS_LEAVE_ADMINISTRATOR>HRIS_DUTY_ABSENCE_OPERATOR,hcm.operations.leave.update|hcm.personal.leave.request,DATA,DATA.HR_ABSENCE,CREATE|UPDATE,LEGAL_ENTITY|ORG_TREE|ORG_UNIT|SELF,ABSENCE_BALANCE|ABSENCE_REASON_EVIDENCE|LIMITED_PROFILE|SELF_LEAVE,LEAVE_SERVICE,GATEWAY_APP_ENTITLEMENT|OWNER_API_OPERATION|RESOURCE_POPULATION|REPOSITORY_TENANT_PREDICATE|FIELD_PROJECTION|PURPOSE_POLICY|AUDIT_DECISION,G3_BINDING_SPECIFIED_NOT_IMPLEMENTED
PEP-TIM-020,TIM,leave.request.decide,POST,/v1/leave/requests/{requestId}/decisions,/api/time/v1/leave/requests/{requestId}/decisions,/v1/leave/requests/{requestId}/decisions,dwp-time-server,../session-evidence/tim/g2-api-event-contracts.json,LEAVE_REQUEST_DECIDE,APP.HCM:VIEW,HRIS_LINE_MANAGER>HRIS_DUTY_MANAGER_ABSENCE_APPROVER|HRIS_LEAVE_APPROVER>HRIS_DUTY_ABSENCE_APPROVER,hcm.operations.leave.approve|hcm.team.leave.approve,DATA,DATA.HR_ABSENCE,APPROVE,APPROVED_DELEGATION|DIRECT_REPORTS|LEGAL_ENTITY|ORG_TREE|ORG_UNIT,ABSENCE_REASON_MINIMIZED|ABSENCE_REQUEST,LEAVE_SERVICE,GATEWAY_APP_ENTITLEMENT|OWNER_API_OPERATION|RESOURCE_POPULATION|REPOSITORY_TENANT_PREDICATE|FIELD_PROJECTION|PURPOSE_POLICY|AUDIT_DECISION,G3_BINDING_SPECIFIED_NOT_IMPLEMENTED
PEP-TIM-021,TIM,leave.request.cancel,POST,/v1/leave/requests/{requestId}/cancellations,/api/time/v1/leave/requests/{requestId}/cancellations,/v1/leave/requests/{requestId}/cancellations,dwp-time-server,../session-evidence/tim/g2-api-event-contracts.json,LEAVE_REQUEST_CANCEL,APP.HCM:VIEW,HRIS_EMPLOYEE>HRIS_DUTY_SELF_ABSENCE_REQUESTER|HRIS_LEAVE_ADMINISTRATOR>HRIS_DUTY_ABSENCE_OPERATOR,hcm.operations.leave.update|hcm.personal.leave.request,DATA,DATA.HR_ABSENCE,CREATE|UPDATE,LEGAL_ENTITY|ORG_TREE|ORG_UNIT|SELF,ABSENCE_BALANCE|ABSENCE_REASON_EVIDENCE|LIMITED_PROFILE|SELF_LEAVE,LEAVE_SERVICE,GATEWAY_APP_ENTITLEMENT|OWNER_API_OPERATION|RESOURCE_POPULATION|REPOSITORY_TENANT_PREDICATE|FIELD_PROJECTION|PURPOSE_POLICY|AUDIT_DECISION,G3_BINDING_SPECIFIED_NOT_IMPLEMENTED
PEP-TIM-022,TIM,close.validate,POST,/v1/close-periods/{periodId}/validations,/api/time/v1/close-periods/{periodId}/validations,/v1/close-periods/{periodId}/validations,dwp-time-server,../session-evidence/tim/g2-api-event-contracts.json,TIME_PERIOD_VALIDATE,APP.HCM:VIEW,HRIS_TIME_CONTROLLER>HRIS_DUTY_TIME_CLOSE_OPERATOR,hcm.operations.time.close,ACTION,ACTION.HRIS_TIME_CLOSE,EXECUTE,LEGAL_ENTITY|TIME_GROUP,LIMITED_PROFILE|TIME_RESULT,WORK_TIME_PERIOD_CLOSURE,GATEWAY_APP_ENTITLEMENT|OWNER_API_OPERATION|RESOURCE_POPULATION|REPOSITORY_TENANT_PREDICATE|FIELD_PROJECTION|PURPOSE_POLICY|AUDIT_DECISION,G3_BINDING_SPECIFIED_NOT_IMPLEMENTED
PEP-TIM-023,TIM,close.close,POST,/v1/close-periods/{periodId}/close,/api/time/v1/close-periods/{periodId}/close,/v1/close-periods/{periodId}/close,dwp-time-server,../session-evidence/tim/g2-api-event-contracts.json,TIME_PERIOD_CLOSE,APP.HCM:VIEW,HRIS_TIME_CONTROLLER>HRIS_DUTY_TIME_CLOSE_OPERATOR,hcm.operations.time.close,ACTION,ACTION.HRIS_TIME_CLOSE,EXECUTE,LEGAL_ENTITY|TIME_GROUP,LIMITED_PROFILE|TIME_RESULT,WORK_TIME_PERIOD_CLOSURE,GATEWAY_APP_ENTITLEMENT|OWNER_API_OPERATION|RESOURCE_POPULATION|REPOSITORY_TENANT_PREDICATE|FIELD_PROJECTION|PURPOSE_POLICY|AUDIT_DECISION,G3_BINDING_SPECIFIED_NOT_IMPLEMENTED
PEP-TIM-024,TIM,close.reopen,POST,/v1/close-periods/{periodId}/reopen,/api/time/v1/close-periods/{periodId}/reopen,/v1/close-periods/{periodId}/reopen,dwp-time-server,../session-evidence/tim/g2-api-event-contracts.json,TIME_PERIOD_REOPEN,APP.HCM:VIEW,HRIS_TIME_CONTROLLER>HRIS_DUTY_TIME_REOPEN_OPERATOR,hcm.operations.time.reopen,ACTION,ACTION.HRIS_TIME_REOPEN,MANAGE,LEGAL_ENTITY|TIME_GROUP,LIMITED_PROFILE|TIME_RESULT,WORK_TIME_PERIOD_CLOSURE,GATEWAY_APP_ENTITLEMENT|OWNER_API_OPERATION|RESOURCE_POPULATION|REPOSITORY_TENANT_PREDICATE|FIELD_PROJECTION|PURPOSE_POLICY|AUDIT_DECISION,G3_BINDING_SPECIFIED_NOT_IMPLEMENTED
PEP-TIM-025,TIM,handoff.create,POST,/v1/close-periods/{periodId}/payroll-handoffs,/api/time/v1/close-periods/{periodId}/payroll-handoffs,/v1/close-periods/{periodId}/payroll-handoffs,dwp-time-server,../session-evidence/tim/g2-api-event-contracts.json,TIME_PAYROLL_HANDOFF,APP.HCM:VIEW,HRIS_TIME_CONTROLLER>HRIS_DUTY_TIME_CLOSE_OPERATOR,hcm.operations.time.close,ACTION,ACTION.HRIS_TIME_CLOSE,EXECUTE,LEGAL_ENTITY|TIME_GROUP,LIMITED_PROFILE|TIME_RESULT,CLOSED_TIME_PAYROLL_TRANSFER,GATEWAY_APP_ENTITLEMENT|OWNER_API_OPERATION|RESOURCE_POPULATION|REPOSITORY_TENANT_PREDICATE|FIELD_PROJECTION|PURPOSE_POLICY|AUDIT_DECISION,G3_BINDING_SPECIFIED_NOT_IMPLEMENTED
PEP-TIM-026,TIM,handoff.query,GET,/v1/payroll-handoffs/{handoffId},/api/time/v1/payroll-handoffs/{handoffId},/v1/payroll-handoffs/{handoffId},dwp-time-server,../session-evidence/tim/g2-api-event-contracts.json,TIME_PAYROLL_HANDOFF_VIEW,APP.HCM:VIEW,HRIS_TIME_CONTROLLER>HRIS_DUTY_TIME_CLOSE_OPERATOR,hcm.operations.time.close,ACTION,ACTION.HRIS_TIME_CLOSE,EXECUTE,LEGAL_ENTITY|TIME_GROUP,LIMITED_PROFILE|TIME_RESULT,CLOSED_TIME_PAYROLL_TRANSFER,GATEWAY_APP_ENTITLEMENT|OWNER_API_OPERATION|RESOURCE_POPULATION|REPOSITORY_TENANT_PREDICATE|FIELD_PROJECTION|PURPOSE_POLICY|AUDIT_DECISION,G3_BINDING_SPECIFIED_NOT_IMPLEMENTED
PEP-TIM-027,TIM,insight.export,POST,/v1/insights/exports,/api/time/v1/insights/exports,/v1/insights/exports,dwp-time-server,../session-evidence/tim/g2-api-event-contracts.json,TIME_EXPORT,APP.HCM:VIEW,HRIS_TIMEKEEPER>HRIS_DUTY_TIME_EXPORTER,hcm.operations.time.export,ACTION,ACTION.HRIS_TIME_EXPORT,EXPORT,LEGAL_ENTITY|TIME_GROUP,APPROVED_EXPORT_FIELDS|TIME_RESULT,TIME_CONTROLLED_EXPORT,GATEWAY_APP_ENTITLEMENT|OWNER_API_OPERATION|RESOURCE_POPULATION|REPOSITORY_TENANT_PREDICATE|FIELD_PROJECTION|PURPOSE_POLICY|AUDIT_DECISION,G3_BINDING_SPECIFIED_NOT_IMPLEMENTED
PEP-TIM-028,TIM,command.receipt.query,GET,/v1/command-receipts/{receiptId},/api/time/v1/command-receipts/{receiptId},/v1/command-receipts/{receiptId},dwp-time-server,../session-evidence/tim/g2-api-event-contracts.json,TIME_COMMAND_RECEIPT_READ,APP.HCM:VIEW,HRIS_EMPLOYEE>HRIS_DUTY_COMMAND_RECEIPT_READER|HRIS_LINE_MANAGER>HRIS_DUTY_COMMAND_RECEIPT_READER|HRIS_TIMEKEEPER>HRIS_DUTY_COMMAND_RECEIPT_READER|HRIS_TIME_APPROVER>HRIS_DUTY_COMMAND_RECEIPT_READER|HRIS_TIME_CONTROLLER>HRIS_DUTY_COMMAND_RECEIPT_READER|HRIS_LEAVE_ADMINISTRATOR>HRIS_DUTY_COMMAND_RECEIPT_READER|HRIS_LEAVE_APPROVER>HRIS_DUTY_COMMAND_RECEIPT_READER|HRIS_CONFIG_AUTHOR>HRIS_DUTY_COMMAND_RECEIPT_READER|HRIS_CONFIG_PUBLISHER>HRIS_DUTY_COMMAND_RECEIPT_READER,hcm.command-receipt.view,DATA,DATA.HRIS_COMMAND_RECEIPT,VIEW,ORIGINATING_COMMAND_SCOPE,COMMAND_RECEIPT,COMMAND_STATUS,GATEWAY_APP_ENTITLEMENT|OWNER_API_OPERATION|RESOURCE_POPULATION|REPOSITORY_TENANT_PREDICATE|FIELD_PROJECTION|PURPOSE_POLICY|AUDIT_DECISION,G3_BINDING_SPECIFIED_NOT_IMPLEMENTED
PEP-PAY-001,PAY,payroll.widget.summary,GET,/v1/widgets/summary,/api/payroll/v1/widgets/summary,/v1/widgets/summary,dwp-payroll-server,../session-evidence/pay/g2-api-event-contracts.json,PAY_WIDGET_VIEW,APP.HCM:VIEW,HRIS_EMPLOYEE>HRIS_DUTY_SELF_PAY_STATEMENT_READER|HRIS_PAYROLL_SUPPORT_VIEWER>HRIS_DUTY_PAYROLL_SUPPORT_VIEWER,hcm.operations.payroll-support.view|hcm.personal.pay-statement.view,DATA,DATA.HRIS_PAYROLL_STATUS|DATA.HR_PAY,VIEW,LEGAL_ENTITY|NAMED_POPULATION|PAY_GROUP|SELF,PAY_RESULT_MASKED|SELF_PAY,PAYROLL_DASHBOARD,GATEWAY_APP_ENTITLEMENT|OWNER_API_OPERATION|RESOURCE_POPULATION|REPOSITORY_TENANT_PREDICATE|FIELD_PROJECTION|PURPOSE_POLICY|AUDIT_DECISION,G3_BINDING_SPECIFIED_NOT_IMPLEMENTED
PEP-PAY-002,PAY,foundation.query,GET,/v1/foundation,/api/payroll/v1/foundation,/v1/foundation,dwp-payroll-server,../session-evidence/pay/g2-api-event-contracts.json,PAY_CONFIG_VIEW,APP.HCM:VIEW,HRIS_PAYROLL_SPECIALIST>HRIS_DUTY_PAYROLL_PREPARER,hcm.operations.payroll-inputs.update,DATA,DATA.HRIS_PAYROLL_INPUT,UPDATE,LEGAL_ENTITY|PAY_GROUP,COMPENSATION|PAY_INPUT|TAX_LIMITED,PAYROLL_CONFIGURATION,GATEWAY_APP_ENTITLEMENT|OWNER_API_OPERATION|RESOURCE_POPULATION|REPOSITORY_TENANT_PREDICATE|FIELD_PROJECTION|PURPOSE_POLICY|AUDIT_DECISION,G3_BINDING_SPECIFIED_NOT_IMPLEMENTED
PEP-PAY-003,PAY,foundation.version.create,POST,/v1/foundation/versions,/api/payroll/v1/foundation/versions,/v1/foundation/versions,dwp-payroll-server,../session-evidence/pay/g2-api-event-contracts.json,PAY_CONFIGURE,APP.HCM:VIEW,HRIS_PAYROLL_SPECIALIST>HRIS_DUTY_PAYROLL_PREPARER,hcm.operations.payroll-inputs.update,DATA,DATA.HRIS_PAYROLL_INPUT,UPDATE,LEGAL_ENTITY|PAY_GROUP,COMPENSATION|PAY_INPUT|TAX_LIMITED,PAYROLL_CONFIGURATION,GATEWAY_APP_ENTITLEMENT|OWNER_API_OPERATION|RESOURCE_POPULATION|REPOSITORY_TENANT_PREDICATE|FIELD_PROJECTION|PURPOSE_POLICY|AUDIT_DECISION,G3_BINDING_SPECIFIED_NOT_IMPLEMENTED
PEP-PAY-004,PAY,element.version.create,POST,/v1/elements/versions,/api/payroll/v1/elements/versions,/v1/elements/versions,dwp-payroll-server,../session-evidence/pay/g2-api-event-contracts.json,PAY_ELEMENT_CONFIGURE,APP.HCM:VIEW,HRIS_PAYROLL_SPECIALIST>HRIS_DUTY_PAYROLL_PREPARER,hcm.operations.payroll-inputs.update,DATA,DATA.HRIS_PAYROLL_INPUT,UPDATE,LEGAL_ENTITY|PAY_GROUP,COMPENSATION|PAY_INPUT|TAX_LIMITED,PAYROLL_CONFIGURATION,GATEWAY_APP_ENTITLEMENT|OWNER_API_OPERATION|RESOURCE_POPULATION|REPOSITORY_TENANT_PREDICATE|FIELD_PROJECTION|PURPOSE_POLICY|AUDIT_DECISION,G3_BINDING_SPECIFIED_NOT_IMPLEMENTED
PEP-PAY-005,PAY,formula.version.create,POST,/v1/formulas/versions,/api/payroll/v1/formulas/versions,/v1/formulas/versions,dwp-payroll-server,../session-evidence/pay/g2-api-event-contracts.json,PAY_FORMULA_CONFIGURE,APP.HCM:VIEW,HRIS_PAYROLL_SPECIALIST>HRIS_DUTY_PAYROLL_PREPARER,hcm.operations.payroll-inputs.update,DATA,DATA.HRIS_PAYROLL_INPUT,UPDATE,LEGAL_ENTITY|PAY_GROUP,COMPENSATION|PAY_INPUT|TAX_LIMITED,PAYROLL_CONFIGURATION,GATEWAY_APP_ENTITLEMENT|OWNER_API_OPERATION|RESOURCE_POPULATION|REPOSITORY_TENANT_PREDICATE|FIELD_PROJECTION|PURPOSE_POLICY|AUDIT_DECISION,G3_BINDING_SPECIFIED_NOT_IMPLEMENTED
PEP-PAY-006,PAY,formula.validate,POST,/v1/formulas/{formulaId}/validations,/api/payroll/v1/formulas/{formulaId}/validations,/v1/formulas/{formulaId}/validations,dwp-payroll-server,../session-evidence/pay/g2-api-event-contracts.json,PAY_FORMULA_VALIDATE,APP.HCM:VIEW,HRIS_PAYROLL_SPECIALIST>HRIS_DUTY_PAYROLL_PREPARER,hcm.operations.payroll-inputs.update,DATA,DATA.HRIS_PAYROLL_INPUT,UPDATE,LEGAL_ENTITY|PAY_GROUP,COMPENSATION|PAY_INPUT|TAX_LIMITED,PAYROLL_CONFIGURATION,GATEWAY_APP_ENTITLEMENT|OWNER_API_OPERATION|RESOURCE_POPULATION|REPOSITORY_TENANT_PREDICATE|FIELD_PROJECTION|PURPOSE_POLICY|AUDIT_DECISION,G3_BINDING_SPECIFIED_NOT_IMPLEMENTED
PEP-PAY-007,PAY,formula.simulate,POST,/v1/formulas/{formulaId}/simulations,/api/payroll/v1/formulas/{formulaId}/simulations,/v1/formulas/{formulaId}/simulations,dwp-payroll-server,../session-evidence/pay/g2-api-event-contracts.json,PAY_FORMULA_SIMULATE,APP.HCM:VIEW,HRIS_PAYROLL_SPECIALIST>HRIS_DUTY_PAYROLL_PREPARER,hcm.operations.payroll-inputs.update,DATA,DATA.HRIS_PAYROLL_INPUT,UPDATE,LEGAL_ENTITY|PAY_GROUP,COMPENSATION|PAY_INPUT|TAX_LIMITED,PAYROLL_CONFIGURATION,GATEWAY_APP_ENTITLEMENT|OWNER_API_OPERATION|RESOURCE_POPULATION|REPOSITORY_TENANT_PREDICATE|FIELD_PROJECTION|PURPOSE_POLICY|AUDIT_DECISION,G3_BINDING_SPECIFIED_NOT_IMPLEMENTED
PEP-PAY-008,PAY,formula.publish,POST,/v1/formulas/{formulaId}/publish,/api/payroll/v1/formulas/{formulaId}/publish,/v1/formulas/{formulaId}/publish,dwp-payroll-server,../session-evidence/pay/g2-api-event-contracts.json,PAY_FORMULA_PUBLISH,APP.HCM:VIEW,HRIS_CONFIG_PUBLISHER>HRIS_DUTY_POLICY_PUBLISHER,hcm.configuration.policy.publish,ACTION,ACTION.HRIS_POLICY_PUBLISH,PUBLISH,LEGAL_ENTITY|POLICY_NODE,CONFIGURATION|IMPACT_SUMMARY,PAYROLL_CONFIGURATION,GATEWAY_APP_ENTITLEMENT|OWNER_API_OPERATION|RESOURCE_POPULATION|REPOSITORY_TENANT_PREDICATE|FIELD_PROJECTION|PURPOSE_POLICY|AUDIT_DECISION,G3_BINDING_SPECIFIED_NOT_IMPLEMENTED
PEP-PAY-009,PAY,worker.entry.create,POST,/v1/worker-entries,/api/payroll/v1/worker-entries,/v1/worker-entries,dwp-payroll-server,../session-evidence/pay/g2-api-event-contracts.json,PAY_INPUT_WRITE,APP.HCM:VIEW,HRIS_PAYROLL_SPECIALIST>HRIS_DUTY_PAYROLL_PREPARER,hcm.operations.payroll-inputs.update,DATA,DATA.HRIS_PAYROLL_INPUT,UPDATE,LEGAL_ENTITY|PAY_GROUP,COMPENSATION|PAY_INPUT|TAX_LIMITED,PAYROLL_INPUT,GATEWAY_APP_ENTITLEMENT|OWNER_API_OPERATION|RESOURCE_POPULATION|REPOSITORY_TENANT_PREDICATE|FIELD_PROJECTION|PURPOSE_POLICY|AUDIT_DECISION,G3_BINDING_SPECIFIED_NOT_IMPLEMENTED
PEP-PAY-010,PAY,worker.entry.correct,POST,/v1/worker-entries/{entryId}/corrections,/api/payroll/v1/worker-entries/{entryId}/corrections,/v1/worker-entries/{entryId}/corrections,dwp-payroll-server,../session-evidence/pay/g2-api-event-contracts.json,PAY_INPUT_CORRECT,APP.HCM:VIEW,HRIS_PAYROLL_SPECIALIST>HRIS_DUTY_PAYROLL_PREPARER,hcm.operations.payroll-inputs.update,DATA,DATA.HRIS_PAYROLL_INPUT,UPDATE,LEGAL_ENTITY|PAY_GROUP,COMPENSATION|PAY_INPUT|TAX_LIMITED,PAYROLL_INPUT,GATEWAY_APP_ENTITLEMENT|OWNER_API_OPERATION|RESOURCE_POPULATION|REPOSITORY_TENANT_PREDICATE|FIELD_PROJECTION|PURPOSE_POLICY|AUDIT_DECISION,G3_BINDING_SPECIFIED_NOT_IMPLEMENTED
PEP-PAY-011,PAY,run.prepare,POST,/v1/runs,/api/payroll/v1/runs,/v1/runs,dwp-payroll-server,../session-evidence/pay/g2-api-event-contracts.json,PAY_RUN_PREPARE,APP.HCM:VIEW,HRIS_PAYROLL_RUN_OPERATOR>HRIS_DUTY_PAYROLL_RUN_OPERATOR,hcm.operations.payroll-run.execute,ACTION,ACTION.HRIS_PAYROLL_RUN,EXECUTE,LEGAL_ENTITY|PAY_GROUP,PAY_INPUT|PAY_RESULT,PAYROLL_PROCESSING,GATEWAY_APP_ENTITLEMENT|OWNER_API_OPERATION|RESOURCE_POPULATION|REPOSITORY_TENANT_PREDICATE|FIELD_PROJECTION|PURPOSE_POLICY|AUDIT_DECISION,G3_BINDING_SPECIFIED_NOT_IMPLEMENTED
PEP-PAY-012,PAY,run.calculate,POST,/v1/runs/{runId}/attempts,/api/payroll/v1/runs/{runId}/attempts,/v1/runs/{runId}/attempts,dwp-payroll-server,../session-evidence/pay/g2-api-event-contracts.json,PAY_RUN_CALCULATE,APP.HCM:VIEW,HRIS_PAYROLL_RUN_OPERATOR>HRIS_DUTY_PAYROLL_RUN_OPERATOR,hcm.operations.payroll-run.execute,ACTION,ACTION.HRIS_PAYROLL_RUN,EXECUTE,LEGAL_ENTITY|PAY_GROUP,PAY_INPUT|PAY_RESULT,PAYROLL_PROCESSING,GATEWAY_APP_ENTITLEMENT|OWNER_API_OPERATION|RESOURCE_POPULATION|REPOSITORY_TENANT_PREDICATE|FIELD_PROJECTION|PURPOSE_POLICY|AUDIT_DECISION,G3_BINDING_SPECIFIED_NOT_IMPLEMENTED
PEP-PAY-013,PAY,run.query,GET,/v1/runs/{runId},/api/payroll/v1/runs/{runId},/v1/runs/{runId},dwp-payroll-server,../session-evidence/pay/g2-api-event-contracts.json,PAY_RUN_VIEW,APP.HCM:VIEW,HRIS_PAYROLL_SUPPORT_VIEWER>HRIS_DUTY_PAYROLL_SUPPORT_VIEWER|HRIS_PAYROLL_RUN_OPERATOR>HRIS_DUTY_PAYROLL_RUN_OPERATOR,hcm.operations.payroll-run.execute|hcm.operations.payroll-support.view,ACTION|DATA,ACTION.HRIS_PAYROLL_RUN|DATA.HRIS_PAYROLL_STATUS,EXECUTE|VIEW,LEGAL_ENTITY|NAMED_POPULATION|PAY_GROUP,PAY_INPUT|PAY_RESULT|PAY_RESULT_MASKED,PAYROLL_PROCESSING,GATEWAY_APP_ENTITLEMENT|OWNER_API_OPERATION|RESOURCE_POPULATION|REPOSITORY_TENANT_PREDICATE|FIELD_PROJECTION|PURPOSE_POLICY|AUDIT_DECISION,G3_BINDING_SPECIFIED_NOT_IMPLEMENTED
PEP-PAY-014,PAY,run.results,GET,/v1/runs/{runId}/results,/api/payroll/v1/runs/{runId}/results,/v1/runs/{runId}/results,dwp-payroll-server,../session-evidence/pay/g2-api-event-contracts.json,PAY_RESULT_VIEW,APP.HCM:VIEW,HRIS_PAYROLL_SUPPORT_VIEWER>HRIS_DUTY_PAYROLL_SUPPORT_VIEWER|HRIS_PAYROLL_VALIDATOR>HRIS_DUTY_PAYROLL_VALIDATOR,hcm.operations.payroll-support.view|hcm.operations.payroll-validate.execute,ACTION|DATA,ACTION.HRIS_PAYROLL_VALIDATE|DATA.HRIS_PAYROLL_STATUS,EXECUTE|VIEW,LEGAL_ENTITY|NAMED_POPULATION|PAY_GROUP,PAY_RESULT|PAY_RESULT_MASKED|TAX_LIMITED,PAYROLL_PROCESSING,GATEWAY_APP_ENTITLEMENT|OWNER_API_OPERATION|RESOURCE_POPULATION|REPOSITORY_TENANT_PREDICATE|FIELD_PROJECTION|PURPOSE_POLICY|AUDIT_DECISION,G3_BINDING_SPECIFIED_NOT_IMPLEMENTED
PEP-PAY-015,PAY,run.worker.trace,GET,/v1/runs/{runId}/workers/{workerId}/trace,/api/payroll/v1/runs/{runId}/workers/{workerId}/trace,/v1/runs/{runId}/workers/{workerId}/trace,dwp-payroll-server,../session-evidence/pay/g2-api-event-contracts.json,PAY_TRACE_VIEW,APP.HCM:VIEW,HRIS_PAYROLL_VALIDATOR>HRIS_DUTY_PAYROLL_VALIDATOR,hcm.operations.payroll-validate.execute,ACTION,ACTION.HRIS_PAYROLL_VALIDATE,EXECUTE,LEGAL_ENTITY|PAY_GROUP,PAY_RESULT|TAX_LIMITED,PAYROLL_PROCESSING,GATEWAY_APP_ENTITLEMENT|OWNER_API_OPERATION|RESOURCE_POPULATION|REPOSITORY_TENANT_PREDICATE|FIELD_PROJECTION|PURPOSE_POLICY|AUDIT_DECISION,G3_BINDING_SPECIFIED_NOT_IMPLEMENTED
PEP-PAY-016,PAY,run.validate,POST,/v1/runs/{runId}/validations,/api/payroll/v1/runs/{runId}/validations,/v1/runs/{runId}/validations,dwp-payroll-server,../session-evidence/pay/g2-api-event-contracts.json,PAY_RUN_VALIDATE,APP.HCM:VIEW,HRIS_PAYROLL_VALIDATOR>HRIS_DUTY_PAYROLL_VALIDATOR,hcm.operations.payroll-validate.execute,ACTION,ACTION.HRIS_PAYROLL_VALIDATE,EXECUTE,LEGAL_ENTITY|PAY_GROUP,PAY_RESULT|TAX_LIMITED,PAYROLL_PROCESSING,GATEWAY_APP_ENTITLEMENT|OWNER_API_OPERATION|RESOURCE_POPULATION|REPOSITORY_TENANT_PREDICATE|FIELD_PROJECTION|PURPOSE_POLICY|AUDIT_DECISION,G3_BINDING_SPECIFIED_NOT_IMPLEMENTED
PEP-PAY-017,PAY,run.approve,POST,/v1/runs/{runId}/approvals,/api/payroll/v1/runs/{runId}/approvals,/v1/runs/{runId}/approvals,dwp-payroll-server,../session-evidence/pay/g2-api-event-contracts.json,PAY_RUN_APPROVE,APP.HCM:VIEW,HRIS_PAYROLL_CONTROLLER>HRIS_DUTY_PAYROLL_APPROVER,hcm.operations.payroll.approve,ACTION,ACTION.HRIS_PAYROLL_APPROVE,APPROVE,LEGAL_ENTITY|PAY_GROUP,PAY_RESULT|TAX_LIMITED,PAYROLL_PROCESSING,GATEWAY_APP_ENTITLEMENT|OWNER_API_OPERATION|RESOURCE_POPULATION|REPOSITORY_TENANT_PREDICATE|FIELD_PROJECTION|PURPOSE_POLICY|AUDIT_DECISION,G3_BINDING_SPECIFIED_NOT_IMPLEMENTED
PEP-PAY-018,PAY,run.finalize,POST,/v1/runs/{runId}/finalize,/api/payroll/v1/runs/{runId}/finalize,/v1/runs/{runId}/finalize,dwp-payroll-server,../session-evidence/pay/g2-api-event-contracts.json,PAY_RUN_FINALIZE,APP.HCM:VIEW,HRIS_PAYROLL_RELEASE_OFFICER>HRIS_DUTY_PAYROLL_RELEASER,hcm.operations.payroll.release,ACTION,ACTION.HRIS_PAYROLL_RELEASE,EXECUTE,LEGAL_ENTITY|PAY_GROUP,BANK_PAYMENT|PAY_RESULT|PAY_STATEMENT,PAYROLL_PROCESSING,GATEWAY_APP_ENTITLEMENT|OWNER_API_OPERATION|RESOURCE_POPULATION|REPOSITORY_TENANT_PREDICATE|FIELD_PROJECTION|PURPOSE_POLICY|AUDIT_DECISION,G3_BINDING_SPECIFIED_NOT_IMPLEMENTED
PEP-PAY-019,PAY,retro.create,POST,/v1/retro-events,/api/payroll/v1/retro-events,/v1/retro-events,dwp-payroll-server,../session-evidence/pay/g2-api-event-contracts.json,PAY_RETRO_ASSESS,APP.HCM:VIEW,HRIS_PAYROLL_SPECIALIST>HRIS_DUTY_PAYROLL_PREPARER,hcm.operations.payroll-inputs.update,DATA,DATA.HRIS_PAYROLL_INPUT,UPDATE,LEGAL_ENTITY|PAY_GROUP,COMPENSATION|PAY_INPUT|TAX_LIMITED,PAYROLL_RETRO,GATEWAY_APP_ENTITLEMENT|OWNER_API_OPERATION|RESOURCE_POPULATION|REPOSITORY_TENANT_PREDICATE|FIELD_PROJECTION|PURPOSE_POLICY|AUDIT_DECISION,G3_BINDING_SPECIFIED_NOT_IMPLEMENTED
PEP-PAY-020,PAY,correction.create,POST,/v1/runs/{runId}/corrections,/api/payroll/v1/runs/{runId}/corrections,/v1/runs/{runId}/corrections,dwp-payroll-server,../session-evidence/pay/g2-api-event-contracts.json,PAY_CORRECTION_POST,APP.HCM:VIEW,HRIS_PAYROLL_SPECIALIST>HRIS_DUTY_PAYROLL_PREPARER,hcm.operations.payroll-inputs.update,DATA,DATA.HRIS_PAYROLL_INPUT,UPDATE,LEGAL_ENTITY|PAY_GROUP,COMPENSATION|PAY_INPUT|TAX_LIMITED,PAYROLL_CORRECTION,GATEWAY_APP_ENTITLEMENT|OWNER_API_OPERATION|RESOURCE_POPULATION|REPOSITORY_TENANT_PREDICATE|FIELD_PROJECTION|PURPOSE_POLICY|AUDIT_DECISION,G3_BINDING_SPECIFIED_NOT_IMPLEMENTED
PEP-PAY-021,PAY,payment.create,POST,/v1/runs/{runId}/payment-batches,/api/payroll/v1/runs/{runId}/payment-batches,/v1/runs/{runId}/payment-batches,dwp-payroll-server,../session-evidence/pay/g2-api-event-contracts.json,PAY_PAYMENT_PREPARE,APP.HCM:VIEW,HRIS_PAYROLL_RELEASE_OFFICER>HRIS_DUTY_PAYROLL_RELEASER,hcm.operations.payroll.release,ACTION,ACTION.HRIS_PAYROLL_RELEASE,EXECUTE,LEGAL_ENTITY|PAY_GROUP,BANK_PAYMENT|PAY_RESULT|PAY_STATEMENT,PAYMENT_PROCESSING,GATEWAY_APP_ENTITLEMENT|OWNER_API_OPERATION|RESOURCE_POPULATION|REPOSITORY_TENANT_PREDICATE|FIELD_PROJECTION|PURPOSE_POLICY|AUDIT_DECISION,G3_BINDING_SPECIFIED_NOT_IMPLEMENTED
PEP-PAY-022,PAY,payment.release,POST,/v1/payment-batches/{batchId}/release,/api/payroll/v1/payment-batches/{batchId}/release,/v1/payment-batches/{batchId}/release,dwp-payroll-server,../session-evidence/pay/g2-api-event-contracts.json,PAY_PAYMENT_RELEASE,APP.HCM:VIEW,HRIS_PAYROLL_RELEASE_OFFICER>HRIS_DUTY_PAYROLL_RELEASER,hcm.operations.payroll.release,ACTION,ACTION.HRIS_PAYROLL_RELEASE,EXECUTE,LEGAL_ENTITY|PAY_GROUP,BANK_PAYMENT|PAY_RESULT|PAY_STATEMENT,PAYMENT_PROCESSING,GATEWAY_APP_ENTITLEMENT|OWNER_API_OPERATION|RESOURCE_POPULATION|REPOSITORY_TENANT_PREDICATE|FIELD_PROJECTION|PURPOSE_POLICY|AUDIT_DECISION,G3_BINDING_SPECIFIED_NOT_IMPLEMENTED
PEP-PAY-023,PAY,payment.file.download,POST,/v1/payment-files/{fileId}/download-grants,/api/payroll/v1/payment-files/{fileId}/download-grants,/v1/payment-files/{fileId}/download-grants,dwp-payroll-server,../session-evidence/pay/g2-api-event-contracts.json,PAY_BANK_FILE_DOWNLOAD,APP.HCM:VIEW,HRIS_PAYROLL_RELEASE_OFFICER>HRIS_DUTY_PAYROLL_RELEASER,hcm.operations.payroll.release,ACTION,ACTION.HRIS_PAYROLL_RELEASE,EXECUTE,LEGAL_ENTITY|PAY_GROUP,BANK_PAYMENT|PAY_RESULT|PAY_STATEMENT,PAYMENT_PROCESSING,GATEWAY_APP_ENTITLEMENT|OWNER_API_OPERATION|RESOURCE_POPULATION|REPOSITORY_TENANT_PREDICATE|FIELD_PROJECTION|PURPOSE_POLICY|AUDIT_DECISION,G3_BINDING_SPECIFIED_NOT_IMPLEMENTED
PEP-PAY-024,PAY,gl.create,POST,/v1/runs/{runId}/gl-batches,/api/payroll/v1/runs/{runId}/gl-batches,/v1/runs/{runId}/gl-batches,dwp-payroll-server,../session-evidence/pay/g2-api-event-contracts.json,PAY_GL_PREPARE,APP.HCM:VIEW,HRIS_PAYROLL_ACCOUNTING>HRIS_DUTY_PAYROLL_ACCOUNTING_POSTER,hcm.operations.payroll.accounting-post,ACTION,ACTION.HRIS_PAYROLL_GL_POST,EXECUTE,LEGAL_ENTITY|PAY_GROUP,ACCOUNTING|PAY_RESULT,PAYROLL_ACCOUNTING,GATEWAY_APP_ENTITLEMENT|OWNER_API_OPERATION|RESOURCE_POPULATION|REPOSITORY_TENANT_PREDICATE|FIELD_PROJECTION|PURPOSE_POLICY|AUDIT_DECISION,G3_BINDING_SPECIFIED_NOT_IMPLEMENTED
PEP-PAY-025,PAY,gl.post,POST,/v1/gl-batches/{batchId}/post,/api/payroll/v1/gl-batches/{batchId}/post,/v1/gl-batches/{batchId}/post,dwp-payroll-server,../session-evidence/pay/g2-api-event-contracts.json,PAY_GL_POST,APP.HCM:VIEW,HRIS_PAYROLL_ACCOUNTING>HRIS_DUTY_PAYROLL_ACCOUNTING_POSTER,hcm.operations.payroll.accounting-post,ACTION,ACTION.HRIS_PAYROLL_GL_POST,EXECUTE,LEGAL_ENTITY|PAY_GROUP,ACCOUNTING|PAY_RESULT,PAYROLL_ACCOUNTING,GATEWAY_APP_ENTITLEMENT|OWNER_API_OPERATION|RESOURCE_POPULATION|REPOSITORY_TENANT_PREDICATE|FIELD_PROJECTION|PURPOSE_POLICY|AUDIT_DECISION,G3_BINDING_SPECIFIED_NOT_IMPLEMENTED
PEP-PAY-026,PAY,payslip.query,GET,/v1/payslips/{payslipId},/api/payroll/v1/payslips/{payslipId},/v1/payslips/{payslipId},dwp-payroll-server,../session-evidence/pay/g2-api-event-contracts.json,PAYSLIP_VIEW,APP.HCM:VIEW,HRIS_EMPLOYEE>HRIS_DUTY_SELF_PAY_STATEMENT_READER|HRIS_PAYROLL_SUPPORT_VIEWER>HRIS_DUTY_PAYROLL_SUPPORT_VIEWER,hcm.operations.payroll-support.view|hcm.personal.pay-statement.view,DATA,DATA.HRIS_PAYROLL_STATUS|DATA.HR_PAY,VIEW,LEGAL_ENTITY|NAMED_POPULATION|PAY_GROUP|SELF,PAY_RESULT_MASKED|SELF_PAY,EMPLOYEE_PAY_SERVICE,GATEWAY_APP_ENTITLEMENT|OWNER_API_OPERATION|RESOURCE_POPULATION|REPOSITORY_TENANT_PREDICATE|FIELD_PROJECTION|PURPOSE_POLICY|AUDIT_DECISION,G3_BINDING_SPECIFIED_NOT_IMPLEMENTED
PEP-PAY-027,PAY,payslip.download,POST,/v1/payslips/{payslipId}/download-grants,/api/payroll/v1/payslips/{payslipId}/download-grants,/v1/payslips/{payslipId}/download-grants,dwp-payroll-server,../session-evidence/pay/g2-api-event-contracts.json,PAYSLIP_DOWNLOAD,APP.HCM:VIEW,HRIS_EMPLOYEE>HRIS_DUTY_SELF_PAY_STATEMENT_DOWNLOADER|HRIS_PAYROLL_RELEASE_OFFICER>HRIS_DUTY_PAYROLL_RELEASER,hcm.operations.payroll.release|hcm.personal.pay-statement.download,ACTION,ACTION.HRIS_PAYROLL_RELEASE|ACTION.HRIS_PAY_STATEMENT_DOWNLOAD,DOWNLOAD|EXECUTE,LEGAL_ENTITY|PAY_GROUP|SELF,BANK_PAYMENT|PAY_RESULT|PAY_STATEMENT|SELF_PAY,EMPLOYEE_PAY_SERVICE,GATEWAY_APP_ENTITLEMENT|OWNER_API_OPERATION|RESOURCE_POPULATION|REPOSITORY_TENANT_PREDICATE|FIELD_PROJECTION|PURPOSE_POLICY|AUDIT_DECISION,G3_BINDING_SPECIFIED_NOT_IMPLEMENTED
PEP-PAY-028,PAY,country.pack.activate,POST,/v1/country-packs/{packId}/activate,/api/payroll/v1/country-packs/{packId}/activate,/v1/country-packs/{packId}/activate,dwp-payroll-server,../session-evidence/pay/g2-api-event-contracts.json,PAY_COUNTRY_PACK_ACTIVATE,APP.HCM:VIEW,HRIS_STATUTORY_OPERATOR>HRIS_DUTY_STATUTORY_OPERATOR,hcm.operations.statutory.execute,ACTION,ACTION.HRIS_STATUTORY_FILING,EXECUTE,LEGAL_ENTITY|PAY_GROUP,LIMITED_PROFILE|RETIREMENT|TAX_SOCIAL_INSURANCE|YEAR_END,STATUTORY_CONFIGURATION,GATEWAY_APP_ENTITLEMENT|OWNER_API_OPERATION|RESOURCE_POPULATION|REPOSITORY_TENANT_PREDICATE|FIELD_PROJECTION|PURPOSE_POLICY|AUDIT_DECISION,G3_BINDING_SPECIFIED_NOT_IMPLEMENTED
PEP-PAY-029,PAY,yearend.case.create,POST,/v1/year-end-cases,/api/payroll/v1/year-end-cases,/v1/year-end-cases,dwp-payroll-server,../session-evidence/pay/g2-api-event-contracts.json,YEA_CASE_CREATE,APP.HCM:VIEW,HRIS_EMPLOYEE>HRIS_DUTY_SELF_YEAR_END_CASE_EDITOR,hcm.personal.year-end-case.update,DATA,DATA.HRIS_YEAR_END_CASE,UPDATE,SELF,DOCUMENT_CONTENT|YEAR_END,YEAR_END_SERVICE,GATEWAY_APP_ENTITLEMENT|OWNER_API_OPERATION|RESOURCE_POPULATION|REPOSITORY_TENANT_PREDICATE|FIELD_PROJECTION|PURPOSE_POLICY|AUDIT_DECISION,G3_BINDING_SPECIFIED_NOT_IMPLEMENTED
PEP-PAY-030,PAY,yearend.evidence.add,POST,/v1/year-end-cases/{caseId}/evidence,/api/payroll/v1/year-end-cases/{caseId}/evidence,/v1/year-end-cases/{caseId}/evidence,dwp-payroll-server,../session-evidence/pay/g2-api-event-contracts.json,YEA_EVIDENCE_WRITE,APP.HCM:VIEW,HRIS_EMPLOYEE>HRIS_DUTY_SELF_YEAR_END_CASE_EDITOR,hcm.personal.year-end-case.update,DATA,DATA.HRIS_YEAR_END_CASE,UPDATE,SELF,DOCUMENT_CONTENT|YEAR_END,YEAR_END_SERVICE,GATEWAY_APP_ENTITLEMENT|OWNER_API_OPERATION|RESOURCE_POPULATION|REPOSITORY_TENANT_PREDICATE|FIELD_PROJECTION|PURPOSE_POLICY|AUDIT_DECISION,G3_BINDING_SPECIFIED_NOT_IMPLEMENTED
PEP-PAY-031,PAY,yearend.provider.submit,POST,/v1/year-end-cases/{caseId}/provider-submissions,/api/payroll/v1/year-end-cases/{caseId}/provider-submissions,/v1/year-end-cases/{caseId}/provider-submissions,dwp-payroll-server,../session-evidence/pay/g2-api-event-contracts.json,YEA_PROVIDER_SUBMIT,APP.HCM:VIEW,HRIS_STATUTORY_OPERATOR>HRIS_DUTY_STATUTORY_OPERATOR,hcm.operations.statutory.execute,ACTION,ACTION.HRIS_STATUTORY_FILING,EXECUTE,LEGAL_ENTITY|PAY_GROUP,LIMITED_PROFILE|RETIREMENT|TAX_SOCIAL_INSURANCE|YEAR_END,YEAR_END_SERVICE,GATEWAY_APP_ENTITLEMENT|OWNER_API_OPERATION|RESOURCE_POPULATION|REPOSITORY_TENANT_PREDICATE|FIELD_PROJECTION|PURPOSE_POLICY|AUDIT_DECISION,G3_BINDING_SPECIFIED_NOT_IMPLEMENTED
PEP-PAY-032,PAY,insight.export,POST,/v1/insights/exports,/api/payroll/v1/insights/exports,/v1/insights/exports,dwp-payroll-server,../session-evidence/pay/g2-api-event-contracts.json,PAY_EXPORT,APP.HCM:VIEW,HRIS_PAYROLL_RELEASE_OFFICER>HRIS_DUTY_PAYROLL_EXPORTER,hcm.operations.payroll.export,ACTION,ACTION.HRIS_PAYROLL_EXPORT,EXPORT,LEGAL_ENTITY|PAY_GROUP,APPROVED_EXPORT_FIELDS|PAY_RESULT,PAYROLL_CONTROLLED_EXPORT,GATEWAY_APP_ENTITLEMENT|OWNER_API_OPERATION|RESOURCE_POPULATION|REPOSITORY_TENANT_PREDICATE|FIELD_PROJECTION|PURPOSE_POLICY|AUDIT_DECISION,G3_BINDING_SPECIFIED_NOT_IMPLEMENTED
PEP-PAY-033,PAY,command.receipt.query,GET,/v1/command-receipts/{receiptId},/api/payroll/v1/command-receipts/{receiptId},/v1/command-receipts/{receiptId},dwp-payroll-server,../session-evidence/pay/g2-api-event-contracts.json,PAY_COMMAND_RECEIPT_READ,APP.HCM:VIEW,HRIS_EMPLOYEE>HRIS_DUTY_COMMAND_RECEIPT_READER|HRIS_PAYROLL_SPECIALIST>HRIS_DUTY_COMMAND_RECEIPT_READER|HRIS_PAYROLL_RUN_OPERATOR>HRIS_DUTY_COMMAND_RECEIPT_READER|HRIS_PAYROLL_VALIDATOR>HRIS_DUTY_COMMAND_RECEIPT_READER|HRIS_PAYROLL_CONTROLLER>HRIS_DUTY_COMMAND_RECEIPT_READER|HRIS_PAYROLL_RELEASE_OFFICER>HRIS_DUTY_COMMAND_RECEIPT_READER|HRIS_PAYROLL_ACCOUNTING>HRIS_DUTY_COMMAND_RECEIPT_READER|HRIS_STATUTORY_OPERATOR>HRIS_DUTY_COMMAND_RECEIPT_READER|HRIS_CONFIG_AUTHOR>HRIS_DUTY_COMMAND_RECEIPT_READER|HRIS_CONFIG_PUBLISHER>HRIS_DUTY_COMMAND_RECEIPT_READER,hcm.command-receipt.view,DATA,DATA.HRIS_COMMAND_RECEIPT,VIEW,ORIGINATING_COMMAND_SCOPE,COMMAND_RECEIPT,COMMAND_STATUS,GATEWAY_APP_ENTITLEMENT|OWNER_API_OPERATION|RESOURCE_POPULATION|REPOSITORY_TENANT_PREDICATE|FIELD_PROJECTION|PURPOSE_POLICY|AUDIT_DECISION,G3_BINDING_SPECIFIED_NOT_IMPLEMENTED
PEP-SYS-001,SYS,SYS-API-001,GET,/api/auth/v1/admin/hris/access-packages,/api/auth/v1/admin/hris/access-packages,/v1/admin/hris/access-packages,dwp-auth-server,../session-evidence/sys/g2-contract-catalog.csv,HRIS_ACCESS_PACKAGE_READ,APP.HCM:VIEW,HRIS_CONFIG_AUTHOR>HRIS_DUTY_POLICY_AUTHOR|HRIS_CONFIG_PUBLISHER>HRIS_DUTY_POLICY_PUBLISHER,hcm.configuration.policy.publish|hcm.configuration.policy.update,ACTION|CONFIG,ACTION.HRIS_POLICY_PUBLISH|CONFIG.HRIS_POLICY,PUBLISH|UPDATE,LEGAL_ENTITY|POLICY_NODE,CONFIGURATION|IMPACT_SUMMARY,HRIS_SYSTEM_ADMIN,GATEWAY_APP_ENTITLEMENT|OWNER_API_OPERATION|RESOURCE_POPULATION|REPOSITORY_TENANT_PREDICATE|FIELD_PROJECTION|PURPOSE_POLICY|AUDIT_DECISION,G3_BINDING_SPECIFIED_NOT_IMPLEMENTED
PEP-SYS-002,SYS,SYS-API-002,POST,/api/auth/v1/admin/hris/access-packages,/api/auth/v1/admin/hris/access-packages,/v1/admin/hris/access-packages,dwp-auth-server,../session-evidence/sys/g2-contract-catalog.csv,HRIS_ACCESS_PACKAGE_AUTHOR,APP.HCM:VIEW,HRIS_CONFIG_AUTHOR>HRIS_DUTY_POLICY_AUTHOR,hcm.configuration.policy.update,CONFIG,CONFIG.HRIS_POLICY,UPDATE,LEGAL_ENTITY|POLICY_NODE,CONFIGURATION,HRIS_SYSTEM_ADMIN,GATEWAY_APP_ENTITLEMENT|OWNER_API_OPERATION|RESOURCE_POPULATION|REPOSITORY_TENANT_PREDICATE|FIELD_PROJECTION|PURPOSE_POLICY|AUDIT_DECISION,G3_BINDING_SPECIFIED_NOT_IMPLEMENTED
PEP-SYS-003,SYS,SYS-API-003,POST,/api/auth/v1/admin/hris/access-packages/{packageId}/versions/{version}/activate,/api/auth/v1/admin/hris/access-packages/{packageId}/versions/{version}/activate,/v1/admin/hris/access-packages/{packageId}/versions/{version}/activate,dwp-auth-server,../session-evidence/sys/g2-contract-catalog.csv,HRIS_ACCESS_PACKAGE_PUBLISH,APP.HCM:VIEW,HRIS_CONFIG_PUBLISHER>HRIS_DUTY_POLICY_PUBLISHER,hcm.configuration.policy.publish,ACTION,ACTION.HRIS_POLICY_PUBLISH,PUBLISH,LEGAL_ENTITY|POLICY_NODE,CONFIGURATION|IMPACT_SUMMARY,HRIS_SYSTEM_ADMIN,GATEWAY_APP_ENTITLEMENT|OWNER_API_OPERATION|RESOURCE_POPULATION|REPOSITORY_TENANT_PREDICATE|FIELD_PROJECTION|PURPOSE_POLICY|AUDIT_DECISION,G3_BINDING_SPECIFIED_NOT_IMPLEMENTED
PEP-SYS-004,SYS,SYS-API-004,POST,/api/auth/v1/admin/hris/access-assignments/simulations,/api/auth/v1/admin/hris/access-assignments/simulations,/v1/admin/hris/access-assignments/simulations,dwp-auth-server,../session-evidence/sys/g2-contract-catalog.csv,HRIS_ACCESS_ASSIGNMENT_AUTHOR,APP.HCM:VIEW,HRIS_CONFIG_AUTHOR>HRIS_DUTY_POLICY_AUTHOR,hcm.configuration.policy.update,CONFIG,CONFIG.HRIS_POLICY,UPDATE,LEGAL_ENTITY|POLICY_NODE,CONFIGURATION,HRIS_SYSTEM_ADMIN,GATEWAY_APP_ENTITLEMENT|OWNER_API_OPERATION|RESOURCE_POPULATION|REPOSITORY_TENANT_PREDICATE|FIELD_PROJECTION|PURPOSE_POLICY|AUDIT_DECISION,G3_BINDING_SPECIFIED_NOT_IMPLEMENTED
PEP-SYS-005,SYS,SYS-API-005,POST,/api/auth/v1/admin/hris/access-assignments,/api/auth/v1/admin/hris/access-assignments,/v1/admin/hris/access-assignments,dwp-auth-server,../session-evidence/sys/g2-contract-catalog.csv,HRIS_ACCESS_ASSIGNMENT_AUTHOR,APP.HCM:VIEW,HRIS_CONFIG_AUTHOR>HRIS_DUTY_POLICY_AUTHOR,hcm.configuration.policy.update,CONFIG,CONFIG.HRIS_POLICY,UPDATE,LEGAL_ENTITY|POLICY_NODE,CONFIGURATION,HRIS_SYSTEM_ADMIN,GATEWAY_APP_ENTITLEMENT|OWNER_API_OPERATION|RESOURCE_POPULATION|REPOSITORY_TENANT_PREDICATE|FIELD_PROJECTION|PURPOSE_POLICY|AUDIT_DECISION,G3_BINDING_SPECIFIED_NOT_IMPLEMENTED
PEP-SYS-006,SYS,SYS-API-006,POST,/api/auth/v1/admin/hris/access-assignments/{assignmentId}/submit,/api/auth/v1/admin/hris/access-assignments/{assignmentId}/submit,/v1/admin/hris/access-assignments/{assignmentId}/submit,dwp-auth-server,../session-evidence/sys/g2-contract-catalog.csv,HRIS_ACCESS_ASSIGNMENT_AUTHOR,APP.HCM:VIEW,HRIS_CONFIG_AUTHOR>HRIS_DUTY_POLICY_AUTHOR,hcm.configuration.policy.update,CONFIG,CONFIG.HRIS_POLICY,UPDATE,LEGAL_ENTITY|POLICY_NODE,CONFIGURATION,HRIS_SYSTEM_ADMIN,GATEWAY_APP_ENTITLEMENT|OWNER_API_OPERATION|RESOURCE_POPULATION|REPOSITORY_TENANT_PREDICATE|FIELD_PROJECTION|PURPOSE_POLICY|AUDIT_DECISION,G3_BINDING_SPECIFIED_NOT_IMPLEMENTED
PEP-SYS-007,SYS,SYS-API-007,POST,/api/auth/v1/admin/hris/access-assignments/{assignmentId}/approve,/api/auth/v1/admin/hris/access-assignments/{assignmentId}/approve,/v1/admin/hris/access-assignments/{assignmentId}/approve,dwp-auth-server,../session-evidence/sys/g2-contract-catalog.csv,HRIS_ACCESS_ASSIGNMENT_APPROVER,APP.HCM:VIEW,HRIS_CONFIG_PUBLISHER>HRIS_DUTY_POLICY_PUBLISHER,hcm.configuration.policy.publish,ACTION,ACTION.HRIS_POLICY_PUBLISH,PUBLISH,LEGAL_ENTITY|POLICY_NODE,CONFIGURATION|IMPACT_SUMMARY,HRIS_SYSTEM_ADMIN,GATEWAY_APP_ENTITLEMENT|OWNER_API_OPERATION|RESOURCE_POPULATION|REPOSITORY_TENANT_PREDICATE|FIELD_PROJECTION|PURPOSE_POLICY|AUDIT_DECISION,G3_BINDING_SPECIFIED_NOT_IMPLEMENTED
PEP-SYS-008,SYS,SYS-API-008,POST,/api/auth/v1/admin/hris/access-assignments/{assignmentId}/activate,/api/auth/v1/admin/hris/access-assignments/{assignmentId}/activate,/v1/admin/hris/access-assignments/{assignmentId}/activate,dwp-auth-server,../session-evidence/sys/g2-contract-catalog.csv,HRIS_ACCESS_ASSIGNMENT_ACTIVATOR,APP.HCM:VIEW,HRIS_CONFIG_PUBLISHER>HRIS_DUTY_POLICY_PUBLISHER,hcm.configuration.policy.publish,ACTION,ACTION.HRIS_POLICY_PUBLISH,PUBLISH,LEGAL_ENTITY|POLICY_NODE,CONFIGURATION|IMPACT_SUMMARY,HRIS_SYSTEM_ADMIN,GATEWAY_APP_ENTITLEMENT|OWNER_API_OPERATION|RESOURCE_POPULATION|REPOSITORY_TENANT_PREDICATE|FIELD_PROJECTION|PURPOSE_POLICY|AUDIT_DECISION,G3_BINDING_SPECIFIED_NOT_IMPLEMENTED
PEP-SYS-009,SYS,SYS-API-009,POST,/api/auth/v1/admin/hris/access-assignments/{assignmentId}/revoke,/api/auth/v1/admin/hris/access-assignments/{assignmentId}/revoke,/v1/admin/hris/access-assignments/{assignmentId}/revoke,dwp-auth-server,../session-evidence/sys/g2-contract-catalog.csv,HRIS_ACCESS_ASSIGNMENT_REVOKER,APP.HCM:VIEW,HRIS_CONFIG_PUBLISHER>HRIS_DUTY_POLICY_PUBLISHER,hcm.configuration.policy.publish,ACTION,ACTION.HRIS_POLICY_PUBLISH,PUBLISH,LEGAL_ENTITY|POLICY_NODE,CONFIGURATION|IMPACT_SUMMARY,HRIS_SYSTEM_ADMIN,GATEWAY_APP_ENTITLEMENT|OWNER_API_OPERATION|RESOURCE_POPULATION|REPOSITORY_TENANT_PREDICATE|FIELD_PROJECTION|PURPOSE_POLICY|AUDIT_DECISION,G3_BINDING_SPECIFIED_NOT_IMPLEMENTED
PEP-SYS-010,SYS,SYS-API-010,GET,/api/auth/v1/admin/hris/access-assignments/{assignmentId},/api/auth/v1/admin/hris/access-assignments/{assignmentId},/v1/admin/hris/access-assignments/{assignmentId},dwp-auth-server,../session-evidence/sys/g2-contract-catalog.csv,HRIS_ACCESS_ASSIGNMENT_READ,APP.HCM:VIEW,HRIS_CONFIG_AUTHOR>HRIS_DUTY_POLICY_AUTHOR|HRIS_CONFIG_PUBLISHER>HRIS_DUTY_POLICY_PUBLISHER,hcm.configuration.policy.publish|hcm.configuration.policy.update,ACTION|CONFIG,ACTION.HRIS_POLICY_PUBLISH|CONFIG.HRIS_POLICY,PUBLISH|UPDATE,LEGAL_ENTITY|POLICY_NODE,CONFIGURATION|IMPACT_SUMMARY,HRIS_SYSTEM_ADMIN,GATEWAY_APP_ENTITLEMENT|OWNER_API_OPERATION|RESOURCE_POPULATION|REPOSITORY_TENANT_PREDICATE|FIELD_PROJECTION|PURPOSE_POLICY|AUDIT_DECISION,G3_BINDING_SPECIFIED_NOT_IMPLEMENTED
PEP-SYS-011,SYS,SYS-API-011,GET,/api/platform/v1/admin/hris/configurations,/api/platform/v1/admin/hris/configurations,/v1/admin/hris/configurations,dwp-platform-server,../session-evidence/sys/g2-contract-catalog.csv,HRIS_CONFIG_READ,APP.HCM:VIEW,HRIS_CONFIG_AUTHOR>HRIS_DUTY_POLICY_AUTHOR|HRIS_CONFIG_PUBLISHER>HRIS_DUTY_POLICY_PUBLISHER,hcm.configuration.policy.publish|hcm.configuration.policy.update,ACTION|CONFIG,ACTION.HRIS_POLICY_PUBLISH|CONFIG.HRIS_POLICY,PUBLISH|UPDATE,LEGAL_ENTITY|POLICY_NODE,CONFIGURATION|IMPACT_SUMMARY,HRIS_SYSTEM_ADMIN,GATEWAY_APP_ENTITLEMENT|OWNER_API_OPERATION|RESOURCE_POPULATION|REPOSITORY_TENANT_PREDICATE|FIELD_PROJECTION|PURPOSE_POLICY|AUDIT_DECISION,G3_BINDING_SPECIFIED_NOT_IMPLEMENTED
PEP-SYS-012,SYS,SYS-API-012,POST,/api/platform/v1/admin/hris/configurations/{configId}/versions,/api/platform/v1/admin/hris/configurations/{configId}/versions,/v1/admin/hris/configurations/{configId}/versions,dwp-platform-server,../session-evidence/sys/g2-contract-catalog.csv,HRIS_CONFIG_AUTHOR,APP.HCM:VIEW,HRIS_CONFIG_AUTHOR>HRIS_DUTY_POLICY_AUTHOR,hcm.configuration.policy.update,CONFIG,CONFIG.HRIS_POLICY,UPDATE,LEGAL_ENTITY|POLICY_NODE,CONFIGURATION,HRIS_SYSTEM_ADMIN,GATEWAY_APP_ENTITLEMENT|OWNER_API_OPERATION|RESOURCE_POPULATION|REPOSITORY_TENANT_PREDICATE|FIELD_PROJECTION|PURPOSE_POLICY|AUDIT_DECISION,G3_BINDING_SPECIFIED_NOT_IMPLEMENTED
PEP-SYS-013,SYS,SYS-API-013,POST,/api/platform/v1/admin/hris/configurations/{configId}/versions/{version}/validate,/api/platform/v1/admin/hris/configurations/{configId}/versions/{version}/validate,/v1/admin/hris/configurations/{configId}/versions/{version}/validate,dwp-platform-server,../session-evidence/sys/g2-contract-catalog.csv,HRIS_CONFIG_AUTHOR,APP.HCM:VIEW,HRIS_CONFIG_AUTHOR>HRIS_DUTY_POLICY_AUTHOR,hcm.configuration.policy.update,CONFIG,CONFIG.HRIS_POLICY,UPDATE,LEGAL_ENTITY|POLICY_NODE,CONFIGURATION,HRIS_SYSTEM_ADMIN,GATEWAY_APP_ENTITLEMENT|OWNER_API_OPERATION|RESOURCE_POPULATION|REPOSITORY_TENANT_PREDICATE|FIELD_PROJECTION|PURPOSE_POLICY|AUDIT_DECISION,G3_BINDING_SPECIFIED_NOT_IMPLEMENTED
PEP-SYS-014,SYS,SYS-API-014,POST,/api/platform/v1/admin/hris/configurations/{configId}/versions/{version}/simulate,/api/platform/v1/admin/hris/configurations/{configId}/versions/{version}/simulate,/v1/admin/hris/configurations/{configId}/versions/{version}/simulate,dwp-platform-server,../session-evidence/sys/g2-contract-catalog.csv,HRIS_CONFIG_AUTHOR,APP.HCM:VIEW,HRIS_CONFIG_AUTHOR>HRIS_DUTY_POLICY_AUTHOR,hcm.configuration.policy.update,CONFIG,CONFIG.HRIS_POLICY,UPDATE,LEGAL_ENTITY|POLICY_NODE,CONFIGURATION,HRIS_SYSTEM_ADMIN,GATEWAY_APP_ENTITLEMENT|OWNER_API_OPERATION|RESOURCE_POPULATION|REPOSITORY_TENANT_PREDICATE|FIELD_PROJECTION|PURPOSE_POLICY|AUDIT_DECISION,G3_BINDING_SPECIFIED_NOT_IMPLEMENTED
PEP-SYS-015,SYS,SYS-API-015,POST,/api/platform/v1/admin/hris/configurations/{configId}/versions/{version}/approve,/api/platform/v1/admin/hris/configurations/{configId}/versions/{version}/approve,/v1/admin/hris/configurations/{configId}/versions/{version}/approve,dwp-platform-server,../session-evidence/sys/g2-contract-catalog.csv,HRIS_CONFIG_PUBLISHER,APP.HCM:VIEW,HRIS_CONFIG_PUBLISHER>HRIS_DUTY_POLICY_PUBLISHER,hcm.configuration.policy.publish,ACTION,ACTION.HRIS_POLICY_PUBLISH,PUBLISH,LEGAL_ENTITY|POLICY_NODE,CONFIGURATION|IMPACT_SUMMARY,HRIS_SYSTEM_ADMIN,GATEWAY_APP_ENTITLEMENT|OWNER_API_OPERATION|RESOURCE_POPULATION|REPOSITORY_TENANT_PREDICATE|FIELD_PROJECTION|PURPOSE_POLICY|AUDIT_DECISION,G3_BINDING_SPECIFIED_NOT_IMPLEMENTED
PEP-SYS-016,SYS,SYS-API-016,POST,/api/platform/v1/admin/hris/configurations/{configId}/versions/{version}/publish,/api/platform/v1/admin/hris/configurations/{configId}/versions/{version}/publish,/v1/admin/hris/configurations/{configId}/versions/{version}/publish,dwp-platform-server,../session-evidence/sys/g2-contract-catalog.csv,HRIS_CONFIG_PUBLISHER,APP.HCM:VIEW,HRIS_CONFIG_PUBLISHER>HRIS_DUTY_POLICY_PUBLISHER,hcm.configuration.policy.publish,ACTION,ACTION.HRIS_POLICY_PUBLISH,PUBLISH,LEGAL_ENTITY|POLICY_NODE,CONFIGURATION|IMPACT_SUMMARY,HRIS_SYSTEM_ADMIN,GATEWAY_APP_ENTITLEMENT|OWNER_API_OPERATION|RESOURCE_POPULATION|REPOSITORY_TENANT_PREDICATE|FIELD_PROJECTION|PURPOSE_POLICY|AUDIT_DECISION,G3_BINDING_SPECIFIED_NOT_IMPLEMENTED
PEP-SYS-017,SYS,SYS-API-017,GET,/api/platform/v1/admin/hris/automations,/api/platform/v1/admin/hris/automations,/v1/admin/hris/automations,dwp-platform-server,../session-evidence/sys/g2-contract-catalog.csv,DWP_AUTOMATION_ADMIN,APP.HCM:VIEW,HRIS_CONFIG_AUTHOR>HRIS_DUTY_POLICY_AUTHOR,hcm.configuration.policy.update,CONFIG,CONFIG.HRIS_POLICY,UPDATE,LEGAL_ENTITY|POLICY_NODE,CONFIGURATION,HRIS_SYSTEM_ADMIN,GATEWAY_APP_ENTITLEMENT|OWNER_API_OPERATION|RESOURCE_POPULATION|REPOSITORY_TENANT_PREDICATE|FIELD_PROJECTION|PURPOSE_POLICY|AUDIT_DECISION,G3_BINDING_SPECIFIED_NOT_IMPLEMENTED
PEP-SYS-018,SYS,SYS-API-017,POST,/api/platform/v1/admin/hris/automations,/api/platform/v1/admin/hris/automations,/v1/admin/hris/automations,dwp-platform-server,../session-evidence/sys/g2-contract-catalog.csv,DWP_AUTOMATION_ADMIN,APP.HCM:VIEW,HRIS_CONFIG_AUTHOR>HRIS_DUTY_POLICY_AUTHOR,hcm.configuration.policy.update,CONFIG,CONFIG.HRIS_POLICY,UPDATE,LEGAL_ENTITY|POLICY_NODE,CONFIGURATION,HRIS_SYSTEM_ADMIN,GATEWAY_APP_ENTITLEMENT|OWNER_API_OPERATION|RESOURCE_POPULATION|REPOSITORY_TENANT_PREDICATE|FIELD_PROJECTION|PURPOSE_POLICY|AUDIT_DECISION,G3_BINDING_SPECIFIED_NOT_IMPLEMENTED
PEP-SYS-019,SYS,SYS-API-018,POST,/api/platform/v1/admin/hris/automations/{automationId}/runs,/api/platform/v1/admin/hris/automations/{automationId}/runs,/v1/admin/hris/automations/{automationId}/runs,dwp-platform-server,../session-evidence/sys/g2-contract-catalog.csv,DWP_AUTOMATION_EXECUTE,APP.HCM:VIEW,HRIS_INTEGRATION_EXECUTOR>HRIS_DUTY_INTEGRATION_EXECUTOR,hcm.integration.execute,ACTION,ACTION.HRIS_INTEGRATION_EXECUTE,EXECUTE,CONNECTOR_SET|LEGAL_ENTITY,INTEGRATION_METADATA|REDACTED_PAYLOAD,HRIS_SYSTEM_ADMIN,GATEWAY_APP_ENTITLEMENT|OWNER_API_OPERATION|RESOURCE_POPULATION|REPOSITORY_TENANT_PREDICATE|FIELD_PROJECTION|PURPOSE_POLICY|AUDIT_DECISION,G3_BINDING_SPECIFIED_NOT_IMPLEMENTED
PEP-SYS-020,SYS,SYS-API-019,GET,/api/platform/v1/admin/hris/automation-runs/{runId},/api/platform/v1/admin/hris/automation-runs/{runId},/v1/admin/hris/automation-runs/{runId},dwp-platform-server,../session-evidence/sys/g2-contract-catalog.csv,DWP_AUTOMATION_READ,APP.HCM:VIEW,HRIS_INTEGRATION_EXECUTOR>HRIS_DUTY_INTEGRATION_EXECUTOR,hcm.integration.execute,ACTION,ACTION.HRIS_INTEGRATION_EXECUTE,EXECUTE,CONNECTOR_SET|LEGAL_ENTITY,INTEGRATION_METADATA|REDACTED_PAYLOAD,HRIS_SYSTEM_ADMIN,GATEWAY_APP_ENTITLEMENT|OWNER_API_OPERATION|RESOURCE_POPULATION|REPOSITORY_TENANT_PREDICATE|FIELD_PROJECTION|PURPOSE_POLICY|AUDIT_DECISION,G3_BINDING_SPECIFIED_NOT_IMPLEMENTED
PEP-SYS-021,SYS,SYS-API-020,POST,/api/platform/v1/admin/hris/automation-runs/{runId}/retry,/api/platform/v1/admin/hris/automation-runs/{runId}/retry,/v1/admin/hris/automation-runs/{runId}/retry,dwp-platform-server,../session-evidence/sys/g2-contract-catalog.csv,DWP_AUTOMATION_RETRY,APP.HCM:VIEW,HRIS_INTEGRATION_EXECUTOR>HRIS_DUTY_INTEGRATION_EXECUTOR,hcm.integration.execute,ACTION,ACTION.HRIS_INTEGRATION_EXECUTE,EXECUTE,CONNECTOR_SET|LEGAL_ENTITY,INTEGRATION_METADATA|REDACTED_PAYLOAD,HRIS_SYSTEM_ADMIN,GATEWAY_APP_ENTITLEMENT|OWNER_API_OPERATION|RESOURCE_POPULATION|REPOSITORY_TENANT_PREDICATE|FIELD_PROJECTION|PURPOSE_POLICY|AUDIT_DECISION,G3_BINDING_SPECIFIED_NOT_IMPLEMENTED
PEP-SYS-022,SYS,SYS-API-021,GET,/api/platform/v1/admin/hris/connectors,/api/platform/v1/admin/hris/connectors,/v1/admin/hris/connectors,dwp-platform-server,../session-evidence/sys/g2-contract-catalog.csv,DWP_CONNECTOR_ADMIN,APP.HCM:VIEW,HRIS_INTEGRATION_AUTHOR>HRIS_DUTY_INTEGRATION_AUTHOR,hcm.integration.definition.update,CONFIG,CONFIG.HRIS_INTEGRATION,UPDATE,CONNECTOR_SET|LEGAL_ENTITY,INTEGRATION_METADATA|REDACTED_PAYLOAD,HRIS_INTEGRATION_ADMIN,GATEWAY_APP_ENTITLEMENT|OWNER_API_OPERATION|RESOURCE_POPULATION|REPOSITORY_TENANT_PREDICATE|FIELD_PROJECTION|PURPOSE_POLICY|AUDIT_DECISION,G3_BINDING_SPECIFIED_NOT_IMPLEMENTED
PEP-SYS-023,SYS,SYS-API-021,POST,/api/platform/v1/admin/hris/connectors,/api/platform/v1/admin/hris/connectors,/v1/admin/hris/connectors,dwp-platform-server,../session-evidence/sys/g2-contract-catalog.csv,DWP_CONNECTOR_ADMIN,APP.HCM:VIEW,HRIS_INTEGRATION_AUTHOR>HRIS_DUTY_INTEGRATION_AUTHOR,hcm.integration.definition.update,CONFIG,CONFIG.HRIS_INTEGRATION,UPDATE,CONNECTOR_SET|LEGAL_ENTITY,INTEGRATION_METADATA|REDACTED_PAYLOAD,HRIS_INTEGRATION_ADMIN,GATEWAY_APP_ENTITLEMENT|OWNER_API_OPERATION|RESOURCE_POPULATION|REPOSITORY_TENANT_PREDICATE|FIELD_PROJECTION|PURPOSE_POLICY|AUDIT_DECISION,G3_BINDING_SPECIFIED_NOT_IMPLEMENTED
PEP-SYS-024,SYS,SYS-API-022,POST,/api/platform/v1/admin/hris/connectors/{connectorId}/test,/api/platform/v1/admin/hris/connectors/{connectorId}/test,/v1/admin/hris/connectors/{connectorId}/test,dwp-platform-server,../session-evidence/sys/g2-contract-catalog.csv,DWP_CONNECTOR_TEST,APP.HCM:VIEW,HRIS_INTEGRATION_AUTHOR>HRIS_DUTY_INTEGRATION_AUTHOR,hcm.integration.definition.update,CONFIG,CONFIG.HRIS_INTEGRATION,UPDATE,CONNECTOR_SET|LEGAL_ENTITY,INTEGRATION_METADATA|REDACTED_PAYLOAD,HRIS_INTEGRATION_ADMIN,GATEWAY_APP_ENTITLEMENT|OWNER_API_OPERATION|RESOURCE_POPULATION|REPOSITORY_TENANT_PREDICATE|FIELD_PROJECTION|PURPOSE_POLICY|AUDIT_DECISION,G3_BINDING_SPECIFIED_NOT_IMPLEMENTED
PEP-SYS-025,SYS,SYS-API-023,POST,/api/platform/v1/admin/hris/connectors/{connectorId}/mappings/{version}/dry-runs,/api/platform/v1/admin/hris/connectors/{connectorId}/mappings/{version}/dry-runs,/v1/admin/hris/connectors/{connectorId}/mappings/{version}/dry-runs,dwp-platform-server,../session-evidence/sys/g2-contract-catalog.csv,DWP_CONNECTOR_AUTHOR,APP.HCM:VIEW,HRIS_INTEGRATION_AUTHOR>HRIS_DUTY_INTEGRATION_AUTHOR,hcm.integration.definition.update,CONFIG,CONFIG.HRIS_INTEGRATION,UPDATE,CONNECTOR_SET|LEGAL_ENTITY,INTEGRATION_METADATA|REDACTED_PAYLOAD,HRIS_INTEGRATION_ADMIN,GATEWAY_APP_ENTITLEMENT|OWNER_API_OPERATION|RESOURCE_POPULATION|REPOSITORY_TENANT_PREDICATE|FIELD_PROJECTION|PURPOSE_POLICY|AUDIT_DECISION,G3_BINDING_SPECIFIED_NOT_IMPLEMENTED
PEP-SYS-026,SYS,SYS-API-024,POST,/api/platform/v1/admin/hris/connectors/{connectorId}/executions,/api/platform/v1/admin/hris/connectors/{connectorId}/executions,/v1/admin/hris/connectors/{connectorId}/executions,dwp-platform-server,../session-evidence/sys/g2-contract-catalog.csv,DWP_CONNECTOR_EXECUTE,APP.HCM:VIEW,HRIS_INTEGRATION_EXECUTOR>HRIS_DUTY_INTEGRATION_EXECUTOR,hcm.integration.execute,ACTION,ACTION.HRIS_INTEGRATION_EXECUTE,EXECUTE,CONNECTOR_SET|LEGAL_ENTITY,INTEGRATION_METADATA|REDACTED_PAYLOAD,HRIS_INTEGRATION_ADMIN,GATEWAY_APP_ENTITLEMENT|OWNER_API_OPERATION|RESOURCE_POPULATION|REPOSITORY_TENANT_PREDICATE|FIELD_PROJECTION|PURPOSE_POLICY|AUDIT_DECISION,G3_BINDING_SPECIFIED_NOT_IMPLEMENTED
PEP-SYS-027,SYS,SYS-API-025,GET,/api/platform/v1/admin/hris/connector-executions/{executionId},/api/platform/v1/admin/hris/connector-executions/{executionId},/v1/admin/hris/connector-executions/{executionId},dwp-platform-server,../session-evidence/sys/g2-contract-catalog.csv,DWP_CONNECTOR_READ,APP.HCM:VIEW,HRIS_INTEGRATION_EXECUTOR>HRIS_DUTY_INTEGRATION_EXECUTOR,hcm.integration.execute,ACTION,ACTION.HRIS_INTEGRATION_EXECUTE,EXECUTE,CONNECTOR_SET|LEGAL_ENTITY,INTEGRATION_METADATA|REDACTED_PAYLOAD,HRIS_INTEGRATION_ADMIN,GATEWAY_APP_ENTITLEMENT|OWNER_API_OPERATION|RESOURCE_POPULATION|REPOSITORY_TENANT_PREDICATE|FIELD_PROJECTION|PURPOSE_POLICY|AUDIT_DECISION,G3_BINDING_SPECIFIED_NOT_IMPLEMENTED
PEP-SYS-028,SYS,SYS-API-026,GET,/api/platform/v1/hris/home,/api/platform/v1/hris/home,/v1/hris/home,dwp-platform-server,../session-evidence/sys/g2-contract-catalog.csv,HRIS_APP_AND_WIDGET_CAPABILITIES,APP.HCM:VIEW,HRIS_AUDITOR>HRIS_DUTY_AUDITOR|HRIS_CONFIG_AUTHOR>HRIS_DUTY_POLICY_AUTHOR|HRIS_CONFIG_PUBLISHER>HRIS_DUTY_POLICY_PUBLISHER|HRIS_EMPLOYEE>HRIS_DUTY_APP_SHELL_READER|HRIS_EMPLOYEE>HRIS_DUTY_SELF_ABSENCE_READER|HRIS_EMPLOYEE>HRIS_DUTY_SELF_PAY_STATEMENT_READER|HRIS_EMPLOYEE>HRIS_DUTY_SELF_PERFORMANCE_READER|HRIS_EMPLOYEE>HRIS_DUTY_SELF_PROFILE_READER|HRIS_EMPLOYEE>HRIS_DUTY_SELF_TIME_READER|HRIS_HR_BUSINESS_PARTNER>HRIS_DUTY_CORE_VIEWER|HRIS_HR_LIFECYCLE_APPROVER>HRIS_DUTY_CORE_VIEWER|HRIS_HR_SENSITIVE_DATA_READER>HRIS_DUTY_CORE_VIEWER|HRIS_LINE_MANAGER>HRIS_DUTY_MANAGER_ABSENCE_APPROVER|HRIS_LINE_MANAGER>HRIS_DUTY_MANAGER_PERFORMANCE_REVIEWER|HRIS_LINE_MANAGER>HRIS_DUTY_MANAGER_TEAM_READER|HRIS_LINE_MANAGER>HRIS_DUTY_MANAGER_TIME_APPROVER|HRIS_PAYROLL_SUPPORT_VIEWER>HRIS_DUTY_PAYROLL_SUPPORT_VIEWER|HRIS_PERFORMANCE_OPERATOR>HRIS_DUTY_PERFORMANCE_OPERATOR|HRIS_TIMEKEEPER>HRIS_DUTY_TIME_OPERATOR|HRIS_WORKFORCE_EXPORT_OPERATOR>HRIS_DUTY_CORE_VIEWER,hcm.app.shell.view|hcm.audit.evidence.view|hcm.configuration.policy.publish|hcm.configuration.policy.update|hcm.operations.payroll-support.view|hcm.operations.people.view|hcm.operations.performance.update|hcm.operations.time.update|hcm.personal.leave.view|hcm.personal.pay-statement.view|hcm.personal.performance.view|hcm.personal.profile.view|hcm.personal.time.view|hcm.team.leave.approve|hcm.team.members.view|hcm.team.performance.review|hcm.team.time.approve,ACTION|AUDIT|CONFIG|DATA,ACTION.HRIS_POLICY_PUBLISH|AUDIT.HRIS|CONFIG.HRIS_POLICY|DATA.HRIS_APP_SHELL|DATA.HRIS_PAYROLL_STATUS|DATA.HRIS_PERFORMANCE_REVIEW|DATA.HRIS_SELF_PROFILE|DATA.HRIS_WORKFORCE|DATA.HR_ABSENCE|DATA.HR_PAY|DATA.HR_TALENT|DATA.HR_TIME,APPROVE|PUBLISH|UPDATE|VIEW,APPROVED_DELEGATION|ASSIGNED_REVIEW_POPULATION|AUTHORIZED_PACKAGE_SCOPE|DIRECT_REPORTS|LEGAL_ENTITY|NAMED_POPULATION|ORG_TREE|ORG_UNIT|PAY_GROUP|POLICY_NODE|SELF|TIME_GROUP,ABSENCE_REASON_MINIMIZED|ABSENCE_REQUEST|AUDIT_PROJECTION|CONFIGURATION|DIRECTORY|EMPLOYMENT|IMPACT_SUMMARY|LIMITED_EMPLOYMENT|LIMITED_PROFILE|MASKED_SENSITIVE|NAVIGATION_METADATA|ORGANIZATION|PAY_RESULT_MASKED|PERFORMANCE|PERFORMANCE_ASSIGNED|SELF_LEAVE|SELF_PAY|SELF_PERFORMANCE|SELF_PROFILE|SELF_TIME|TIME_DETAIL|WIDGET_METADATA,HRIS_HOME_VIEW,GATEWAY_APP_ENTITLEMENT|OWNER_API_OPERATION|RESOURCE_POPULATION|REPOSITORY_TENANT_PREDICATE|FIELD_PROJECTION|PURPOSE_POLICY|AUDIT_DECISION,G3_BINDING_SPECIFIED_NOT_IMPLEMENTED
PEP-SYS-029,SYS,SYS-API-027,GET,/api/platform/v1/hris/explorer,/api/platform/v1/hris/explorer,/v1/hris/explorer,dwp-platform-server,../session-evidence/sys/g2-contract-catalog.csv,HRIS_APP_AND_ROUTE_CAPABILITIES,APP.HCM:VIEW,HRIS_EMPLOYEE>HRIS_DUTY_APP_SHELL_READER,hcm.app.shell.view,DATA,DATA.HRIS_APP_SHELL,VIEW,AUTHORIZED_PACKAGE_SCOPE|SELF,NAVIGATION_METADATA|WIDGET_METADATA,HRIS_APP_DISCOVERY,GATEWAY_APP_ENTITLEMENT|OWNER_API_OPERATION|RESOURCE_POPULATION|REPOSITORY_TENANT_PREDICATE|FIELD_PROJECTION|PURPOSE_POLICY|AUDIT_DECISION,G3_BINDING_SPECIFIED_NOT_IMPLEMENTED
PEP-SYS-030,SYS,SYS-API-028,GET,/api/platform/v1/admin/hris/extension-packs,/api/platform/v1/admin/hris/extension-packs,/v1/admin/hris/extension-packs,dwp-platform-server,../session-evidence/sys/g2-contract-catalog.csv,DWP_EXTENSION_READ,APP.HCM:VIEW,HRIS_CONFIG_AUTHOR>HRIS_DUTY_POLICY_AUTHOR|HRIS_CONFIG_PUBLISHER>HRIS_DUTY_POLICY_PUBLISHER,hcm.configuration.policy.publish|hcm.configuration.policy.update,ACTION|CONFIG,ACTION.HRIS_POLICY_PUBLISH|CONFIG.HRIS_POLICY,PUBLISH|UPDATE,LEGAL_ENTITY|POLICY_NODE,CONFIGURATION|IMPACT_SUMMARY,HRIS_INTEGRATION_ADMIN,GATEWAY_APP_ENTITLEMENT|OWNER_API_OPERATION|RESOURCE_POPULATION|REPOSITORY_TENANT_PREDICATE|FIELD_PROJECTION|PURPOSE_POLICY|AUDIT_DECISION,G3_BINDING_SPECIFIED_NOT_IMPLEMENTED
PEP-SYS-031,SYS,SYS-API-029,POST,/api/platform/v1/admin/hris/tenants/{tenantId}/extension-installations,/api/platform/v1/admin/hris/tenants/{tenantId}/extension-installations,/v1/admin/hris/tenants/{tenantId}/extension-installations,dwp-platform-server,../session-evidence/sys/g2-contract-catalog.csv,DWP_EXTENSION_INSTALL_REQUEST,APP.HCM:VIEW,HRIS_CONFIG_PUBLISHER>HRIS_DUTY_POLICY_PUBLISHER,hcm.configuration.policy.publish,ACTION,ACTION.HRIS_POLICY_PUBLISH,PUBLISH,LEGAL_ENTITY|POLICY_NODE,CONFIGURATION|IMPACT_SUMMARY,HRIS_INTEGRATION_ADMIN,GATEWAY_APP_ENTITLEMENT|OWNER_API_OPERATION|RESOURCE_POPULATION|REPOSITORY_TENANT_PREDICATE|FIELD_PROJECTION|PURPOSE_POLICY|AUDIT_DECISION,G3_BINDING_SPECIFIED_NOT_IMPLEMENTED
PEP-SYS-032,SYS,SYS-API-030,POST,/api/platform/v1/admin/hris/tenants/{tenantId}/extension-installations/{installationId}/enable,/api/platform/v1/admin/hris/tenants/{tenantId}/extension-installations/{installationId}/enable,/v1/admin/hris/tenants/{tenantId}/extension-installations/{installationId}/enable,dwp-platform-server,../session-evidence/sys/g2-contract-catalog.csv,DWP_EXTENSION_ENABLE,APP.HCM:VIEW,HRIS_CONFIG_PUBLISHER>HRIS_DUTY_POLICY_PUBLISHER,hcm.configuration.policy.publish,ACTION,ACTION.HRIS_POLICY_PUBLISH,PUBLISH,LEGAL_ENTITY|POLICY_NODE,CONFIGURATION|IMPACT_SUMMARY,HRIS_SYSTEM_ADMIN,GATEWAY_APP_ENTITLEMENT|OWNER_API_OPERATION|RESOURCE_POPULATION|REPOSITORY_TENANT_PREDICATE|FIELD_PROJECTION|PURPOSE_POLICY|AUDIT_DECISION,G3_BINDING_SPECIFIED_NOT_IMPLEMENTED
PEP-SYS-033,SYS,SYS-API-031,GET,/api/platform/v1/home-preferences/surfaces/{surfaceKey},/api/platform/v1/home-preferences/surfaces/{surfaceKey},/v1/home-preferences/surfaces/{surfaceKey},dwp-platform-server,../session-evidence/sys/g2-contract-catalog.csv,route.hcm.personal.home-preference.data,APP.HCM:VIEW,HRIS_EMPLOYEE>HRIS_DUTY_APP_SHELL_READER,hcm.app.shell.view,DATA,DATA.HRIS_APP_SHELL,VIEW,AUTHORIZED_PACKAGE_SCOPE|SELF,NAVIGATION_METADATA|WIDGET_METADATA,HRIS_APP_DISCOVERY,GATEWAY_APP_ENTITLEMENT|OWNER_API_OPERATION|RESOURCE_POPULATION|REPOSITORY_TENANT_PREDICATE|FIELD_PROJECTION|PURPOSE_POLICY|AUDIT_DECISION,G3_BINDING_SPECIFIED_NOT_IMPLEMENTED
PEP-SYS-034,SYS,SYS-API-032,PUT,/api/platform/v1/home-preferences/surfaces/{surfaceKey},/api/platform/v1/home-preferences/surfaces/{surfaceKey},/v1/home-preferences/surfaces/{surfaceKey},dwp-platform-server,../session-evidence/sys/g2-contract-catalog.csv,route.hcm.personal.home-preference-update.action,APP.HCM:VIEW,HRIS_EMPLOYEE>HRIS_DUTY_APP_SHELL_READER,hcm.app.shell.view,DATA,DATA.HRIS_APP_SHELL,VIEW,AUTHORIZED_PACKAGE_SCOPE|SELF,NAVIGATION_METADATA|WIDGET_METADATA,HRIS_APP_DISCOVERY,GATEWAY_APP_ENTITLEMENT|OWNER_API_OPERATION|RESOURCE_POPULATION|REPOSITORY_TENANT_PREDICATE|FIELD_PROJECTION|PURPOSE_POLICY|AUDIT_DECISION,G3_BINDING_SPECIFIED_NOT_IMPLEMENTED
PEP-SYS-035,SYS,SYS-API-033,GET,/api/platform/v1/admin/hris/file-transfers,/api/platform/v1/admin/hris/file-transfers,/v1/admin/hris/file-transfers,dwp-platform-server,../session-evidence/sys/g2-contract-catalog.csv,DWP_CONTROLLED_TRANSFER_READ,APP.HCM:VIEW,HRIS_INTEGRATION_AUTHOR>HRIS_DUTY_CONTROLLED_TRANSFER_READER|HRIS_INTEGRATION_EXECUTOR>HRIS_DUTY_CONTROLLED_TRANSFER_READER,hcm.integration.transfer.view,DATA,DATA.HRIS_CONTROLLED_TRANSFER,VIEW,CONNECTOR_SET|LEGAL_ENTITY,TRANSFER_METADATA|REDACTED_PAYLOAD|COMMAND_RECEIPT,HRIS_INTEGRATION_ADMIN,GATEWAY_APP_ENTITLEMENT|OWNER_API_OPERATION|RESOURCE_POPULATION|REPOSITORY_TENANT_PREDICATE|FIELD_PROJECTION|PURPOSE_POLICY|AUDIT_DECISION,G3_BINDING_SPECIFIED_NOT_IMPLEMENTED
PEP-SYS-036,SYS,SYS-API-034,POST,/api/platform/v1/admin/hris/file-transfers,/api/platform/v1/admin/hris/file-transfers,/v1/admin/hris/file-transfers,dwp-platform-server,../session-evidence/sys/g2-contract-catalog.csv,DWP_CONTROLLED_TRANSFER_CREATE,APP.HCM:VIEW,HRIS_INTEGRATION_EXECUTOR>HRIS_DUTY_CONTROLLED_TRANSFER_CREATOR,hcm.integration.transfer.create,ACTION,ACTION.HRIS_CONTROLLED_TRANSFER,CREATE,CONNECTOR_SET|LEGAL_ENTITY,TRANSFER_REQUEST|OBJECT_REFERENCE|MALWARE_SCAN_RECEIPT|COMMAND_RECEIPT,HRIS_INTEGRATION_ADMIN,GATEWAY_APP_ENTITLEMENT|OWNER_API_OPERATION|RESOURCE_POPULATION|REPOSITORY_TENANT_PREDICATE|FIELD_PROJECTION|PURPOSE_POLICY|AUDIT_DECISION,G3_BINDING_SPECIFIED_NOT_IMPLEMENTED
PEP-SYS-037,SYS,SYS-API-035,GET,/api/platform/v1/admin/hris/operations/exceptions,/api/platform/v1/admin/hris/operations/exceptions,/v1/admin/hris/operations/exceptions,dwp-platform-server,../session-evidence/sys/g2-contract-catalog.csv,DWP_HRIS_OPERATIONS_EXCEPTION_READ,APP.HCM:VIEW,HRIS_HR_BUSINESS_PARTNER>HRIS_DUTY_OPERATION_EXCEPTION_READER|HRIS_TIMEKEEPER>HRIS_DUTY_OPERATION_EXCEPTION_READER|HRIS_TIME_CONTROLLER>HRIS_DUTY_OPERATION_EXCEPTION_READER|HRIS_LEAVE_ADMINISTRATOR>HRIS_DUTY_OPERATION_EXCEPTION_READER|HRIS_PAYROLL_RUN_OPERATOR>HRIS_DUTY_OPERATION_EXCEPTION_READER|HRIS_PAYROLL_CONTROLLER>HRIS_DUTY_OPERATION_EXCEPTION_READER|HRIS_PERFORMANCE_OPERATOR>HRIS_DUTY_OPERATION_EXCEPTION_READER|HRIS_INTEGRATION_EXECUTOR>HRIS_DUTY_OPERATION_EXCEPTION_READER|HRIS_AUDITOR>HRIS_DUTY_OPERATION_EXCEPTION_READER,hcm.operations.exception.view,DATA,DATA.HRIS_OPERATION_EXCEPTION,VIEW,AUTHORIZED_PACKAGE_SCOPE,OPERATION_EXCEPTION|OWNER_DEEP_LINK|RECOVERY_METADATA|REDACTED_PAYLOAD,HRIS_OPERATIONS,GATEWAY_APP_ENTITLEMENT|OWNER_API_OPERATION|RESOURCE_POPULATION|REPOSITORY_TENANT_PREDICATE|FIELD_PROJECTION|PURPOSE_POLICY|AUDIT_DECISION,G3_BINDING_SPECIFIED_NOT_IMPLEMENTED
PEP-SYS-038,SYS,SYS-API-036,GET,/api/platform/v1/admin/hris/operations/exceptions/{exceptionId},/api/platform/v1/admin/hris/operations/exceptions/{exceptionId},/v1/admin/hris/operations/exceptions/{exceptionId},dwp-platform-server,../session-evidence/sys/g2-contract-catalog.csv,DWP_HRIS_OPERATIONS_EXCEPTION_READ,APP.HCM:VIEW,HRIS_HR_BUSINESS_PARTNER>HRIS_DUTY_OPERATION_EXCEPTION_READER|HRIS_TIMEKEEPER>HRIS_DUTY_OPERATION_EXCEPTION_READER|HRIS_TIME_CONTROLLER>HRIS_DUTY_OPERATION_EXCEPTION_READER|HRIS_LEAVE_ADMINISTRATOR>HRIS_DUTY_OPERATION_EXCEPTION_READER|HRIS_PAYROLL_RUN_OPERATOR>HRIS_DUTY_OPERATION_EXCEPTION_READER|HRIS_PAYROLL_CONTROLLER>HRIS_DUTY_OPERATION_EXCEPTION_READER|HRIS_PERFORMANCE_OPERATOR>HRIS_DUTY_OPERATION_EXCEPTION_READER|HRIS_INTEGRATION_EXECUTOR>HRIS_DUTY_OPERATION_EXCEPTION_READER|HRIS_AUDITOR>HRIS_DUTY_OPERATION_EXCEPTION_READER,hcm.operations.exception.view,DATA,DATA.HRIS_OPERATION_EXCEPTION,VIEW,AUTHORIZED_PACKAGE_SCOPE,OPERATION_EXCEPTION|OWNER_DEEP_LINK|RECOVERY_METADATA|REDACTED_PAYLOAD,HRIS_OPERATIONS,GATEWAY_APP_ENTITLEMENT|OWNER_API_OPERATION|RESOURCE_POPULATION|REPOSITORY_TENANT_PREDICATE|FIELD_PROJECTION|PURPOSE_POLICY|AUDIT_DECISION,G3_BINDING_SPECIFIED_NOT_IMPLEMENTED
PEP-SYS-039,SYS,SYS-API-037,GET,/api/auth/v1/admin/hris/command-receipts/{receiptId},/api/auth/v1/admin/hris/command-receipts/{receiptId},/v1/admin/hris/command-receipts/{receiptId},dwp-auth-server,../session-evidence/sys/g2-contract-catalog.csv,HRIS_ACCESS_RECEIPT_READ,APP.HCM:VIEW,HRIS_CONFIG_AUTHOR>HRIS_DUTY_COMMAND_RECEIPT_READER|HRIS_CONFIG_PUBLISHER>HRIS_DUTY_COMMAND_RECEIPT_READER,hcm.command-receipt.view,DATA,DATA.HRIS_COMMAND_RECEIPT,VIEW,ORIGINATING_COMMAND_SCOPE,COMMAND_RECEIPT,COMMAND_STATUS,GATEWAY_APP_ENTITLEMENT|OWNER_API_OPERATION|RESOURCE_POPULATION|REPOSITORY_TENANT_PREDICATE|FIELD_PROJECTION|PURPOSE_POLICY|AUDIT_DECISION,G3_BINDING_SPECIFIED_NOT_IMPLEMENTED
PEP-SYS-040,SYS,SYS-API-038,GET,/api/platform/v1/admin/hris/command-receipts/{receiptId},/api/platform/v1/admin/hris/command-receipts/{receiptId},/v1/admin/hris/command-receipts/{receiptId},dwp-platform-server,../session-evidence/sys/g2-contract-catalog.csv,DWP_HRIS_COMMAND_RECEIPT_READ,APP.HCM:VIEW,HRIS_CONFIG_AUTHOR>HRIS_DUTY_COMMAND_RECEIPT_READER|HRIS_CONFIG_PUBLISHER>HRIS_DUTY_COMMAND_RECEIPT_READER|HRIS_INTEGRATION_AUTHOR>HRIS_DUTY_COMMAND_RECEIPT_READER|HRIS_INTEGRATION_EXECUTOR>HRIS_DUTY_COMMAND_RECEIPT_READER,hcm.command-receipt.view,DATA,DATA.HRIS_COMMAND_RECEIPT,VIEW,ORIGINATING_COMMAND_SCOPE,COMMAND_RECEIPT,COMMAND_STATUS,GATEWAY_APP_ENTITLEMENT|OWNER_API_OPERATION|RESOURCE_POPULATION|REPOSITORY_TENANT_PREDICATE|FIELD_PROJECTION|PURPOSE_POLICY|AUDIT_DECISION,G3_BINDING_SPECIFIED_NOT_IMPLEMENTED
PEP-SYS-041,SYS,SYS-API-039,PUT,/api/platform/v1/hris/explorer/preferences,/api/platform/v1/hris/explorer/preferences,/v1/hris/explorer/preferences,dwp-platform-server,../session-evidence/sys/g2-contract-catalog.csv,HRIS_APP_AND_ROUTE_CAPABILITIES,APP.HCM:VIEW,HRIS_EMPLOYEE>HRIS_DUTY_APP_SHELL_READER,hcm.app.shell.view,DATA,DATA.HRIS_APP_SHELL,VIEW,AUTHORIZED_PACKAGE_SCOPE|SELF,NAVIGATION_METADATA|WIDGET_METADATA,HRIS_APP_DISCOVERY,GATEWAY_APP_ENTITLEMENT|OWNER_API_OPERATION|RESOURCE_POPULATION|REPOSITORY_TENANT_PREDICATE|FIELD_PROJECTION|PURPOSE_POLICY|AUDIT_DECISION,G3_BINDING_SPECIFIED_NOT_IMPLEMENTED
PEP-SYS-042,SYS,SYS-API-040,POST,/api/platform/v1/hris/explorer/recents,/api/platform/v1/hris/explorer/recents,/v1/hris/explorer/recents,dwp-platform-server,../session-evidence/sys/g2-contract-catalog.csv,HRIS_APP_AND_ROUTE_CAPABILITIES,APP.HCM:VIEW,HRIS_EMPLOYEE>HRIS_DUTY_APP_SHELL_READER,hcm.app.shell.view,DATA,DATA.HRIS_APP_SHELL,VIEW,AUTHORIZED_PACKAGE_SCOPE|SELF,NAVIGATION_METADATA|WIDGET_METADATA,HRIS_APP_DISCOVERY,GATEWAY_APP_ENTITLEMENT|OWNER_API_OPERATION|RESOURCE_POPULATION|REPOSITORY_TENANT_PREDICATE|FIELD_PROJECTION|PURPOSE_POLICY|AUDIT_DECISION,G3_BINDING_SPECIFIED_NOT_IMPLEMENTED
PEP-SYS-043,SYS,SYS-API-041,GET,/api/platform/v1/admin/hris/configurations/{configId}/versions/{version},/api/platform/v1/admin/hris/configurations/{configId}/versions/{version},/v1/admin/hris/configurations/{configId}/versions/{version},dwp-platform-server,../session-evidence/sys/g2-contract-catalog.csv,HRIS_CONFIG_READ,APP.HCM:VIEW,HRIS_CONFIG_AUTHOR>HRIS_DUTY_POLICY_AUTHOR|HRIS_CONFIG_PUBLISHER>HRIS_DUTY_POLICY_PUBLISHER,hcm.configuration.policy.publish|hcm.configuration.policy.update,ACTION|CONFIG,ACTION.HRIS_POLICY_PUBLISH|CONFIG.HRIS_POLICY,PUBLISH|UPDATE,LEGAL_ENTITY|POLICY_NODE,CONFIGURATION|IMPACT_SUMMARY,HRIS_SYSTEM_ADMIN,GATEWAY_APP_ENTITLEMENT|OWNER_API_OPERATION|RESOURCE_POPULATION|REPOSITORY_TENANT_PREDICATE|FIELD_PROJECTION|PURPOSE_POLICY|AUDIT_DECISION,G3_BINDING_SPECIFIED_NOT_IMPLEMENTED
PEP-SYS-044,SYS,SYS-API-042,POST,/api/platform/v1/admin/hris/configurations/{configId}/versions/{version}/submit,/api/platform/v1/admin/hris/configurations/{configId}/versions/{version}/submit,/v1/admin/hris/configurations/{configId}/versions/{version}/submit,dwp-platform-server,../session-evidence/sys/g2-contract-catalog.csv,HRIS_CONFIG_AUTHOR,APP.HCM:VIEW,HRIS_CONFIG_AUTHOR>HRIS_DUTY_POLICY_AUTHOR,hcm.configuration.policy.update,CONFIG,CONFIG.HRIS_POLICY,UPDATE,LEGAL_ENTITY|POLICY_NODE,CONFIGURATION,HRIS_SYSTEM_ADMIN,GATEWAY_APP_ENTITLEMENT|OWNER_API_OPERATION|RESOURCE_POPULATION|REPOSITORY_TENANT_PREDICATE|FIELD_PROJECTION|PURPOSE_POLICY|AUDIT_DECISION,G3_BINDING_SPECIFIED_NOT_IMPLEMENTED
PEP-SYS-045,SYS,SYS-API-043,POST,/api/platform/v1/admin/hris/configurations/{configId}/versions/{version}/schedule,/api/platform/v1/admin/hris/configurations/{configId}/versions/{version}/schedule,/v1/admin/hris/configurations/{configId}/versions/{version}/schedule,dwp-platform-server,../session-evidence/sys/g2-contract-catalog.csv,HRIS_CONFIG_PUBLISHER,APP.HCM:VIEW,HRIS_CONFIG_PUBLISHER>HRIS_DUTY_POLICY_PUBLISHER,hcm.configuration.policy.publish,ACTION,ACTION.HRIS_POLICY_PUBLISH,PUBLISH,LEGAL_ENTITY|POLICY_NODE,CONFIGURATION|IMPACT_SUMMARY,HRIS_SYSTEM_ADMIN,GATEWAY_APP_ENTITLEMENT|OWNER_API_OPERATION|RESOURCE_POPULATION|REPOSITORY_TENANT_PREDICATE|FIELD_PROJECTION|PURPOSE_POLICY|AUDIT_DECISION,G3_BINDING_SPECIFIED_NOT_IMPLEMENTED
PEP-SYS-046,SYS,SYS-API-044,POST,/api/platform/v1/admin/hris/configurations/{configId}/versions/{version}/rollback,/api/platform/v1/admin/hris/configurations/{configId}/versions/{version}/rollback,/v1/admin/hris/configurations/{configId}/versions/{version}/rollback,dwp-platform-server,../session-evidence/sys/g2-contract-catalog.csv,HRIS_CONFIG_PUBLISHER,APP.HCM:VIEW,HRIS_CONFIG_PUBLISHER>HRIS_DUTY_POLICY_PUBLISHER,hcm.configuration.policy.publish,ACTION,ACTION.HRIS_POLICY_PUBLISH,PUBLISH,LEGAL_ENTITY|POLICY_NODE,CONFIGURATION|IMPACT_SUMMARY,HRIS_SYSTEM_ADMIN,GATEWAY_APP_ENTITLEMENT|OWNER_API_OPERATION|RESOURCE_POPULATION|REPOSITORY_TENANT_PREDICATE|FIELD_PROJECTION|PURPOSE_POLICY|AUDIT_DECISION,G3_BINDING_SPECIFIED_NOT_IMPLEMENTED
PEP-SYS-047,SYS,SYS-API-045,POST,/api/platform/v1/admin/hris/configurations/{configId}/versions/{version}/retire,/api/platform/v1/admin/hris/configurations/{configId}/versions/{version}/retire,/v1/admin/hris/configurations/{configId}/versions/{version}/retire,dwp-platform-server,../session-evidence/sys/g2-contract-catalog.csv,HRIS_CONFIG_PUBLISHER,APP.HCM:VIEW,HRIS_CONFIG_PUBLISHER>HRIS_DUTY_POLICY_PUBLISHER,hcm.configuration.policy.publish,ACTION,ACTION.HRIS_POLICY_PUBLISH,PUBLISH,LEGAL_ENTITY|POLICY_NODE,CONFIGURATION|IMPACT_SUMMARY,HRIS_SYSTEM_ADMIN,GATEWAY_APP_ENTITLEMENT|OWNER_API_OPERATION|RESOURCE_POPULATION|REPOSITORY_TENANT_PREDICATE|FIELD_PROJECTION|PURPOSE_POLICY|AUDIT_DECISION,G3_BINDING_SPECIFIED_NOT_IMPLEMENTED
PEP-SYS-048,SYS,SYS-API-046,POST,/api/platform/v1/admin/hris/automations/{automationId}/versions,/api/platform/v1/admin/hris/automations/{automationId}/versions,/v1/admin/hris/automations/{automationId}/versions,dwp-platform-server,../session-evidence/sys/g2-contract-catalog.csv,DWP_AUTOMATION_ADMIN,APP.HCM:VIEW,HRIS_CONFIG_AUTHOR>HRIS_DUTY_POLICY_AUTHOR,hcm.configuration.policy.update,CONFIG,CONFIG.HRIS_POLICY,UPDATE,LEGAL_ENTITY|POLICY_NODE,CONFIGURATION,HRIS_SYSTEM_ADMIN,GATEWAY_APP_ENTITLEMENT|OWNER_API_OPERATION|RESOURCE_POPULATION|REPOSITORY_TENANT_PREDICATE|FIELD_PROJECTION|PURPOSE_POLICY|AUDIT_DECISION,G3_BINDING_SPECIFIED_NOT_IMPLEMENTED
PEP-SYS-049,SYS,SYS-API-047,POST,/api/platform/v1/admin/hris/automations/{automationId}/versions/{version}/validate,/api/platform/v1/admin/hris/automations/{automationId}/versions/{version}/validate,/v1/admin/hris/automations/{automationId}/versions/{version}/validate,dwp-platform-server,../session-evidence/sys/g2-contract-catalog.csv,DWP_AUTOMATION_ADMIN,APP.HCM:VIEW,HRIS_CONFIG_AUTHOR>HRIS_DUTY_POLICY_AUTHOR,hcm.configuration.policy.update,CONFIG,CONFIG.HRIS_POLICY,UPDATE,LEGAL_ENTITY|POLICY_NODE,CONFIGURATION,HRIS_SYSTEM_ADMIN,GATEWAY_APP_ENTITLEMENT|OWNER_API_OPERATION|RESOURCE_POPULATION|REPOSITORY_TENANT_PREDICATE|FIELD_PROJECTION|PURPOSE_POLICY|AUDIT_DECISION,G3_BINDING_SPECIFIED_NOT_IMPLEMENTED
PEP-SYS-050,SYS,SYS-API-048,POST,/api/platform/v1/admin/hris/automations/{automationId}/versions/{version}/submit,/api/platform/v1/admin/hris/automations/{automationId}/versions/{version}/submit,/v1/admin/hris/automations/{automationId}/versions/{version}/submit,dwp-platform-server,../session-evidence/sys/g2-contract-catalog.csv,DWP_AUTOMATION_ADMIN,APP.HCM:VIEW,HRIS_CONFIG_AUTHOR>HRIS_DUTY_POLICY_AUTHOR,hcm.configuration.policy.update,CONFIG,CONFIG.HRIS_POLICY,UPDATE,LEGAL_ENTITY|POLICY_NODE,CONFIGURATION,HRIS_SYSTEM_ADMIN,GATEWAY_APP_ENTITLEMENT|OWNER_API_OPERATION|RESOURCE_POPULATION|REPOSITORY_TENANT_PREDICATE|FIELD_PROJECTION|PURPOSE_POLICY|AUDIT_DECISION,G3_BINDING_SPECIFIED_NOT_IMPLEMENTED
PEP-SYS-051,SYS,SYS-API-049,POST,/api/platform/v1/admin/hris/automations/{automationId}/versions/{version}/approve,/api/platform/v1/admin/hris/automations/{automationId}/versions/{version}/approve,/v1/admin/hris/automations/{automationId}/versions/{version}/approve,dwp-platform-server,../session-evidence/sys/g2-contract-catalog.csv,DWP_AUTOMATION_APPROVE,APP.HCM:VIEW,HRIS_CONFIG_PUBLISHER>HRIS_DUTY_POLICY_PUBLISHER,hcm.configuration.policy.publish,ACTION,ACTION.HRIS_POLICY_PUBLISH,PUBLISH,LEGAL_ENTITY|POLICY_NODE,CONFIGURATION|IMPACT_SUMMARY,HRIS_SYSTEM_ADMIN,GATEWAY_APP_ENTITLEMENT|OWNER_API_OPERATION|RESOURCE_POPULATION|REPOSITORY_TENANT_PREDICATE|FIELD_PROJECTION|PURPOSE_POLICY|AUDIT_DECISION,G3_BINDING_SPECIFIED_NOT_IMPLEMENTED
PEP-SYS-052,SYS,SYS-API-050,POST,/api/platform/v1/admin/hris/automations/{automationId}/versions/{version}/activate,/api/platform/v1/admin/hris/automations/{automationId}/versions/{version}/activate,/v1/admin/hris/automations/{automationId}/versions/{version}/activate,dwp-platform-server,../session-evidence/sys/g2-contract-catalog.csv,DWP_AUTOMATION_EXECUTE,APP.HCM:VIEW,HRIS_INTEGRATION_EXECUTOR>HRIS_DUTY_INTEGRATION_EXECUTOR,hcm.integration.execute,ACTION,ACTION.HRIS_INTEGRATION_EXECUTE,EXECUTE,CONNECTOR_SET|LEGAL_ENTITY,INTEGRATION_METADATA|REDACTED_PAYLOAD,HRIS_SYSTEM_ADMIN,GATEWAY_APP_ENTITLEMENT|OWNER_API_OPERATION|RESOURCE_POPULATION|REPOSITORY_TENANT_PREDICATE|FIELD_PROJECTION|PURPOSE_POLICY|AUDIT_DECISION,G3_BINDING_SPECIFIED_NOT_IMPLEMENTED
PEP-SYS-053,SYS,SYS-API-051,POST,/api/platform/v1/admin/hris/automations/{automationId}/schedules,/api/platform/v1/admin/hris/automations/{automationId}/schedules,/v1/admin/hris/automations/{automationId}/schedules,dwp-platform-server,../session-evidence/sys/g2-contract-catalog.csv,DWP_AUTOMATION_ADMIN,APP.HCM:VIEW,HRIS_CONFIG_AUTHOR>HRIS_DUTY_POLICY_AUTHOR,hcm.configuration.policy.update,CONFIG,CONFIG.HRIS_POLICY,UPDATE,LEGAL_ENTITY|POLICY_NODE,CONFIGURATION,HRIS_SYSTEM_ADMIN,GATEWAY_APP_ENTITLEMENT|OWNER_API_OPERATION|RESOURCE_POPULATION|REPOSITORY_TENANT_PREDICATE|FIELD_PROJECTION|PURPOSE_POLICY|AUDIT_DECISION,G3_BINDING_SPECIFIED_NOT_IMPLEMENTED
PEP-SYS-054,SYS,SYS-API-052,POST,/api/platform/v1/admin/hris/automation-schedules/{scheduleId}/submit,/api/platform/v1/admin/hris/automation-schedules/{scheduleId}/submit,/v1/admin/hris/automation-schedules/{scheduleId}/submit,dwp-platform-server,../session-evidence/sys/g2-contract-catalog.csv,DWP_AUTOMATION_ADMIN,APP.HCM:VIEW,HRIS_CONFIG_AUTHOR>HRIS_DUTY_POLICY_AUTHOR,hcm.configuration.policy.update,CONFIG,CONFIG.HRIS_POLICY,UPDATE,LEGAL_ENTITY|POLICY_NODE,CONFIGURATION,HRIS_SYSTEM_ADMIN,GATEWAY_APP_ENTITLEMENT|OWNER_API_OPERATION|RESOURCE_POPULATION|REPOSITORY_TENANT_PREDICATE|FIELD_PROJECTION|PURPOSE_POLICY|AUDIT_DECISION,G3_BINDING_SPECIFIED_NOT_IMPLEMENTED
PEP-SYS-055,SYS,SYS-API-053,POST,/api/platform/v1/admin/hris/automation-schedules/{scheduleId}/approve,/api/platform/v1/admin/hris/automation-schedules/{scheduleId}/approve,/v1/admin/hris/automation-schedules/{scheduleId}/approve,dwp-platform-server,../session-evidence/sys/g2-contract-catalog.csv,DWP_AUTOMATION_APPROVE,APP.HCM:VIEW,HRIS_CONFIG_PUBLISHER>HRIS_DUTY_POLICY_PUBLISHER,hcm.configuration.policy.publish,ACTION,ACTION.HRIS_POLICY_PUBLISH,PUBLISH,LEGAL_ENTITY|POLICY_NODE,CONFIGURATION|IMPACT_SUMMARY,HRIS_SYSTEM_ADMIN,GATEWAY_APP_ENTITLEMENT|OWNER_API_OPERATION|RESOURCE_POPULATION|REPOSITORY_TENANT_PREDICATE|FIELD_PROJECTION|PURPOSE_POLICY|AUDIT_DECISION,G3_BINDING_SPECIFIED_NOT_IMPLEMENTED
PEP-SYS-056,SYS,SYS-API-054,POST,/api/platform/v1/admin/hris/automation-schedules/{scheduleId}/activate,/api/platform/v1/admin/hris/automation-schedules/{scheduleId}/activate,/v1/admin/hris/automation-schedules/{scheduleId}/activate,dwp-platform-server,../session-evidence/sys/g2-contract-catalog.csv,DWP_AUTOMATION_EXECUTE,APP.HCM:VIEW,HRIS_INTEGRATION_EXECUTOR>HRIS_DUTY_INTEGRATION_EXECUTOR,hcm.integration.execute,ACTION,ACTION.HRIS_INTEGRATION_EXECUTE,EXECUTE,CONNECTOR_SET|LEGAL_ENTITY,INTEGRATION_METADATA|REDACTED_PAYLOAD,HRIS_SYSTEM_ADMIN,GATEWAY_APP_ENTITLEMENT|OWNER_API_OPERATION|RESOURCE_POPULATION|REPOSITORY_TENANT_PREDICATE|FIELD_PROJECTION|PURPOSE_POLICY|AUDIT_DECISION,G3_BINDING_SPECIFIED_NOT_IMPLEMENTED
PEP-SYS-057,SYS,SYS-API-055,POST,/api/platform/v1/admin/hris/automation-schedules/{scheduleId}/suspend,/api/platform/v1/admin/hris/automation-schedules/{scheduleId}/suspend,/v1/admin/hris/automation-schedules/{scheduleId}/suspend,dwp-platform-server,../session-evidence/sys/g2-contract-catalog.csv,DWP_AUTOMATION_EXECUTE,APP.HCM:VIEW,HRIS_INTEGRATION_EXECUTOR>HRIS_DUTY_INTEGRATION_EXECUTOR,hcm.integration.execute,ACTION,ACTION.HRIS_INTEGRATION_EXECUTE,EXECUTE,CONNECTOR_SET|LEGAL_ENTITY,INTEGRATION_METADATA|REDACTED_PAYLOAD,HRIS_SYSTEM_ADMIN,GATEWAY_APP_ENTITLEMENT|OWNER_API_OPERATION|RESOURCE_POPULATION|REPOSITORY_TENANT_PREDICATE|FIELD_PROJECTION|PURPOSE_POLICY|AUDIT_DECISION,G3_BINDING_SPECIFIED_NOT_IMPLEMENTED
PEP-SYS-058,SYS,SYS-API-056,POST,/api/platform/v1/admin/hris/automation-runs/{runId}/cancel,/api/platform/v1/admin/hris/automation-runs/{runId}/cancel,/v1/admin/hris/automation-runs/{runId}/cancel,dwp-platform-server,../session-evidence/sys/g2-contract-catalog.csv,DWP_AUTOMATION_EXECUTE,APP.HCM:VIEW,HRIS_INTEGRATION_EXECUTOR>HRIS_DUTY_INTEGRATION_EXECUTOR,hcm.integration.execute,ACTION,ACTION.HRIS_INTEGRATION_EXECUTE,EXECUTE,CONNECTOR_SET|LEGAL_ENTITY,INTEGRATION_METADATA|REDACTED_PAYLOAD,HRIS_SYSTEM_ADMIN,GATEWAY_APP_ENTITLEMENT|OWNER_API_OPERATION|RESOURCE_POPULATION|REPOSITORY_TENANT_PREDICATE|FIELD_PROJECTION|PURPOSE_POLICY|AUDIT_DECISION,G3_BINDING_SPECIFIED_NOT_IMPLEMENTED
PEP-SYS-059,SYS,SYS-API-057,POST,/api/platform/v1/admin/hris/connectors/{connectorId}/validate,/api/platform/v1/admin/hris/connectors/{connectorId}/validate,/v1/admin/hris/connectors/{connectorId}/validate,dwp-platform-server,../session-evidence/sys/g2-contract-catalog.csv,DWP_CONNECTOR_AUTHOR,APP.HCM:VIEW,HRIS_INTEGRATION_AUTHOR>HRIS_DUTY_INTEGRATION_AUTHOR,hcm.integration.definition.update,CONFIG,CONFIG.HRIS_INTEGRATION,UPDATE,CONNECTOR_SET|LEGAL_ENTITY,INTEGRATION_METADATA|REDACTED_PAYLOAD,HRIS_INTEGRATION_ADMIN,GATEWAY_APP_ENTITLEMENT|OWNER_API_OPERATION|RESOURCE_POPULATION|REPOSITORY_TENANT_PREDICATE|FIELD_PROJECTION|PURPOSE_POLICY|AUDIT_DECISION,G3_BINDING_SPECIFIED_NOT_IMPLEMENTED
PEP-SYS-060,SYS,SYS-API-058,POST,/api/platform/v1/admin/hris/connectors/{connectorId}/submit,/api/platform/v1/admin/hris/connectors/{connectorId}/submit,/v1/admin/hris/connectors/{connectorId}/submit,dwp-platform-server,../session-evidence/sys/g2-contract-catalog.csv,DWP_CONNECTOR_AUTHOR,APP.HCM:VIEW,HRIS_INTEGRATION_AUTHOR>HRIS_DUTY_INTEGRATION_AUTHOR,hcm.integration.definition.update,CONFIG,CONFIG.HRIS_INTEGRATION,UPDATE,CONNECTOR_SET|LEGAL_ENTITY,INTEGRATION_METADATA|REDACTED_PAYLOAD,HRIS_INTEGRATION_ADMIN,GATEWAY_APP_ENTITLEMENT|OWNER_API_OPERATION|RESOURCE_POPULATION|REPOSITORY_TENANT_PREDICATE|FIELD_PROJECTION|PURPOSE_POLICY|AUDIT_DECISION,G3_BINDING_SPECIFIED_NOT_IMPLEMENTED
PEP-SYS-061,SYS,SYS-API-059,POST,/api/platform/v1/admin/hris/connectors/{connectorId}/approve,/api/platform/v1/admin/hris/connectors/{connectorId}/approve,/v1/admin/hris/connectors/{connectorId}/approve,dwp-platform-server,../session-evidence/sys/g2-contract-catalog.csv,DWP_CONNECTOR_APPROVE,APP.HCM:VIEW,HRIS_INTEGRATION_EXECUTOR>HRIS_DUTY_INTEGRATION_EXECUTOR,hcm.integration.execute,ACTION,ACTION.HRIS_INTEGRATION_EXECUTE,EXECUTE,CONNECTOR_SET|LEGAL_ENTITY,INTEGRATION_METADATA|REDACTED_PAYLOAD,HRIS_INTEGRATION_ADMIN,GATEWAY_APP_ENTITLEMENT|OWNER_API_OPERATION|RESOURCE_POPULATION|REPOSITORY_TENANT_PREDICATE|FIELD_PROJECTION|PURPOSE_POLICY|AUDIT_DECISION,G3_BINDING_SPECIFIED_NOT_IMPLEMENTED
PEP-SYS-062,SYS,SYS-API-060,POST,/api/platform/v1/admin/hris/connectors/{connectorId}/activate,/api/platform/v1/admin/hris/connectors/{connectorId}/activate,/v1/admin/hris/connectors/{connectorId}/activate,dwp-platform-server,../session-evidence/sys/g2-contract-catalog.csv,DWP_CONNECTOR_EXECUTE,APP.HCM:VIEW,HRIS_INTEGRATION_EXECUTOR>HRIS_DUTY_INTEGRATION_EXECUTOR,hcm.integration.execute,ACTION,ACTION.HRIS_INTEGRATION_EXECUTE,EXECUTE,CONNECTOR_SET|LEGAL_ENTITY,INTEGRATION_METADATA|REDACTED_PAYLOAD,HRIS_INTEGRATION_ADMIN,GATEWAY_APP_ENTITLEMENT|OWNER_API_OPERATION|RESOURCE_POPULATION|REPOSITORY_TENANT_PREDICATE|FIELD_PROJECTION|PURPOSE_POLICY|AUDIT_DECISION,G3_BINDING_SPECIFIED_NOT_IMPLEMENTED
PEP-SYS-063,SYS,SYS-API-061,POST,/api/platform/v1/admin/hris/connectors/{connectorId}/mappings,/api/platform/v1/admin/hris/connectors/{connectorId}/mappings,/v1/admin/hris/connectors/{connectorId}/mappings,dwp-platform-server,../session-evidence/sys/g2-contract-catalog.csv,DWP_CONNECTOR_AUTHOR,APP.HCM:VIEW,HRIS_INTEGRATION_AUTHOR>HRIS_DUTY_INTEGRATION_AUTHOR,hcm.integration.definition.update,CONFIG,CONFIG.HRIS_INTEGRATION,UPDATE,CONNECTOR_SET|LEGAL_ENTITY,INTEGRATION_METADATA|REDACTED_PAYLOAD,HRIS_INTEGRATION_ADMIN,GATEWAY_APP_ENTITLEMENT|OWNER_API_OPERATION|RESOURCE_POPULATION|REPOSITORY_TENANT_PREDICATE|FIELD_PROJECTION|PURPOSE_POLICY|AUDIT_DECISION,G3_BINDING_SPECIFIED_NOT_IMPLEMENTED
PEP-SYS-064,SYS,SYS-API-062,POST,/api/platform/v1/admin/hris/connectors/{connectorId}/mappings/{version}/validate,/api/platform/v1/admin/hris/connectors/{connectorId}/mappings/{version}/validate,/v1/admin/hris/connectors/{connectorId}/mappings/{version}/validate,dwp-platform-server,../session-evidence/sys/g2-contract-catalog.csv,DWP_CONNECTOR_AUTHOR,APP.HCM:VIEW,HRIS_INTEGRATION_AUTHOR>HRIS_DUTY_INTEGRATION_AUTHOR,hcm.integration.definition.update,CONFIG,CONFIG.HRIS_INTEGRATION,UPDATE,CONNECTOR_SET|LEGAL_ENTITY,INTEGRATION_METADATA|REDACTED_PAYLOAD,HRIS_INTEGRATION_ADMIN,GATEWAY_APP_ENTITLEMENT|OWNER_API_OPERATION|RESOURCE_POPULATION|REPOSITORY_TENANT_PREDICATE|FIELD_PROJECTION|PURPOSE_POLICY|AUDIT_DECISION,G3_BINDING_SPECIFIED_NOT_IMPLEMENTED
PEP-SYS-065,SYS,SYS-API-063,POST,/api/platform/v1/admin/hris/connectors/{connectorId}/mappings/{version}/submit,/api/platform/v1/admin/hris/connectors/{connectorId}/mappings/{version}/submit,/v1/admin/hris/connectors/{connectorId}/mappings/{version}/submit,dwp-platform-server,../session-evidence/sys/g2-contract-catalog.csv,DWP_CONNECTOR_AUTHOR,APP.HCM:VIEW,HRIS_INTEGRATION_AUTHOR>HRIS_DUTY_INTEGRATION_AUTHOR,hcm.integration.definition.update,CONFIG,CONFIG.HRIS_INTEGRATION,UPDATE,CONNECTOR_SET|LEGAL_ENTITY,INTEGRATION_METADATA|REDACTED_PAYLOAD,HRIS_INTEGRATION_ADMIN,GATEWAY_APP_ENTITLEMENT|OWNER_API_OPERATION|RESOURCE_POPULATION|REPOSITORY_TENANT_PREDICATE|FIELD_PROJECTION|PURPOSE_POLICY|AUDIT_DECISION,G3_BINDING_SPECIFIED_NOT_IMPLEMENTED
PEP-SYS-066,SYS,SYS-API-064,POST,/api/platform/v1/admin/hris/connectors/{connectorId}/mappings/{version}/approve,/api/platform/v1/admin/hris/connectors/{connectorId}/mappings/{version}/approve,/v1/admin/hris/connectors/{connectorId}/mappings/{version}/approve,dwp-platform-server,../session-evidence/sys/g2-contract-catalog.csv,DWP_CONNECTOR_APPROVE,APP.HCM:VIEW,HRIS_INTEGRATION_EXECUTOR>HRIS_DUTY_INTEGRATION_EXECUTOR,hcm.integration.execute,ACTION,ACTION.HRIS_INTEGRATION_EXECUTE,EXECUTE,CONNECTOR_SET|LEGAL_ENTITY,INTEGRATION_METADATA|REDACTED_PAYLOAD,HRIS_INTEGRATION_ADMIN,GATEWAY_APP_ENTITLEMENT|OWNER_API_OPERATION|RESOURCE_POPULATION|REPOSITORY_TENANT_PREDICATE|FIELD_PROJECTION|PURPOSE_POLICY|AUDIT_DECISION,G3_BINDING_SPECIFIED_NOT_IMPLEMENTED
PEP-SYS-067,SYS,SYS-API-065,POST,/api/platform/v1/admin/hris/connectors/{connectorId}/mappings/{version}/activate,/api/platform/v1/admin/hris/connectors/{connectorId}/mappings/{version}/activate,/v1/admin/hris/connectors/{connectorId}/mappings/{version}/activate,dwp-platform-server,../session-evidence/sys/g2-contract-catalog.csv,DWP_CONNECTOR_EXECUTE,APP.HCM:VIEW,HRIS_INTEGRATION_EXECUTOR>HRIS_DUTY_INTEGRATION_EXECUTOR,hcm.integration.execute,ACTION,ACTION.HRIS_INTEGRATION_EXECUTE,EXECUTE,CONNECTOR_SET|LEGAL_ENTITY,INTEGRATION_METADATA|REDACTED_PAYLOAD,HRIS_INTEGRATION_ADMIN,GATEWAY_APP_ENTITLEMENT|OWNER_API_OPERATION|RESOURCE_POPULATION|REPOSITORY_TENANT_PREDICATE|FIELD_PROJECTION|PURPOSE_POLICY|AUDIT_DECISION,G3_BINDING_SPECIFIED_NOT_IMPLEMENTED
PEP-SYS-068,SYS,SYS-API-066,POST,/api/platform/v1/admin/hris/connector-executions/{executionId}/reconcile,/api/platform/v1/admin/hris/connector-executions/{executionId}/reconcile,/v1/admin/hris/connector-executions/{executionId}/reconcile,dwp-platform-server,../session-evidence/sys/g2-contract-catalog.csv,DWP_CONNECTOR_EXECUTE,APP.HCM:VIEW,HRIS_INTEGRATION_EXECUTOR>HRIS_DUTY_INTEGRATION_EXECUTOR,hcm.integration.execute,ACTION,ACTION.HRIS_INTEGRATION_EXECUTE,EXECUTE,CONNECTOR_SET|LEGAL_ENTITY,INTEGRATION_METADATA|REDACTED_PAYLOAD,HRIS_INTEGRATION_ADMIN,GATEWAY_APP_ENTITLEMENT|OWNER_API_OPERATION|RESOURCE_POPULATION|REPOSITORY_TENANT_PREDICATE|FIELD_PROJECTION|PURPOSE_POLICY|AUDIT_DECISION,G3_BINDING_SPECIFIED_NOT_IMPLEMENTED
PEP-SYS-069,SYS,SYS-API-067,POST,/api/platform/v1/admin/hris/connector-executions/{executionId}/retry,/api/platform/v1/admin/hris/connector-executions/{executionId}/retry,/v1/admin/hris/connector-executions/{executionId}/retry,dwp-platform-server,../session-evidence/sys/g2-contract-catalog.csv,DWP_CONNECTOR_EXECUTE,APP.HCM:VIEW,HRIS_INTEGRATION_EXECUTOR>HRIS_DUTY_INTEGRATION_EXECUTOR,hcm.integration.execute,ACTION,ACTION.HRIS_INTEGRATION_EXECUTE,EXECUTE,CONNECTOR_SET|LEGAL_ENTITY,INTEGRATION_METADATA|REDACTED_PAYLOAD,HRIS_INTEGRATION_ADMIN,GATEWAY_APP_ENTITLEMENT|OWNER_API_OPERATION|RESOURCE_POPULATION|REPOSITORY_TENANT_PREDICATE|FIELD_PROJECTION|PURPOSE_POLICY|AUDIT_DECISION,G3_BINDING_SPECIFIED_NOT_IMPLEMENTED
PEP-SYS-070,SYS,SYS-API-068,POST,/api/platform/v1/admin/hris/connector-executions/{executionId}/cancel,/api/platform/v1/admin/hris/connector-executions/{executionId}/cancel,/v1/admin/hris/connector-executions/{executionId}/cancel,dwp-platform-server,../session-evidence/sys/g2-contract-catalog.csv,DWP_CONNECTOR_EXECUTE,APP.HCM:VIEW,HRIS_INTEGRATION_EXECUTOR>HRIS_DUTY_INTEGRATION_EXECUTOR,hcm.integration.execute,ACTION,ACTION.HRIS_INTEGRATION_EXECUTE,EXECUTE,CONNECTOR_SET|LEGAL_ENTITY,INTEGRATION_METADATA|REDACTED_PAYLOAD,HRIS_INTEGRATION_ADMIN,GATEWAY_APP_ENTITLEMENT|OWNER_API_OPERATION|RESOURCE_POPULATION|REPOSITORY_TENANT_PREDICATE|FIELD_PROJECTION|PURPOSE_POLICY|AUDIT_DECISION,G3_BINDING_SPECIFIED_NOT_IMPLEMENTED
PEP-SYS-071,SYS,SYS-API-069,POST,/api/platform/v1/admin/hris/extension-packs/{packId}/versions/{version}/verify,/api/platform/v1/admin/hris/extension-packs/{packId}/versions/{version}/verify,/v1/admin/hris/extension-packs/{packId}/versions/{version}/verify,dwp-platform-server,../session-evidence/sys/g2-contract-catalog.csv,DWP_EXTENSION_VERIFY,APP.HCM:VIEW,HRIS_CONFIG_AUTHOR>HRIS_DUTY_POLICY_AUTHOR|HRIS_CONFIG_PUBLISHER>HRIS_DUTY_POLICY_PUBLISHER,hcm.configuration.policy.publish|hcm.configuration.policy.update,ACTION|CONFIG,ACTION.HRIS_POLICY_PUBLISH|CONFIG.HRIS_POLICY,PUBLISH|UPDATE,LEGAL_ENTITY|POLICY_NODE,CONFIGURATION|IMPACT_SUMMARY,HRIS_INTEGRATION_ADMIN,GATEWAY_APP_ENTITLEMENT|OWNER_API_OPERATION|RESOURCE_POPULATION|REPOSITORY_TENANT_PREDICATE|FIELD_PROJECTION|PURPOSE_POLICY|AUDIT_DECISION,G3_BINDING_SPECIFIED_NOT_IMPLEMENTED
PEP-SYS-072,SYS,SYS-API-070,POST,/api/platform/v1/admin/hris/extension-packs/{packId}/versions/{version}/approve,/api/platform/v1/admin/hris/extension-packs/{packId}/versions/{version}/approve,/v1/admin/hris/extension-packs/{packId}/versions/{version}/approve,dwp-platform-server,../session-evidence/sys/g2-contract-catalog.csv,DWP_EXTENSION_APPROVE,APP.HCM:VIEW,HRIS_CONFIG_PUBLISHER>HRIS_DUTY_POLICY_PUBLISHER,hcm.configuration.policy.publish,ACTION,ACTION.HRIS_POLICY_PUBLISH,PUBLISH,LEGAL_ENTITY|POLICY_NODE,CONFIGURATION|IMPACT_SUMMARY,HRIS_INTEGRATION_ADMIN,GATEWAY_APP_ENTITLEMENT|OWNER_API_OPERATION|RESOURCE_POPULATION|REPOSITORY_TENANT_PREDICATE|FIELD_PROJECTION|PURPOSE_POLICY|AUDIT_DECISION,G3_BINDING_SPECIFIED_NOT_IMPLEMENTED
PEP-SYS-073,SYS,SYS-API-071,POST,/api/platform/v1/admin/hris/tenants/{tenantId}/extension-installations/{installationId}/approve,/api/platform/v1/admin/hris/tenants/{tenantId}/extension-installations/{installationId}/approve,/v1/admin/hris/tenants/{tenantId}/extension-installations/{installationId}/approve,dwp-platform-server,../session-evidence/sys/g2-contract-catalog.csv,DWP_EXTENSION_APPROVE,APP.HCM:VIEW,HRIS_CONFIG_PUBLISHER>HRIS_DUTY_POLICY_PUBLISHER,hcm.configuration.policy.publish,ACTION,ACTION.HRIS_POLICY_PUBLISH,PUBLISH,LEGAL_ENTITY|POLICY_NODE,CONFIGURATION|IMPACT_SUMMARY,HRIS_INTEGRATION_ADMIN,GATEWAY_APP_ENTITLEMENT|OWNER_API_OPERATION|RESOURCE_POPULATION|REPOSITORY_TENANT_PREDICATE|FIELD_PROJECTION|PURPOSE_POLICY|AUDIT_DECISION,G3_BINDING_SPECIFIED_NOT_IMPLEMENTED
PEP-SYS-074,SYS,SYS-API-072,POST,/api/platform/v1/admin/hris/tenants/{tenantId}/extension-installations/{installationId}/install,/api/platform/v1/admin/hris/tenants/{tenantId}/extension-installations/{installationId}/install,/v1/admin/hris/tenants/{tenantId}/extension-installations/{installationId}/install,dwp-platform-server,../session-evidence/sys/g2-contract-catalog.csv,DWP_EXTENSION_INSTALL,APP.HCM:VIEW,HRIS_CONFIG_PUBLISHER>HRIS_DUTY_POLICY_PUBLISHER,hcm.configuration.policy.publish,ACTION,ACTION.HRIS_POLICY_PUBLISH,PUBLISH,LEGAL_ENTITY|POLICY_NODE,CONFIGURATION|IMPACT_SUMMARY,HRIS_SYSTEM_ADMIN,GATEWAY_APP_ENTITLEMENT|OWNER_API_OPERATION|RESOURCE_POPULATION|REPOSITORY_TENANT_PREDICATE|FIELD_PROJECTION|PURPOSE_POLICY|AUDIT_DECISION,G3_BINDING_SPECIFIED_NOT_IMPLEMENTED
PEP-SYS-075,SYS,SYS-API-073,POST,/api/platform/v1/admin/hris/tenants/{tenantId}/extension-installations/{installationId}/suspend,/api/platform/v1/admin/hris/tenants/{tenantId}/extension-installations/{installationId}/suspend,/v1/admin/hris/tenants/{tenantId}/extension-installations/{installationId}/suspend,dwp-platform-server,../session-evidence/sys/g2-contract-catalog.csv,DWP_EXTENSION_ENABLE,APP.HCM:VIEW,HRIS_CONFIG_PUBLISHER>HRIS_DUTY_POLICY_PUBLISHER,hcm.configuration.policy.publish,ACTION,ACTION.HRIS_POLICY_PUBLISH,PUBLISH,LEGAL_ENTITY|POLICY_NODE,CONFIGURATION|IMPACT_SUMMARY,HRIS_SYSTEM_ADMIN,GATEWAY_APP_ENTITLEMENT|OWNER_API_OPERATION|RESOURCE_POPULATION|REPOSITORY_TENANT_PREDICATE|FIELD_PROJECTION|PURPOSE_POLICY|AUDIT_DECISION,G3_BINDING_SPECIFIED_NOT_IMPLEMENTED
PEP-SYS-076,SYS,SYS-API-074,POST,/api/platform/v1/admin/hris/tenants/{tenantId}/extension-installations/{installationId}/revoke,/api/platform/v1/admin/hris/tenants/{tenantId}/extension-installations/{installationId}/revoke,/v1/admin/hris/tenants/{tenantId}/extension-installations/{installationId}/revoke,dwp-platform-server,../session-evidence/sys/g2-contract-catalog.csv,DWP_EXTENSION_APPROVE,APP.HCM:VIEW,HRIS_CONFIG_PUBLISHER>HRIS_DUTY_POLICY_PUBLISHER,hcm.configuration.policy.publish,ACTION,ACTION.HRIS_POLICY_PUBLISH,PUBLISH,LEGAL_ENTITY|POLICY_NODE,CONFIGURATION|IMPACT_SUMMARY,HRIS_INTEGRATION_ADMIN,GATEWAY_APP_ENTITLEMENT|OWNER_API_OPERATION|RESOURCE_POPULATION|REPOSITORY_TENANT_PREDICATE|FIELD_PROJECTION|PURPOSE_POLICY|AUDIT_DECISION,G3_BINDING_SPECIFIED_NOT_IMPLEMENTED
PEP-SYS-077,SYS,SYS-API-075,POST,/api/platform/v1/admin/hris/extension-packs/{packId}/versions/{version}/revoke,/api/platform/v1/admin/hris/extension-packs/{packId}/versions/{version}/revoke,/v1/admin/hris/extension-packs/{packId}/versions/{version}/revoke,dwp-platform-server,../session-evidence/sys/g2-contract-catalog.csv,DWP_EXTENSION_APPROVE,APP.HCM:VIEW,HRIS_CONFIG_PUBLISHER>HRIS_DUTY_POLICY_PUBLISHER,hcm.configuration.policy.publish,ACTION,ACTION.HRIS_POLICY_PUBLISH,PUBLISH,LEGAL_ENTITY|POLICY_NODE,CONFIGURATION|IMPACT_SUMMARY,HRIS_INTEGRATION_ADMIN,GATEWAY_APP_ENTITLEMENT|OWNER_API_OPERATION|RESOURCE_POPULATION|REPOSITORY_TENANT_PREDICATE|FIELD_PROJECTION|PURPOSE_POLICY|AUDIT_DECISION,G3_BINDING_SPECIFIED_NOT_IMPLEMENTED
