slice_id,source_kind,source_ref,source_module,session_id,module,source_family_sha256,source_row_count,source_evidence_sha256,delivery_wave,prerequisite_contracts,bounded_context_refs,ia_node_ids,primary_ia_node_ids,related_ia_node_ids,api_event_contract_refs,primary_contract_refs,related_contract_refs,produced_xcon_refs,consumed_xcon_refs,consumed_service_pep_refs,authorization_refs,schema_state_contract_refs,dependency_ids,file_allocation_ids,migration_allocation_ids,planned_migration_file,exact_change_paths,acceptance_evidence_refs,test_evidence_refs,g2_validation_command_display_non_authoritative,g2_validation_profile_id,g2_validation_command_keys,g4_runbook_ref,g4_telemetry_evidence_ref,g4_migration_evidence_ref,g4_recovery_evidence_ref,g4_acceptance_evidence_ref,g3_verification_command_display_non_authoritative,backend_verification_profile_id,frontend_verification_profile_id,frontend_test_path,required_g4_assertions,code_go_token,gate_condition,gate_status,implementation_state,production_state
BASE-TFR-HRM-006,BASE_TARGET_FAMILY,TFR-HRM-006,HRM,HRIS-HRM,HRM,c627c09c14e58e44bc51622dac392958ec88244e414b508020634f53cfcd1e69,23,a44366a5fd4f940ea2b1cfbaa1b6b7014c550a74d1f9bcfff0a76b75a20c2cd9,EVIDENCE_ONLY_RETIRED,,EXCLUDED_CUSTOMER_SOLUTION|RETIRED_LEGACY_SURFACE,NON_UI_SUPPORTING_SLICE,,,DECISION:HRM-DEC-008|DECISION:HRM-DEC-009,,,,,,../session-evidence/hrm/g2-readiness/authorization-field-policy.csv,../session-evidence/hrm/g2-readiness/physical-schema-blueprint.sql|../session-evidence/hrm/g2-readiness/state-guard-idempotency-recovery.md|../session-evidence/hrm/g2-readiness/api-event-contracts.v1.json,,,,NO_MIGRATION_RETIRED,NO_TARGET_CODE_RETIRED,"BENSK exclusion trace; no target route, API, table, package or copied asset|Source retirement trace; absence from target manifest, runtime and dependency graph",../session-evidence/hrm/g2-readiness/validate_hrm_readiness.py,,,,,,,,,,,,,,NO_CODE_GO_RETIRED,RETIRED_DECISION_AND_TARGET_ABSENCE_EVIDENCE,RETIRED_NO_CODE,NOT_APPLICABLE_RETIRED,NOT_AUTHORIZED_G6
BASE-TFR-HRM-001,BASE_TARGET_FAMILY,TFR-HRM-001,HRM,HRIS-HRM,HRM,32a61311affd13c7dcde712fd1bf793c77a5ee3c2b35dd0619476f35854c285d,34,a1d320c8ec81763a1225c390e256499c45abf4b6a1960f8b8dc9b850377cc276,G3A_BASE_001,DEP-001|DEP-002|DEP-003|DEP-014|DEP-016,DWP_APPROVAL,NON_UI_SUPPORTING_SLICE,,,PLAT-003,,PLAT-003,,,,../session-evidence/hrm/g2-readiness/authorization-field-policy.csv,../session-evidence/hrm/g2-readiness/physical-schema-blueprint.sql|../session-evidence/hrm/g2-readiness/state-guard-idempotency-recovery.md|../session-evidence/hrm/g2-readiness/api-event-contracts.v1.json,DEP-001|DEP-002|DEP-003|DEP-014|DEP-016,G3-HRM-BE-MIGRATION|G3-HRM-BE-SOURCE|G3-HRM-BE-TEST|G3-HRM-FE-SOURCE,MIG-HRM-PEOPLE-51-73,OWNER_ALLOCATED_IF_SCHEMA_TOUCH_WITHIN_UNRESERVED_VERSION,ALLOCATION_BOUNDARY_ONLY_UNTIL_TOUCH_MANIFEST,"Workflow-version, delegation, maker-checker, no-self-approval and callback-idempotency tests",../session-evidence/hrm/g2-readiness/validate_hrm_readiness.py,DERIVED_NON_AUTHORITATIVE:python3 ../session-evidence/hrm/g2-readiness/validate_hrm_readiness.py,G2-HRM-BASE,hrm-readiness,../session-evidence/hrm/g4/slices/base-tfr-hrm-001/runbook.md,../session-evidence/hrm/g4/slices/base-tfr-hrm-001/telemetry-evidence.json,../session-evidence/hrm/g4/slices/base-tfr-hrm-001/migration-clean-upgrade-evidence.json,../session-evidence/hrm/g4/slices/base-tfr-hrm-001/recovery-evidence.json,../session-evidence/hrm/g4/slices/base-tfr-hrm-001/acceptance-evidence.json,DERIVED_NON_AUTHORITATIVE:./gradlew :dwp-people-server:test --tests '*HrmG3SliceContractTest' -PhrisSlice=BASE-TFR-HRM-001|./gradlew :dwp-people-server:test --tests '*HrmMigrationCleanUpgradeTest' -PhrisSlice=BASE-TFR-HRM-001|./gradlew :dwp-people-server:test --tests '*HrmWorkerRecoveryTest' -PhrisSlice=BASE-TFR-HRM-001,G3CMD-HRM-BE,G3CMD-HRM-FE,apps/dwp/src/features/hris/people/__tests__/g3-slices/base-tfr-hrm-001.slice.test.tsx,authorization-negative|feature-flag-event-forward-correction|idempotency-cas|migration-clean-upgrade-rls-backfill|runbook-rollback-forward-correction|telemetry-alert|tenant-isolation|worker-crash-replay,G3-CODE-GO-BASE-TFR-HRM-001,SEALED_G2_EXACT_CONTRACTS_AND_CENTRAL_ALLOCATION_PASS,OPEN_G3_CODE,NOT_STARTED_G3,NOT_AUTHORIZED_G6
BASE-TFR-HRM-002,BASE_TARGET_FAMILY,TFR-HRM-002,HRM,HRIS-HRM,HRM,ccb4d0f8c3ae4e7af17aaf892453d05ee089df060d3e204ed89f3430c36bfeb6,10,bbf8b9b747bd02acf30af03a3dd8dda9248fce5817af714eb8f54a152c382812,G3A_BASE_002,DEP-001|DEP-002|DEP-003|DEP-014|DEP-015|DEP-016,DWP_EXPERIENCE,NON_UI_SUPPORTING_SLICE,,,PEP-HRM-014|PLAT-003|PLAT-004|SYS-API-026|SYS-API-027|SYS-API-033,PEP-HRM-014,PLAT-003|PLAT-004|SYS-API-026|SYS-API-027|SYS-API-033,,,,../session-evidence/hrm/g2-readiness/authorization-field-policy.csv,../session-evidence/hrm/g2-readiness/physical-schema-blueprint.sql|../session-evidence/hrm/g2-readiness/state-guard-idempotency-recovery.md|../session-evidence/hrm/g2-readiness/api-event-contracts.v1.json,DEP-001|DEP-002|DEP-003|DEP-014|DEP-015|DEP-016,G3-HRM-BE-MIGRATION|G3-HRM-BE-SOURCE|G3-HRM-BE-TEST|G3-HRM-FE-SOURCE,MIG-HRM-PEOPLE-51-73,OWNER_ALLOCATED_IF_SCHEMA_TOUCH_WITHIN_UNRESERVED_VERSION,ALLOCATION_BOUNDARY_ONLY_UNTIL_TOUCH_MANIFEST,"Deep-link authorization, notification receipt, loading/error/accessibility and shell regression tests",../session-evidence/hrm/g2-readiness/validate_hrm_readiness.py,DERIVED_NON_AUTHORITATIVE:python3 ../session-evidence/hrm/g2-readiness/validate_hrm_readiness.py,G2-HRM-BASE,hrm-readiness,../session-evidence/hrm/g4/slices/base-tfr-hrm-002/runbook.md,../session-evidence/hrm/g4/slices/base-tfr-hrm-002/telemetry-evidence.json,../session-evidence/hrm/g4/slices/base-tfr-hrm-002/migration-clean-upgrade-evidence.json,../session-evidence/hrm/g4/slices/base-tfr-hrm-002/recovery-evidence.json,../session-evidence/hrm/g4/slices/base-tfr-hrm-002/acceptance-evidence.json,DERIVED_NON_AUTHORITATIVE:./gradlew :dwp-people-server:test --tests '*HrmG3SliceContractTest' -PhrisSlice=BASE-TFR-HRM-002|./gradlew :dwp-people-server:test --tests '*HrmMigrationCleanUpgradeTest' -PhrisSlice=BASE-TFR-HRM-002|./gradlew :dwp-people-server:test --tests '*HrmWorkerRecoveryTest' -PhrisSlice=BASE-TFR-HRM-002,G3CMD-HRM-BE,G3CMD-HRM-FE,apps/dwp/src/features/hris/people/__tests__/g3-slices/base-tfr-hrm-002.slice.test.tsx,authorization-negative|feature-flag-event-forward-correction|idempotency-cas|migration-clean-upgrade-rls-backfill|runbook-rollback-forward-correction|telemetry-alert|tenant-isolation|worker-crash-replay,G3-CODE-GO-BASE-TFR-HRM-002,SEALED_G2_EXACT_CONTRACTS_AND_CENTRAL_ALLOCATION_PASS,OPEN_G3_CODE,NOT_STARTED_G3,NOT_AUTHORIZED_G6
BASE-TFR-HRM-003,BASE_TARGET_FAMILY,TFR-HRM-003,HRM,HRIS-HRM,HRM,21b12d43ec49c0e7658f25477d258b4d76a910e770c8cca93bcd616cc27b1e51,19,1fab2e85954566db8a199206a4e842c6ee0b48e74d5d183c35081ba499524f46,G3A_BASE_003,DEP-001|DEP-002|DEP-003|DEP-010|DEP-011|DEP-012|DEP-013|DEP-016,HRIS_PEOPLE,BASE:hr-operations-home|BASE:team-home,,BASE:hr-operations-home|BASE:team-home,EVT-HRM:HrisHomeContributionChanged.v1|EVT-PAY:HrisHomeContributionChanged.v1|EVT-PER:HrisHomeContributionChanged.v1|EVT-TIM:HrisHomeContributionChanged.v1|PEP-HRM-016|PEP-PAY-001|PEP-PER-001|PEP-TIM-001|SVC-PEP-HRM-006|SYS-API-026|SYS-API-027|SYS-API-031|SYS-API-032|SYS-API-039|SYS-API-040|SYS-EVT-007|XCON-013,EVT-HRM:HrisHomeContributionChanged.v1|PEP-HRM-016|SVC-PEP-HRM-006|XCON-013,EVT-PAY:HrisHomeContributionChanged.v1|EVT-PER:HrisHomeContributionChanged.v1|EVT-TIM:HrisHomeContributionChanged.v1|PEP-PAY-001|PEP-PER-001|PEP-TIM-001|SYS-API-026|SYS-API-027|SYS-API-031|SYS-API-032|SYS-API-039|SYS-API-040|SYS-EVT-007,XCON-013,,,hcm.operations.people.view|hcm.team.members.view,../session-evidence/hrm/g2-readiness/physical-schema-blueprint.sql|../session-evidence/hrm/g2-readiness/state-guard-idempotency-recovery.md|../session-evidence/hrm/g2-readiness/api-event-contracts.v1.json,DEP-001|DEP-002|DEP-003|DEP-011|DEP-016,G3-HRM-BE-MIGRATION|G3-HRM-BE-SOURCE|G3-HRM-BE-TEST|G3-HRM-FE-SOURCE,MIG-HRM-PEOPLE-51-73,OWNER_ALLOCATED_IF_SCHEMA_TOUCH_WITHIN_UNRESERVED_VERSION,ALLOCATION_BOUNDARY_ONLY_UNTIL_TOUCH_MANIFEST,"Role-aware widget, as-of, masking, freshness, partial-failure and drill-down authorization tests",../session-evidence/hrm/g2-readiness/validate_hrm_readiness.py,DERIVED_NON_AUTHORITATIVE:python3 ../session-evidence/hrm/g2-readiness/validate_hrm_readiness.py,G2-HRM-BASE,hrm-readiness,../session-evidence/hrm/g4/slices/base-tfr-hrm-003/runbook.md,../session-evidence/hrm/g4/slices/base-tfr-hrm-003/telemetry-evidence.json,../session-evidence/hrm/g4/slices/base-tfr-hrm-003/migration-clean-upgrade-evidence.json,../session-evidence/hrm/g4/slices/base-tfr-hrm-003/recovery-evidence.json,../session-evidence/hrm/g4/slices/base-tfr-hrm-003/acceptance-evidence.json,DERIVED_NON_AUTHORITATIVE:./gradlew :dwp-people-server:test --tests '*HrmG3SliceContractTest' -PhrisSlice=BASE-TFR-HRM-003|./gradlew :dwp-people-server:test --tests '*HrmMigrationCleanUpgradeTest' -PhrisSlice=BASE-TFR-HRM-003|./gradlew :dwp-people-server:test --tests '*HrmWorkerRecoveryTest' -PhrisSlice=BASE-TFR-HRM-003,G3CMD-HRM-BE,G3CMD-HRM-FE,apps/dwp/src/features/hris/people/__tests__/g3-slices/base-tfr-hrm-003.slice.test.tsx,authorization-negative|feature-flag-event-forward-correction|idempotency-cas|migration-clean-upgrade-rls-backfill|runbook-rollback-forward-correction|telemetry-alert|tenant-isolation|worker-crash-replay,G3-CODE-GO-BASE-TFR-HRM-003,SEALED_G2_EXACT_CONTRACTS_AND_CENTRAL_ALLOCATION_PASS,OPEN_G3_CODE,NOT_STARTED_G3,NOT_AUTHORIZED_G6
BASE-TFR-HRM-004,BASE_TARGET_FAMILY,TFR-HRM-004,HRM,HRIS-HRM,HRM,fe867c1109d54c6e02d1486c5bd2f4aa83282695391dacef7bf410684d514a96,133,27daa4b97a593d75f37466d1979eed815f8200c100ff4973d14b6b54f02981d5,G3A_BASE_004,DEP-001|DEP-002|DEP-003|DEP-007|DEP-016,HRIS_PEOPLE,BASE:hr-people|BASE:my-hr-profile|BASE:team-members,BASE:hr-people|BASE:my-hr-profile|BASE:team-members,,EVT-HRM:AssignmentChanged.v1|EVT-HRM:EmploymentChanged.v1|EVT-HRM:PersonChanged.v1|EVT-HRM:WorkerChanged.v1|EVT-HRM:WorkerHired.v1|EVT-HRM:WorkplaceChanged.v1|IAQ-001|IAQ-004|PEP-HRM-001|PEP-HRM-002|PEP-HRM-006|PEP-HRM-007|PEP-HRM-008|PEP-HRM-009|SVC-PEP-HRM-002,EVT-HRM:PersonChanged.v1|IAQ-001|IAQ-004|PEP-HRM-001|PEP-HRM-002|SVC-PEP-HRM-002,EVT-HRM:AssignmentChanged.v1|EVT-HRM:EmploymentChanged.v1|EVT-HRM:WorkerChanged.v1|EVT-HRM:WorkerHired.v1|EVT-HRM:WorkplaceChanged.v1|PEP-HRM-006|PEP-HRM-007|PEP-HRM-008|PEP-HRM-009,,,,hcm.operations.people.view|hcm.personal.profile.view|hcm.team.members.view,../session-evidence/hrm/g2-readiness/api-event-contracts.v1.json|../session-evidence/hrm/g2-readiness/physical-schema-blueprint.sql|../session-evidence/hrm/g2-readiness/state-guard-idempotency-recovery.md|ia-entry-query-api-contract-register.csv|ia-entry-query-field-type-register.csv|ia-entry-query-projection-schemas.v1.json|ia-entry-query-runtime-invariant-register.csv,DEP-001|DEP-002|DEP-003|DEP-007|DEP-016,G3-HRM-BE-MIGRATION|G3-HRM-BE-SOURCE|G3-HRM-BE-TEST|G3-HRM-FE-SOURCE,MIG-HRM-PEOPLE-51-73,OWNER_ALLOCATED_IF_SCHEMA_TOUCH_WITHIN_UNRESERVED_VERSION,ALLOCATION_BOUNDARY_ONLY_UNTIL_TOUCH_MANIFEST,"Synthetic person-worker reconciliation; as-of, tenant, population and field-mask tests",../session-evidence/hrm/g2-readiness/validate_hrm_readiness.py,DERIVED_NON_AUTHORITATIVE:python3 ../session-evidence/hrm/g2-readiness/validate_hrm_readiness.py,G2-HRM-BASE,hrm-readiness,../session-evidence/hrm/g4/slices/base-tfr-hrm-004/runbook.md,../session-evidence/hrm/g4/slices/base-tfr-hrm-004/telemetry-evidence.json,../session-evidence/hrm/g4/slices/base-tfr-hrm-004/migration-clean-upgrade-evidence.json,../session-evidence/hrm/g4/slices/base-tfr-hrm-004/recovery-evidence.json,../session-evidence/hrm/g4/slices/base-tfr-hrm-004/acceptance-evidence.json,DERIVED_NON_AUTHORITATIVE:./gradlew :dwp-people-server:test --tests '*HrmG3SliceContractTest' -PhrisSlice=BASE-TFR-HRM-004|./gradlew :dwp-people-server:test --tests '*HrmMigrationCleanUpgradeTest' -PhrisSlice=BASE-TFR-HRM-004|./gradlew :dwp-people-server:test --tests '*HrmWorkerRecoveryTest' -PhrisSlice=BASE-TFR-HRM-004,G3CMD-HRM-BE,G3CMD-HRM-FE,apps/dwp/src/features/hris/people/__tests__/g3-slices/base-tfr-hrm-004.slice.test.tsx,authorization-negative|feature-flag-event-forward-correction|idempotency-cas|migration-clean-upgrade-rls-backfill|runbook-rollback-forward-correction|telemetry-alert|tenant-isolation|worker-crash-replay,G3-CODE-GO-BASE-TFR-HRM-004,SEALED_G2_EXACT_CONTRACTS_AND_CENTRAL_ALLOCATION_PASS,OPEN_G3_CODE,NOT_STARTED_G3,NOT_AUTHORIZED_G6
BASE-TFR-HRM-005,BASE_TARGET_FAMILY,TFR-HRM-005,HRM,HRIS-HRM,HRM,aff33d64feb7769426e17e372962e09ff34f27f37b021a5daa22079a7f2a70b2,43,bd8cf28f6d8caeec1dba807f6b01a46cbf98ea6b8908ef322815e99ed0091aa9,G3A_BASE_005,DEP-001|DEP-002|DEP-003|DEP-007|DEP-016,HRIS_ORGANIZATION,BASE:hr-organization-positions|BASE:settings-enterprise,BASE:hr-organization-positions,BASE:settings-enterprise,EVT-HRM:OrganizationChanged.v1|PEP-HRM-006|PEP-HRM-007|PEP-HRM-008|PEP-HRM-009|PEP-HRM-010|SHARED-API-001|SHARED-API-002|XCON-006,EVT-HRM:OrganizationChanged.v1|PEP-HRM-010|XCON-006,PEP-HRM-006|PEP-HRM-007|PEP-HRM-008|PEP-HRM-009|SHARED-API-001|SHARED-API-002,XCON-006,,,hcm.operations.assignment.manage|hcm.operations.organization.view|hcm.operations.people-change.approve|provider.tenant.read,../session-evidence/hrm/g2-readiness/physical-schema-blueprint.sql|../session-evidence/hrm/g2-readiness/state-guard-idempotency-recovery.md|../session-evidence/hrm/g2-readiness/api-event-contracts.v1.json,DEP-001|DEP-002|DEP-003|DEP-007|DEP-016,G3-HRM-BE-MIGRATION|G3-HRM-BE-SOURCE|G3-HRM-BE-TEST|G3-HRM-FE-SOURCE,MIG-HRM-PEOPLE-51-73,OWNER_ALLOCATED_IF_SCHEMA_TOUCH_WITHIN_UNRESERVED_VERSION,ALLOCATION_BOUNDARY_ONLY_UNTIL_TOUCH_MANIFEST,"As-of graph and position tests; cycle, overlap, tenant and impact-preview tests",../session-evidence/hrm/g2-readiness/validate_hrm_readiness.py,DERIVED_NON_AUTHORITATIVE:python3 ../session-evidence/hrm/g2-readiness/validate_hrm_readiness.py,G2-HRM-BASE,hrm-readiness,../session-evidence/hrm/g4/slices/base-tfr-hrm-005/runbook.md,../session-evidence/hrm/g4/slices/base-tfr-hrm-005/telemetry-evidence.json,../session-evidence/hrm/g4/slices/base-tfr-hrm-005/migration-clean-upgrade-evidence.json,../session-evidence/hrm/g4/slices/base-tfr-hrm-005/recovery-evidence.json,../session-evidence/hrm/g4/slices/base-tfr-hrm-005/acceptance-evidence.json,DERIVED_NON_AUTHORITATIVE:./gradlew :dwp-people-server:test --tests '*HrmG3SliceContractTest' -PhrisSlice=BASE-TFR-HRM-005|./gradlew :dwp-people-server:test --tests '*HrmMigrationCleanUpgradeTest' -PhrisSlice=BASE-TFR-HRM-005|./gradlew :dwp-people-server:test --tests '*HrmWorkerRecoveryTest' -PhrisSlice=BASE-TFR-HRM-005,G3CMD-HRM-BE,G3CMD-HRM-FE,apps/dwp/src/features/hris/people/__tests__/g3-slices/base-tfr-hrm-005.slice.test.tsx,authorization-negative|feature-flag-event-forward-correction|idempotency-cas|migration-clean-upgrade-rls-backfill|runbook-rollback-forward-correction|telemetry-alert|tenant-isolation|worker-crash-replay,G3-CODE-GO-BASE-TFR-HRM-005,SEALED_G2_EXACT_CONTRACTS_AND_CENTRAL_ALLOCATION_PASS,OPEN_G3_CODE,NOT_STARTED_G3,NOT_AUTHORIZED_G6
BASE-TFR-HRM-007,BASE_TARGET_FAMILY,TFR-HRM-007,HRM,HRIS-HRM,HRM,9d2373936772c7f15ba4fde19d4d480235e7bcc1e18db24adf312cb6f6ee2066,31,8399ef86db53eeaa8b2d3eac1726649f4ce74e4b7e5024f9985cd030dc11a007,G3A_BASE_007,DEP-001|DEP-002|DEP-003|DEP-007|DEP-016,HRIS_EMPLOYMENT,BASE:hr-appointments|BASE:settings-people-employment|BASE:team-people-changes,BASE:hr-appointments|BASE:settings-people-employment|BASE:team-people-changes,,EVT-HRM:AssignmentChanged.v1|EVT-HRM:EmployeeChangeApplied.v1|EVT-HRM:EmploymentChanged.v1|EVT-HRM:WorkerChanged.v1|EVT-HRM:WorkerHired.v1|EVT-HRM:WorkplaceChanged.v1|IAQ-005|IAQ-007|IAQ-013|PEP-HRM-003|PEP-HRM-004|PEP-HRM-005|PEP-HRM-006|PEP-HRM-007|PEP-HRM-008|PEP-HRM-009,IAQ-005|IAQ-007|IAQ-013,EVT-HRM:AssignmentChanged.v1|EVT-HRM:EmployeeChangeApplied.v1|EVT-HRM:EmploymentChanged.v1|EVT-HRM:WorkerChanged.v1|EVT-HRM:WorkerHired.v1|EVT-HRM:WorkplaceChanged.v1|PEP-HRM-003|PEP-HRM-004|PEP-HRM-005|PEP-HRM-006|PEP-HRM-007|PEP-HRM-008|PEP-HRM-009,,,,hcm.configuration.workbench.view|hcm.operations.assignment.manage|hcm.operations.people-change.approve|hcm.operations.people.update|hcm.operations.people.view|hcm.personal.profile.update|hcm.team.people-change.request|hcm.team.people-change.view,../session-evidence/hrm/g2-readiness/api-event-contracts.v1.json|../session-evidence/hrm/g2-readiness/physical-schema-blueprint.sql|../session-evidence/hrm/g2-readiness/state-guard-idempotency-recovery.md|ia-entry-query-api-contract-register.csv|ia-entry-query-field-type-register.csv|ia-entry-query-projection-schemas.v1.json|ia-entry-query-runtime-invariant-register.csv,DEP-001|DEP-002|DEP-003|DEP-016,G3-HRM-BE-MIGRATION|G3-HRM-BE-SOURCE|G3-HRM-BE-TEST|G3-HRM-FE-SOURCE,MIG-HRM-PEOPLE-51-73,OWNER_ALLOCATED_IF_SCHEMA_TOUCH_WITHIN_UNRESERVED_VERSION,ALLOCATION_BOUNDARY_ONLY_UNTIL_TOUCH_MANIFEST,"Draft-validate-approve-publish golden cases; stale, overlap, self-approval and correction tests",../session-evidence/hrm/g2-readiness/validate_hrm_readiness.py,DERIVED_NON_AUTHORITATIVE:python3 ../session-evidence/hrm/g2-readiness/validate_hrm_readiness.py,G2-HRM-BASE,hrm-readiness,../session-evidence/hrm/g4/slices/base-tfr-hrm-007/runbook.md,../session-evidence/hrm/g4/slices/base-tfr-hrm-007/telemetry-evidence.json,../session-evidence/hrm/g4/slices/base-tfr-hrm-007/migration-clean-upgrade-evidence.json,../session-evidence/hrm/g4/slices/base-tfr-hrm-007/recovery-evidence.json,../session-evidence/hrm/g4/slices/base-tfr-hrm-007/acceptance-evidence.json,DERIVED_NON_AUTHORITATIVE:./gradlew :dwp-people-server:test --tests '*HrmG3SliceContractTest' -PhrisSlice=BASE-TFR-HRM-007|./gradlew :dwp-people-server:test --tests '*HrmMigrationCleanUpgradeTest' -PhrisSlice=BASE-TFR-HRM-007|./gradlew :dwp-people-server:test --tests '*HrmWorkerRecoveryTest' -PhrisSlice=BASE-TFR-HRM-007,G3CMD-HRM-BE,G3CMD-HRM-FE,apps/dwp/src/features/hris/people/__tests__/g3-slices/base-tfr-hrm-007.slice.test.tsx,authorization-negative|feature-flag-event-forward-correction|idempotency-cas|migration-clean-upgrade-rls-backfill|runbook-rollback-forward-correction|telemetry-alert|tenant-isolation|worker-crash-replay,G3-CODE-GO-BASE-TFR-HRM-007,SEALED_G2_EXACT_CONTRACTS_AND_CENTRAL_ALLOCATION_PASS,OPEN_G3_CODE,NOT_STARTED_G3,NOT_AUTHORIZED_G6
BASE-TFR-HRM-008,BASE_TARGET_FAMILY,TFR-HRM-008,HRM,HRIS-HRM,HRM,83ca1a8dd958a525eb9f19432a728c8355a64d45106373b96544eeda8dc4489f,18,c94492072368fbee9b0e589b433360c2a1d866fd9e3a9584ef32c1cd8557c0fa,G3A_BASE_008,DEP-001|DEP-002|DEP-003|DEP-007|DEP-008|DEP-016,HRIS_EMPLOYMENT,BASE:hr-employment-assignments|BASE:my-employment-documents|BASE:settings-people-employment|BASE:team-members,BASE:hr-employment-assignments|BASE:my-employment-documents,BASE:settings-people-employment|BASE:team-members,EVT-HRM:AssignmentChanged.v1|EVT-HRM:CompensationBasisChanged.v1|EVT-HRM:EmploymentChanged.v1|EVT-HRM:EmploymentContractIssued.v1|EVT-HRM:PersonChanged.v1|EVT-HRM:WorkerBankAccountTokenChanged.v1|EVT-HRM:WorkerChanged.v1|EVT-HRM:WorkerDependentEligibilityChanged.v1|EVT-HRM:WorkerHired.v1|EVT-HRM:WorkerTaxIdentityChanged.v1|EVT-HRM:WorkplaceChanged.v1|IAQ-002|IAQ-006|PEP-HRM-001|PEP-HRM-002|PEP-HRM-006|PEP-HRM-007|PEP-HRM-008|PEP-HRM-009|PEP-HRM-011|SVC-PEP-HRM-004|XCON-001|XCON-003|XCON-004|XCON-005|XCON-016,EVT-HRM:AssignmentChanged.v1|EVT-HRM:EmploymentChanged.v1|EVT-HRM:WorkerChanged.v1|EVT-HRM:WorkerHired.v1|EVT-HRM:WorkplaceChanged.v1|IAQ-002|IAQ-006|PEP-HRM-006|PEP-HRM-007|PEP-HRM-008|PEP-HRM-009|SVC-PEP-HRM-004|XCON-001|XCON-003|XCON-004|XCON-005|XCON-016,EVT-HRM:CompensationBasisChanged.v1|EVT-HRM:EmploymentContractIssued.v1|EVT-HRM:PersonChanged.v1|EVT-HRM:WorkerBankAccountTokenChanged.v1|EVT-HRM:WorkerDependentEligibilityChanged.v1|EVT-HRM:WorkerTaxIdentityChanged.v1|PEP-HRM-001|PEP-HRM-002|PEP-HRM-011,XCON-001|XCON-003|XCON-004|XCON-005|XCON-016,,,hcm.configuration.workbench.view|hcm.operations.assignment.manage|hcm.operations.people-change.approve|hcm.operations.people.view|hcm.personal.profile.view|hcm.team.members.view,../session-evidence/hrm/g2-readiness/api-event-contracts.v1.json|../session-evidence/hrm/g2-readiness/physical-schema-blueprint.sql|../session-evidence/hrm/g2-readiness/state-guard-idempotency-recovery.md|ia-entry-query-api-contract-register.csv|ia-entry-query-field-type-register.csv|ia-entry-query-projection-schemas.v1.json|ia-entry-query-runtime-invariant-register.csv,DEP-001|DEP-002|DEP-003|DEP-007|DEP-016,G3-HRM-BE-MIGRATION|G3-HRM-BE-SOURCE|G3-HRM-BE-TEST|G3-HRM-FE-SOURCE,MIG-HRM-PEOPLE-51-73,OWNER_ALLOCATED_IF_SCHEMA_TOUCH_WITHIN_UNRESERVED_VERSION,ALLOCATION_BOUNDARY_ONLY_UNTIL_TOUCH_MANIFEST,Lifecycle golden cases; primary-overlap rejection; correction and outbox contract tests,../session-evidence/hrm/g2-readiness/validate_hrm_readiness.py,DERIVED_NON_AUTHORITATIVE:python3 ../session-evidence/hrm/g2-readiness/validate_hrm_readiness.py,G2-HRM-BASE,hrm-readiness,../session-evidence/hrm/g4/slices/base-tfr-hrm-008/runbook.md,../session-evidence/hrm/g4/slices/base-tfr-hrm-008/telemetry-evidence.json,../session-evidence/hrm/g4/slices/base-tfr-hrm-008/migration-clean-upgrade-evidence.json,../session-evidence/hrm/g4/slices/base-tfr-hrm-008/recovery-evidence.json,../session-evidence/hrm/g4/slices/base-tfr-hrm-008/acceptance-evidence.json,DERIVED_NON_AUTHORITATIVE:./gradlew :dwp-people-server:test --tests '*HrmG3SliceContractTest' -PhrisSlice=BASE-TFR-HRM-008|./gradlew :dwp-people-server:test --tests '*HrmMigrationCleanUpgradeTest' -PhrisSlice=BASE-TFR-HRM-008|./gradlew :dwp-people-server:test --tests '*HrmWorkerRecoveryTest' -PhrisSlice=BASE-TFR-HRM-008,G3CMD-HRM-BE,G3CMD-HRM-FE,apps/dwp/src/features/hris/people/__tests__/g3-slices/base-tfr-hrm-008.slice.test.tsx,authorization-negative|feature-flag-event-forward-correction|idempotency-cas|migration-clean-upgrade-rls-backfill|runbook-rollback-forward-correction|telemetry-alert|tenant-isolation|worker-crash-replay,G3-CODE-GO-BASE-TFR-HRM-008,SEALED_G2_EXACT_CONTRACTS_AND_CENTRAL_ALLOCATION_PASS,OPEN_G3_CODE,NOT_STARTED_G3,NOT_AUTHORIZED_G6
BASE-TFR-HRM-009,BASE_TARGET_FAMILY,TFR-HRM-009,HRM,HRIS-HRM,HRM,23593695008480f8100a3040dd21cc7011c3078b113902dc6b9e2e357084352a,21,955d0c9f9c98b5aaf8512f3216cf0885d25c77d1c513557b91b47adb15834f76,G3A_BASE_009,DEP-001|DEP-002|DEP-003|DEP-016,HRIS_EMPLOYEE_SERVICE,BASE:hr-certificates-documents|BASE:my-hr-requests,BASE:hr-certificates-documents|BASE:my-hr-requests,,EVT-HRM:CertificateIssued.v1|EVT-HRM:EmployeeChangeApplied.v1|EVT-HRM:WorkerSeparated.v1|IAQ-003|IAQ-010|PEP-HRM-003|PEP-HRM-004|PEP-HRM-005|PEP-HRM-012|PEP-HRM-013,EVT-HRM:CertificateIssued.v1|IAQ-003|IAQ-010|PEP-HRM-012,EVT-HRM:EmployeeChangeApplied.v1|EVT-HRM:WorkerSeparated.v1|PEP-HRM-003|PEP-HRM-004|PEP-HRM-005|PEP-HRM-013,,,,hcm.operations.certificate.issue|hcm.operations.people.update|hcm.operations.people.view|hcm.personal.certificate.request|hcm.personal.profile.update|hcm.personal.requests.view|hcm.team.people-change.request,../session-evidence/hrm/g2-readiness/api-event-contracts.v1.json|../session-evidence/hrm/g2-readiness/physical-schema-blueprint.sql|../session-evidence/hrm/g2-readiness/state-guard-idempotency-recovery.md|ia-entry-query-api-contract-register.csv|ia-entry-query-field-type-register.csv|ia-entry-query-projection-schemas.v1.json|ia-entry-query-runtime-invariant-register.csv,DEP-001|DEP-002|DEP-003|DEP-016,G3-HRM-BE-MIGRATION|G3-HRM-BE-SOURCE|G3-HRM-BE-TEST|G3-HRM-FE-SOURCE,MIG-HRM-PEOPLE-51-73,OWNER_ALLOCATED_IF_SCHEMA_TOUCH_WITHIN_UNRESERVED_VERSION,ALLOCATION_BOUNDARY_ONLY_UNTIL_TOUCH_MANIFEST,"Document digest, template snapshot, seal/signature, revoke, expiry and access-log tests",../session-evidence/hrm/g2-readiness/validate_hrm_readiness.py,DERIVED_NON_AUTHORITATIVE:python3 ../session-evidence/hrm/g2-readiness/validate_hrm_readiness.py,G2-HRM-BASE,hrm-readiness,../session-evidence/hrm/g4/slices/base-tfr-hrm-009/runbook.md,../session-evidence/hrm/g4/slices/base-tfr-hrm-009/telemetry-evidence.json,../session-evidence/hrm/g4/slices/base-tfr-hrm-009/migration-clean-upgrade-evidence.json,../session-evidence/hrm/g4/slices/base-tfr-hrm-009/recovery-evidence.json,../session-evidence/hrm/g4/slices/base-tfr-hrm-009/acceptance-evidence.json,DERIVED_NON_AUTHORITATIVE:./gradlew :dwp-people-server:test --tests '*HrmG3SliceContractTest' -PhrisSlice=BASE-TFR-HRM-009|./gradlew :dwp-people-server:test --tests '*HrmMigrationCleanUpgradeTest' -PhrisSlice=BASE-TFR-HRM-009|./gradlew :dwp-people-server:test --tests '*HrmWorkerRecoveryTest' -PhrisSlice=BASE-TFR-HRM-009,G3CMD-HRM-BE,G3CMD-HRM-FE,apps/dwp/src/features/hris/people/__tests__/g3-slices/base-tfr-hrm-009.slice.test.tsx,authorization-negative|feature-flag-event-forward-correction|idempotency-cas|migration-clean-upgrade-rls-backfill|runbook-rollback-forward-correction|telemetry-alert|tenant-isolation|worker-crash-replay,G3-CODE-GO-BASE-TFR-HRM-009,SEALED_G2_EXACT_CONTRACTS_AND_CENTRAL_ALLOCATION_PASS,OPEN_G3_CODE,NOT_STARTED_G3,NOT_AUTHORIZED_G6
BASE-TFR-HRM-010,BASE_TARGET_FAMILY,TFR-HRM-010,HRM,HRIS-HRM,HRM,3800c0ebee1b35406e2f3c4fdbaf678b0b50a159ff8821543776728d8b26c5b1,73,6543fcbbb962f2368cff65b1dcb10a2eea505f58348ff1d54d93c929a3f05295,G3A_BASE_010,DEP-001|DEP-002|DEP-003|DEP-016,HRIS_EMPLOYEE_SERVICE,BASE:hr-employee-change-requests|BASE:my-hr-requests|BASE:team-people-changes,BASE:hr-employee-change-requests,BASE:my-hr-requests|BASE:team-people-changes,EVT-HRM:AssignmentChanged.v1|EVT-HRM:CertificateIssued.v1|EVT-HRM:EmployeeChangeApplied.v1|EVT-HRM:WorkerSeparated.v1|IAQ-009|PEP-HRM-003|PEP-HRM-004|PEP-HRM-005|PEP-HRM-006|PEP-HRM-007|PEP-HRM-008|PEP-HRM-009|PEP-HRM-012|PEP-HRM-013|SVC-PEP-HRM-001,EVT-HRM:EmployeeChangeApplied.v1|IAQ-009|PEP-HRM-003|PEP-HRM-004|PEP-HRM-005|SVC-PEP-HRM-001,EVT-HRM:AssignmentChanged.v1|EVT-HRM:CertificateIssued.v1|EVT-HRM:WorkerSeparated.v1|PEP-HRM-006|PEP-HRM-007|PEP-HRM-008|PEP-HRM-009|PEP-HRM-012|PEP-HRM-013,,,,hcm.operations.certificate.issue|hcm.operations.people-change.approve|hcm.operations.people.update|hcm.operations.people.view|hcm.personal.certificate.request|hcm.personal.profile.update|hcm.personal.requests.view|hcm.team.people-change.request|hcm.team.people-change.view,../session-evidence/hrm/g2-readiness/api-event-contracts.v1.json|../session-evidence/hrm/g2-readiness/physical-schema-blueprint.sql|../session-evidence/hrm/g2-readiness/state-guard-idempotency-recovery.md|ia-entry-query-api-contract-register.csv|ia-entry-query-field-type-register.csv|ia-entry-query-projection-schemas.v1.json|ia-entry-query-runtime-invariant-register.csv,DEP-001|DEP-002|DEP-003|DEP-016,G3-HRM-BE-MIGRATION|G3-HRM-BE-SOURCE|G3-HRM-BE-TEST|G3-HRM-FE-SOURCE,MIG-HRM-PEOPLE-51-73,OWNER_ALLOCATED_IF_SCHEMA_TOUCH_WITHIN_UNRESERVED_VERSION,ALLOCATION_BOUNDARY_ONLY_UNTIL_TOUCH_MANIFEST,"Request-submit-decide-apply golden journey; evidence, stale, replay and no-self-approval tests",../session-evidence/hrm/g2-readiness/validate_hrm_readiness.py,DERIVED_NON_AUTHORITATIVE:python3 ../session-evidence/hrm/g2-readiness/validate_hrm_readiness.py,G2-HRM-BASE,hrm-readiness,../session-evidence/hrm/g4/slices/base-tfr-hrm-010/runbook.md,../session-evidence/hrm/g4/slices/base-tfr-hrm-010/telemetry-evidence.json,../session-evidence/hrm/g4/slices/base-tfr-hrm-010/migration-clean-upgrade-evidence.json,../session-evidence/hrm/g4/slices/base-tfr-hrm-010/recovery-evidence.json,../session-evidence/hrm/g4/slices/base-tfr-hrm-010/acceptance-evidence.json,DERIVED_NON_AUTHORITATIVE:./gradlew :dwp-people-server:test --tests '*HrmG3SliceContractTest' -PhrisSlice=BASE-TFR-HRM-010|./gradlew :dwp-people-server:test --tests '*HrmMigrationCleanUpgradeTest' -PhrisSlice=BASE-TFR-HRM-010|./gradlew :dwp-people-server:test --tests '*HrmWorkerRecoveryTest' -PhrisSlice=BASE-TFR-HRM-010,G3CMD-HRM-BE,G3CMD-HRM-FE,apps/dwp/src/features/hris/people/__tests__/g3-slices/base-tfr-hrm-010.slice.test.tsx,authorization-negative|feature-flag-event-forward-correction|idempotency-cas|migration-clean-upgrade-rls-backfill|runbook-rollback-forward-correction|telemetry-alert|tenant-isolation|worker-crash-replay,G3-CODE-GO-BASE-TFR-HRM-010,SEALED_G2_EXACT_CONTRACTS_AND_CENTRAL_ALLOCATION_PASS,OPEN_G3_CODE,NOT_STARTED_G3,NOT_AUTHORIZED_G6
BASE-TFR-HRM-011,BASE_TARGET_FAMILY,TFR-HRM-011,HRM,HRIS-HRM,HRM,48c146cb90d7b21db80b1a0e24ab032d7ed50904b722bd01ac424b553c033c97,30,a116c59a958d23b3a4708e72694941f375c381a52f20b8228b94b64eaefa3fd3,G3A_BASE_011,DEP-001|DEP-002|DEP-003|DEP-007|DEP-008|DEP-016,HRIS_EMPLOYMENT,BASE:hr-contracts-compensation-basis|BASE:my-employment-documents,BASE:hr-contracts-compensation-basis,BASE:my-employment-documents,EVT-HRM:AssignmentChanged.v1|EVT-HRM:CompensationBasisChanged.v1|EVT-HRM:EmploymentChanged.v1|EVT-HRM:EmploymentContractIssued.v1|EVT-HRM:WorkerBankAccountTokenChanged.v1|EVT-HRM:WorkerChanged.v1|EVT-HRM:WorkerDependentEligibilityChanged.v1|EVT-HRM:WorkerHired.v1|EVT-HRM:WorkerTaxIdentityChanged.v1|EVT-HRM:WorkplaceChanged.v1|IAQ-008|PEP-HRM-006|PEP-HRM-007|PEP-HRM-008|PEP-HRM-009|PEP-HRM-011|SVC-PEP-HRM-003|SVC-PEP-HRM-005|XCON-002|XCON-007|XCON-017|XCON-018|XCON-019,EVT-HRM:CompensationBasisChanged.v1|EVT-HRM:EmploymentContractIssued.v1|EVT-HRM:WorkerBankAccountTokenChanged.v1|EVT-HRM:WorkerDependentEligibilityChanged.v1|EVT-HRM:WorkerTaxIdentityChanged.v1|IAQ-008|PEP-HRM-011|SVC-PEP-HRM-003|SVC-PEP-HRM-005|XCON-002|XCON-007|XCON-017|XCON-018|XCON-019,EVT-HRM:AssignmentChanged.v1|EVT-HRM:EmploymentChanged.v1|EVT-HRM:WorkerChanged.v1|EVT-HRM:WorkerHired.v1|EVT-HRM:WorkplaceChanged.v1|PEP-HRM-006|PEP-HRM-007|PEP-HRM-008|PEP-HRM-009,XCON-002|XCON-007|XCON-017|XCON-018|XCON-019,,,hcm.operations.contract.issue|hcm.operations.people.view|hcm.personal.profile.view,../session-evidence/hrm/g2-readiness/api-event-contracts.v1.json|../session-evidence/hrm/g2-readiness/physical-schema-blueprint.sql|../session-evidence/hrm/g2-readiness/state-guard-idempotency-recovery.md|ia-entry-query-api-contract-register.csv|ia-entry-query-field-type-register.csv|ia-entry-query-projection-schemas.v1.json|ia-entry-query-runtime-invariant-register.csv,DEP-001|DEP-002|DEP-003|DEP-008|DEP-016,G3-HRM-BE-MIGRATION|G3-HRM-BE-SOURCE|G3-HRM-BE-TEST|G3-HRM-FE-SOURCE,MIG-HRM-PEOPLE-51-73,OWNER_ALLOCATED_IF_SCHEMA_TOUCH_WITHIN_UNRESERVED_VERSION,ALLOCATION_BOUNDARY_ONLY_UNTIL_TOUCH_MANIFEST,"Template snapshot, target, amount, signature, effective-date, expiry and retention tests",../session-evidence/hrm/g2-readiness/validate_hrm_readiness.py,DERIVED_NON_AUTHORITATIVE:python3 ../session-evidence/hrm/g2-readiness/validate_hrm_readiness.py,G2-HRM-BASE,hrm-readiness,../session-evidence/hrm/g4/slices/base-tfr-hrm-011/runbook.md,../session-evidence/hrm/g4/slices/base-tfr-hrm-011/telemetry-evidence.json,../session-evidence/hrm/g4/slices/base-tfr-hrm-011/migration-clean-upgrade-evidence.json,../session-evidence/hrm/g4/slices/base-tfr-hrm-011/recovery-evidence.json,../session-evidence/hrm/g4/slices/base-tfr-hrm-011/acceptance-evidence.json,DERIVED_NON_AUTHORITATIVE:./gradlew :dwp-people-server:test --tests '*HrmG3SliceContractTest' -PhrisSlice=BASE-TFR-HRM-011|./gradlew :dwp-people-server:test --tests '*HrmMigrationCleanUpgradeTest' -PhrisSlice=BASE-TFR-HRM-011|./gradlew :dwp-people-server:test --tests '*HrmWorkerRecoveryTest' -PhrisSlice=BASE-TFR-HRM-011,G3CMD-HRM-BE,G3CMD-HRM-FE,apps/dwp/src/features/hris/people/__tests__/g3-slices/base-tfr-hrm-011.slice.test.tsx,authorization-negative|feature-flag-event-forward-correction|idempotency-cas|migration-clean-upgrade-rls-backfill|runbook-rollback-forward-correction|telemetry-alert|tenant-isolation|worker-crash-replay,G3-CODE-GO-BASE-TFR-HRM-011,SEALED_G2_EXACT_CONTRACTS_AND_CENTRAL_ALLOCATION_PASS,OPEN_G3_CODE,NOT_STARTED_G3,NOT_AUTHORIZED_G6
BASE-TFR-HRM-012,BASE_TARGET_FAMILY,TFR-HRM-012,HRM,HRIS-HRM,HRM,045228002731f170aa64cc37b82e02ff85a49873efaed9998486dcfbe8e99739,49,728313b255b966a57f16952637141fd31c7e67a433ef3ef462bf7a501ab73b81,G3A_BASE_012,DEP-001|DEP-002|DEP-003|DEP-016,HRIS_INTEGRATION,BASE:hr-data-quality,BASE:hr-data-quality,,EVT-HRM:WorkforceIngestionReconciled.v1|IAQ-012|PEP-HRM-015,EVT-HRM:WorkforceIngestionReconciled.v1|IAQ-012|PEP-HRM-015,,,,,hcm.operations.people.view,../session-evidence/hrm/g2-readiness/api-event-contracts.v1.json|../session-evidence/hrm/g2-readiness/physical-schema-blueprint.sql|../session-evidence/hrm/g2-readiness/state-guard-idempotency-recovery.md|ia-entry-query-api-contract-register.csv|ia-entry-query-field-type-register.csv|ia-entry-query-projection-schemas.v1.json|ia-entry-query-runtime-invariant-register.csv,DEP-001|DEP-002|DEP-003|DEP-016,G3-HRM-BE-MIGRATION|G3-HRM-BE-SOURCE|G3-HRM-BE-TEST|G3-HRM-FE-SOURCE,MIG-HRM-PEOPLE-51-73,OWNER_ALLOCATED_IF_SCHEMA_TOUCH_WITHIN_UNRESERVED_VERSION,ALLOCATION_BOUNDARY_ONLY_UNTIL_TOUCH_MANIFEST,"Adapter conformance, schema mapping, idempotent ingest, quarantine, replay and reconciliation tests",../session-evidence/hrm/g2-readiness/validate_hrm_readiness.py,DERIVED_NON_AUTHORITATIVE:python3 ../session-evidence/hrm/g2-readiness/validate_hrm_readiness.py,G2-HRM-BASE,hrm-readiness,../session-evidence/hrm/g4/slices/base-tfr-hrm-012/runbook.md,../session-evidence/hrm/g4/slices/base-tfr-hrm-012/telemetry-evidence.json,../session-evidence/hrm/g4/slices/base-tfr-hrm-012/migration-clean-upgrade-evidence.json,../session-evidence/hrm/g4/slices/base-tfr-hrm-012/recovery-evidence.json,../session-evidence/hrm/g4/slices/base-tfr-hrm-012/acceptance-evidence.json,DERIVED_NON_AUTHORITATIVE:./gradlew :dwp-people-server:test --tests '*HrmG3SliceContractTest' -PhrisSlice=BASE-TFR-HRM-012|./gradlew :dwp-people-server:test --tests '*HrmMigrationCleanUpgradeTest' -PhrisSlice=BASE-TFR-HRM-012|./gradlew :dwp-people-server:test --tests '*HrmWorkerRecoveryTest' -PhrisSlice=BASE-TFR-HRM-012,G3CMD-HRM-BE,G3CMD-HRM-FE,apps/dwp/src/features/hris/people/__tests__/g3-slices/base-tfr-hrm-012.slice.test.tsx,authorization-negative|feature-flag-event-forward-correction|idempotency-cas|migration-clean-upgrade-rls-backfill|runbook-rollback-forward-correction|telemetry-alert|tenant-isolation|worker-crash-replay,G3-CODE-GO-BASE-TFR-HRM-012,SEALED_G2_EXACT_CONTRACTS_AND_CENTRAL_ALLOCATION_PASS,OPEN_G3_CODE,NOT_STARTED_G3,NOT_AUTHORIZED_G6
BASE-TFR-HRM-013,BASE_TARGET_FAMILY,TFR-HRM-013,HRM,HRIS-HRM,HRM,93814fefff93603210a584bcf442cf7b05b7e9524e35074ae0789498a9947db0,23,680abd033ab56154f972bdbb7f90e5b7bd29c506c31bd169e46bc9a20efb04b1,G3A_BASE_013,DEP-001|DEP-002|DEP-003|DEP-016,HRIS_EMPLOYMENT,BASE:hr-exit-return|BASE:my-hr-requests,BASE:hr-exit-return,BASE:my-hr-requests,EVT-HRM:CertificateIssued.v1|EVT-HRM:EmployeeChangeApplied.v1|EVT-HRM:WorkerSeparated.v1|IAQ-011|PEP-HRM-003|PEP-HRM-004|PEP-HRM-005|PEP-HRM-012|PEP-HRM-013,EVT-HRM:WorkerSeparated.v1|IAQ-011|PEP-HRM-013,EVT-HRM:CertificateIssued.v1|EVT-HRM:EmployeeChangeApplied.v1|PEP-HRM-003|PEP-HRM-004|PEP-HRM-005|PEP-HRM-012,,,,hcm.operations.certificate.issue|hcm.operations.people.update|hcm.operations.people.view|hcm.operations.separation.manage|hcm.personal.certificate.request|hcm.personal.profile.update|hcm.personal.requests.view|hcm.team.people-change.request,../session-evidence/hrm/g2-readiness/api-event-contracts.v1.json|../session-evidence/hrm/g2-readiness/physical-schema-blueprint.sql|../session-evidence/hrm/g2-readiness/state-guard-idempotency-recovery.md|ia-entry-query-api-contract-register.csv|ia-entry-query-field-type-register.csv|ia-entry-query-projection-schemas.v1.json|ia-entry-query-runtime-invariant-register.csv,DEP-001|DEP-002|DEP-003|DEP-016,G3-HRM-BE-MIGRATION|G3-HRM-BE-SOURCE|G3-HRM-BE-TEST|G3-HRM-FE-SOURCE,MIG-HRM-PEOPLE-51-73,OWNER_ALLOCATED_IF_SCHEMA_TOUCH_WITHIN_UNRESERVED_VERSION,ALLOCATION_BOUNDARY_ONLY_UNTIL_TOUCH_MANIFEST,"Exit-return case, checklist, reversal, downstream handoff and immutable-history tests",../session-evidence/hrm/g2-readiness/validate_hrm_readiness.py,DERIVED_NON_AUTHORITATIVE:python3 ../session-evidence/hrm/g2-readiness/validate_hrm_readiness.py,G2-HRM-BASE,hrm-readiness,../session-evidence/hrm/g4/slices/base-tfr-hrm-013/runbook.md,../session-evidence/hrm/g4/slices/base-tfr-hrm-013/telemetry-evidence.json,../session-evidence/hrm/g4/slices/base-tfr-hrm-013/migration-clean-upgrade-evidence.json,../session-evidence/hrm/g4/slices/base-tfr-hrm-013/recovery-evidence.json,../session-evidence/hrm/g4/slices/base-tfr-hrm-013/acceptance-evidence.json,DERIVED_NON_AUTHORITATIVE:./gradlew :dwp-people-server:test --tests '*HrmG3SliceContractTest' -PhrisSlice=BASE-TFR-HRM-013|./gradlew :dwp-people-server:test --tests '*HrmMigrationCleanUpgradeTest' -PhrisSlice=BASE-TFR-HRM-013|./gradlew :dwp-people-server:test --tests '*HrmWorkerRecoveryTest' -PhrisSlice=BASE-TFR-HRM-013,G3CMD-HRM-BE,G3CMD-HRM-FE,apps/dwp/src/features/hris/people/__tests__/g3-slices/base-tfr-hrm-013.slice.test.tsx,authorization-negative|feature-flag-event-forward-correction|idempotency-cas|migration-clean-upgrade-rls-backfill|runbook-rollback-forward-correction|telemetry-alert|tenant-isolation|worker-crash-replay,G3-CODE-GO-BASE-TFR-HRM-013,SEALED_G2_EXACT_CONTRACTS_AND_CENTRAL_ALLOCATION_PASS,OPEN_G3_CODE,NOT_STARTED_G3,NOT_AUTHORIZED_G6
BASE-TFR-HRM-014,BASE_TARGET_FAMILY,TFR-HRM-014,HRM,HRIS-HRM,HRM,f83412aed61970f2a9fd7843aba10ea6226b1a8aba754a0e36762d7bec8979d6,12,d6312f500ada523f54ffa037682b3bf15c2f823ff7e385f479b00b792139487a,G3A_BASE_014,DEP-001|DEP-002|DEP-003|DEP-004|DEP-015|DEP-016,DWP_HRIS_CONFIGURATION,BASE:settings-documents-communications,BASE:settings-documents-communications,,PLAT-004|SYS-API-011|SYS-API-012|SYS-API-013|SYS-API-014|SYS-API-015|SYS-API-016|SYS-API-033,,PLAT-004|SYS-API-011|SYS-API-012|SYS-API-013|SYS-API-014|SYS-API-015|SYS-API-016|SYS-API-033,,,,hcm.configuration.policy.publish|hcm.configuration.policy.update|hcm.integration.transfer.view,../session-evidence/hrm/g2-readiness/physical-schema-blueprint.sql|../session-evidence/hrm/g2-readiness/state-guard-idempotency-recovery.md|../session-evidence/hrm/g2-readiness/api-event-contracts.v1.json,DEP-001|DEP-002|DEP-003|DEP-004|DEP-015|DEP-016,G3-HRM-BE-MIGRATION|G3-HRM-BE-SOURCE|G3-HRM-BE-TEST|G3-HRM-FE-SOURCE,MIG-HRM-PEOPLE-51-73,OWNER_ALLOCATED_IF_SCHEMA_TOUCH_WITHIN_UNRESERVED_VERSION,ALLOCATION_BOUNDARY_ONLY_UNTIL_TOUCH_MANIFEST,"Template schema, sample render, approval, publication, rollback and secret-free rendering tests",../session-evidence/hrm/g2-readiness/validate_hrm_readiness.py,DERIVED_NON_AUTHORITATIVE:python3 ../session-evidence/hrm/g2-readiness/validate_hrm_readiness.py,G2-HRM-BASE,hrm-readiness,../session-evidence/hrm/g4/slices/base-tfr-hrm-014/runbook.md,../session-evidence/hrm/g4/slices/base-tfr-hrm-014/telemetry-evidence.json,../session-evidence/hrm/g4/slices/base-tfr-hrm-014/migration-clean-upgrade-evidence.json,../session-evidence/hrm/g4/slices/base-tfr-hrm-014/recovery-evidence.json,../session-evidence/hrm/g4/slices/base-tfr-hrm-014/acceptance-evidence.json,DERIVED_NON_AUTHORITATIVE:./gradlew :dwp-people-server:test --tests '*HrmG3SliceContractTest' -PhrisSlice=BASE-TFR-HRM-014|./gradlew :dwp-people-server:test --tests '*HrmMigrationCleanUpgradeTest' -PhrisSlice=BASE-TFR-HRM-014|./gradlew :dwp-people-server:test --tests '*HrmWorkerRecoveryTest' -PhrisSlice=BASE-TFR-HRM-014,G3CMD-HRM-BE,G3CMD-HRM-FE,apps/dwp/src/features/hris/people/__tests__/g3-slices/base-tfr-hrm-014.slice.test.tsx,authorization-negative|feature-flag-event-forward-correction|idempotency-cas|migration-clean-upgrade-rls-backfill|runbook-rollback-forward-correction|telemetry-alert|tenant-isolation|worker-crash-replay,G3-CODE-GO-BASE-TFR-HRM-014,SEALED_G2_EXACT_CONTRACTS_AND_CENTRAL_ALLOCATION_PASS,OPEN_G3_CODE,NOT_STARTED_G3,NOT_AUTHORIZED_G6
BASE-TFR-HRM-016,BASE_TARGET_FAMILY,TFR-HRM-016,HRM,HRIS-HRM,HRM,a8cf0d9ccc78c5829ef86d11212046a8899b022aef5ea6cc57d16a27d294c6b5,52,2554379be5b68227be9c43deebc274ab19da5774bce66c8c45c9943f56480941,G3A_BASE_016,DEP-001|DEP-002|DEP-003|DEP-004|DEP-016,DWP_HRIS_CONFIGURATION,NON_UI_SUPPORTING_SLICE,,,SYS-API-011|SYS-API-012|SYS-API-013|SYS-API-014|SYS-API-015|SYS-API-016|SYS-EVT-003,,SYS-API-011|SYS-API-012|SYS-API-013|SYS-API-014|SYS-API-015|SYS-API-016|SYS-EVT-003,,,,../session-evidence/hrm/g2-readiness/authorization-field-policy.csv,../session-evidence/hrm/g2-readiness/physical-schema-blueprint.sql|../session-evidence/hrm/g2-readiness/state-guard-idempotency-recovery.md|../session-evidence/hrm/g2-readiness/api-event-contracts.v1.json,DEP-001|DEP-002|DEP-003|DEP-004|DEP-016,G3-HRM-BE-MIGRATION|G3-HRM-BE-SOURCE|G3-HRM-BE-TEST|G3-HRM-FE-SOURCE,MIG-HRM-PEOPLE-51-73,OWNER_ALLOCATED_IF_SCHEMA_TOUCH_WITHIN_UNRESERVED_VERSION,ALLOCATION_BOUNDARY_ONLY_UNTIL_TOUCH_MANIFEST,"Draft-validate-simulate-approve-publish, scope, effective-date and rollback tests",../session-evidence/hrm/g2-readiness/validate_hrm_readiness.py,DERIVED_NON_AUTHORITATIVE:python3 ../session-evidence/hrm/g2-readiness/validate_hrm_readiness.py,G2-HRM-BASE,hrm-readiness,../session-evidence/hrm/g4/slices/base-tfr-hrm-016/runbook.md,../session-evidence/hrm/g4/slices/base-tfr-hrm-016/telemetry-evidence.json,../session-evidence/hrm/g4/slices/base-tfr-hrm-016/migration-clean-upgrade-evidence.json,../session-evidence/hrm/g4/slices/base-tfr-hrm-016/recovery-evidence.json,../session-evidence/hrm/g4/slices/base-tfr-hrm-016/acceptance-evidence.json,DERIVED_NON_AUTHORITATIVE:./gradlew :dwp-people-server:test --tests '*HrmG3SliceContractTest' -PhrisSlice=BASE-TFR-HRM-016|./gradlew :dwp-people-server:test --tests '*HrmMigrationCleanUpgradeTest' -PhrisSlice=BASE-TFR-HRM-016|./gradlew :dwp-people-server:test --tests '*HrmWorkerRecoveryTest' -PhrisSlice=BASE-TFR-HRM-016,G3CMD-HRM-BE,G3CMD-HRM-FE,apps/dwp/src/features/hris/people/__tests__/g3-slices/base-tfr-hrm-016.slice.test.tsx,authorization-negative|feature-flag-event-forward-correction|idempotency-cas|migration-clean-upgrade-rls-backfill|runbook-rollback-forward-correction|telemetry-alert|tenant-isolation|worker-crash-replay,G3-CODE-GO-BASE-TFR-HRM-016,SEALED_G2_EXACT_CONTRACTS_AND_CENTRAL_ALLOCATION_PASS,OPEN_G3_CODE,NOT_STARTED_G3,NOT_AUTHORIZED_G6
BASE-TFR-HRM-017,BASE_TARGET_FAMILY,TFR-HRM-017,HRM,HRIS-HRM,HRM,9d1d9b4bcb855d83286affb19020fb7cf6c10d6dc60d610407ea577dd3599989,6,8ef98cec24fc3eeaae112e379f446ee40a5bab5f0309f7b5536de14c6b8f9fe5,G3A_BASE_017,DEP-001|DEP-002|DEP-003|DEP-004|DEP-016,DWP_HRIS_CONFIGURATION,NON_UI_SUPPORTING_SLICE,,,PLAT-005|SYS-API-011|SYS-API-012|SYS-API-013|SYS-API-014|SYS-API-015|SYS-API-016,,PLAT-005|SYS-API-011|SYS-API-012|SYS-API-013|SYS-API-014|SYS-API-015|SYS-API-016,,,,../session-evidence/hrm/g2-readiness/authorization-field-policy.csv,../session-evidence/hrm/g2-readiness/physical-schema-blueprint.sql|../session-evidence/hrm/g2-readiness/state-guard-idempotency-recovery.md|../session-evidence/hrm/g2-readiness/api-event-contracts.v1.json,DEP-001|DEP-002|DEP-003|DEP-004|DEP-016,G3-HRM-BE-MIGRATION|G3-HRM-BE-SOURCE|G3-HRM-BE-TEST|G3-HRM-FE-SOURCE,MIG-HRM-PEOPLE-51-73,OWNER_ALLOCATED_IF_SCHEMA_TOUCH_WITHIN_UNRESERVED_VERSION,ALLOCATION_BOUNDARY_ONLY_UNTIL_TOUCH_MANIFEST,"Purpose, retention, legal-hold, deletion receipt and auditor visibility tests",../session-evidence/hrm/g2-readiness/validate_hrm_readiness.py,DERIVED_NON_AUTHORITATIVE:python3 ../session-evidence/hrm/g2-readiness/validate_hrm_readiness.py,G2-HRM-BASE,hrm-readiness,../session-evidence/hrm/g4/slices/base-tfr-hrm-017/runbook.md,../session-evidence/hrm/g4/slices/base-tfr-hrm-017/telemetry-evidence.json,../session-evidence/hrm/g4/slices/base-tfr-hrm-017/migration-clean-upgrade-evidence.json,../session-evidence/hrm/g4/slices/base-tfr-hrm-017/recovery-evidence.json,../session-evidence/hrm/g4/slices/base-tfr-hrm-017/acceptance-evidence.json,DERIVED_NON_AUTHORITATIVE:./gradlew :dwp-people-server:test --tests '*HrmG3SliceContractTest' -PhrisSlice=BASE-TFR-HRM-017|./gradlew :dwp-people-server:test --tests '*HrmMigrationCleanUpgradeTest' -PhrisSlice=BASE-TFR-HRM-017|./gradlew :dwp-people-server:test --tests '*HrmWorkerRecoveryTest' -PhrisSlice=BASE-TFR-HRM-017,G3CMD-HRM-BE,G3CMD-HRM-FE,apps/dwp/src/features/hris/people/__tests__/g3-slices/base-tfr-hrm-017.slice.test.tsx,authorization-negative|feature-flag-event-forward-correction|idempotency-cas|migration-clean-upgrade-rls-backfill|runbook-rollback-forward-correction|telemetry-alert|tenant-isolation|worker-crash-replay,G3-CODE-GO-BASE-TFR-HRM-017,SEALED_G2_EXACT_CONTRACTS_AND_CENTRAL_ALLOCATION_PASS,OPEN_G3_CODE,NOT_STARTED_G3,NOT_AUTHORIZED_G6
MOD-HRM-HRSD,MODERN_CAPABILITY,HRIS.MODERN.HR_SERVICE_DELIVERY,HRM,HRIS-HRM,HRM,NOT_APPLICABLE_MODERN_CAPABILITY,0,e08a1933a45c83e0f7f62457737051c557212be536d78052a1869eff756c074c,G3B_FOUNDATION,Case workflow|document service|privacy and retention,DWP_PEOPLE_HRIS,MODERN:hcm.operations.hr-services|MODERN:hcm.personal.services,MODERN:hcm.operations.hr-services|MODERN:hcm.personal.services,,/api/people/v1/hris/hr-services/**|HrServiceCaseAssigned.v2|HrServiceCaseCreated.v2|HrServiceCaseResolved.v2|HrServiceCaseResponseRecorded.v2|HrServiceCaseTriaged.v2|IAQ-064|MODOP:modern.hrservice.case.assign|MODOP:modern.hrservice.case.create|MODOP:modern.hrservice.case.query|MODOP:modern.hrservice.case.resolve|MODOP:modern.hrservice.case.respond|MODOP:modern.hrservice.case.triage|MODOP:modern.onboarding.journey.assign|MODOP:modern.onboarding.journey.cancel|MODOP:modern.onboarding.self.query|MODOP:modern.onboarding.task.complete|MODOP:modern.onboarding.template.create|MODOP:modern.onboarding.template.publish|modern.hrservice.case.assign|modern.hrservice.case.create|modern.hrservice.case.query|modern.hrservice.case.resolve|modern.hrservice.case.respond|modern.hrservice.case.triage,HrServiceCaseAssigned.v2|HrServiceCaseCreated.v2|HrServiceCaseResolved.v2|HrServiceCaseResponseRecorded.v2|HrServiceCaseTriaged.v2|IAQ-064|modern.hrservice.case.assign|modern.hrservice.case.create|modern.hrservice.case.query|modern.hrservice.case.resolve|modern.hrservice.case.respond|modern.hrservice.case.triage,/api/people/v1/hris/hr-services/**|MODOP:modern.hrservice.case.assign|MODOP:modern.hrservice.case.create|MODOP:modern.hrservice.case.query|MODOP:modern.hrservice.case.resolve|MODOP:modern.hrservice.case.respond|MODOP:modern.hrservice.case.triage|MODOP:modern.onboarding.journey.assign|MODOP:modern.onboarding.journey.cancel|MODOP:modern.onboarding.self.query|MODOP:modern.onboarding.task.complete|MODOP:modern.onboarding.template.create|MODOP:modern.onboarding.template.publish,,,,hcm.hrservice.case.work|hcm.hrservice.restricted.assign|hcm.hrservice.self.create,CaseSlaReceipt.v1|HrCase.v1|KnowledgeAnswer.v1|ia-entry-query-api-contract-register.csv|ia-entry-query-field-type-register.csv|ia-entry-query-projection-schemas.v1.json|ia-entry-query-runtime-invariant-register.csv|modern-capability-event-payload-contracts.v1.json|modern-capability-exact-schema-contracts.v1.json,DEP-001|DEP-002|DEP-003|DEP-016,G3-HRM-BE-MIGRATION|G3-HRM-BE-SOURCE|G3-HRM-BE-TEST|G3-HRM-FE-SOURCE,MIG-HRM-PEOPLE-51-73,dwp-people-server/src/main/resources/db/migration/V68__hrm_modern_hr_service_delivery.sql,apps/dwp/src/features/hris/employee-services/hr-service|apps/dwp/src/features/hris/employee-services/hr-service/__tests__|contracts/asyncapi/hris/hrm/hr-service-delivery.v1.yaml|contracts/openapi/hris/hrm/hr-service-delivery.v1.yaml|dwp-people-server/src/main/java/com/dwp/services/people/hris/employeeservice/hrservice|dwp-people-server/src/test/java/com/dwp/services/people/hris/employeeservice/hrservice,Journey and SLA tests; restricted-assignment negatives; retention tests; answer provenance evaluation,../session-evidence/hrm/g4/modern/hr-service-delivery/sla-journey-test.json|../session-evidence/hrm/g4/modern/hr-service-delivery/restricted-negative.json,DERIVED_NON_AUTHORITATIVE:python3 coding-readiness/validate_modern_capability_contracts.py --self-test --compact,G2-HRM-MODERN,modern-static-normal|modern-static-self-test,../session-evidence/hrm/g4/slices/mod-hrm-hrsd/runbook.md,../session-evidence/hrm/g4/slices/mod-hrm-hrsd/telemetry-evidence.json,../session-evidence/hrm/g4/slices/mod-hrm-hrsd/migration-clean-upgrade-evidence.json,../session-evidence/hrm/g4/slices/mod-hrm-hrsd/recovery-evidence.json,../session-evidence/hrm/g4/slices/mod-hrm-hrsd/acceptance-evidence.json,DERIVED_NON_AUTHORITATIVE:./gradlew :dwp-people-server:test --tests '*HrmG3SliceContractTest' -PhrisSlice=MOD-HRM-HRSD|./gradlew :dwp-people-server:test --tests '*HrmMigrationCleanUpgradeTest' -PhrisSlice=MOD-HRM-HRSD|./gradlew :dwp-people-server:test --tests '*HrmWorkerRecoveryTest' -PhrisSlice=MOD-HRM-HRSD,G3CMD-HRM-BE,G3CMD-HRM-FE,apps/dwp/src/features/hris/people/__tests__/g3-slices/mod-hrm-hrsd.slice.test.tsx,authorization-negative|feature-flag-event-forward-correction|idempotency-cas|migration-clean-upgrade-rls-backfill|runbook-rollback-forward-correction|telemetry-alert|tenant-isolation|worker-crash-replay,G3-CODE-GO-MOD-HRM-HRSD,SEALED_G2_EXACT_CONTRACTS_AND_CENTRAL_ALLOCATION_PASS,OPEN_G3_CODE,NOT_STARTED_G3,NOT_AUTHORIZED_G6
MOD-HRM-ONBOARD,MODERN_CAPABILITY,HRIS.MODERN.ONBOARDING,HRM,HRIS-HRM,HRM,NOT_APPLICABLE_MODERN_CAPABILITY,0,0eae22586f4579b20c83665da73dac9529c11f3e9f77aee75291b451b3098376,G3B_FOUNDATION,Worker lifecycle|case workflow|document service,DWP_PEOPLE_HRIS,MODERN:hcm.operations.onboarding|MODERN:hcm.personal.services,MODERN:hcm.operations.onboarding,MODERN:hcm.personal.services,/api/people/v1/hris/onboarding/**|IAQ-028|MODOP:modern.hrservice.case.assign|MODOP:modern.hrservice.case.create|MODOP:modern.hrservice.case.query|MODOP:modern.hrservice.case.resolve|MODOP:modern.hrservice.case.respond|MODOP:modern.hrservice.case.triage|MODOP:modern.onboarding.journey.assign|MODOP:modern.onboarding.journey.cancel|MODOP:modern.onboarding.self.query|MODOP:modern.onboarding.task.complete|MODOP:modern.onboarding.template.create|MODOP:modern.onboarding.template.publish|OnboardingJourneyAssigned.v2|OnboardingJourneyCancelled.v2|OnboardingJourneyCompleted.v2|OnboardingTaskCompleted.v2|OnboardingTemplateCreated.v2|OnboardingTemplatePublished.v2|modern.onboarding.journey.assign|modern.onboarding.journey.cancel|modern.onboarding.self.query|modern.onboarding.task.complete|modern.onboarding.template.create|modern.onboarding.template.publish,IAQ-028|OnboardingJourneyAssigned.v2|OnboardingJourneyCancelled.v2|OnboardingJourneyCompleted.v2|OnboardingTaskCompleted.v2|OnboardingTemplateCreated.v2|OnboardingTemplatePublished.v2|modern.onboarding.journey.assign|modern.onboarding.journey.cancel|modern.onboarding.self.query|modern.onboarding.task.complete|modern.onboarding.template.create|modern.onboarding.template.publish,/api/people/v1/hris/onboarding/**|MODOP:modern.hrservice.case.assign|MODOP:modern.hrservice.case.create|MODOP:modern.hrservice.case.query|MODOP:modern.hrservice.case.resolve|MODOP:modern.hrservice.case.respond|MODOP:modern.hrservice.case.triage|MODOP:modern.onboarding.journey.assign|MODOP:modern.onboarding.journey.cancel|MODOP:modern.onboarding.self.query|MODOP:modern.onboarding.task.complete|MODOP:modern.onboarding.template.create|MODOP:modern.onboarding.template.publish,,,,hcm.onboarding.operate|hcm.onboarding.self.view|hcm.onboarding.task.complete,JourneyTaskEvidence.v1|JourneyTemplate.v1|WorkerJourneyAssignment.v1|ia-entry-query-api-contract-register.csv|ia-entry-query-field-type-register.csv|ia-entry-query-projection-schemas.v1.json|ia-entry-query-runtime-invariant-register.csv|modern-capability-event-payload-contracts.v1.json|modern-capability-exact-schema-contracts.v1.json,DEP-001|DEP-002|DEP-003|DEP-007|DEP-016,G3-HRM-BE-MIGRATION|G3-HRM-BE-SOURCE|G3-HRM-BE-TEST|G3-HRM-FE-SOURCE,MIG-HRM-PEOPLE-51-73,dwp-people-server/src/main/resources/db/migration/V65__hrm_modern_onboarding.sql,apps/dwp/src/features/hris/employee-services/onboarding|apps/dwp/src/features/hris/employee-services/onboarding/__tests__|contracts/asyncapi/hris/hrm/onboarding.v1.yaml|contracts/openapi/hris/hrm/onboarding.v1.yaml|dwp-people-server/src/main/java/com/dwp/services/people/hris/employeeservice/onboarding|dwp-people-server/src/test/java/com/dwp/services/people/hris/employeeservice/onboarding,Journey tests; idempotent assignment; due-date and owner tests; completion evidence reconciliation,../session-evidence/hrm/g4/modern/onboarding/journey-test.json|../session-evidence/hrm/g4/modern/onboarding/idempotency-test.json,DERIVED_NON_AUTHORITATIVE:python3 coding-readiness/validate_modern_capability_contracts.py --self-test --compact,G2-HRM-MODERN,modern-static-normal|modern-static-self-test,../session-evidence/hrm/g4/slices/mod-hrm-onboard/runbook.md,../session-evidence/hrm/g4/slices/mod-hrm-onboard/telemetry-evidence.json,../session-evidence/hrm/g4/slices/mod-hrm-onboard/migration-clean-upgrade-evidence.json,../session-evidence/hrm/g4/slices/mod-hrm-onboard/recovery-evidence.json,../session-evidence/hrm/g4/slices/mod-hrm-onboard/acceptance-evidence.json,DERIVED_NON_AUTHORITATIVE:./gradlew :dwp-people-server:test --tests '*HrmG3SliceContractTest' -PhrisSlice=MOD-HRM-ONBOARD|./gradlew :dwp-people-server:test --tests '*HrmMigrationCleanUpgradeTest' -PhrisSlice=MOD-HRM-ONBOARD|./gradlew :dwp-people-server:test --tests '*HrmWorkerRecoveryTest' -PhrisSlice=MOD-HRM-ONBOARD,G3CMD-HRM-BE,G3CMD-HRM-FE,apps/dwp/src/features/hris/people/__tests__/g3-slices/mod-hrm-onboard.slice.test.tsx,authorization-negative|feature-flag-event-forward-correction|idempotency-cas|migration-clean-upgrade-rls-backfill|runbook-rollback-forward-correction|telemetry-alert|tenant-isolation|worker-crash-replay,G3-CODE-GO-MOD-HRM-ONBOARD,SEALED_G2_EXACT_CONTRACTS_AND_CENTRAL_ALLOCATION_PASS,OPEN_G3_CODE,NOT_STARTED_G3,NOT_AUTHORIZED_G6
MOD-HRM-BENEFITS,MODERN_CAPABILITY,HRIS.MODERN.BENEFITS_ADMIN,HRM,HRIS-HRM,HRM,NOT_APPLICABLE_MODERN_CAPABILITY,0,a4a9c656949c3b134c31f3c26941c724e292d97ca28afef9884f380eae5f1557,G3C_EXPERIENCE,Worker-dependent relationship|eligibility rules|effective dating,DWP_PEOPLE_HRIS,MODERN:hcm.operations.benefits|MODERN:hcm.personal.benefits,MODERN:hcm.operations.benefits|MODERN:hcm.personal.benefits,,/api/people/v1/hris/benefits/**|BenefitEnrollmentDecided.v2|BenefitEnrollmentSubmitted.v2|BenefitLifeEventSubmitted.v2|BenefitPlanCreated.v2|BenefitPlanPublished.v2|IAQ-031|MODOP:modern.benefits.enrollment.decide|MODOP:modern.benefits.enrollment.submit|MODOP:modern.benefits.lifeevent.submit|MODOP:modern.benefits.plan.create|MODOP:modern.benefits.plan.publish|MODOP:modern.benefits.self.plans.query|modern.benefits.enrollment.decide|modern.benefits.enrollment.submit|modern.benefits.lifeevent.submit|modern.benefits.plan.create|modern.benefits.plan.publish|modern.benefits.self.plans.query,BenefitEnrollmentDecided.v2|BenefitEnrollmentSubmitted.v2|BenefitLifeEventSubmitted.v2|BenefitPlanCreated.v2|BenefitPlanPublished.v2|IAQ-031|modern.benefits.enrollment.decide|modern.benefits.enrollment.submit|modern.benefits.lifeevent.submit|modern.benefits.plan.create|modern.benefits.plan.publish|modern.benefits.self.plans.query,/api/people/v1/hris/benefits/**|MODOP:modern.benefits.enrollment.decide|MODOP:modern.benefits.enrollment.submit|MODOP:modern.benefits.lifeevent.submit|MODOP:modern.benefits.plan.create|MODOP:modern.benefits.plan.publish|MODOP:modern.benefits.self.plans.query,,,,hcm.benefits.operate|hcm.benefits.self.enroll|hcm.benefits.self.view,BenefitEnrollment.v1|BenefitLifeEvent.v1|BenefitPlan.v1|ia-entry-query-api-contract-register.csv|ia-entry-query-field-type-register.csv|ia-entry-query-projection-schemas.v1.json|ia-entry-query-runtime-invariant-register.csv|modern-capability-event-payload-contracts.v1.json|modern-capability-exact-schema-contracts.v1.json,DEP-001|DEP-002|DEP-003|DEP-007|DEP-016,G3-HRM-BE-MIGRATION|G3-HRM-BE-SOURCE|G3-HRM-BE-TEST|G3-HRM-FE-SOURCE,MIG-HRM-PEOPLE-51-73,dwp-people-server/src/main/resources/db/migration/V67__hrm_modern_benefits_admin.sql,apps/dwp/src/features/hris/employee-services/benefits|apps/dwp/src/features/hris/employee-services/benefits/__tests__|contracts/asyncapi/hris/hrm/benefits-admin.v1.yaml|contracts/openapi/hris/hrm/benefits-admin.v1.yaml|dwp-people-server/src/main/java/com/dwp/services/people/hris/employeeservice/benefits|dwp-people-server/src/test/java/com/dwp/services/people/hris/employeeservice/benefits,Eligibility property tests; life-event state machine; dependent privacy negatives; provider contract tests,../session-evidence/hrm/g4/modern/benefits-admin/eligibility-property-test.json|../session-evidence/hrm/g4/modern/benefits-admin/privacy-negative.json,DERIVED_NON_AUTHORITATIVE:python3 coding-readiness/validate_modern_capability_contracts.py --self-test --compact,G2-HRM-MODERN,modern-static-normal|modern-static-self-test,../session-evidence/hrm/g4/slices/mod-hrm-benefits/runbook.md,../session-evidence/hrm/g4/slices/mod-hrm-benefits/telemetry-evidence.json,../session-evidence/hrm/g4/slices/mod-hrm-benefits/migration-clean-upgrade-evidence.json,../session-evidence/hrm/g4/slices/mod-hrm-benefits/recovery-evidence.json,../session-evidence/hrm/g4/slices/mod-hrm-benefits/acceptance-evidence.json,DERIVED_NON_AUTHORITATIVE:./gradlew :dwp-people-server:test --tests '*HrmG3SliceContractTest' -PhrisSlice=MOD-HRM-BENEFITS|./gradlew :dwp-people-server:test --tests '*HrmMigrationCleanUpgradeTest' -PhrisSlice=MOD-HRM-BENEFITS|./gradlew :dwp-people-server:test --tests '*HrmWorkerRecoveryTest' -PhrisSlice=MOD-HRM-BENEFITS,G3CMD-HRM-BE,G3CMD-HRM-FE,apps/dwp/src/features/hris/people/__tests__/g3-slices/mod-hrm-benefits.slice.test.tsx,authorization-negative|feature-flag-event-forward-correction|idempotency-cas|migration-clean-upgrade-rls-backfill|runbook-rollback-forward-correction|telemetry-alert|tenant-isolation|worker-crash-replay,G3-CODE-GO-MOD-HRM-BENEFITS,SEALED_G2_EXACT_CONTRACTS_AND_CENTRAL_ALLOCATION_PASS,OPEN_G3_CODE,NOT_STARTED_G3,NOT_AUTHORIZED_G6
MOD-HRM-CONTINGENT,MODERN_CAPABILITY,HRIS.MODERN.CONTINGENT_WORKFORCE,HRM,HRIS-HRM,HRM,NOT_APPLICABLE_MODERN_CAPABILITY,0,e5cd490f093cd7ecce4fad99d1b6277aa0baf58ad000f3beacb1c9ed2c708243,G3C_EXPERIENCE,Person-Worker identity|vendor boundary|access expiry,DWP_PEOPLE_HRIS,MODERN:hcm.operations.contingent-workforce,MODERN:hcm.operations.contingent-workforce,,/api/people/v1/hris/contingent-workforce/**|ContingentAccessExpired.v2|ContingentEngagementActivated.v2|ContingentEngagementClosed.v2|ContingentEngagementCreated.v2|ContingentEngagementOffboardingStarted.v2|ContingentEngagementSubmitted.v2|MODOP:modern.contingent.engagement.activate|MODOP:modern.contingent.engagement.close|MODOP:modern.contingent.engagement.create|MODOP:modern.contingent.engagement.offboard|MODOP:modern.contingent.engagement.submit|MODOP:modern.contingent.engagements.query|modern.contingent.engagement.activate|modern.contingent.engagement.close|modern.contingent.engagement.create|modern.contingent.engagement.offboard|modern.contingent.engagement.submit|modern.contingent.engagements.query,ContingentAccessExpired.v2|ContingentEngagementActivated.v2|ContingentEngagementClosed.v2|ContingentEngagementCreated.v2|ContingentEngagementOffboardingStarted.v2|ContingentEngagementSubmitted.v2|modern.contingent.engagement.activate|modern.contingent.engagement.close|modern.contingent.engagement.create|modern.contingent.engagement.offboard|modern.contingent.engagement.submit|modern.contingent.engagements.query,/api/people/v1/hris/contingent-workforce/**|MODOP:modern.contingent.engagement.activate|MODOP:modern.contingent.engagement.close|MODOP:modern.contingent.engagement.create|MODOP:modern.contingent.engagement.offboard|MODOP:modern.contingent.engagement.submit|MODOP:modern.contingent.engagements.query,,,,hcm.contingent.offboard|hcm.contingent.operate|hcm.contingent.view,AccessExpiryReceipt.v1|ContingentEngagement.v1|SponsorAssignment.v1|modern-capability-event-payload-contracts.v1.json|modern-capability-exact-schema-contracts.v1.json,DEP-001|DEP-002|DEP-003|DEP-007|DEP-016,G3-HRM-BE-MIGRATION|G3-HRM-BE-SOURCE|G3-HRM-BE-TEST|G3-HRM-FE-SOURCE,MIG-HRM-PEOPLE-51-73,dwp-people-server/src/main/resources/db/migration/V69__hrm_modern_contingent_workforce.sql,apps/dwp/src/features/hris/people/contingent-workforce|apps/dwp/src/features/hris/people/contingent-workforce/__tests__|contracts/asyncapi/hris/hrm/contingent-workforce.v1.yaml|contracts/openapi/hris/hrm/contingent-workforce.v1.yaml|dwp-people-server/src/main/java/com/dwp/services/people/hris/people/contingent|dwp-people-server/src/test/java/com/dwp/services/people/hris/people/contingent,Classification tests; expiry enforcement; tenant/vendor isolation; offboarding reconciliation,../session-evidence/hrm/g4/modern/contingent-workforce/classification-test.json|../session-evidence/hrm/g4/modern/contingent-workforce/expiry-enforcement.json,DERIVED_NON_AUTHORITATIVE:python3 coding-readiness/validate_modern_capability_contracts.py --self-test --compact,G2-HRM-MODERN,modern-static-normal|modern-static-self-test,../session-evidence/hrm/g4/slices/mod-hrm-contingent/runbook.md,../session-evidence/hrm/g4/slices/mod-hrm-contingent/telemetry-evidence.json,../session-evidence/hrm/g4/slices/mod-hrm-contingent/migration-clean-upgrade-evidence.json,../session-evidence/hrm/g4/slices/mod-hrm-contingent/recovery-evidence.json,../session-evidence/hrm/g4/slices/mod-hrm-contingent/acceptance-evidence.json,DERIVED_NON_AUTHORITATIVE:./gradlew :dwp-people-server:test --tests '*HrmG3SliceContractTest' -PhrisSlice=MOD-HRM-CONTINGENT|./gradlew :dwp-people-server:test --tests '*HrmMigrationCleanUpgradeTest' -PhrisSlice=MOD-HRM-CONTINGENT|./gradlew :dwp-people-server:test --tests '*HrmWorkerRecoveryTest' -PhrisSlice=MOD-HRM-CONTINGENT,G3CMD-HRM-BE,G3CMD-HRM-FE,apps/dwp/src/features/hris/people/__tests__/g3-slices/mod-hrm-contingent.slice.test.tsx,authorization-negative|feature-flag-event-forward-correction|idempotency-cas|migration-clean-upgrade-rls-backfill|runbook-rollback-forward-correction|telemetry-alert|tenant-isolation|worker-crash-replay,G3-CODE-GO-MOD-HRM-CONTINGENT,SEALED_G2_EXACT_CONTRACTS_AND_CENTRAL_ALLOCATION_PASS,OPEN_G3_CODE,NOT_STARTED_G3,NOT_AUTHORIZED_G6
MOD-HRM-RECRUIT,MODERN_CAPABILITY,HRIS.MODERN.RECRUITING_ATS,HRM,HRIS-HRM,HRM,NOT_APPLICABLE_MODERN_CAPABILITY,0,8ec0187415ad41de7fef2b548e882a63262db22f912aa6fd7d844b4694a387bc,G3C_EXPERIENCE,Job-Position-Org snapshot|candidate privacy|case workflow,DWP_PEOPLE_HRIS,MODERN:hcm.operations.recruiting,MODERN:hcm.operations.recruiting,,/api/people/v1/hris/recruiting/**|CandidateHireHandoffRequested.v2|CandidateHired.v2|CandidateOfferIssued.v2|CandidateStageChanged.v2|MODOP:modern.recruiting.candidate.stage|MODOP:modern.recruiting.hire.record|MODOP:modern.recruiting.offer.issue|MODOP:modern.recruiting.requisition.create|MODOP:modern.recruiting.requisition.publish|MODOP:modern.recruiting.requisitions.query|RequisitionCreated.v2|RequisitionPublished.v2|modern.recruiting.candidate.stage|modern.recruiting.hire.record|modern.recruiting.offer.issue|modern.recruiting.requisition.create|modern.recruiting.requisition.publish|modern.recruiting.requisitions.query,CandidateHireHandoffRequested.v2|CandidateHired.v2|CandidateOfferIssued.v2|CandidateStageChanged.v2|RequisitionCreated.v2|RequisitionPublished.v2|modern.recruiting.candidate.stage|modern.recruiting.hire.record|modern.recruiting.offer.issue|modern.recruiting.requisition.create|modern.recruiting.requisition.publish|modern.recruiting.requisitions.query,/api/people/v1/hris/recruiting/**|MODOP:modern.recruiting.candidate.stage|MODOP:modern.recruiting.hire.record|MODOP:modern.recruiting.offer.issue|MODOP:modern.recruiting.requisition.create|MODOP:modern.recruiting.requisition.publish|MODOP:modern.recruiting.requisitions.query,,,,hcm.recruiting.decide|hcm.recruiting.operate|hcm.recruiting.view,CandidateCase.v1|HireHandoff.v1|Offer.v1|Requisition.v1|modern-capability-event-payload-contracts.v1.json|modern-capability-exact-schema-contracts.v1.json,DEP-001|DEP-002|DEP-003|DEP-007|DEP-016,G3-HRM-BE-MIGRATION|G3-HRM-BE-SOURCE|G3-HRM-BE-TEST|G3-HRM-FE-SOURCE,MIG-HRM-PEOPLE-51-73,dwp-people-server/src/main/resources/db/migration/V64__hrm_modern_recruiting_ats.sql,apps/dwp/src/features/hris/people/recruiting|apps/dwp/src/features/hris/people/recruiting/__tests__|contracts/asyncapi/hris/hrm/recruiting-ats.v1.yaml|contracts/openapi/hris/hrm/recruiting-ats.v1.yaml|dwp-people-server/src/main/java/com/dwp/services/people/hris/people/recruiting|dwp-people-server/src/test/java/com/dwp/services/people/hris/people/recruiting,State-machine tests; candidate privacy and retention negatives; human-decision audit; hire handoff contract,../session-evidence/hrm/g4/modern/recruiting-ats/state-machine-test.json|../session-evidence/hrm/g4/modern/recruiting-ats/privacy-negative.json,DERIVED_NON_AUTHORITATIVE:python3 coding-readiness/validate_modern_capability_contracts.py --self-test --compact,G2-HRM-MODERN,modern-static-normal|modern-static-self-test,../session-evidence/hrm/g4/slices/mod-hrm-recruit/runbook.md,../session-evidence/hrm/g4/slices/mod-hrm-recruit/telemetry-evidence.json,../session-evidence/hrm/g4/slices/mod-hrm-recruit/migration-clean-upgrade-evidence.json,../session-evidence/hrm/g4/slices/mod-hrm-recruit/recovery-evidence.json,../session-evidence/hrm/g4/slices/mod-hrm-recruit/acceptance-evidence.json,DERIVED_NON_AUTHORITATIVE:./gradlew :dwp-people-server:test --tests '*HrmG3SliceContractTest' -PhrisSlice=MOD-HRM-RECRUIT|./gradlew :dwp-people-server:test --tests '*HrmMigrationCleanUpgradeTest' -PhrisSlice=MOD-HRM-RECRUIT|./gradlew :dwp-people-server:test --tests '*HrmWorkerRecoveryTest' -PhrisSlice=MOD-HRM-RECRUIT,G3CMD-HRM-BE,G3CMD-HRM-FE,apps/dwp/src/features/hris/people/__tests__/g3-slices/mod-hrm-recruit.slice.test.tsx,authorization-negative|feature-flag-event-forward-correction|idempotency-cas|migration-clean-upgrade-rls-backfill|runbook-rollback-forward-correction|telemetry-alert|tenant-isolation|worker-crash-replay,G3-CODE-GO-MOD-HRM-RECRUIT,SEALED_G2_EXACT_CONTRACTS_AND_CENTRAL_ALLOCATION_PASS,OPEN_G3_CODE,NOT_STARTED_G3,NOT_AUTHORIZED_G6
MOD-HRM-WFP,MODERN_CAPABILITY,HRIS.MODERN.WORKFORCE_PLANNING,HRM,HRIS-HRM,HRM,NOT_APPLICABLE_MODERN_CAPABILITY,0,3fb542f62631f6c6f305859528249fad1dcde38db586a7f46ddb03e4a731b097,G3D_OPTIMIZATION,As-of organization|position|compensation cost projection,DWP_PEOPLE_HRIS,MODERN:hcm.operations.workforce-planning,MODERN:hcm.operations.workforce-planning,,/api/people/v1/hris/workforce-planning/**|MODOP:modern.workforceplan.scenario.approve|MODOP:modern.workforceplan.scenario.create|MODOP:modern.workforceplan.scenario.publish|MODOP:modern.workforceplan.scenario.simulate|MODOP:modern.workforceplan.scenario.submit|MODOP:modern.workforceplan.scenarios.query|WorkforceScenarioCreated.v2|WorkforceScenarioDecisionRecorded.v2|WorkforceScenarioPublished.v2|WorkforceScenarioSimulated.v2|WorkforceScenarioSubmitted.v2|modern.workforceplan.scenario.approve|modern.workforceplan.scenario.create|modern.workforceplan.scenario.publish|modern.workforceplan.scenario.simulate|modern.workforceplan.scenario.submit|modern.workforceplan.scenarios.query,WorkforceScenarioCreated.v2|WorkforceScenarioDecisionRecorded.v2|WorkforceScenarioPublished.v2|WorkforceScenarioSimulated.v2|WorkforceScenarioSubmitted.v2|modern.workforceplan.scenario.approve|modern.workforceplan.scenario.create|modern.workforceplan.scenario.publish|modern.workforceplan.scenario.simulate|modern.workforceplan.scenario.submit|modern.workforceplan.scenarios.query,/api/people/v1/hris/workforce-planning/**|MODOP:modern.workforceplan.scenario.approve|MODOP:modern.workforceplan.scenario.create|MODOP:modern.workforceplan.scenario.publish|MODOP:modern.workforceplan.scenario.simulate|MODOP:modern.workforceplan.scenario.submit|MODOP:modern.workforceplan.scenarios.query,,,,hcm.workforce.plan.model|hcm.workforce.plan.publish|hcm.workforce.plan.view,WorkforcePlanPublishReceipt.v1|WorkforceScenario.v1|WorkforceScenarioRevision.v1|modern-capability-event-payload-contracts.v1.json|modern-capability-exact-schema-contracts.v1.json,DEP-001|DEP-002|DEP-003|DEP-007|DEP-016,G3-HRM-BE-MIGRATION|G3-HRM-BE-SOURCE|G3-HRM-BE-TEST|G3-HRM-FE-SOURCE,MIG-HRM-PEOPLE-51-73,dwp-people-server/src/main/resources/db/migration/V66__hrm_modern_workforce_planning.sql,apps/dwp/src/features/hris/organization/workforce-planning|apps/dwp/src/features/hris/organization/workforce-planning/__tests__|contracts/asyncapi/hris/hrm/workforce-planning.v1.yaml|contracts/openapi/hris/hrm/workforce-planning.v1.yaml|dwp-people-server/src/main/java/com/dwp/services/people/hris/organization/workforceplanning|dwp-people-server/src/test/java/com/dwp/services/people/hris/organization/workforceplanning,Scenario determinism; as-of tests; approval and SoD negatives; publish reconciliation,../session-evidence/hrm/g4/modern/workforce-planning/determinism-test.json|../session-evidence/hrm/g4/modern/workforce-planning/approval-negative.json,DERIVED_NON_AUTHORITATIVE:python3 coding-readiness/validate_modern_capability_contracts.py --self-test --compact,G2-HRM-MODERN,modern-static-normal|modern-static-self-test,../session-evidence/hrm/g4/slices/mod-hrm-wfp/runbook.md,../session-evidence/hrm/g4/slices/mod-hrm-wfp/telemetry-evidence.json,../session-evidence/hrm/g4/slices/mod-hrm-wfp/migration-clean-upgrade-evidence.json,../session-evidence/hrm/g4/slices/mod-hrm-wfp/recovery-evidence.json,../session-evidence/hrm/g4/slices/mod-hrm-wfp/acceptance-evidence.json,DERIVED_NON_AUTHORITATIVE:./gradlew :dwp-people-server:test --tests '*HrmG3SliceContractTest' -PhrisSlice=MOD-HRM-WFP|./gradlew :dwp-people-server:test --tests '*HrmMigrationCleanUpgradeTest' -PhrisSlice=MOD-HRM-WFP|./gradlew :dwp-people-server:test --tests '*HrmWorkerRecoveryTest' -PhrisSlice=MOD-HRM-WFP,G3CMD-HRM-BE,G3CMD-HRM-FE,apps/dwp/src/features/hris/people/__tests__/g3-slices/mod-hrm-wfp.slice.test.tsx,authorization-negative|feature-flag-event-forward-correction|idempotency-cas|migration-clean-upgrade-rls-backfill|runbook-rollback-forward-correction|telemetry-alert|tenant-isolation|worker-crash-replay,G3-CODE-GO-MOD-HRM-WFP,SEALED_G2_EXACT_CONTRACTS_AND_CENTRAL_ALLOCATION_PASS,OPEN_G3_CODE,NOT_STARTED_G3,NOT_AUTHORIZED_G6
BASE-TFR-PAY-001,BASE_TARGET_FAMILY,TFR-PAY-001,PAY,HRIS-PAY,PAY,e90acf4d7cdb3127484465b09d14fa566bf8f546ad29ccc28aa589ce71f353f6,7,678baab8d8580715b6002fea3e1c266cc7fc83d57e3ae20bbbd5ed91e0f0f9ad,G3A_BASE_001,DEP-001|DEP-002|DEP-003|DEP-015|DEP-016,PAYROLL_STATUTORY,NON_UI_SUPPORTING_SLICE,,,PLAT-004,,PLAT-004,,,,../session-evidence/pay/g2-authorization.md,../session-evidence/pay/g2-physical-schema.sql|../session-evidence/pay/g2-runtime-controls.md|../session-evidence/pay/g2-api-event-contracts.json,DEP-001|DEP-002|DEP-003|DEP-015|DEP-016,G3-PAY-BE-MIGRATION|G3-PAY-BE-SOURCE|G3-PAY-BE-TEST|G3-PAY-FE-SOURCE,MIG-PAY-PAYROLL-1-49,OWNER_ALLOCATED_IF_SCHEMA_TOUCH_WITHIN_UNRESERVED_VERSION,ALLOCATION_BOUNDARY_ONLY_UNTIL_TOUCH_MANIFEST,safe template reference; masking; delivery receipt; opt-out/purpose tests,../session-evidence/pay/validate_readiness.py,DERIVED_NON_AUTHORITATIVE:python3 ../session-evidence/pay/validate_readiness.py,G2-PAY-BASE,pay-readiness,../session-evidence/pay/g4/slices/base-tfr-pay-001/runbook.md,../session-evidence/pay/g4/slices/base-tfr-pay-001/telemetry-evidence.json,../session-evidence/pay/g4/slices/base-tfr-pay-001/migration-clean-upgrade-evidence.json,../session-evidence/pay/g4/slices/base-tfr-pay-001/recovery-evidence.json,../session-evidence/pay/g4/slices/base-tfr-pay-001/acceptance-evidence.json,DERIVED_NON_AUTHORITATIVE:./gradlew :dwp-payroll-server:test --tests '*PayrollG3SliceContractTest' -PhrisSlice=BASE-TFR-PAY-001|./gradlew :dwp-payroll-server:test --tests '*PayrollMigrationCleanUpgradeTest' -PhrisSlice=BASE-TFR-PAY-001|./gradlew :dwp-payroll-server:test --tests '*PayrollWorkerRecoveryTest' -PhrisSlice=BASE-TFR-PAY-001,G3CMD-PAY-BE,G3CMD-PAY-FE,apps/dwp/src/features/hris/payroll/__tests__/g3-slices/base-tfr-pay-001.slice.test.tsx,authorization-negative|feature-flag-event-forward-correction|idempotency-cas|migration-clean-upgrade-rls-backfill|runbook-rollback-forward-correction|telemetry-alert|tenant-isolation|worker-crash-replay,G3-CODE-GO-BASE-TFR-PAY-001,SEALED_G2_EXACT_CONTRACTS_AND_CENTRAL_ALLOCATION_PASS,OPEN_G3_CODE,NOT_STARTED_G3,NOT_AUTHORIZED_G6
BASE-TFR-PAY-002,BASE_TARGET_FAMILY,TFR-PAY-002,PAY,HRIS-PAY,PAY,812ba196e0a799bf6e91571753aed1c229df046db3b29fc4ee80e6bca16dda32,7,67b34e7a32220a36f9072065e583e07c94376cd8061eefd5e1784a02cd4df150,G3A_BASE_002,DEP-001|DEP-002|DEP-003|DEP-006|DEP-016,PAYROLL_STATUTORY,NON_UI_SUPPORTING_SLICE,,,PEP-PAY-003|PEP-PAY-009|SYS-API-021|SYS-API-022|SYS-API-023|SYS-API-024|SYS-API-025,,PEP-PAY-003|PEP-PAY-009|SYS-API-021|SYS-API-022|SYS-API-023|SYS-API-024|SYS-API-025,,,,../session-evidence/pay/g2-authorization.md,../session-evidence/pay/g2-physical-schema.sql|../session-evidence/pay/g2-runtime-controls.md|../session-evidence/pay/g2-api-event-contracts.json,DEP-001|DEP-002|DEP-003|DEP-006|DEP-016,G3-PAY-BE-MIGRATION|G3-PAY-BE-SOURCE|G3-PAY-BE-TEST|G3-PAY-FE-SOURCE,MIG-PAY-PAYROLL-1-49,OWNER_ALLOCATED_IF_SCHEMA_TOUCH_WITHIN_UNRESERVED_VERSION,ALLOCATION_BOUNDARY_ONLY_UNTIL_TOUCH_MANIFEST,allowlist/secret-ref/schema/mapping/idempotency/retry/DLQ/reconciliation tests,../session-evidence/pay/validate_readiness.py,DERIVED_NON_AUTHORITATIVE:python3 ../session-evidence/pay/validate_readiness.py,G2-PAY-BASE,pay-readiness,../session-evidence/pay/g4/slices/base-tfr-pay-002/runbook.md,../session-evidence/pay/g4/slices/base-tfr-pay-002/telemetry-evidence.json,../session-evidence/pay/g4/slices/base-tfr-pay-002/migration-clean-upgrade-evidence.json,../session-evidence/pay/g4/slices/base-tfr-pay-002/recovery-evidence.json,../session-evidence/pay/g4/slices/base-tfr-pay-002/acceptance-evidence.json,DERIVED_NON_AUTHORITATIVE:./gradlew :dwp-payroll-server:test --tests '*PayrollG3SliceContractTest' -PhrisSlice=BASE-TFR-PAY-002|./gradlew :dwp-payroll-server:test --tests '*PayrollMigrationCleanUpgradeTest' -PhrisSlice=BASE-TFR-PAY-002|./gradlew :dwp-payroll-server:test --tests '*PayrollWorkerRecoveryTest' -PhrisSlice=BASE-TFR-PAY-002,G3CMD-PAY-BE,G3CMD-PAY-FE,apps/dwp/src/features/hris/payroll/__tests__/g3-slices/base-tfr-pay-002.slice.test.tsx,authorization-negative|feature-flag-event-forward-correction|idempotency-cas|migration-clean-upgrade-rls-backfill|runbook-rollback-forward-correction|telemetry-alert|tenant-isolation|worker-crash-replay,G3-CODE-GO-BASE-TFR-PAY-002,SEALED_G2_EXACT_CONTRACTS_AND_CENTRAL_ALLOCATION_PASS,OPEN_G3_CODE,NOT_STARTED_G3,NOT_AUTHORIZED_G6
BASE-TFR-PAY-003,BASE_TARGET_FAMILY,TFR-PAY-003,PAY,HRIS-PAY,PAY,852755d8c1550d2b76842c45e87e9822e12209165780e63ae72d3b9af68d6a41,34,51c311e4b03a062ffdf7805609513b045db6b2b852bc0ac75c51e3bb766769dd,G3A_BASE_003,DEP-001|DEP-002|DEP-003|DEP-016,PAYROLL_STATUTORY,BASE:pay-tax-social-insurance|BASE:settings-statutory,BASE:pay-tax-social-insurance|BASE:settings-statutory,,EVT-PAY:PayrollCalculated|EVT-PAY:YearEndCaseChanged|IAQ-026|IAQ-048|PEP-PAY-004|PEP-PAY-005|PEP-PAY-008|PEP-PAY-012|PEP-PAY-014|PEP-PAY-028|PEP-PAY-029|PEP-PAY-030|PEP-PAY-031,IAQ-026|IAQ-048|PEP-PAY-028,EVT-PAY:PayrollCalculated|EVT-PAY:YearEndCaseChanged|PEP-PAY-004|PEP-PAY-005|PEP-PAY-008|PEP-PAY-012|PEP-PAY-014|PEP-PAY-029|PEP-PAY-030|PEP-PAY-031,,,,hcm.configuration.workbench.view|hcm.operations.payroll-inputs.update|hcm.operations.payroll-run.execute|hcm.operations.payroll-support.view|hcm.operations.statutory.execute,../session-evidence/pay/g2-api-event-contracts.json|../session-evidence/pay/g2-physical-schema.sql|../session-evidence/pay/g2-runtime-controls.md|ia-entry-query-api-contract-register.csv|ia-entry-query-field-type-register.csv|ia-entry-query-projection-schemas.v1.json|ia-entry-query-runtime-invariant-register.csv,DEP-001|DEP-002|DEP-003|DEP-016,G3-PAY-BE-MIGRATION|G3-PAY-BE-SOURCE|G3-PAY-BE-TEST|G3-PAY-FE-SOURCE,MIG-PAY-PAYROLL-1-49,OWNER_ALLOCATED_IF_SCHEMA_TOUCH_WITHIN_UNRESERVED_VERSION,ALLOCATION_BOUNDARY_ONLY_UNTIL_TOUCH_MANIFEST,pack framework tests now; official rate/effective-date/rounding/filing golden evidence gates activation only,../session-evidence/pay/validate_readiness.py,DERIVED_NON_AUTHORITATIVE:python3 ../session-evidence/pay/validate_readiness.py,G2-PAY-BASE,pay-readiness,../session-evidence/pay/g4/slices/base-tfr-pay-003/runbook.md,../session-evidence/pay/g4/slices/base-tfr-pay-003/telemetry-evidence.json,../session-evidence/pay/g4/slices/base-tfr-pay-003/migration-clean-upgrade-evidence.json,../session-evidence/pay/g4/slices/base-tfr-pay-003/recovery-evidence.json,../session-evidence/pay/g4/slices/base-tfr-pay-003/acceptance-evidence.json,DERIVED_NON_AUTHORITATIVE:./gradlew :dwp-payroll-server:test --tests '*PayrollG3SliceContractTest' -PhrisSlice=BASE-TFR-PAY-003|./gradlew :dwp-payroll-server:test --tests '*PayrollMigrationCleanUpgradeTest' -PhrisSlice=BASE-TFR-PAY-003|./gradlew :dwp-payroll-server:test --tests '*PayrollWorkerRecoveryTest' -PhrisSlice=BASE-TFR-PAY-003,G3CMD-PAY-BE,G3CMD-PAY-FE,apps/dwp/src/features/hris/payroll/__tests__/g3-slices/base-tfr-pay-003.slice.test.tsx,authorization-negative|feature-flag-event-forward-correction|idempotency-cas|migration-clean-upgrade-rls-backfill|runbook-rollback-forward-correction|telemetry-alert|tenant-isolation|worker-crash-replay,G3-CODE-GO-BASE-TFR-PAY-003,SEALED_G2_EXACT_CONTRACTS_AND_CENTRAL_ALLOCATION_PASS,OPEN_G3_CODE,NOT_STARTED_G3,NOT_AUTHORIZED_G6
BASE-TFR-PAY-004,BASE_TARGET_FAMILY,TFR-PAY-004,PAY,HRIS-PAY,PAY,e3907422f10a20d8e186c1aada2e540f8d23a901b34b55205f61bca235679465,119,04f5bef0cab4c4d50e01f01249f90b2f2174c47772d9c80f54c6e26a9a2bb761,G3A_BASE_004,DEP-001|DEP-002|DEP-003|DEP-016,PAYROLL_STATUTORY,BASE:pay-retirement|BASE:settings-statutory,BASE:pay-retirement,BASE:settings-statutory,EVT-PAY:PayrollCalculated|EVT-PAY:YearEndCaseChanged|IAQ-049|PEP-PAY-012|PEP-PAY-014|PEP-PAY-028|PEP-PAY-029|PEP-PAY-030|PEP-PAY-031,IAQ-049,EVT-PAY:PayrollCalculated|EVT-PAY:YearEndCaseChanged|PEP-PAY-012|PEP-PAY-014|PEP-PAY-028|PEP-PAY-029|PEP-PAY-030|PEP-PAY-031,,,,hcm.configuration.workbench.view|hcm.operations.payroll-run.execute|hcm.operations.payroll-support.view|hcm.operations.statutory.execute,../session-evidence/pay/g2-api-event-contracts.json|../session-evidence/pay/g2-physical-schema.sql|../session-evidence/pay/g2-runtime-controls.md|ia-entry-query-api-contract-register.csv|ia-entry-query-field-type-register.csv|ia-entry-query-projection-schemas.v1.json|ia-entry-query-runtime-invariant-register.csv,DEP-001|DEP-002|DEP-003|DEP-016,G3-PAY-BE-MIGRATION|G3-PAY-BE-SOURCE|G3-PAY-BE-TEST|G3-PAY-FE-SOURCE,MIG-PAY-PAYROLL-1-49,OWNER_ALLOCATED_IF_SCHEMA_TOUCH_WITHIN_UNRESERVED_VERSION,ALLOCATION_BOUNDARY_ONLY_UNTIL_TOUCH_MANIFEST,generic pack/state tests now; official formula/report/provider evidence gates activation only,../session-evidence/pay/validate_readiness.py,DERIVED_NON_AUTHORITATIVE:python3 ../session-evidence/pay/validate_readiness.py,G2-PAY-BASE,pay-readiness,../session-evidence/pay/g4/slices/base-tfr-pay-004/runbook.md,../session-evidence/pay/g4/slices/base-tfr-pay-004/telemetry-evidence.json,../session-evidence/pay/g4/slices/base-tfr-pay-004/migration-clean-upgrade-evidence.json,../session-evidence/pay/g4/slices/base-tfr-pay-004/recovery-evidence.json,../session-evidence/pay/g4/slices/base-tfr-pay-004/acceptance-evidence.json,DERIVED_NON_AUTHORITATIVE:./gradlew :dwp-payroll-server:test --tests '*PayrollG3SliceContractTest' -PhrisSlice=BASE-TFR-PAY-004|./gradlew :dwp-payroll-server:test --tests '*PayrollMigrationCleanUpgradeTest' -PhrisSlice=BASE-TFR-PAY-004|./gradlew :dwp-payroll-server:test --tests '*PayrollWorkerRecoveryTest' -PhrisSlice=BASE-TFR-PAY-004,G3CMD-PAY-BE,G3CMD-PAY-FE,apps/dwp/src/features/hris/payroll/__tests__/g3-slices/base-tfr-pay-004.slice.test.tsx,authorization-negative|feature-flag-event-forward-correction|idempotency-cas|migration-clean-upgrade-rls-backfill|runbook-rollback-forward-correction|telemetry-alert|tenant-isolation|worker-crash-replay,G3-CODE-GO-BASE-TFR-PAY-004,SEALED_G2_EXACT_CONTRACTS_AND_CENTRAL_ALLOCATION_PASS,OPEN_G3_CODE,NOT_STARTED_G3,NOT_AUTHORIZED_G6
BASE-TFR-PAY-005,BASE_TARGET_FAMILY,TFR-PAY-005,PAY,HRIS-PAY,PAY,e8fbf7b7340bc32a3fbadfec536a6ca5a6622da1bf7027702967f0b08fcd8677,16,9b0bffcf5aa84ae0753f162f4f917c69d6ec72945822b857bd54bceefc29045e,G3A_BASE_005,DEP-001|DEP-002|DEP-003|DEP-016,PAYROLL_STATUTORY,BASE:pay-tax-social-insurance|BASE:settings-statutory,,BASE:pay-tax-social-insurance|BASE:settings-statutory,EVT-PAY:PayrollCalculated|EVT-PAY:YearEndCaseChanged|PEP-PAY-004|PEP-PAY-005|PEP-PAY-008|PEP-PAY-012|PEP-PAY-014|PEP-PAY-028|PEP-PAY-029|PEP-PAY-030|PEP-PAY-031,,EVT-PAY:PayrollCalculated|EVT-PAY:YearEndCaseChanged|PEP-PAY-004|PEP-PAY-005|PEP-PAY-008|PEP-PAY-012|PEP-PAY-014|PEP-PAY-028|PEP-PAY-029|PEP-PAY-030|PEP-PAY-031,,,,hcm.configuration.workbench.view|hcm.operations.payroll-inputs.update|hcm.operations.payroll-run.execute|hcm.operations.payroll-support.view|hcm.operations.statutory.execute,../session-evidence/pay/g2-physical-schema.sql|../session-evidence/pay/g2-runtime-controls.md|../session-evidence/pay/g2-api-event-contracts.json,DEP-001|DEP-002|DEP-003|DEP-016,G3-PAY-BE-MIGRATION|G3-PAY-BE-SOURCE|G3-PAY-BE-TEST|G3-PAY-FE-SOURCE,MIG-PAY-PAYROLL-1-49,OWNER_ALLOCATED_IF_SCHEMA_TOUCH_WITHIN_UNRESERVED_VERSION,ALLOCATION_BOUNDARY_ONLY_UNTIL_TOUCH_MANIFEST,pack framework tests now; official tax/effective-date/rounding/filing golden evidence gates activation only,../session-evidence/pay/validate_readiness.py,DERIVED_NON_AUTHORITATIVE:python3 ../session-evidence/pay/validate_readiness.py,G2-PAY-BASE,pay-readiness,../session-evidence/pay/g4/slices/base-tfr-pay-005/runbook.md,../session-evidence/pay/g4/slices/base-tfr-pay-005/telemetry-evidence.json,../session-evidence/pay/g4/slices/base-tfr-pay-005/migration-clean-upgrade-evidence.json,../session-evidence/pay/g4/slices/base-tfr-pay-005/recovery-evidence.json,../session-evidence/pay/g4/slices/base-tfr-pay-005/acceptance-evidence.json,DERIVED_NON_AUTHORITATIVE:./gradlew :dwp-payroll-server:test --tests '*PayrollG3SliceContractTest' -PhrisSlice=BASE-TFR-PAY-005|./gradlew :dwp-payroll-server:test --tests '*PayrollMigrationCleanUpgradeTest' -PhrisSlice=BASE-TFR-PAY-005|./gradlew :dwp-payroll-server:test --tests '*PayrollWorkerRecoveryTest' -PhrisSlice=BASE-TFR-PAY-005,G3CMD-PAY-BE,G3CMD-PAY-FE,apps/dwp/src/features/hris/payroll/__tests__/g3-slices/base-tfr-pay-005.slice.test.tsx,authorization-negative|feature-flag-event-forward-correction|idempotency-cas|migration-clean-upgrade-rls-backfill|runbook-rollback-forward-correction|telemetry-alert|tenant-isolation|worker-crash-replay,G3-CODE-GO-BASE-TFR-PAY-005,SEALED_G2_EXACT_CONTRACTS_AND_CENTRAL_ALLOCATION_PASS,OPEN_G3_CODE,NOT_STARTED_G3,NOT_AUTHORIZED_G6
BASE-TFR-PAY-006,BASE_TARGET_FAMILY,TFR-PAY-006,PAY,HRIS-PAY,PAY,1becffe45dd5701bfda428c64e2c4d718209bf4b9f859b622799f75901017dba,63,8cff6ccaf5031170dc49070d45db0286d0e90dcfef83bc5d3c43dd74c78ac30d,G3A_BASE_006,DEP-001|DEP-002|DEP-003|DEP-004|DEP-016,PAYROLL_STATUTORY,BASE:settings-payroll,BASE:settings-payroll,,EVT-PAY:PayrollConfigurationPublished|EVT-PAY:PolicyPublished|IAQ-055|PEP-PAY-002|PEP-PAY-003|PEP-PAY-004|PEP-PAY-005|PEP-PAY-006|PEP-PAY-007|PEP-PAY-008|SYS-API-011|SYS-API-012|SYS-API-013|SYS-API-014|SYS-API-015|SYS-API-016,EVT-PAY:PayrollConfigurationPublished|IAQ-055|PEP-PAY-004|PEP-PAY-005|PEP-PAY-006|PEP-PAY-007|PEP-PAY-008,EVT-PAY:PolicyPublished|PEP-PAY-002|PEP-PAY-003|SYS-API-011|SYS-API-012|SYS-API-013|SYS-API-014|SYS-API-015|SYS-API-016,,,,hcm.configuration.policy.publish|hcm.configuration.policy.update|hcm.configuration.workbench.view,../session-evidence/pay/g2-api-event-contracts.json|../session-evidence/pay/g2-physical-schema.sql|../session-evidence/pay/g2-runtime-controls.md|ia-entry-query-api-contract-register.csv|ia-entry-query-field-type-register.csv|ia-entry-query-projection-schemas.v1.json|ia-entry-query-runtime-invariant-register.csv,DEP-001|DEP-002|DEP-003|DEP-004|DEP-016,G3-PAY-BE-MIGRATION|G3-PAY-BE-SOURCE|G3-PAY-BE-TEST|G3-PAY-FE-SOURCE,MIG-PAY-PAYROLL-1-49,OWNER_ALLOCATED_IF_SCHEMA_TOUCH_WITHIN_UNRESERVED_VERSION,ALLOCATION_BOUNDARY_ONLY_UNTIL_TOUCH_MANIFEST,type/unit/currency/cycle/timeout/rounding/golden/security sandbox tests,../session-evidence/pay/validate_readiness.py,DERIVED_NON_AUTHORITATIVE:python3 ../session-evidence/pay/validate_readiness.py,G2-PAY-BASE,pay-readiness,../session-evidence/pay/g4/slices/base-tfr-pay-006/runbook.md,../session-evidence/pay/g4/slices/base-tfr-pay-006/telemetry-evidence.json,../session-evidence/pay/g4/slices/base-tfr-pay-006/migration-clean-upgrade-evidence.json,../session-evidence/pay/g4/slices/base-tfr-pay-006/recovery-evidence.json,../session-evidence/pay/g4/slices/base-tfr-pay-006/acceptance-evidence.json,DERIVED_NON_AUTHORITATIVE:./gradlew :dwp-payroll-server:test --tests '*PayrollG3SliceContractTest' -PhrisSlice=BASE-TFR-PAY-006|./gradlew :dwp-payroll-server:test --tests '*PayrollMigrationCleanUpgradeTest' -PhrisSlice=BASE-TFR-PAY-006|./gradlew :dwp-payroll-server:test --tests '*PayrollWorkerRecoveryTest' -PhrisSlice=BASE-TFR-PAY-006,G3CMD-PAY-BE,G3CMD-PAY-FE,apps/dwp/src/features/hris/payroll/__tests__/g3-slices/base-tfr-pay-006.slice.test.tsx,authorization-negative|feature-flag-event-forward-correction|idempotency-cas|migration-clean-upgrade-rls-backfill|runbook-rollback-forward-correction|telemetry-alert|tenant-isolation|worker-crash-replay,G3-CODE-GO-BASE-TFR-PAY-006,SEALED_G2_EXACT_CONTRACTS_AND_CENTRAL_ALLOCATION_PASS,OPEN_G3_CODE,NOT_STARTED_G3,NOT_AUTHORIZED_G6
BASE-TFR-PAY-007,BASE_TARGET_FAMILY,TFR-PAY-007,PAY,HRIS-PAY,PAY,9f62fdb53dcd3482ee7a8bc875be09b4ed8735145309fefcd7c39d4e6e374779,13,9aa8e93758514e54202e63509e9f6a98f346ed2d28bc9f6b7e5107bb86356f4f,G3A_BASE_007,DEP-001|DEP-002|DEP-003|DEP-004|DEP-016,PAYROLL_STATUTORY,BASE:settings-payroll,,BASE:settings-payroll,EVT-PAY:PayrollConfigurationPublished|EVT-PAY:PolicyPublished|PEP-PAY-002|PEP-PAY-003|PEP-PAY-004|PEP-PAY-005|PEP-PAY-006|PEP-PAY-007|PEP-PAY-008|SYS-API-011|SYS-API-012|SYS-API-013|SYS-API-014|SYS-API-015|SYS-API-016,PEP-PAY-002|PEP-PAY-003,EVT-PAY:PayrollConfigurationPublished|EVT-PAY:PolicyPublished|PEP-PAY-004|PEP-PAY-005|PEP-PAY-006|PEP-PAY-007|PEP-PAY-008|SYS-API-011|SYS-API-012|SYS-API-013|SYS-API-014|SYS-API-015|SYS-API-016,,,,hcm.configuration.policy.publish|hcm.configuration.policy.update|hcm.configuration.workbench.view,../session-evidence/pay/g2-physical-schema.sql|../session-evidence/pay/g2-runtime-controls.md|../session-evidence/pay/g2-api-event-contracts.json,DEP-001|DEP-002|DEP-003|DEP-004|DEP-016,G3-PAY-BE-MIGRATION|G3-PAY-BE-SOURCE|G3-PAY-BE-TEST|G3-PAY-FE-SOURCE,MIG-PAY-PAYROLL-1-49,OWNER_ALLOCATED_IF_SCHEMA_TOUCH_WITHIN_UNRESERVED_VERSION,ALLOCATION_BOUNDARY_ONLY_UNTIL_TOUCH_MANIFEST,effective-date/overlap/multi-currency/publish/simulation/tenant-isolation tests,../session-evidence/pay/validate_readiness.py,DERIVED_NON_AUTHORITATIVE:python3 ../session-evidence/pay/validate_readiness.py,G2-PAY-BASE,pay-readiness,../session-evidence/pay/g4/slices/base-tfr-pay-007/runbook.md,../session-evidence/pay/g4/slices/base-tfr-pay-007/telemetry-evidence.json,../session-evidence/pay/g4/slices/base-tfr-pay-007/migration-clean-upgrade-evidence.json,../session-evidence/pay/g4/slices/base-tfr-pay-007/recovery-evidence.json,../session-evidence/pay/g4/slices/base-tfr-pay-007/acceptance-evidence.json,DERIVED_NON_AUTHORITATIVE:./gradlew :dwp-payroll-server:test --tests '*PayrollG3SliceContractTest' -PhrisSlice=BASE-TFR-PAY-007|./gradlew :dwp-payroll-server:test --tests '*PayrollMigrationCleanUpgradeTest' -PhrisSlice=BASE-TFR-PAY-007|./gradlew :dwp-payroll-server:test --tests '*PayrollWorkerRecoveryTest' -PhrisSlice=BASE-TFR-PAY-007,G3CMD-PAY-BE,G3CMD-PAY-FE,apps/dwp/src/features/hris/payroll/__tests__/g3-slices/base-tfr-pay-007.slice.test.tsx,authorization-negative|feature-flag-event-forward-correction|idempotency-cas|migration-clean-upgrade-rls-backfill|runbook-rollback-forward-correction|telemetry-alert|tenant-isolation|worker-crash-replay,G3-CODE-GO-BASE-TFR-PAY-007,SEALED_G2_EXACT_CONTRACTS_AND_CENTRAL_ALLOCATION_PASS,OPEN_G3_CODE,NOT_STARTED_G3,NOT_AUTHORIZED_G6
BASE-TFR-PAY-008,BASE_TARGET_FAMILY,TFR-PAY-008,PAY,HRIS-PAY,PAY,7eb342f23ad919073e8ca235dc925c4cac4f2deec6004be72ed54ba1eb3650f6,7,ce6196b6c338079a6cad361a204303ad3c064e0b64863f6dd16266c56793fcfe,G3A_BASE_008,DEP-001|DEP-002|DEP-003|DEP-016,PAYROLL_STATUTORY,BASE:pay-accounting|BASE:pay-payments,BASE:pay-accounting|BASE:pay-payments,,EVT-PAY:PaymentInstructionReleased|EVT-PAY:PayrollPosted|IAQ-017|IAQ-018|PEP-PAY-021|PEP-PAY-022|PEP-PAY-023|PEP-PAY-024|PEP-PAY-025,EVT-PAY:PaymentInstructionReleased|EVT-PAY:PayrollPosted|IAQ-017|IAQ-018|PEP-PAY-021|PEP-PAY-022|PEP-PAY-023|PEP-PAY-024|PEP-PAY-025,,,,,hcm.operations.payroll-support.view|hcm.operations.payroll.accounting-post|hcm.operations.payroll.release,../session-evidence/pay/g2-api-event-contracts.json|../session-evidence/pay/g2-physical-schema.sql|../session-evidence/pay/g2-runtime-controls.md|ia-entry-query-api-contract-register.csv|ia-entry-query-field-type-register.csv|ia-entry-query-projection-schemas.v1.json|ia-entry-query-runtime-invariant-register.csv,DEP-001|DEP-002|DEP-003|DEP-016,G3-PAY-BE-MIGRATION|G3-PAY-BE-SOURCE|G3-PAY-BE-TEST|G3-PAY-FE-SOURCE,MIG-PAY-PAYROLL-1-49,OWNER_ALLOCATED_IF_SCHEMA_TOUCH_WITHIN_UNRESERVED_VERSION,ALLOCATION_BOUNDARY_ONLY_UNTIL_TOUCH_MANIFEST,maker/checker/amount-digest/file-download/duplicate/reject/receipt reconciliation tests,../session-evidence/pay/validate_readiness.py,DERIVED_NON_AUTHORITATIVE:python3 ../session-evidence/pay/validate_readiness.py,G2-PAY-BASE,pay-readiness,../session-evidence/pay/g4/slices/base-tfr-pay-008/runbook.md,../session-evidence/pay/g4/slices/base-tfr-pay-008/telemetry-evidence.json,../session-evidence/pay/g4/slices/base-tfr-pay-008/migration-clean-upgrade-evidence.json,../session-evidence/pay/g4/slices/base-tfr-pay-008/recovery-evidence.json,../session-evidence/pay/g4/slices/base-tfr-pay-008/acceptance-evidence.json,DERIVED_NON_AUTHORITATIVE:./gradlew :dwp-payroll-server:test --tests '*PayrollG3SliceContractTest' -PhrisSlice=BASE-TFR-PAY-008|./gradlew :dwp-payroll-server:test --tests '*PayrollMigrationCleanUpgradeTest' -PhrisSlice=BASE-TFR-PAY-008|./gradlew :dwp-payroll-server:test --tests '*PayrollWorkerRecoveryTest' -PhrisSlice=BASE-TFR-PAY-008,G3CMD-PAY-BE,G3CMD-PAY-FE,apps/dwp/src/features/hris/payroll/__tests__/g3-slices/base-tfr-pay-008.slice.test.tsx,authorization-negative|feature-flag-event-forward-correction|idempotency-cas|migration-clean-upgrade-rls-backfill|runbook-rollback-forward-correction|telemetry-alert|tenant-isolation|worker-crash-replay,G3-CODE-GO-BASE-TFR-PAY-008,SEALED_G2_EXACT_CONTRACTS_AND_CENTRAL_ALLOCATION_PASS,OPEN_G3_CODE,NOT_STARTED_G3,NOT_AUTHORIZED_G6
BASE-TFR-PAY-009,BASE_TARGET_FAMILY,TFR-PAY-009,PAY,HRIS-PAY,PAY,63db669cb1ae7ae65b5fa618a6009fd9b9c79b18113586cb51d7a11d3802d6b7,20,49ad802db28b146b7466426cb6810a69351decf023257623a895129666a3173d,G3A_BASE_009,DEP-001|DEP-002|DEP-003|DEP-013|DEP-016,PAYROLL_STATUTORY,BASE:my-pay-tax|BASE:pay-statements,BASE:my-pay-tax|BASE:pay-statements,,EVT-PAY:HrisHomeContributionChanged.v1|EVT-PAY:PayslipPublished|EVT-PAY:YearEndCaseChanged|PEP-PAY-001|PEP-PAY-026|PEP-PAY-027|PEP-PAY-029|PEP-PAY-030|PEP-PAY-031,EVT-PAY:PayslipPublished|PEP-PAY-026|PEP-PAY-027,EVT-PAY:HrisHomeContributionChanged.v1|EVT-PAY:YearEndCaseChanged|PEP-PAY-001|PEP-PAY-029|PEP-PAY-030|PEP-PAY-031,,,,hcm.operations.payroll-support.view|hcm.operations.payroll.release|hcm.personal.pay-statement.download|hcm.personal.pay-statement.view|hcm.personal.year-end-case.update,../session-evidence/pay/g2-physical-schema.sql|../session-evidence/pay/g2-runtime-controls.md|../session-evidence/pay/g2-api-event-contracts.json,DEP-001|DEP-002|DEP-003|DEP-016,G3-PAY-BE-MIGRATION|G3-PAY-BE-SOURCE|G3-PAY-BE-TEST|G3-PAY-FE-SOURCE,MIG-PAY-PAYROLL-1-49,OWNER_ALLOCATED_IF_SCHEMA_TOUCH_WITHIN_UNRESERVED_VERSION,ALLOCATION_BOUNDARY_ONLY_UNTIL_TOUCH_MANIFEST,digest/version/revoke/step-up/purpose/access audit/document regeneration tests,../session-evidence/pay/validate_readiness.py,DERIVED_NON_AUTHORITATIVE:python3 ../session-evidence/pay/validate_readiness.py,G2-PAY-BASE,pay-readiness,../session-evidence/pay/g4/slices/base-tfr-pay-009/runbook.md,../session-evidence/pay/g4/slices/base-tfr-pay-009/telemetry-evidence.json,../session-evidence/pay/g4/slices/base-tfr-pay-009/migration-clean-upgrade-evidence.json,../session-evidence/pay/g4/slices/base-tfr-pay-009/recovery-evidence.json,../session-evidence/pay/g4/slices/base-tfr-pay-009/acceptance-evidence.json,DERIVED_NON_AUTHORITATIVE:./gradlew :dwp-payroll-server:test --tests '*PayrollG3SliceContractTest' -PhrisSlice=BASE-TFR-PAY-009|./gradlew :dwp-payroll-server:test --tests '*PayrollMigrationCleanUpgradeTest' -PhrisSlice=BASE-TFR-PAY-009|./gradlew :dwp-payroll-server:test --tests '*PayrollWorkerRecoveryTest' -PhrisSlice=BASE-TFR-PAY-009,G3CMD-PAY-BE,G3CMD-PAY-FE,apps/dwp/src/features/hris/payroll/__tests__/g3-slices/base-tfr-pay-009.slice.test.tsx,authorization-negative|feature-flag-event-forward-correction|idempotency-cas|migration-clean-upgrade-rls-backfill|runbook-rollback-forward-correction|telemetry-alert|tenant-isolation|worker-crash-replay,G3-CODE-GO-BASE-TFR-PAY-009,SEALED_G2_EXACT_CONTRACTS_AND_CENTRAL_ALLOCATION_PASS,OPEN_G3_CODE,NOT_STARTED_G3,NOT_AUTHORIZED_G6
BASE-TFR-PAY-010,BASE_TARGET_FAMILY,TFR-PAY-010,PAY,HRIS-PAY,PAY,a0dfce7a2bb3ee9bd2f90c257b719faa3336d0811dc4280ecd2b7ae9c630b64f,48,c59acb0f9998f8abdbcde0515395929646ced328b92179db3c73f4ef2fe2c05e,G3A_BASE_010,DEP-001|DEP-002|DEP-003|DEP-016,PAYROLL_STATUTORY,BASE:pay-retro-corrections,BASE:pay-retro-corrections,,EVT-PAY:PayrollCorrectionPosted|IAQ-016|PEP-PAY-019|PEP-PAY-020,EVT-PAY:PayrollCorrectionPosted|IAQ-016|PEP-PAY-019|PEP-PAY-020,,,,,hcm.operations.payroll-inputs.update|hcm.operations.payroll-support.view,../session-evidence/pay/g2-api-event-contracts.json|../session-evidence/pay/g2-physical-schema.sql|../session-evidence/pay/g2-runtime-controls.md|ia-entry-query-api-contract-register.csv|ia-entry-query-field-type-register.csv|ia-entry-query-projection-schemas.v1.json|ia-entry-query-runtime-invariant-register.csv,DEP-001|DEP-002|DEP-003|DEP-016,G3-PAY-BE-MIGRATION|G3-PAY-BE-SOURCE|G3-PAY-BE-TEST|G3-PAY-FE-SOURCE,MIG-PAY-PAYROLL-1-49,OWNER_ALLOCATED_IF_SCHEMA_TOUCH_WITHIN_UNRESERVED_VERSION,ALLOCATION_BOUNDARY_ONLY_UNTIL_TOUCH_MANIFEST,retro chain/period boundary/delta/balance replay/reversal/idempotency tests,../session-evidence/pay/validate_readiness.py,DERIVED_NON_AUTHORITATIVE:python3 ../session-evidence/pay/validate_readiness.py,G2-PAY-BASE,pay-readiness,../session-evidence/pay/g4/slices/base-tfr-pay-010/runbook.md,../session-evidence/pay/g4/slices/base-tfr-pay-010/telemetry-evidence.json,../session-evidence/pay/g4/slices/base-tfr-pay-010/migration-clean-upgrade-evidence.json,../session-evidence/pay/g4/slices/base-tfr-pay-010/recovery-evidence.json,../session-evidence/pay/g4/slices/base-tfr-pay-010/acceptance-evidence.json,DERIVED_NON_AUTHORITATIVE:./gradlew :dwp-payroll-server:test --tests '*PayrollG3SliceContractTest' -PhrisSlice=BASE-TFR-PAY-010|./gradlew :dwp-payroll-server:test --tests '*PayrollMigrationCleanUpgradeTest' -PhrisSlice=BASE-TFR-PAY-010|./gradlew :dwp-payroll-server:test --tests '*PayrollWorkerRecoveryTest' -PhrisSlice=BASE-TFR-PAY-010,G3CMD-PAY-BE,G3CMD-PAY-FE,apps/dwp/src/features/hris/payroll/__tests__/g3-slices/base-tfr-pay-010.slice.test.tsx,authorization-negative|feature-flag-event-forward-correction|idempotency-cas|migration-clean-upgrade-rls-backfill|runbook-rollback-forward-correction|telemetry-alert|tenant-isolation|worker-crash-replay,G3-CODE-GO-BASE-TFR-PAY-010,SEALED_G2_EXACT_CONTRACTS_AND_CENTRAL_ALLOCATION_PASS,OPEN_G3_CODE,NOT_STARTED_G3,NOT_AUTHORIZED_G6
BASE-TFR-PAY-011,BASE_TARGET_FAMILY,TFR-PAY-011,PAY,HRIS-PAY,PAY,f5d8baa4e3184a35f7586b7d73372cc9d8fffa080dcad1f5ad889b4cbc40f628,12,80841950e36243fe9946c5ee802260f26289c55bb567ab9870c3cb16baddb4d5,G3A_BASE_011,DEP-001|DEP-002|DEP-003|DEP-013|DEP-016,PAYROLL_STATUTORY,BASE:pay-calculation|BASE:pay-command-center,BASE:pay-calculation|BASE:pay-command-center,,EVT-PAY:HrisHomeContributionChanged.v1|EVT-PAY:PayrollCalculated|EVT-PAY:PayrollFinalized|EVT-PAY:PayrollRunApproved|EVT-PAY:PayrollRunPrepared|EVT-PAY:PayrollValidated|PEP-PAY-001|PEP-PAY-011|PEP-PAY-012|PEP-PAY-013|PEP-PAY-014|PEP-PAY-015|PEP-PAY-016|PEP-PAY-017|PEP-PAY-018|PEP-PAY-032|PEP-PAY-033,EVT-PAY:PayrollCalculated|EVT-PAY:PayrollFinalized|EVT-PAY:PayrollRunApproved|PEP-PAY-012|PEP-PAY-013|PEP-PAY-017|PEP-PAY-018|PEP-PAY-033,EVT-PAY:HrisHomeContributionChanged.v1|EVT-PAY:PayrollRunPrepared|EVT-PAY:PayrollValidated|PEP-PAY-001|PEP-PAY-011|PEP-PAY-014|PEP-PAY-015|PEP-PAY-016|PEP-PAY-032,,,,hcm.operations.payroll-run.execute|hcm.operations.payroll-support.view|hcm.operations.payroll-validate.execute|hcm.operations.payroll.approve|hcm.operations.payroll.export|hcm.operations.payroll.release,../session-evidence/pay/g2-physical-schema.sql|../session-evidence/pay/g2-runtime-controls.md|../session-evidence/pay/g2-api-event-contracts.json,DEP-001|DEP-002|DEP-003|DEP-016,G3-PAY-BE-MIGRATION|G3-PAY-BE-SOURCE|G3-PAY-BE-TEST|G3-PAY-FE-SOURCE,MIG-PAY-PAYROLL-1-49,OWNER_ALLOCATED_IF_SCHEMA_TOUCH_WITHIN_UNRESERVED_VERSION,ALLOCATION_BOUNDARY_ONLY_UNTIL_TOUCH_MANIFEST,determinism/retry/CAS/checkpoint/timeout/result-unknown/duplicate-zero tests,../session-evidence/pay/validate_readiness.py,DERIVED_NON_AUTHORITATIVE:python3 ../session-evidence/pay/validate_readiness.py,G2-PAY-BASE,pay-readiness,../session-evidence/pay/g4/slices/base-tfr-pay-011/runbook.md,../session-evidence/pay/g4/slices/base-tfr-pay-011/telemetry-evidence.json,../session-evidence/pay/g4/slices/base-tfr-pay-011/migration-clean-upgrade-evidence.json,../session-evidence/pay/g4/slices/base-tfr-pay-011/recovery-evidence.json,../session-evidence/pay/g4/slices/base-tfr-pay-011/acceptance-evidence.json,DERIVED_NON_AUTHORITATIVE:./gradlew :dwp-payroll-server:test --tests '*PayrollG3SliceContractTest' -PhrisSlice=BASE-TFR-PAY-011|./gradlew :dwp-payroll-server:test --tests '*PayrollMigrationCleanUpgradeTest' -PhrisSlice=BASE-TFR-PAY-011|./gradlew :dwp-payroll-server:test --tests '*PayrollWorkerRecoveryTest' -PhrisSlice=BASE-TFR-PAY-011,G3CMD-PAY-BE,G3CMD-PAY-FE,apps/dwp/src/features/hris/payroll/__tests__/g3-slices/base-tfr-pay-011.slice.test.tsx,authorization-negative|feature-flag-event-forward-correction|idempotency-cas|migration-clean-upgrade-rls-backfill|runbook-rollback-forward-correction|telemetry-alert|tenant-isolation|worker-crash-replay,G3-CODE-GO-BASE-TFR-PAY-011,SEALED_G2_EXACT_CONTRACTS_AND_CENTRAL_ALLOCATION_PASS,OPEN_G3_CODE,NOT_STARTED_G3,NOT_AUTHORIZED_G6
BASE-TFR-PAY-012,BASE_TARGET_FAMILY,TFR-PAY-012,PAY,HRIS-PAY,PAY,5ee8b11c4357d733e405a7f9cd45a29d24b316bb809b1164302e3ce3a2493e00,32,53b9f503102dcc76e41d4a2f51a01480e2bba547fc0760513e64ec829b44c172,G3A_BASE_012,DEP-001|DEP-002|DEP-003|DEP-013|DEP-016,PAYROLL_STATUTORY,BASE:pay-command-center|BASE:pay-reports|BASE:pay-results|BASE:pay-validation-reconciliation,BASE:pay-reports|BASE:pay-results|BASE:pay-validation-reconciliation,BASE:pay-command-center,EVT-PAY:HrisHomeContributionChanged.v1|EVT-PAY:PayrollCalculated|EVT-PAY:PayrollFinalized|EVT-PAY:PayrollRunApproved|EVT-PAY:PayrollRunPrepared|EVT-PAY:PayrollValidated|IAQ-050|PEP-PAY-001|PEP-PAY-011|PEP-PAY-012|PEP-PAY-013|PEP-PAY-014|PEP-PAY-015|PEP-PAY-016|PEP-PAY-017|PEP-PAY-018|PEP-PAY-032|PEP-PAY-033,EVT-PAY:PayrollValidated|IAQ-050|PEP-PAY-014|PEP-PAY-015|PEP-PAY-016|PEP-PAY-032,EVT-PAY:HrisHomeContributionChanged.v1|EVT-PAY:PayrollCalculated|EVT-PAY:PayrollFinalized|EVT-PAY:PayrollRunApproved|EVT-PAY:PayrollRunPrepared|PEP-PAY-001|PEP-PAY-011|PEP-PAY-012|PEP-PAY-013|PEP-PAY-017|PEP-PAY-018|PEP-PAY-033,,,,hcm.operations.payroll-run.execute|hcm.operations.payroll-support.view|hcm.operations.payroll-validate.execute|hcm.operations.payroll.approve|hcm.operations.payroll.export|hcm.operations.payroll.release,../session-evidence/pay/g2-api-event-contracts.json|../session-evidence/pay/g2-physical-schema.sql|../session-evidence/pay/g2-runtime-controls.md|ia-entry-query-api-contract-register.csv|ia-entry-query-field-type-register.csv|ia-entry-query-projection-schemas.v1.json|ia-entry-query-runtime-invariant-register.csv,DEP-001|DEP-002|DEP-003|DEP-016,G3-PAY-BE-MIGRATION|G3-PAY-BE-SOURCE|G3-PAY-BE-TEST|G3-PAY-FE-SOURCE,MIG-PAY-PAYROLL-1-49,OWNER_ALLOCATED_IF_SCHEMA_TOUCH_WITHIN_UNRESERVED_VERSION,ALLOCATION_BOUNDARY_ONLY_UNTIL_TOUCH_MANIFEST,line-to-total/control-total/trace/masking/export/reconciliation tests,../session-evidence/pay/validate_readiness.py,DERIVED_NON_AUTHORITATIVE:python3 ../session-evidence/pay/validate_readiness.py,G2-PAY-BASE,pay-readiness,../session-evidence/pay/g4/slices/base-tfr-pay-012/runbook.md,../session-evidence/pay/g4/slices/base-tfr-pay-012/telemetry-evidence.json,../session-evidence/pay/g4/slices/base-tfr-pay-012/migration-clean-upgrade-evidence.json,../session-evidence/pay/g4/slices/base-tfr-pay-012/recovery-evidence.json,../session-evidence/pay/g4/slices/base-tfr-pay-012/acceptance-evidence.json,DERIVED_NON_AUTHORITATIVE:./gradlew :dwp-payroll-server:test --tests '*PayrollG3SliceContractTest' -PhrisSlice=BASE-TFR-PAY-012|./gradlew :dwp-payroll-server:test --tests '*PayrollMigrationCleanUpgradeTest' -PhrisSlice=BASE-TFR-PAY-012|./gradlew :dwp-payroll-server:test --tests '*PayrollWorkerRecoveryTest' -PhrisSlice=BASE-TFR-PAY-012,G3CMD-PAY-BE,G3CMD-PAY-FE,apps/dwp/src/features/hris/payroll/__tests__/g3-slices/base-tfr-pay-012.slice.test.tsx,authorization-negative|feature-flag-event-forward-correction|idempotency-cas|migration-clean-upgrade-rls-backfill|runbook-rollback-forward-correction|telemetry-alert|tenant-isolation|worker-crash-replay,G3-CODE-GO-BASE-TFR-PAY-012,SEALED_G2_EXACT_CONTRACTS_AND_CENTRAL_ALLOCATION_PASS,OPEN_G3_CODE,NOT_STARTED_G3,NOT_AUTHORIZED_G6
BASE-TFR-PAY-013,BASE_TARGET_FAMILY,TFR-PAY-013,PAY,HRIS-PAY,PAY,3260534ab6e6e4130e8d5927518bb13d0a6780ac39f25d3d87a81523c2cc7720,23,2ef012d8ca88d8bcf26a2671cabeab9fc1326481a88f0f8a281e24b2c9989e0b,G3A_BASE_013,DEP-001|DEP-002|DEP-003|DEP-007|DEP-008|DEP-013|DEP-016,PAYROLL_STATUTORY,BASE:pay-command-center|BASE:pay-population,BASE:pay-population,BASE:pay-command-center,EVT-PAY:HrisHomeContributionChanged.v1|EVT-PAY:PayrollCalculated|EVT-PAY:PayrollFinalized|EVT-PAY:PayrollRunApproved|EVT-PAY:PayrollRunPrepared|EVT-PAY:PayrollValidated|IAQ-014|PEP-PAY-001|PEP-PAY-011|PEP-PAY-012|PEP-PAY-013|PEP-PAY-014|PEP-PAY-015|PEP-PAY-016|PEP-PAY-017|PEP-PAY-018|PEP-PAY-032|PEP-PAY-033,EVT-PAY:PayrollRunPrepared|IAQ-014|PEP-PAY-011,EVT-PAY:HrisHomeContributionChanged.v1|EVT-PAY:PayrollCalculated|EVT-PAY:PayrollFinalized|EVT-PAY:PayrollRunApproved|EVT-PAY:PayrollValidated|PEP-PAY-001|PEP-PAY-012|PEP-PAY-013|PEP-PAY-014|PEP-PAY-015|PEP-PAY-016|PEP-PAY-017|PEP-PAY-018|PEP-PAY-032|PEP-PAY-033,,,,hcm.operations.payroll-run.execute|hcm.operations.payroll-support.view|hcm.operations.payroll-validate.execute|hcm.operations.payroll.approve|hcm.operations.payroll.export|hcm.operations.payroll.release,../session-evidence/pay/g2-api-event-contracts.json|../session-evidence/pay/g2-physical-schema.sql|../session-evidence/pay/g2-runtime-controls.md|ia-entry-query-api-contract-register.csv|ia-entry-query-field-type-register.csv|ia-entry-query-projection-schemas.v1.json|ia-entry-query-runtime-invariant-register.csv,DEP-001|DEP-002|DEP-003|DEP-016,G3-PAY-BE-MIGRATION|G3-PAY-BE-SOURCE|G3-PAY-BE-TEST|G3-PAY-FE-SOURCE,MIG-PAY-PAYROLL-1-49,OWNER_ALLOCATED_IF_SCHEMA_TOUCH_WITHIN_UNRESERVED_VERSION,ALLOCATION_BOUNDARY_ONLY_UNTIL_TOUCH_MANIFEST,snapshot completeness/target determinism/SoD/idempotency/preflight tests,../session-evidence/pay/validate_readiness.py,DERIVED_NON_AUTHORITATIVE:python3 ../session-evidence/pay/validate_readiness.py,G2-PAY-BASE,pay-readiness,../session-evidence/pay/g4/slices/base-tfr-pay-013/runbook.md,../session-evidence/pay/g4/slices/base-tfr-pay-013/telemetry-evidence.json,../session-evidence/pay/g4/slices/base-tfr-pay-013/migration-clean-upgrade-evidence.json,../session-evidence/pay/g4/slices/base-tfr-pay-013/recovery-evidence.json,../session-evidence/pay/g4/slices/base-tfr-pay-013/acceptance-evidence.json,DERIVED_NON_AUTHORITATIVE:./gradlew :dwp-payroll-server:test --tests '*PayrollG3SliceContractTest' -PhrisSlice=BASE-TFR-PAY-013|./gradlew :dwp-payroll-server:test --tests '*PayrollMigrationCleanUpgradeTest' -PhrisSlice=BASE-TFR-PAY-013|./gradlew :dwp-payroll-server:test --tests '*PayrollWorkerRecoveryTest' -PhrisSlice=BASE-TFR-PAY-013,G3CMD-PAY-BE,G3CMD-PAY-FE,apps/dwp/src/features/hris/payroll/__tests__/g3-slices/base-tfr-pay-013.slice.test.tsx,authorization-negative|feature-flag-event-forward-correction|idempotency-cas|migration-clean-upgrade-rls-backfill|runbook-rollback-forward-correction|telemetry-alert|tenant-isolation|worker-crash-replay,G3-CODE-GO-BASE-TFR-PAY-013,SEALED_G2_EXACT_CONTRACTS_AND_CENTRAL_ALLOCATION_PASS,OPEN_G3_CODE,NOT_STARTED_G3,NOT_AUTHORIZED_G6
BASE-TFR-PAY-014,BASE_TARGET_FAMILY,TFR-PAY-014,PAY,HRIS-PAY,PAY,bb54238ee2ebb124a97f193f7eace7a5238e49c1d469311848324b11ae7d5073,4,2fb87383e11f03621f6d152f66603dab4c0d7715c1b88b6cb1c2cbd7eed87ce7,G3A_BASE_014,DEP-001|DEP-002|DEP-003|DEP-016,PAYROLL_STATUTORY,BASE:pay-tax-social-insurance,,BASE:pay-tax-social-insurance,EVT-PAY:PayrollCalculated|PEP-PAY-004|PEP-PAY-005|PEP-PAY-008|PEP-PAY-012|PEP-PAY-014|PEP-PAY-028,,EVT-PAY:PayrollCalculated|PEP-PAY-004|PEP-PAY-005|PEP-PAY-008|PEP-PAY-012|PEP-PAY-014|PEP-PAY-028,,,,hcm.operations.payroll-inputs.update|hcm.operations.payroll-run.execute|hcm.operations.payroll-support.view|hcm.operations.statutory.execute,../session-evidence/pay/g2-physical-schema.sql|../session-evidence/pay/g2-runtime-controls.md|../session-evidence/pay/g2-api-event-contracts.json,DEP-001|DEP-002|DEP-003|DEP-016,G3-PAY-BE-MIGRATION|G3-PAY-BE-SOURCE|G3-PAY-BE-TEST|G3-PAY-FE-SOURCE,MIG-PAY-PAYROLL-1-49,OWNER_ALLOCATED_IF_SCHEMA_TOUCH_WITHIN_UNRESERVED_VERSION,ALLOCATION_BOUNDARY_ONLY_UNTIL_TOUCH_MANIFEST,priority/cap/config/effective-date/ledger/reversal/field-security tests,../session-evidence/pay/validate_readiness.py,DERIVED_NON_AUTHORITATIVE:python3 ../session-evidence/pay/validate_readiness.py,G2-PAY-BASE,pay-readiness,../session-evidence/pay/g4/slices/base-tfr-pay-014/runbook.md,../session-evidence/pay/g4/slices/base-tfr-pay-014/telemetry-evidence.json,../session-evidence/pay/g4/slices/base-tfr-pay-014/migration-clean-upgrade-evidence.json,../session-evidence/pay/g4/slices/base-tfr-pay-014/recovery-evidence.json,../session-evidence/pay/g4/slices/base-tfr-pay-014/acceptance-evidence.json,DERIVED_NON_AUTHORITATIVE:./gradlew :dwp-payroll-server:test --tests '*PayrollG3SliceContractTest' -PhrisSlice=BASE-TFR-PAY-014|./gradlew :dwp-payroll-server:test --tests '*PayrollMigrationCleanUpgradeTest' -PhrisSlice=BASE-TFR-PAY-014|./gradlew :dwp-payroll-server:test --tests '*PayrollWorkerRecoveryTest' -PhrisSlice=BASE-TFR-PAY-014,G3CMD-PAY-BE,G3CMD-PAY-FE,apps/dwp/src/features/hris/payroll/__tests__/g3-slices/base-tfr-pay-014.slice.test.tsx,authorization-negative|feature-flag-event-forward-correction|idempotency-cas|migration-clean-upgrade-rls-backfill|runbook-rollback-forward-correction|telemetry-alert|tenant-isolation|worker-crash-replay,G3-CODE-GO-BASE-TFR-PAY-014,SEALED_G2_EXACT_CONTRACTS_AND_CENTRAL_ALLOCATION_PASS,OPEN_G3_CODE,NOT_STARTED_G3,NOT_AUTHORIZED_G6
BASE-TFR-PAY-015,BASE_TARGET_FAMILY,TFR-PAY-015,PAY,HRIS-PAY,PAY,b711226d9a6f4a78f0c5439e494b0c0c76c036b51a79228fe12538d8d98be9f6,7,242fe5a5bd766a36555281f8e7d054c905a5dc9e7250c02f67912784e23c30d3,G3A_BASE_015,DEP-001|DEP-002|DEP-003|DEP-010|DEP-011|DEP-012|DEP-013|DEP-016,PAYROLL_STATUTORY,BASE:hr-operations-home|BASE:my-pay-tax|BASE:pay-command-center|BASE:pay-reports|BASE:team-home,,BASE:hr-operations-home|BASE:my-pay-tax|BASE:pay-command-center|BASE:pay-reports|BASE:team-home,EVT-HRM:HrisHomeContributionChanged.v1|EVT-PAY:HrisHomeContributionChanged.v1|EVT-PAY:PayrollCalculated|EVT-PAY:PayrollFinalized|EVT-PAY:PayrollRunApproved|EVT-PAY:PayrollRunPrepared|EVT-PAY:PayrollValidated|EVT-PAY:PayslipPublished|EVT-PAY:YearEndCaseChanged|EVT-PER:HrisHomeContributionChanged.v1|EVT-TIM:HrisHomeContributionChanged.v1|PEP-HRM-016|PEP-PAY-001|PEP-PAY-011|PEP-PAY-012|PEP-PAY-013|PEP-PAY-014|PEP-PAY-015|PEP-PAY-016|PEP-PAY-017|PEP-PAY-018|PEP-PAY-026|PEP-PAY-027|PEP-PAY-029|PEP-PAY-030|PEP-PAY-031|PEP-PAY-032|PEP-PAY-033|PEP-PER-001|PEP-TIM-001|SVC-PEP-PAY-001|SYS-API-026|SYS-API-027|SYS-API-031|SYS-API-032|SYS-API-039|SYS-API-040|SYS-EVT-007|XCON-015,EVT-PAY:HrisHomeContributionChanged.v1|PEP-PAY-001|SVC-PEP-PAY-001|XCON-015,EVT-HRM:HrisHomeContributionChanged.v1|EVT-PAY:PayrollCalculated|EVT-PAY:PayrollFinalized|EVT-PAY:PayrollRunApproved|EVT-PAY:PayrollRunPrepared|EVT-PAY:PayrollValidated|EVT-PAY:PayslipPublished|EVT-PAY:YearEndCaseChanged|EVT-PER:HrisHomeContributionChanged.v1|EVT-TIM:HrisHomeContributionChanged.v1|PEP-HRM-016|PEP-PAY-011|PEP-PAY-012|PEP-PAY-013|PEP-PAY-014|PEP-PAY-015|PEP-PAY-016|PEP-PAY-017|PEP-PAY-018|PEP-PAY-026|PEP-PAY-027|PEP-PAY-029|PEP-PAY-030|PEP-PAY-031|PEP-PAY-032|PEP-PAY-033|PEP-PER-001|PEP-TIM-001|SYS-API-026|SYS-API-027|SYS-API-031|SYS-API-032|SYS-API-039|SYS-API-040|SYS-EVT-007,XCON-015,,,hcm.operations.payroll-run.execute|hcm.operations.payroll-support.view|hcm.operations.payroll-validate.execute|hcm.operations.payroll.approve|hcm.operations.payroll.export|hcm.operations.payroll.release|hcm.operations.people.view|hcm.personal.pay-statement.download|hcm.personal.pay-statement.view|hcm.personal.year-end-case.update|hcm.team.members.view,../session-evidence/pay/g2-physical-schema.sql|../session-evidence/pay/g2-runtime-controls.md|../session-evidence/pay/g2-api-event-contracts.json,DEP-001|DEP-002|DEP-003|DEP-013|DEP-016,G3-PAY-BE-MIGRATION|G3-PAY-BE-SOURCE|G3-PAY-BE-TEST|G3-PAY-FE-SOURCE,MIG-PAY-PAYROLL-1-49,OWNER_ALLOCATED_IF_SCHEMA_TOUCH_WITHIN_UNRESERVED_VERSION,ALLOCATION_BOUNDARY_ONLY_UNTIL_TOUCH_MANIFEST,persona/field masking/scope/freshness/partial-failure tests,../session-evidence/pay/validate_readiness.py,DERIVED_NON_AUTHORITATIVE:python3 ../session-evidence/pay/validate_readiness.py,G2-PAY-BASE,pay-readiness,../session-evidence/pay/g4/slices/base-tfr-pay-015/runbook.md,../session-evidence/pay/g4/slices/base-tfr-pay-015/telemetry-evidence.json,../session-evidence/pay/g4/slices/base-tfr-pay-015/migration-clean-upgrade-evidence.json,../session-evidence/pay/g4/slices/base-tfr-pay-015/recovery-evidence.json,../session-evidence/pay/g4/slices/base-tfr-pay-015/acceptance-evidence.json,DERIVED_NON_AUTHORITATIVE:./gradlew :dwp-payroll-server:test --tests '*PayrollG3SliceContractTest' -PhrisSlice=BASE-TFR-PAY-015|./gradlew :dwp-payroll-server:test --tests '*PayrollMigrationCleanUpgradeTest' -PhrisSlice=BASE-TFR-PAY-015|./gradlew :dwp-payroll-server:test --tests '*PayrollWorkerRecoveryTest' -PhrisSlice=BASE-TFR-PAY-015,G3CMD-PAY-BE,G3CMD-PAY-FE,apps/dwp/src/features/hris/payroll/__tests__/g3-slices/base-tfr-pay-015.slice.test.tsx,authorization-negative|feature-flag-event-forward-correction|idempotency-cas|migration-clean-upgrade-rls-backfill|runbook-rollback-forward-correction|telemetry-alert|tenant-isolation|worker-crash-replay,G3-CODE-GO-BASE-TFR-PAY-015,SEALED_G2_EXACT_CONTRACTS_AND_CENTRAL_ALLOCATION_PASS,OPEN_G3_CODE,NOT_STARTED_G3,NOT_AUTHORIZED_G6
BASE-TFR-PAY-016,BASE_TARGET_FAMILY,TFR-PAY-016,PAY,HRIS-PAY,PAY,9b6cf3f5f875a60c8e7588be7d80a7c452de669ee09c53ac6fcb6ee6e9a0da5d,91,5be41666b5d84506396d2e16975970266a11a0d827a3e6b4d4051032f10670e3,G3A_BASE_016,DEP-001|DEP-002|DEP-003|DEP-007|DEP-008|DEP-009|DEP-016|DEP-019,PAYROLL_STATUTORY,BASE:pay-inputs,BASE:pay-inputs,,IAQ-015|PEP-PAY-009|PEP-PAY-010|SVC-PEP-PER-001|XCON-020|XCON-021,IAQ-015|PEP-PAY-009|PEP-PAY-010,,,XCON-020|XCON-021,SVC-PEP-PER-001,hcm.operations.payroll-inputs.update|hcm.operations.payroll-support.view,../session-evidence/pay/g2-api-event-contracts.json|../session-evidence/pay/g2-physical-schema.sql|../session-evidence/pay/g2-runtime-controls.md|../session-evidence/pay/g3-modern-capability-consumer-contracts.v1.json|ia-entry-query-api-contract-register.csv|ia-entry-query-field-type-register.csv|ia-entry-query-projection-schemas.v1.json|ia-entry-query-runtime-invariant-register.csv,DEP-001|DEP-002|DEP-003|DEP-016|DEP-019,G3-PAY-BE-MIGRATION|G3-PAY-BE-SOURCE|G3-PAY-BE-TEST|G3-PAY-FE-SOURCE,MIG-PAY-PAYROLL-1-49,dwp-payroll-server/src/main/resources/db/migration/V49__pay_modern_compensation_plan_input.sql,dwp-payroll-server/src/main/java/com/dwp/services/payroll/input/compensationplan|dwp-payroll-server/src/test/java/com/dwp/services/payroll/input/compensationplan,../session-evidence/pay/g3-modern-capability-consumer-contracts.v1.json|eligibility/overlap/CAS/bulk reject/field permission/effective-date tests,../session-evidence/pay/validate_readiness.py,DERIVED_NON_AUTHORITATIVE:python3 ../session-evidence/pay/validate_readiness.py,G2-PAY-BASE,pay-readiness,../session-evidence/pay/g4/slices/base-tfr-pay-016/runbook.md,../session-evidence/pay/g4/slices/base-tfr-pay-016/telemetry-evidence.json,../session-evidence/pay/g4/slices/base-tfr-pay-016/migration-clean-upgrade-evidence.json,../session-evidence/pay/g4/slices/base-tfr-pay-016/recovery-evidence.json,../session-evidence/pay/g4/slices/base-tfr-pay-016/acceptance-evidence.json,DERIVED_NON_AUTHORITATIVE:./gradlew :dwp-payroll-server:test --tests '*PayrollG3SliceContractTest' -PhrisSlice=BASE-TFR-PAY-016|./gradlew :dwp-payroll-server:test --tests '*PayrollMigrationCleanUpgradeTest' -PhrisSlice=BASE-TFR-PAY-016|./gradlew :dwp-payroll-server:test --tests '*PayrollWorkerRecoveryTest' -PhrisSlice=BASE-TFR-PAY-016,G3CMD-PAY-BE,G3CMD-PAY-FE,apps/dwp/src/features/hris/payroll/__tests__/g3-slices/base-tfr-pay-016.slice.test.tsx,authorization-negative|feature-flag-event-forward-correction|idempotency-cas|migration-clean-upgrade-rls-backfill|runbook-rollback-forward-correction|telemetry-alert|tenant-isolation|worker-crash-replay,G3-CODE-GO-BASE-TFR-PAY-016,SEALED_G2_EXACT_CONTRACTS_AND_CENTRAL_ALLOCATION_PASS,OPEN_G3_CODE,NOT_STARTED_G3,NOT_AUTHORIZED_G6
BASE-TFR-PAY-017,BASE_TARGET_FAMILY,TFR-PAY-017,PAY,HRIS-PAY,PAY,5ff23b732c42fbcf6402ab0cd9088438c5f81c41d76c99a7f1ee79877ac2c85b,34,12bffb0d85768d7602b801472418d40e2e35dc37a840feef3b3ca978e1dd9651,G3A_BASE_017,DEP-001|DEP-002|DEP-003|DEP-013|DEP-016,PAYROLL_STATUTORY,BASE:my-pay-tax|BASE:pay-year-end-tax|BASE:settings-statutory,BASE:pay-year-end-tax,BASE:my-pay-tax|BASE:settings-statutory,EVT-PAY:HrisHomeContributionChanged.v1|EVT-PAY:PayrollCalculated|EVT-PAY:PayslipPublished|EVT-PAY:YearEndCaseChanged|IAQ-019|PEP-PAY-001|PEP-PAY-012|PEP-PAY-014|PEP-PAY-026|PEP-PAY-027|PEP-PAY-028|PEP-PAY-029|PEP-PAY-030|PEP-PAY-031,EVT-PAY:YearEndCaseChanged|IAQ-019|PEP-PAY-029|PEP-PAY-030|PEP-PAY-031,EVT-PAY:HrisHomeContributionChanged.v1|EVT-PAY:PayrollCalculated|EVT-PAY:PayslipPublished|PEP-PAY-001|PEP-PAY-012|PEP-PAY-014|PEP-PAY-026|PEP-PAY-027|PEP-PAY-028,,,,hcm.configuration.workbench.view|hcm.operations.payroll-support.view|hcm.operations.payroll.release|hcm.operations.statutory.execute|hcm.personal.pay-statement.download|hcm.personal.pay-statement.view|hcm.personal.year-end-case.update,../session-evidence/pay/g2-api-event-contracts.json|../session-evidence/pay/g2-physical-schema.sql|../session-evidence/pay/g2-runtime-controls.md|ia-entry-query-api-contract-register.csv|ia-entry-query-field-type-register.csv|ia-entry-query-projection-schemas.v1.json|ia-entry-query-runtime-invariant-register.csv,DEP-001|DEP-002|DEP-003|DEP-016,G3-PAY-BE-MIGRATION|G3-PAY-BE-SOURCE|G3-PAY-BE-TEST|G3-PAY-FE-SOURCE,MIG-PAY-PAYROLL-1-49,OWNER_ALLOCATED_IF_SCHEMA_TOUCH_WITHIN_UNRESERVED_VERSION,ALLOCATION_BOUNDARY_ONLY_UNTIL_TOUCH_MANIFEST,workflow/generic fixture/provider conformance now; official YEA formulas/files gate provider or native pack activation only,../session-evidence/pay/validate_readiness.py,DERIVED_NON_AUTHORITATIVE:python3 ../session-evidence/pay/validate_readiness.py,G2-PAY-BASE,pay-readiness,../session-evidence/pay/g4/slices/base-tfr-pay-017/runbook.md,../session-evidence/pay/g4/slices/base-tfr-pay-017/telemetry-evidence.json,../session-evidence/pay/g4/slices/base-tfr-pay-017/migration-clean-upgrade-evidence.json,../session-evidence/pay/g4/slices/base-tfr-pay-017/recovery-evidence.json,../session-evidence/pay/g4/slices/base-tfr-pay-017/acceptance-evidence.json,DERIVED_NON_AUTHORITATIVE:./gradlew :dwp-payroll-server:test --tests '*PayrollG3SliceContractTest' -PhrisSlice=BASE-TFR-PAY-017|./gradlew :dwp-payroll-server:test --tests '*PayrollMigrationCleanUpgradeTest' -PhrisSlice=BASE-TFR-PAY-017|./gradlew :dwp-payroll-server:test --tests '*PayrollWorkerRecoveryTest' -PhrisSlice=BASE-TFR-PAY-017,G3CMD-PAY-BE,G3CMD-PAY-FE,apps/dwp/src/features/hris/payroll/__tests__/g3-slices/base-tfr-pay-017.slice.test.tsx,authorization-negative|feature-flag-event-forward-correction|idempotency-cas|migration-clean-upgrade-rls-backfill|runbook-rollback-forward-correction|telemetry-alert|tenant-isolation|worker-crash-replay,G3-CODE-GO-BASE-TFR-PAY-017,SEALED_G2_EXACT_CONTRACTS_AND_CENTRAL_ALLOCATION_PASS,OPEN_G3_CODE,NOT_STARTED_G3,NOT_AUTHORIZED_G6
BASE-TFR-PAY-018,BASE_TARGET_FAMILY,TFR-PAY-018,PAY,HRIS-PAY,PAY,7bec2dd1d923fff59069e8b842f0ad7d23393eda506b5afe2f5443df741c65fa,5,67e8dec8c9e60ffff77aebdb696c032f0bd7cca8b6ab03902d73df92248f43da,G3A_BASE_018,DEP-001|DEP-002|DEP-003|DEP-004|DEP-005|DEP-016,PAYROLL_STATUTORY,NON_UI_SUPPORTING_SLICE,,,SYS-API-017|SYS-API-018|SYS-API-019|SYS-API-020,,SYS-API-017|SYS-API-018|SYS-API-019|SYS-API-020,,,,../session-evidence/pay/g2-authorization.md,../session-evidence/pay/g2-physical-schema.sql|../session-evidence/pay/g2-runtime-controls.md|../session-evidence/pay/g2-api-event-contracts.json,DEP-001|DEP-002|DEP-003|DEP-004|DEP-005|DEP-016,G3-PAY-BE-MIGRATION|G3-PAY-BE-SOURCE|G3-PAY-BE-TEST|G3-PAY-FE-SOURCE,MIG-PAY-PAYROLL-1-49,OWNER_ALLOCATED_IF_SCHEMA_TOUCH_WITHIN_UNRESERVED_VERSION,ALLOCATION_BOUNDARY_ONLY_UNTIL_TOUCH_MANIFEST,job schema/lease/idempotency/retry/DLQ/receipt tests,../session-evidence/pay/validate_readiness.py,DERIVED_NON_AUTHORITATIVE:python3 ../session-evidence/pay/validate_readiness.py,G2-PAY-BASE,pay-readiness,../session-evidence/pay/g4/slices/base-tfr-pay-018/runbook.md,../session-evidence/pay/g4/slices/base-tfr-pay-018/telemetry-evidence.json,../session-evidence/pay/g4/slices/base-tfr-pay-018/migration-clean-upgrade-evidence.json,../session-evidence/pay/g4/slices/base-tfr-pay-018/recovery-evidence.json,../session-evidence/pay/g4/slices/base-tfr-pay-018/acceptance-evidence.json,DERIVED_NON_AUTHORITATIVE:./gradlew :dwp-payroll-server:test --tests '*PayrollG3SliceContractTest' -PhrisSlice=BASE-TFR-PAY-018|./gradlew :dwp-payroll-server:test --tests '*PayrollMigrationCleanUpgradeTest' -PhrisSlice=BASE-TFR-PAY-018|./gradlew :dwp-payroll-server:test --tests '*PayrollWorkerRecoveryTest' -PhrisSlice=BASE-TFR-PAY-018,G3CMD-PAY-BE,G3CMD-PAY-FE,apps/dwp/src/features/hris/payroll/__tests__/g3-slices/base-tfr-pay-018.slice.test.tsx,authorization-negative|feature-flag-event-forward-correction|idempotency-cas|migration-clean-upgrade-rls-backfill|runbook-rollback-forward-correction|telemetry-alert|tenant-isolation|worker-crash-replay,G3-CODE-GO-BASE-TFR-PAY-018,SEALED_G2_EXACT_CONTRACTS_AND_CENTRAL_ALLOCATION_PASS,OPEN_G3_CODE,NOT_STARTED_G3,NOT_AUTHORIZED_G6
BASE-TFR-PAY-019,BASE_TARGET_FAMILY,TFR-PAY-019,PAY,HRIS-PAY,PAY,e4b4c748ed7bf38cb0b5fa4ceb87a168cc943fb61de25862a97631fc46bdd70b,13,723334c23093a72064d9e0e50742c3988befbf00efce70be7ee3a7d47213b0b6,G3A_BASE_019,DEP-001|DEP-002|DEP-003|DEP-004|DEP-016,PAYROLL_STATUTORY,BASE:settings-payroll,,BASE:settings-payroll,EVT-PAY:PayrollConfigurationPublished|EVT-PAY:PolicyPublished|PEP-PAY-002|PEP-PAY-003|PEP-PAY-004|PEP-PAY-005|PEP-PAY-006|PEP-PAY-007|PEP-PAY-008|SYS-API-011|SYS-API-012|SYS-API-013|SYS-API-014|SYS-API-015|SYS-API-016,,EVT-PAY:PayrollConfigurationPublished|EVT-PAY:PolicyPublished|PEP-PAY-002|PEP-PAY-003|PEP-PAY-004|PEP-PAY-005|PEP-PAY-006|PEP-PAY-007|PEP-PAY-008|SYS-API-011|SYS-API-012|SYS-API-013|SYS-API-014|SYS-API-015|SYS-API-016,,,,hcm.configuration.policy.publish|hcm.configuration.policy.update|hcm.configuration.workbench.view,../session-evidence/pay/g2-physical-schema.sql|../session-evidence/pay/g2-runtime-controls.md|../session-evidence/pay/g2-api-event-contracts.json,DEP-001|DEP-002|DEP-003|DEP-004|DEP-016,G3-PAY-BE-MIGRATION|G3-PAY-BE-SOURCE|G3-PAY-BE-TEST|G3-PAY-FE-SOURCE,MIG-PAY-PAYROLL-1-49,OWNER_ALLOCATED_IF_SCHEMA_TOUCH_WITHIN_UNRESERVED_VERSION,ALLOCATION_BOUNDARY_ONLY_UNTIL_TOUCH_MANIFEST,schema/version/effective-date/publish/tenant-isolation tests,../session-evidence/pay/validate_readiness.py,DERIVED_NON_AUTHORITATIVE:python3 ../session-evidence/pay/validate_readiness.py,G2-PAY-BASE,pay-readiness,../session-evidence/pay/g4/slices/base-tfr-pay-019/runbook.md,../session-evidence/pay/g4/slices/base-tfr-pay-019/telemetry-evidence.json,../session-evidence/pay/g4/slices/base-tfr-pay-019/migration-clean-upgrade-evidence.json,../session-evidence/pay/g4/slices/base-tfr-pay-019/recovery-evidence.json,../session-evidence/pay/g4/slices/base-tfr-pay-019/acceptance-evidence.json,DERIVED_NON_AUTHORITATIVE:./gradlew :dwp-payroll-server:test --tests '*PayrollG3SliceContractTest' -PhrisSlice=BASE-TFR-PAY-019|./gradlew :dwp-payroll-server:test --tests '*PayrollMigrationCleanUpgradeTest' -PhrisSlice=BASE-TFR-PAY-019|./gradlew :dwp-payroll-server:test --tests '*PayrollWorkerRecoveryTest' -PhrisSlice=BASE-TFR-PAY-019,G3CMD-PAY-BE,G3CMD-PAY-FE,apps/dwp/src/features/hris/payroll/__tests__/g3-slices/base-tfr-pay-019.slice.test.tsx,authorization-negative|feature-flag-event-forward-correction|idempotency-cas|migration-clean-upgrade-rls-backfill|runbook-rollback-forward-correction|telemetry-alert|tenant-isolation|worker-crash-replay,G3-CODE-GO-BASE-TFR-PAY-019,SEALED_G2_EXACT_CONTRACTS_AND_CENTRAL_ALLOCATION_PASS,OPEN_G3_CODE,NOT_STARTED_G3,NOT_AUTHORIZED_G6
BASE-TFR-PAY-020,BASE_TARGET_FAMILY,TFR-PAY-020,PAY,HRIS-PAY,PAY,2317b5fc393c62ef7c75da9f40c254fa9111136ff6a73fd177e949030fd2444f,19,5b86d61d60a4ecf7c70b0fe35e38fc9e33812f9d2a3ffeda91fb09e10bfe6d1a,G3A_BASE_020,DEP-001|DEP-002|DEP-003|DEP-007|DEP-008|DEP-009|DEP-016|DEP-019,PAYROLL_STATUTORY,BASE:pay-inputs,,BASE:pay-inputs,PEP-PAY-009|PEP-PAY-010|SVC-PEP-TIM-001|XCON-008|XCON-009|XCON-010|XCON-011,,PEP-PAY-009|PEP-PAY-010,,XCON-008|XCON-009|XCON-010|XCON-011,SVC-PEP-TIM-001,hcm.operations.payroll-inputs.update|hcm.operations.payroll-support.view,../session-evidence/pay/g2-physical-schema.sql|../session-evidence/pay/g2-runtime-controls.md|../session-evidence/pay/g2-api-event-contracts.json,DEP-001|DEP-002|DEP-003|DEP-009|DEP-016,G3-PAY-BE-MIGRATION|G3-PAY-BE-SOURCE|G3-PAY-BE-TEST|G3-PAY-FE-SOURCE,MIG-PAY-PAYROLL-1-49,OWNER_ALLOCATED_IF_SCHEMA_TOUCH_WITHIN_UNRESERVED_VERSION,ALLOCATION_BOUNDARY_ONLY_UNTIL_TOUCH_MANIFEST,accepted/rejected receipt; duplicate/replay/digest/reopen conflict tests,../session-evidence/pay/validate_readiness.py,DERIVED_NON_AUTHORITATIVE:python3 ../session-evidence/pay/validate_readiness.py,G2-PAY-BASE,pay-readiness,../session-evidence/pay/g4/slices/base-tfr-pay-020/runbook.md,../session-evidence/pay/g4/slices/base-tfr-pay-020/telemetry-evidence.json,../session-evidence/pay/g4/slices/base-tfr-pay-020/migration-clean-upgrade-evidence.json,../session-evidence/pay/g4/slices/base-tfr-pay-020/recovery-evidence.json,../session-evidence/pay/g4/slices/base-tfr-pay-020/acceptance-evidence.json,DERIVED_NON_AUTHORITATIVE:./gradlew :dwp-payroll-server:test --tests '*PayrollG3SliceContractTest' -PhrisSlice=BASE-TFR-PAY-020|./gradlew :dwp-payroll-server:test --tests '*PayrollMigrationCleanUpgradeTest' -PhrisSlice=BASE-TFR-PAY-020|./gradlew :dwp-payroll-server:test --tests '*PayrollWorkerRecoveryTest' -PhrisSlice=BASE-TFR-PAY-020,G3CMD-PAY-BE,G3CMD-PAY-FE,apps/dwp/src/features/hris/payroll/__tests__/g3-slices/base-tfr-pay-020.slice.test.tsx,authorization-negative|feature-flag-event-forward-correction|idempotency-cas|migration-clean-upgrade-rls-backfill|runbook-rollback-forward-correction|telemetry-alert|tenant-isolation|worker-crash-replay,G3-CODE-GO-BASE-TFR-PAY-020,SEALED_G2_EXACT_CONTRACTS_AND_CENTRAL_ALLOCATION_PASS,OPEN_G3_CODE,NOT_STARTED_G3,NOT_AUTHORIZED_G6
BASE-TFR-PAY-021,BASE_TARGET_FAMILY,TFR-PAY-021,PAY,HRIS-PAY,PAY,cbbe83a930bb0d27e4c8020b51ec0ebe0049f43ad6894c0fdda2020d8565925d,6,457f82192b4a4240c33fd9ae9f3aa9b76cd3bb9e4d3cf2ada8d0d66851b29f05,G3A_BASE_021,DEP-001|DEP-002|DEP-003|DEP-007|DEP-008|DEP-009|DEP-016|DEP-019,PAYROLL_STATUTORY,BASE:pay-inputs|BASE:pay-population,,BASE:pay-inputs|BASE:pay-population,EVT-PAY:PayrollRunPrepared|PEP-PAY-009|PEP-PAY-010|PEP-PAY-011|SVC-PEP-HRM-002|SVC-PEP-HRM-003|SVC-PEP-HRM-005|XCON-001|XCON-002|XCON-003|XCON-004|XCON-005|XCON-006|XCON-007|XCON-017|XCON-018|XCON-019,,EVT-PAY:PayrollRunPrepared|PEP-PAY-009|PEP-PAY-010|PEP-PAY-011,,XCON-001|XCON-002|XCON-003|XCON-004|XCON-005|XCON-006|XCON-007|XCON-017|XCON-018|XCON-019,SVC-PEP-HRM-002|SVC-PEP-HRM-003|SVC-PEP-HRM-005,hcm.operations.payroll-inputs.update|hcm.operations.payroll-run.execute|hcm.operations.payroll-support.view,../session-evidence/pay/g2-physical-schema.sql|../session-evidence/pay/g2-runtime-controls.md|../session-evidence/pay/g2-api-event-contracts.json,DEP-001|DEP-002|DEP-003|DEP-007|DEP-008|DEP-016,G3-PAY-BE-MIGRATION|G3-PAY-BE-SOURCE|G3-PAY-BE-TEST|G3-PAY-FE-SOURCE,MIG-PAY-PAYROLL-1-49,OWNER_ALLOCATED_IF_SCHEMA_TOUCH_WITHIN_UNRESERVED_VERSION,ALLOCATION_BOUNDARY_ONLY_UNTIL_TOUCH_MANIFEST,event ordering/replay/effective-date/field minimization/projection drift tests,../session-evidence/pay/validate_readiness.py,DERIVED_NON_AUTHORITATIVE:python3 ../session-evidence/pay/validate_readiness.py,G2-PAY-BASE,pay-readiness,../session-evidence/pay/g4/slices/base-tfr-pay-021/runbook.md,../session-evidence/pay/g4/slices/base-tfr-pay-021/telemetry-evidence.json,../session-evidence/pay/g4/slices/base-tfr-pay-021/migration-clean-upgrade-evidence.json,../session-evidence/pay/g4/slices/base-tfr-pay-021/recovery-evidence.json,../session-evidence/pay/g4/slices/base-tfr-pay-021/acceptance-evidence.json,DERIVED_NON_AUTHORITATIVE:./gradlew :dwp-payroll-server:test --tests '*PayrollG3SliceContractTest' -PhrisSlice=BASE-TFR-PAY-021|./gradlew :dwp-payroll-server:test --tests '*PayrollMigrationCleanUpgradeTest' -PhrisSlice=BASE-TFR-PAY-021|./gradlew :dwp-payroll-server:test --tests '*PayrollWorkerRecoveryTest' -PhrisSlice=BASE-TFR-PAY-021,G3CMD-PAY-BE,G3CMD-PAY-FE,apps/dwp/src/features/hris/payroll/__tests__/g3-slices/base-tfr-pay-021.slice.test.tsx,authorization-negative|feature-flag-event-forward-correction|idempotency-cas|migration-clean-upgrade-rls-backfill|runbook-rollback-forward-correction|telemetry-alert|tenant-isolation|worker-crash-replay,G3-CODE-GO-BASE-TFR-PAY-021,SEALED_G2_EXACT_CONTRACTS_AND_CENTRAL_ALLOCATION_PASS,OPEN_G3_CODE,NOT_STARTED_G3,NOT_AUTHORIZED_G6
BASE-TFR-PER-001,BASE_TARGET_FAMILY,TFR-PER-001,PER,HRIS-PER,PER,cb7aa91280cca068e3ea8515562402a6584b12e2505f04d9b9c99917a22f114c,2,f95389dff732434de73f45c4e695125df0424cee0314fc6adbbf2eeab20ba0bf,G3A_BASE_001,DEP-001|DEP-002|DEP-003|DEP-015|DEP-016,NOTIFICATION,NON_UI_SUPPORTING_SLICE,,,PLAT-004,,PLAT-004,,,,../session-evidence/per/g2-readiness/authorization-field-policy.md,../session-evidence/per/g2-readiness/physical-schema.sql|../session-evidence/per/g2-readiness/state-guard-idempotency-recovery.md|../session-evidence/per/g2-readiness/api-event-contracts.yaml,DEP-001|DEP-002|DEP-003|DEP-015|DEP-016,G3-PER-BE-MIGRATION|G3-PER-BE-SOURCE|G3-PER-BE-TEST|G3-PER-FE-SOURCE,MIG-PER-PERFORMANCE-1-63,dwp-people-server/src/main/resources/db/performance-migration/V1__per_base_tfr_per_001.sql,ALLOCATION_BOUNDARY_ONLY_UNTIL_TOUCH_MANIFEST,NOTIFICATION-CONTRACT|PER-NOTIFY-PURPOSE|NO-DIRECT-MAIL-SEND,../session-evidence/per/g2-readiness/validate_per_readiness.py,DERIVED_NON_AUTHORITATIVE:python3 ../session-evidence/per/g2-readiness/validate_per_readiness.py,G2-PER-BASE,per-readiness,../session-evidence/per/g4/slices/base-tfr-per-001/runbook.md,../session-evidence/per/g4/slices/base-tfr-per-001/telemetry-evidence.json,../session-evidence/per/g4/slices/base-tfr-per-001/migration-clean-upgrade-evidence.json,../session-evidence/per/g4/slices/base-tfr-per-001/recovery-evidence.json,../session-evidence/per/g4/slices/base-tfr-per-001/acceptance-evidence.json,DERIVED_NON_AUTHORITATIVE:./gradlew :dwp-people-server:test --tests '*PerformanceG3SliceContractTest' -PhrisSlice=BASE-TFR-PER-001|./gradlew :dwp-people-server:test --tests '*PerformanceMigrationCleanUpgradeTest' -PhrisSlice=BASE-TFR-PER-001|./gradlew :dwp-people-server:test --tests '*PerformanceWorkerRecoveryTest' -PhrisSlice=BASE-TFR-PER-001,G3CMD-PER-BE,G3CMD-PER-FE,apps/dwp/src/features/hris/performance/__tests__/g3-slices/base-tfr-per-001.slice.test.tsx,authorization-negative|feature-flag-event-forward-correction|idempotency-cas|migration-clean-upgrade-rls-backfill|runbook-rollback-forward-correction|telemetry-alert|tenant-isolation|worker-crash-replay,G3-CODE-GO-BASE-TFR-PER-001,SEALED_G2_EXACT_CONTRACTS_AND_CENTRAL_ALLOCATION_PASS,OPEN_G3_CODE,NOT_STARTED_G3,NOT_AUTHORIZED_G6
BASE-TFR-PER-002,BASE_TARGET_FAMILY,TFR-PER-002,PER,HRIS-PER,PER,69e28b14370438a36630d5d8b0c27d6e83d13b08b2fa98b711e3769719c36e93,36,451f8e3774aa0609aac33c7bfd69d2a5b563800c7d9e3a49ecb37981ae4809fd,G3A_BASE_002,DEP-001|DEP-002|DEP-003|DEP-016,PERFORMANCE,BASE:performance-calibration,BASE:performance-calibration,,EVT-PER:PerformanceCalibrationApproved.v1|IAQ-024|PEP-PER-017,EVT-PER:PerformanceCalibrationApproved.v1|IAQ-024|PEP-PER-017,,,,,hcm.operations.performance.calibrate|hcm.operations.performance.view,../session-evidence/per/g2-readiness/api-event-contracts.yaml|../session-evidence/per/g2-readiness/physical-schema.sql|../session-evidence/per/g2-readiness/state-guard-idempotency-recovery.md|ia-entry-query-api-contract-register.csv|ia-entry-query-field-type-register.csv|ia-entry-query-projection-schemas.v1.json|ia-entry-query-runtime-invariant-register.csv,DEP-001|DEP-002|DEP-003|DEP-016,G3-PER-BE-MIGRATION|G3-PER-BE-SOURCE|G3-PER-BE-TEST|G3-PER-FE-SOURCE,MIG-PER-PERFORMANCE-1-63,dwp-people-server/src/main/resources/db/performance-migration/V2__per_base_tfr_per_002.sql,ALLOCATION_BOUNDARY_ONLY_UNTIL_TOUCH_MANIFEST,PER-CONTRACT-CALIBRATION|PER-GOLDEN-CALIBRATION-001|SOD-CALIBRATE-PUBLISH,../session-evidence/per/g2-readiness/validate_per_readiness.py,DERIVED_NON_AUTHORITATIVE:python3 ../session-evidence/per/g2-readiness/validate_per_readiness.py,G2-PER-BASE,per-readiness,../session-evidence/per/g4/slices/base-tfr-per-002/runbook.md,../session-evidence/per/g4/slices/base-tfr-per-002/telemetry-evidence.json,../session-evidence/per/g4/slices/base-tfr-per-002/migration-clean-upgrade-evidence.json,../session-evidence/per/g4/slices/base-tfr-per-002/recovery-evidence.json,../session-evidence/per/g4/slices/base-tfr-per-002/acceptance-evidence.json,DERIVED_NON_AUTHORITATIVE:./gradlew :dwp-people-server:test --tests '*PerformanceG3SliceContractTest' -PhrisSlice=BASE-TFR-PER-002|./gradlew :dwp-people-server:test --tests '*PerformanceMigrationCleanUpgradeTest' -PhrisSlice=BASE-TFR-PER-002|./gradlew :dwp-people-server:test --tests '*PerformanceWorkerRecoveryTest' -PhrisSlice=BASE-TFR-PER-002,G3CMD-PER-BE,G3CMD-PER-FE,apps/dwp/src/features/hris/performance/__tests__/g3-slices/base-tfr-per-002.slice.test.tsx,authorization-negative|feature-flag-event-forward-correction|idempotency-cas|migration-clean-upgrade-rls-backfill|runbook-rollback-forward-correction|telemetry-alert|tenant-isolation|worker-crash-replay,G3-CODE-GO-BASE-TFR-PER-002,SEALED_G2_EXACT_CONTRACTS_AND_CENTRAL_ALLOCATION_PASS,OPEN_G3_CODE,NOT_STARTED_G3,NOT_AUTHORIZED_G6
BASE-TFR-PER-003,BASE_TARGET_FAMILY,TFR-PER-003,PER,HRIS-PER,PER,c50fb52b58bac3d189362d65a838a1ff3c0a9fc670f9b4ca1535f9da899e56cc,27,54b19f9219c8ec7d2a69fd950ffd5a01fa542af56341e5b5e86c37b024c7c493,G3A_BASE_003,DEP-001|DEP-002|DEP-003|DEP-016,PERFORMANCE,BASE:performance-conversations-feedback,BASE:performance-conversations-feedback,,EVT-PER:PerformanceFeedbackSubmitted.v1|IAQ-023|PEP-PER-015|PEP-PER-016,IAQ-023|PEP-PER-016,EVT-PER:PerformanceFeedbackSubmitted.v1|PEP-PER-015,,,,hcm.operations.performance.view,../session-evidence/per/g2-readiness/api-event-contracts.yaml|../session-evidence/per/g2-readiness/physical-schema.sql|../session-evidence/per/g2-readiness/state-guard-idempotency-recovery.md|ia-entry-query-api-contract-register.csv|ia-entry-query-field-type-register.csv|ia-entry-query-projection-schemas.v1.json|ia-entry-query-runtime-invariant-register.csv,DEP-001|DEP-002|DEP-003|DEP-016,G3-PER-BE-MIGRATION|G3-PER-BE-SOURCE|G3-PER-BE-TEST|G3-PER-FE-SOURCE,MIG-PER-PERFORMANCE-1-63,dwp-people-server/src/main/resources/db/performance-migration/V3__per_base_tfr_per_003.sql,ALLOCATION_BOUNDARY_ONLY_UNTIL_TOUCH_MANIFEST,PER-CONTRACT-CHECKIN|PER-GOLDEN-CHECKIN-001|FIELD-POLICY-PRIVATE-NOTES,../session-evidence/per/g2-readiness/validate_per_readiness.py,DERIVED_NON_AUTHORITATIVE:python3 ../session-evidence/per/g2-readiness/validate_per_readiness.py,G2-PER-BASE,per-readiness,../session-evidence/per/g4/slices/base-tfr-per-003/runbook.md,../session-evidence/per/g4/slices/base-tfr-per-003/telemetry-evidence.json,../session-evidence/per/g4/slices/base-tfr-per-003/migration-clean-upgrade-evidence.json,../session-evidence/per/g4/slices/base-tfr-per-003/recovery-evidence.json,../session-evidence/per/g4/slices/base-tfr-per-003/acceptance-evidence.json,DERIVED_NON_AUTHORITATIVE:./gradlew :dwp-people-server:test --tests '*PerformanceG3SliceContractTest' -PhrisSlice=BASE-TFR-PER-003|./gradlew :dwp-people-server:test --tests '*PerformanceMigrationCleanUpgradeTest' -PhrisSlice=BASE-TFR-PER-003|./gradlew :dwp-people-server:test --tests '*PerformanceWorkerRecoveryTest' -PhrisSlice=BASE-TFR-PER-003,G3CMD-PER-BE,G3CMD-PER-FE,apps/dwp/src/features/hris/performance/__tests__/g3-slices/base-tfr-per-003.slice.test.tsx,authorization-negative|feature-flag-event-forward-correction|idempotency-cas|migration-clean-upgrade-rls-backfill|runbook-rollback-forward-correction|telemetry-alert|tenant-isolation|worker-crash-replay,G3-CODE-GO-BASE-TFR-PER-003,SEALED_G2_EXACT_CONTRACTS_AND_CENTRAL_ALLOCATION_PASS,OPEN_G3_CODE,NOT_STARTED_G3,NOT_AUTHORIZED_G6
BASE-TFR-PER-004,BASE_TARGET_FAMILY,TFR-PER-004,PER,HRIS-PER,PER,fdd2331792c4e3e3b4d132fce534c3d05769ade2273d40d851eb2c64883c043c,12,0a3e4c31f482e72353bb526d333f86e3536945044e8e45c9202e6bd10a52a30e,G3A_BASE_004,DEP-001|DEP-002|DEP-003|DEP-004|DEP-016,PERFORMANCE,BASE:performance-forms-scales|BASE:settings-performance,BASE:performance-forms-scales|BASE:settings-performance,,EVT-PER:PerformanceCyclePublished.v1|IAQ-020|IAQ-056|PEP-PER-002|PEP-PER-003|PEP-PER-004|PEP-PER-005|PEP-PER-006|PEP-PER-007|SYS-API-011|SYS-API-012|SYS-API-013|SYS-API-014|SYS-API-015|SYS-API-016,IAQ-020|IAQ-056,EVT-PER:PerformanceCyclePublished.v1|PEP-PER-002|PEP-PER-003|PEP-PER-004|PEP-PER-005|PEP-PER-006|PEP-PER-007|SYS-API-011|SYS-API-012|SYS-API-013|SYS-API-014|SYS-API-015|SYS-API-016,,,,hcm.configuration.policy.publish|hcm.configuration.policy.update|hcm.configuration.workbench.view|hcm.operations.performance.update|hcm.operations.performance.view,../session-evidence/per/g2-readiness/api-event-contracts.yaml|../session-evidence/per/g2-readiness/physical-schema.sql|../session-evidence/per/g2-readiness/state-guard-idempotency-recovery.md|ia-entry-query-api-contract-register.csv|ia-entry-query-field-type-register.csv|ia-entry-query-projection-schemas.v1.json|ia-entry-query-runtime-invariant-register.csv,DEP-001|DEP-002|DEP-003|DEP-004|DEP-016,G3-PER-BE-MIGRATION|G3-PER-BE-SOURCE|G3-PER-BE-TEST|G3-PER-FE-SOURCE,MIG-PER-PERFORMANCE-1-63,dwp-people-server/src/main/resources/db/performance-migration/V4__per_base_tfr_per_004.sql,ALLOCATION_BOUNDARY_ONLY_UNTIL_TOUCH_MANIFEST,PER-CONTRACT-CONFIG|PER-GOLDEN-CONFIG-001|NO-TENANT-HARDCODING,../session-evidence/per/g2-readiness/validate_per_readiness.py,DERIVED_NON_AUTHORITATIVE:python3 ../session-evidence/per/g2-readiness/validate_per_readiness.py,G2-PER-BASE,per-readiness,../session-evidence/per/g4/slices/base-tfr-per-004/runbook.md,../session-evidence/per/g4/slices/base-tfr-per-004/telemetry-evidence.json,../session-evidence/per/g4/slices/base-tfr-per-004/migration-clean-upgrade-evidence.json,../session-evidence/per/g4/slices/base-tfr-per-004/recovery-evidence.json,../session-evidence/per/g4/slices/base-tfr-per-004/acceptance-evidence.json,DERIVED_NON_AUTHORITATIVE:./gradlew :dwp-people-server:test --tests '*PerformanceG3SliceContractTest' -PhrisSlice=BASE-TFR-PER-004|./gradlew :dwp-people-server:test --tests '*PerformanceMigrationCleanUpgradeTest' -PhrisSlice=BASE-TFR-PER-004|./gradlew :dwp-people-server:test --tests '*PerformanceWorkerRecoveryTest' -PhrisSlice=BASE-TFR-PER-004,G3CMD-PER-BE,G3CMD-PER-FE,apps/dwp/src/features/hris/performance/__tests__/g3-slices/base-tfr-per-004.slice.test.tsx,authorization-negative|feature-flag-event-forward-correction|idempotency-cas|migration-clean-upgrade-rls-backfill|runbook-rollback-forward-correction|telemetry-alert|tenant-isolation|worker-crash-replay,G3-CODE-GO-BASE-TFR-PER-004,SEALED_G2_EXACT_CONTRACTS_AND_CENTRAL_ALLOCATION_PASS,OPEN_G3_CODE,NOT_STARTED_G3,NOT_AUTHORIZED_G6
BASE-TFR-PER-005,BASE_TARGET_FAMILY,TFR-PER-005,PER,HRIS-PER,PER,443bab3c10a78d69ba0b7a7d4c9f1c044cc4cbed70c2a2e47d97a069718d531a,8,05004d321b4302dd250ed509937a25c574f1e31879002a9662078c31b75b79a1,G3A_BASE_005,DEP-001|DEP-002|DEP-003|DEP-004|DEP-016,PERFORMANCE,BASE:performance-goal-cycles|BASE:settings-performance,BASE:performance-goal-cycles,BASE:settings-performance,EVT-PER:PerformanceCyclePublished.v1|EVT-PER:PerformanceGoalCommitted.v1|PEP-PER-002|PEP-PER-003|PEP-PER-004|PEP-PER-005|PEP-PER-006|PEP-PER-007|PEP-PER-010|PEP-PER-011|SYS-API-011|SYS-API-012|SYS-API-013|SYS-API-014|SYS-API-015|SYS-API-016,EVT-PER:PerformanceCyclePublished.v1|PEP-PER-002|PEP-PER-003|PEP-PER-004|PEP-PER-005|PEP-PER-006|PEP-PER-007,EVT-PER:PerformanceGoalCommitted.v1|PEP-PER-010|PEP-PER-011|SYS-API-011|SYS-API-012|SYS-API-013|SYS-API-014|SYS-API-015|SYS-API-016,,,,hcm.configuration.policy.publish|hcm.configuration.policy.update|hcm.configuration.workbench.view|hcm.operations.performance.update|per.cycle.view,../session-evidence/per/g2-readiness/physical-schema.sql|../session-evidence/per/g2-readiness/state-guard-idempotency-recovery.md|../session-evidence/per/g2-readiness/api-event-contracts.yaml,DEP-001|DEP-002|DEP-003|DEP-004|DEP-016,G3-PER-BE-MIGRATION|G3-PER-BE-SOURCE|G3-PER-BE-TEST|G3-PER-FE-SOURCE,MIG-PER-PERFORMANCE-1-63,dwp-people-server/src/main/resources/db/performance-migration/V5__per_base_tfr_per_005.sql,ALLOCATION_BOUNDARY_ONLY_UNTIL_TOUCH_MANIFEST,PER-CONTRACT-CYCLE|PER-GOLDEN-CYCLE-001|PER-STATE-CYCLE,../session-evidence/per/g2-readiness/validate_per_readiness.py,DERIVED_NON_AUTHORITATIVE:python3 ../session-evidence/per/g2-readiness/validate_per_readiness.py,G2-PER-BASE,per-readiness,../session-evidence/per/g4/slices/base-tfr-per-005/runbook.md,../session-evidence/per/g4/slices/base-tfr-per-005/telemetry-evidence.json,../session-evidence/per/g4/slices/base-tfr-per-005/migration-clean-upgrade-evidence.json,../session-evidence/per/g4/slices/base-tfr-per-005/recovery-evidence.json,../session-evidence/per/g4/slices/base-tfr-per-005/acceptance-evidence.json,DERIVED_NON_AUTHORITATIVE:./gradlew :dwp-people-server:test --tests '*PerformanceG3SliceContractTest' -PhrisSlice=BASE-TFR-PER-005|./gradlew :dwp-people-server:test --tests '*PerformanceMigrationCleanUpgradeTest' -PhrisSlice=BASE-TFR-PER-005|./gradlew :dwp-people-server:test --tests '*PerformanceWorkerRecoveryTest' -PhrisSlice=BASE-TFR-PER-005,G3CMD-PER-BE,G3CMD-PER-FE,apps/dwp/src/features/hris/performance/__tests__/g3-slices/base-tfr-per-005.slice.test.tsx,authorization-negative|feature-flag-event-forward-correction|idempotency-cas|migration-clean-upgrade-rls-backfill|runbook-rollback-forward-correction|telemetry-alert|tenant-isolation|worker-crash-replay,G3-CODE-GO-BASE-TFR-PER-005,SEALED_G2_EXACT_CONTRACTS_AND_CENTRAL_ALLOCATION_PASS,OPEN_G3_CODE,NOT_STARTED_G3,NOT_AUTHORIZED_G6
BASE-TFR-PER-006,BASE_TARGET_FAMILY,TFR-PER-006,PER,HRIS-PER,PER,4a8efebbae76c0aab5c9b4b740daf6945ac6f22ca628fdf066bf8aa286e30ca2,42,8173b74f3ec89d6d30f886237ebe857beb6c2e363c98fc515d6563ad533dfef5,G3A_BASE_006,DEP-001|DEP-002|DEP-003|DEP-016,PERFORMANCE,BASE:performance-review-operations,BASE:performance-review-operations,,EVT-PER:PerformancePopulationFrozen.v1|EVT-PER:PerformanceReviewSubmitted.v1|IAQ-021|PEP-PER-008|PEP-PER-009|PEP-PER-012|PEP-PER-013|PEP-PER-014,EVT-PER:PerformancePopulationFrozen.v1|IAQ-021|PEP-PER-008|PEP-PER-009,EVT-PER:PerformanceReviewSubmitted.v1|PEP-PER-012|PEP-PER-013|PEP-PER-014,,,,hcm.operations.performance.update|hcm.operations.performance.view,../session-evidence/per/g2-readiness/api-event-contracts.yaml|../session-evidence/per/g2-readiness/physical-schema.sql|../session-evidence/per/g2-readiness/state-guard-idempotency-recovery.md|ia-entry-query-api-contract-register.csv|ia-entry-query-field-type-register.csv|ia-entry-query-projection-schemas.v1.json|ia-entry-query-runtime-invariant-register.csv,DEP-001|DEP-002|DEP-003|DEP-016,G3-PER-BE-MIGRATION|G3-PER-BE-SOURCE|G3-PER-BE-TEST|G3-PER-FE-SOURCE,MIG-PER-PERFORMANCE-1-63,dwp-people-server/src/main/resources/db/performance-migration/V6__per_base_tfr_per_006.sql,ALLOCATION_BOUNDARY_ONLY_UNTIL_TOUCH_MANIFEST,PER-CONTRACT-POPULATION|PER-GOLDEN-POPULATION-001|AUTHZ-ASSIGNED-POPULATION,../session-evidence/per/g2-readiness/validate_per_readiness.py,DERIVED_NON_AUTHORITATIVE:python3 ../session-evidence/per/g2-readiness/validate_per_readiness.py,G2-PER-BASE,per-readiness,../session-evidence/per/g4/slices/base-tfr-per-006/runbook.md,../session-evidence/per/g4/slices/base-tfr-per-006/telemetry-evidence.json,../session-evidence/per/g4/slices/base-tfr-per-006/migration-clean-upgrade-evidence.json,../session-evidence/per/g4/slices/base-tfr-per-006/recovery-evidence.json,../session-evidence/per/g4/slices/base-tfr-per-006/acceptance-evidence.json,DERIVED_NON_AUTHORITATIVE:./gradlew :dwp-people-server:test --tests '*PerformanceG3SliceContractTest' -PhrisSlice=BASE-TFR-PER-006|./gradlew :dwp-people-server:test --tests '*PerformanceMigrationCleanUpgradeTest' -PhrisSlice=BASE-TFR-PER-006|./gradlew :dwp-people-server:test --tests '*PerformanceWorkerRecoveryTest' -PhrisSlice=BASE-TFR-PER-006,G3CMD-PER-BE,G3CMD-PER-FE,apps/dwp/src/features/hris/performance/__tests__/g3-slices/base-tfr-per-006.slice.test.tsx,authorization-negative|feature-flag-event-forward-correction|idempotency-cas|migration-clean-upgrade-rls-backfill|runbook-rollback-forward-correction|telemetry-alert|tenant-isolation|worker-crash-replay,G3-CODE-GO-BASE-TFR-PER-006,SEALED_G2_EXACT_CONTRACTS_AND_CENTRAL_ALLOCATION_PASS,OPEN_G3_CODE,NOT_STARTED_G3,NOT_AUTHORIZED_G6
BASE-TFR-PER-007,BASE_TARGET_FAMILY,TFR-PER-007,PER,HRIS-PER,PER,9c10e1d03cb59f039990cab408d4e3a548d70120ffd8c5cc0c8b0ece26337a91,5,dab2653854b43b844232bebf751c68f0e415710f75a4e20e4ec36f58cc884e7c,G3A_BASE_007,DEP-001|DEP-002|DEP-003|DEP-010|DEP-011|DEP-012|DEP-013|DEP-016,PERFORMANCE,BASE:hr-operations-home|BASE:my-goals-performance|BASE:performance-command-center|BASE:team-home,BASE:my-goals-performance|BASE:performance-command-center,BASE:hr-operations-home|BASE:team-home,EVT-HRM:HrisHomeContributionChanged.v1|EVT-PAY:HrisHomeContributionChanged.v1|EVT-PER:HrisHomeContributionChanged.v1|EVT-PER:PerformanceAppealResolved.v1|EVT-PER:PerformanceGoalCommitted.v1|EVT-PER:PerformanceResultsPublished.v1|EVT-PER:PerformanceReviewSubmitted.v1|EVT-TIM:HrisHomeContributionChanged.v1|IAQ-051|PEP-HRM-016|PEP-PAY-001|PEP-PER-001|PEP-PER-010|PEP-PER-011|PEP-PER-012|PEP-PER-013|PEP-PER-014|PEP-PER-018|PEP-PER-019|PEP-PER-021|PEP-TIM-001|PLAT-005|SVC-PEP-PER-002|SYS-API-026|SYS-API-027|SYS-API-031|SYS-API-032|SYS-API-039|SYS-API-040|SYS-EVT-007|XCON-012,EVT-PER:HrisHomeContributionChanged.v1|IAQ-051|PEP-PER-001|SVC-PEP-PER-002|XCON-012,EVT-HRM:HrisHomeContributionChanged.v1|EVT-PAY:HrisHomeContributionChanged.v1|EVT-PER:PerformanceAppealResolved.v1|EVT-PER:PerformanceGoalCommitted.v1|EVT-PER:PerformanceResultsPublished.v1|EVT-PER:PerformanceReviewSubmitted.v1|EVT-TIM:HrisHomeContributionChanged.v1|PEP-HRM-016|PEP-PAY-001|PEP-PER-010|PEP-PER-011|PEP-PER-012|PEP-PER-013|PEP-PER-014|PEP-PER-018|PEP-PER-019|PEP-PER-021|PEP-TIM-001|PLAT-005|SYS-API-026|SYS-API-027|SYS-API-031|SYS-API-032|SYS-API-039|SYS-API-040|SYS-EVT-007,XCON-012,,,hcm.operations.people.view|hcm.operations.performance.view|hcm.personal.performance.view|hcm.team.members.view|hcm.team.performance.review|per.appeal.self.open|per.goal.self.write|per.review.self.submit,../session-evidence/per/g2-readiness/api-event-contracts.yaml|../session-evidence/per/g2-readiness/physical-schema.sql|../session-evidence/per/g2-readiness/state-guard-idempotency-recovery.md|ia-entry-query-api-contract-register.csv|ia-entry-query-field-type-register.csv|ia-entry-query-projection-schemas.v1.json|ia-entry-query-runtime-invariant-register.csv,DEP-001|DEP-002|DEP-003|DEP-010|DEP-016,G3-PER-BE-MIGRATION|G3-PER-BE-SOURCE|G3-PER-BE-TEST|G3-PER-FE-SOURCE,MIG-PER-PERFORMANCE-1-63,dwp-people-server/src/main/resources/db/performance-migration/V7__per_base_tfr_per_007.sql,ALLOCATION_BOUNDARY_ONLY_UNTIL_TOUCH_MANIFEST,PER-CONTRACT-HOME|PER-GOLDEN-HOME|AUTHZ-TENANT-NEGATIVE,../session-evidence/per/g2-readiness/validate_per_readiness.py,DERIVED_NON_AUTHORITATIVE:python3 ../session-evidence/per/g2-readiness/validate_per_readiness.py,G2-PER-BASE,per-readiness,../session-evidence/per/g4/slices/base-tfr-per-007/runbook.md,../session-evidence/per/g4/slices/base-tfr-per-007/telemetry-evidence.json,../session-evidence/per/g4/slices/base-tfr-per-007/migration-clean-upgrade-evidence.json,../session-evidence/per/g4/slices/base-tfr-per-007/recovery-evidence.json,../session-evidence/per/g4/slices/base-tfr-per-007/acceptance-evidence.json,DERIVED_NON_AUTHORITATIVE:./gradlew :dwp-people-server:test --tests '*PerformanceG3SliceContractTest' -PhrisSlice=BASE-TFR-PER-007|./gradlew :dwp-people-server:test --tests '*PerformanceMigrationCleanUpgradeTest' -PhrisSlice=BASE-TFR-PER-007|./gradlew :dwp-people-server:test --tests '*PerformanceWorkerRecoveryTest' -PhrisSlice=BASE-TFR-PER-007,G3CMD-PER-BE,G3CMD-PER-FE,apps/dwp/src/features/hris/performance/__tests__/g3-slices/base-tfr-per-007.slice.test.tsx,authorization-negative|feature-flag-event-forward-correction|idempotency-cas|migration-clean-upgrade-rls-backfill|runbook-rollback-forward-correction|telemetry-alert|tenant-isolation|worker-crash-replay,G3-CODE-GO-BASE-TFR-PER-007,SEALED_G2_EXACT_CONTRACTS_AND_CENTRAL_ALLOCATION_PASS,OPEN_G3_CODE,NOT_STARTED_G3,NOT_AUTHORIZED_G6
BASE-TFR-PER-008,BASE_TARGET_FAMILY,TFR-PER-008,PER,HRIS-PER,PER,1e93491c7430eb638dc8f4be92cc053a74e3f2088bdb005e5645019675288735,14,8e9235669b8c4aee93bcc689e344d0b6eda2ca82ab20066d5d1b0cd6cf72fcf4,G3A_BASE_008,DEP-001|DEP-002|DEP-003|DEP-016,PERFORMANCE,BASE:performance-conversations-feedback|BASE:team-performance,BASE:team-performance,BASE:performance-conversations-feedback,EVT-PER:PerformanceFeedbackSubmitted.v1|EVT-PER:PerformanceGoalCommitted.v1|EVT-PER:PerformanceReviewSubmitted.v1|IAQ-038|PEP-PER-010|PEP-PER-011|PEP-PER-012|PEP-PER-013|PEP-PER-014|PEP-PER-015|PEP-PER-016,EVT-PER:PerformanceFeedbackSubmitted.v1|IAQ-038|PEP-PER-015,EVT-PER:PerformanceGoalCommitted.v1|EVT-PER:PerformanceReviewSubmitted.v1|PEP-PER-010|PEP-PER-011|PEP-PER-012|PEP-PER-013|PEP-PER-014|PEP-PER-016,,,,hcm.operations.performance.view|hcm.team.performance.review|hcm.team.workbench.view|per.feedback.request.create|per.goal.self.write|per.review.self.submit,../session-evidence/per/g2-readiness/api-event-contracts.yaml|../session-evidence/per/g2-readiness/physical-schema.sql|../session-evidence/per/g2-readiness/state-guard-idempotency-recovery.md|ia-entry-query-api-contract-register.csv|ia-entry-query-field-type-register.csv|ia-entry-query-projection-schemas.v1.json|ia-entry-query-runtime-invariant-register.csv,DEP-001|DEP-002|DEP-003|DEP-016,G3-PER-BE-MIGRATION|G3-PER-BE-SOURCE|G3-PER-BE-TEST|G3-PER-FE-SOURCE,MIG-PER-PERFORMANCE-1-63,dwp-people-server/src/main/resources/db/performance-migration/V8__per_base_tfr_per_008.sql,ALLOCATION_BOUNDARY_ONLY_UNTIL_TOUCH_MANIFEST,PER-CONTRACT-FEEDBACK|PER-GOLDEN-FEEDBACK-001|PRIVACY-ANONYMITY-THRESHOLD,../session-evidence/per/g2-readiness/validate_per_readiness.py,DERIVED_NON_AUTHORITATIVE:python3 ../session-evidence/per/g2-readiness/validate_per_readiness.py,G2-PER-BASE,per-readiness,../session-evidence/per/g4/slices/base-tfr-per-008/runbook.md,../session-evidence/per/g4/slices/base-tfr-per-008/telemetry-evidence.json,../session-evidence/per/g4/slices/base-tfr-per-008/migration-clean-upgrade-evidence.json,../session-evidence/per/g4/slices/base-tfr-per-008/recovery-evidence.json,../session-evidence/per/g4/slices/base-tfr-per-008/acceptance-evidence.json,DERIVED_NON_AUTHORITATIVE:./gradlew :dwp-people-server:test --tests '*PerformanceG3SliceContractTest' -PhrisSlice=BASE-TFR-PER-008|./gradlew :dwp-people-server:test --tests '*PerformanceMigrationCleanUpgradeTest' -PhrisSlice=BASE-TFR-PER-008|./gradlew :dwp-people-server:test --tests '*PerformanceWorkerRecoveryTest' -PhrisSlice=BASE-TFR-PER-008,G3CMD-PER-BE,G3CMD-PER-FE,apps/dwp/src/features/hris/performance/__tests__/g3-slices/base-tfr-per-008.slice.test.tsx,authorization-negative|feature-flag-event-forward-correction|idempotency-cas|migration-clean-upgrade-rls-backfill|runbook-rollback-forward-correction|telemetry-alert|tenant-isolation|worker-crash-replay,G3-CODE-GO-BASE-TFR-PER-008,SEALED_G2_EXACT_CONTRACTS_AND_CENTRAL_ALLOCATION_PASS,OPEN_G3_CODE,NOT_STARTED_G3,NOT_AUTHORIZED_G6
BASE-TFR-PER-009,BASE_TARGET_FAMILY,TFR-PER-009,PER,HRIS-PER,PER,21fa3ac9605bfe264bea52502bd41e1a4608e0feec4e30ea2ecaf276c99b3286,77,c224c79c031c4cfc802015d6f896d9030f1dd5f6fb01c49da8798755899c834b,G3A_BASE_009,DEP-001|DEP-002|DEP-003|DEP-010|DEP-016,PERFORMANCE,BASE:my-goals-performance|BASE:performance-goal-cycles|BASE:team-performance,,BASE:my-goals-performance|BASE:performance-goal-cycles|BASE:team-performance,EVT-PER:HrisHomeContributionChanged.v1|EVT-PER:PerformanceAppealResolved.v1|EVT-PER:PerformanceCyclePublished.v1|EVT-PER:PerformanceFeedbackSubmitted.v1|EVT-PER:PerformanceGoalCommitted.v1|EVT-PER:PerformanceResultsPublished.v1|EVT-PER:PerformanceReviewSubmitted.v1|PEP-PER-001|PEP-PER-002|PEP-PER-003|PEP-PER-004|PEP-PER-005|PEP-PER-006|PEP-PER-007|PEP-PER-010|PEP-PER-011|PEP-PER-012|PEP-PER-013|PEP-PER-014|PEP-PER-015|PEP-PER-018|PEP-PER-019,EVT-PER:PerformanceGoalCommitted.v1|PEP-PER-010|PEP-PER-011,EVT-PER:HrisHomeContributionChanged.v1|EVT-PER:PerformanceAppealResolved.v1|EVT-PER:PerformanceCyclePublished.v1|EVT-PER:PerformanceFeedbackSubmitted.v1|EVT-PER:PerformanceResultsPublished.v1|EVT-PER:PerformanceReviewSubmitted.v1|PEP-PER-001|PEP-PER-002|PEP-PER-003|PEP-PER-004|PEP-PER-005|PEP-PER-006|PEP-PER-007|PEP-PER-012|PEP-PER-013|PEP-PER-014|PEP-PER-015|PEP-PER-018|PEP-PER-019,,,,hcm.operations.performance.update|hcm.personal.performance.view|hcm.team.performance.review|hcm.team.workbench.view|per.appeal.self.open|per.cycle.view|per.feedback.request.create|per.goal.self.write|per.review.self.submit,../session-evidence/per/g2-readiness/physical-schema.sql|../session-evidence/per/g2-readiness/state-guard-idempotency-recovery.md|../session-evidence/per/g2-readiness/api-event-contracts.yaml,DEP-001|DEP-002|DEP-003|DEP-016,G3-PER-BE-MIGRATION|G3-PER-BE-SOURCE|G3-PER-BE-TEST|G3-PER-FE-SOURCE,MIG-PER-PERFORMANCE-1-63,dwp-people-server/src/main/resources/db/performance-migration/V9__per_base_tfr_per_009.sql,ALLOCATION_BOUNDARY_ONLY_UNTIL_TOUCH_MANIFEST,PER-CONTRACT-GOAL|PER-GOLDEN-GOAL-001|PER-STATE-GOAL,../session-evidence/per/g2-readiness/validate_per_readiness.py,DERIVED_NON_AUTHORITATIVE:python3 ../session-evidence/per/g2-readiness/validate_per_readiness.py,G2-PER-BASE,per-readiness,../session-evidence/per/g4/slices/base-tfr-per-009/runbook.md,../session-evidence/per/g4/slices/base-tfr-per-009/telemetry-evidence.json,../session-evidence/per/g4/slices/base-tfr-per-009/migration-clean-upgrade-evidence.json,../session-evidence/per/g4/slices/base-tfr-per-009/recovery-evidence.json,../session-evidence/per/g4/slices/base-tfr-per-009/acceptance-evidence.json,DERIVED_NON_AUTHORITATIVE:./gradlew :dwp-people-server:test --tests '*PerformanceG3SliceContractTest' -PhrisSlice=BASE-TFR-PER-009|./gradlew :dwp-people-server:test --tests '*PerformanceMigrationCleanUpgradeTest' -PhrisSlice=BASE-TFR-PER-009|./gradlew :dwp-people-server:test --tests '*PerformanceWorkerRecoveryTest' -PhrisSlice=BASE-TFR-PER-009,G3CMD-PER-BE,G3CMD-PER-FE,apps/dwp/src/features/hris/performance/__tests__/g3-slices/base-tfr-per-009.slice.test.tsx,authorization-negative|feature-flag-event-forward-correction|idempotency-cas|migration-clean-upgrade-rls-backfill|runbook-rollback-forward-correction|telemetry-alert|tenant-isolation|worker-crash-replay,G3-CODE-GO-BASE-TFR-PER-009,SEALED_G2_EXACT_CONTRACTS_AND_CENTRAL_ALLOCATION_PASS,OPEN_G3_CODE,NOT_STARTED_G3,NOT_AUTHORIZED_G6
BASE-TFR-PER-010,BASE_TARGET_FAMILY,TFR-PER-010,PER,HRIS-PER,PER,a8685d51d2020f5b1320731f8a6e23645480cad24a988716153b56e178d26457,6,70b0ec187b19140324367a8e5e69906644637114fb1cefa00bb46499d0a246b5,G3A_BASE_010,DEP-001|DEP-002|DEP-003|DEP-016,INTEGRATION_ADAPTER,NON_UI_SUPPORTING_SLICE,,,EVT-PER:PerformanceImportCompleted.v1|PEP-PER-020,EVT-PER:PerformanceImportCompleted.v1|PEP-PER-020,,,,,../session-evidence/per/g2-readiness/authorization-field-policy.md,../session-evidence/per/g2-readiness/physical-schema.sql|../session-evidence/per/g2-readiness/state-guard-idempotency-recovery.md|../session-evidence/per/g2-readiness/api-event-contracts.yaml,DEP-001|DEP-002|DEP-003|DEP-016,G3-PER-BE-MIGRATION|G3-PER-BE-SOURCE|G3-PER-BE-TEST|G3-PER-FE-SOURCE,MIG-PER-PERFORMANCE-1-63,dwp-people-server/src/main/resources/db/performance-migration/V10__per_base_tfr_per_010.sql,ALLOCATION_BOUNDARY_ONLY_UNTIL_TOUCH_MANIFEST,PER-CONTRACT-INTEGRATION|PER-GOLDEN-IMPORT-001|IDEMPOTENCY-REPLAY,../session-evidence/per/g2-readiness/validate_per_readiness.py,DERIVED_NON_AUTHORITATIVE:python3 ../session-evidence/per/g2-readiness/validate_per_readiness.py,G2-PER-BASE,per-readiness,../session-evidence/per/g4/slices/base-tfr-per-010/runbook.md,../session-evidence/per/g4/slices/base-tfr-per-010/telemetry-evidence.json,../session-evidence/per/g4/slices/base-tfr-per-010/migration-clean-upgrade-evidence.json,../session-evidence/per/g4/slices/base-tfr-per-010/recovery-evidence.json,../session-evidence/per/g4/slices/base-tfr-per-010/acceptance-evidence.json,DERIVED_NON_AUTHORITATIVE:./gradlew :dwp-people-server:test --tests '*PerformanceG3SliceContractTest' -PhrisSlice=BASE-TFR-PER-010|./gradlew :dwp-people-server:test --tests '*PerformanceMigrationCleanUpgradeTest' -PhrisSlice=BASE-TFR-PER-010|./gradlew :dwp-people-server:test --tests '*PerformanceWorkerRecoveryTest' -PhrisSlice=BASE-TFR-PER-010,G3CMD-PER-BE,G3CMD-PER-FE,apps/dwp/src/features/hris/performance/__tests__/g3-slices/base-tfr-per-010.slice.test.tsx,authorization-negative|feature-flag-event-forward-correction|idempotency-cas|migration-clean-upgrade-rls-backfill|runbook-rollback-forward-correction|telemetry-alert|tenant-isolation|worker-crash-replay,G3-CODE-GO-BASE-TFR-PER-010,SEALED_G2_EXACT_CONTRACTS_AND_CENTRAL_ALLOCATION_PASS,OPEN_G3_CODE,NOT_STARTED_G3,NOT_AUTHORIZED_G6
BASE-TFR-PER-011,BASE_TARGET_FAMILY,TFR-PER-011,PER,HRIS-PER,PER,69f220f389e46e7e48dd15bee334c9c3dbc65425c48d28c956c898ecd5f89c19,27,67951be167c68070e7baf86422eb7500ff95ad95ba648ad48d9564c9758b73af,G3A_BASE_011,DEP-001|DEP-002|DEP-003|DEP-010|DEP-016,PERFORMANCE,BASE:performance-command-center,,BASE:performance-command-center,EVT-PER:HrisHomeContributionChanged.v1|PEP-PER-001|PEP-PER-021|PLAT-005,PEP-PER-021,EVT-PER:HrisHomeContributionChanged.v1|PEP-PER-001|PLAT-005,,,,hcm.operations.performance.view,../session-evidence/per/g2-readiness/physical-schema.sql|../session-evidence/per/g2-readiness/state-guard-idempotency-recovery.md|../session-evidence/per/g2-readiness/api-event-contracts.yaml,DEP-001|DEP-002|DEP-003|DEP-016,G3-PER-BE-MIGRATION|G3-PER-BE-SOURCE|G3-PER-BE-TEST|G3-PER-FE-SOURCE,MIG-PER-PERFORMANCE-1-63,dwp-people-server/src/main/resources/db/performance-migration/V11__per_base_tfr_per_011.sql,ALLOCATION_BOUNDARY_ONLY_UNTIL_TOUCH_MANIFEST,PER-CONTRACT-MONITOR|PER-GOLDEN-EXCEPTION-001|PER-RECONCILIATION,../session-evidence/per/g2-readiness/validate_per_readiness.py,DERIVED_NON_AUTHORITATIVE:python3 ../session-evidence/per/g2-readiness/validate_per_readiness.py,G2-PER-BASE,per-readiness,../session-evidence/per/g4/slices/base-tfr-per-011/runbook.md,../session-evidence/per/g4/slices/base-tfr-per-011/telemetry-evidence.json,../session-evidence/per/g4/slices/base-tfr-per-011/migration-clean-upgrade-evidence.json,../session-evidence/per/g4/slices/base-tfr-per-011/recovery-evidence.json,../session-evidence/per/g4/slices/base-tfr-per-011/acceptance-evidence.json,DERIVED_NON_AUTHORITATIVE:./gradlew :dwp-people-server:test --tests '*PerformanceG3SliceContractTest' -PhrisSlice=BASE-TFR-PER-011|./gradlew :dwp-people-server:test --tests '*PerformanceMigrationCleanUpgradeTest' -PhrisSlice=BASE-TFR-PER-011|./gradlew :dwp-people-server:test --tests '*PerformanceWorkerRecoveryTest' -PhrisSlice=BASE-TFR-PER-011,G3CMD-PER-BE,G3CMD-PER-FE,apps/dwp/src/features/hris/performance/__tests__/g3-slices/base-tfr-per-011.slice.test.tsx,authorization-negative|feature-flag-event-forward-correction|idempotency-cas|migration-clean-upgrade-rls-backfill|runbook-rollback-forward-correction|telemetry-alert|tenant-isolation|worker-crash-replay,G3-CODE-GO-BASE-TFR-PER-011,SEALED_G2_EXACT_CONTRACTS_AND_CENTRAL_ALLOCATION_PASS,OPEN_G3_CODE,NOT_STARTED_G3,NOT_AUTHORIZED_G6
BASE-TFR-PER-012,BASE_TARGET_FAMILY,TFR-PER-012,PER,HRIS-PER,PER,eac17bfc738c230abe2088bb0aaa4dc8c150816ff6420e57b1fb1ecface3859d,35,2bd61fc8d743f1f0b6fcb8231f62285efad8b275b4cd99e443b1002802eb2e54,G3A_BASE_012,DEP-001|DEP-002|DEP-003|DEP-010|DEP-016,PERFORMANCE,BASE:my-goals-performance|BASE:performance-results,BASE:performance-results,BASE:my-goals-performance,EVT-PER:HrisHomeContributionChanged.v1|EVT-PER:PerformanceAppealResolved.v1|EVT-PER:PerformanceGoalCommitted.v1|EVT-PER:PerformanceResultsPublished.v1|EVT-PER:PerformanceReviewSubmitted.v1|IAQ-025|PEP-PER-001|PEP-PER-010|PEP-PER-011|PEP-PER-012|PEP-PER-013|PEP-PER-014|PEP-PER-018|PEP-PER-019,EVT-PER:PerformanceAppealResolved.v1|EVT-PER:PerformanceResultsPublished.v1|IAQ-025|PEP-PER-018|PEP-PER-019,EVT-PER:HrisHomeContributionChanged.v1|EVT-PER:PerformanceGoalCommitted.v1|EVT-PER:PerformanceReviewSubmitted.v1|PEP-PER-001|PEP-PER-010|PEP-PER-011|PEP-PER-012|PEP-PER-013|PEP-PER-014,,,,hcm.operations.performance.publish|hcm.operations.performance.view|hcm.personal.performance.view|hcm.team.performance.review|per.appeal.self.open|per.goal.self.write|per.review.self.submit,../session-evidence/per/g2-readiness/api-event-contracts.yaml|../session-evidence/per/g2-readiness/physical-schema.sql|../session-evidence/per/g2-readiness/state-guard-idempotency-recovery.md|ia-entry-query-api-contract-register.csv|ia-entry-query-field-type-register.csv|ia-entry-query-projection-schemas.v1.json|ia-entry-query-runtime-invariant-register.csv,DEP-001|DEP-002|DEP-003|DEP-016,G3-PER-BE-MIGRATION|G3-PER-BE-SOURCE|G3-PER-BE-TEST|G3-PER-FE-SOURCE,MIG-PER-PERFORMANCE-1-63,dwp-people-server/src/main/resources/db/performance-migration/V12__per_base_tfr_per_012.sql,ALLOCATION_BOUNDARY_ONLY_UNTIL_TOUCH_MANIFEST,PER-CONTRACT-RESULT|PER-GOLDEN-RESULT-001|PER-PUBLISH-VISIBILITY,../session-evidence/per/g2-readiness/validate_per_readiness.py,DERIVED_NON_AUTHORITATIVE:python3 ../session-evidence/per/g2-readiness/validate_per_readiness.py,G2-PER-BASE,per-readiness,../session-evidence/per/g4/slices/base-tfr-per-012/runbook.md,../session-evidence/per/g4/slices/base-tfr-per-012/telemetry-evidence.json,../session-evidence/per/g4/slices/base-tfr-per-012/migration-clean-upgrade-evidence.json,../session-evidence/per/g4/slices/base-tfr-per-012/recovery-evidence.json,../session-evidence/per/g4/slices/base-tfr-per-012/acceptance-evidence.json,DERIVED_NON_AUTHORITATIVE:./gradlew :dwp-people-server:test --tests '*PerformanceG3SliceContractTest' -PhrisSlice=BASE-TFR-PER-012|./gradlew :dwp-people-server:test --tests '*PerformanceMigrationCleanUpgradeTest' -PhrisSlice=BASE-TFR-PER-012|./gradlew :dwp-people-server:test --tests '*PerformanceWorkerRecoveryTest' -PhrisSlice=BASE-TFR-PER-012,G3CMD-PER-BE,G3CMD-PER-FE,apps/dwp/src/features/hris/performance/__tests__/g3-slices/base-tfr-per-012.slice.test.tsx,authorization-negative|feature-flag-event-forward-correction|idempotency-cas|migration-clean-upgrade-rls-backfill|runbook-rollback-forward-correction|telemetry-alert|tenant-isolation|worker-crash-replay,G3-CODE-GO-BASE-TFR-PER-012,SEALED_G2_EXACT_CONTRACTS_AND_CENTRAL_ALLOCATION_PASS,OPEN_G3_CODE,NOT_STARTED_G3,NOT_AUTHORIZED_G6
BASE-TFR-PER-013,BASE_TARGET_FAMILY,TFR-PER-013,PER,HRIS-PER,PER,e3059c698654bf061da72729e99a66a5b3fb9c66668d9ffe13ffb1e15150799b,26,7441651e7a262718a885e82b264a5de9e7adf0bba8a569c1567fad249dd2d93a,G3A_BASE_013,DEP-001|DEP-002|DEP-003|DEP-010|DEP-016,PERFORMANCE,BASE:my-goals-performance|BASE:performance-multirater-surveys|BASE:performance-review-operations|BASE:team-performance,BASE:performance-multirater-surveys,BASE:my-goals-performance|BASE:performance-review-operations|BASE:team-performance,EVT-PER:HrisHomeContributionChanged.v1|EVT-PER:PerformanceAppealResolved.v1|EVT-PER:PerformanceFeedbackSubmitted.v1|EVT-PER:PerformanceGoalCommitted.v1|EVT-PER:PerformancePopulationFrozen.v1|EVT-PER:PerformanceResultsPublished.v1|EVT-PER:PerformanceReviewSubmitted.v1|IAQ-022|PEP-PER-001|PEP-PER-003|PEP-PER-005|PEP-PER-006|PEP-PER-007|PEP-PER-008|PEP-PER-009|PEP-PER-010|PEP-PER-011|PEP-PER-012|PEP-PER-013|PEP-PER-014|PEP-PER-015|PEP-PER-018|PEP-PER-019,EVT-PER:PerformanceReviewSubmitted.v1|IAQ-022|PEP-PER-012|PEP-PER-013|PEP-PER-014,EVT-PER:HrisHomeContributionChanged.v1|EVT-PER:PerformanceAppealResolved.v1|EVT-PER:PerformanceFeedbackSubmitted.v1|EVT-PER:PerformanceGoalCommitted.v1|EVT-PER:PerformancePopulationFrozen.v1|EVT-PER:PerformanceResultsPublished.v1|PEP-PER-001|PEP-PER-003|PEP-PER-005|PEP-PER-006|PEP-PER-007|PEP-PER-008|PEP-PER-009|PEP-PER-010|PEP-PER-011|PEP-PER-015|PEP-PER-018|PEP-PER-019,,,,hcm.operations.performance.update|hcm.operations.performance.view|hcm.personal.performance.view|hcm.team.performance.review|hcm.team.workbench.view|per.appeal.self.open|per.feedback.request.create|per.goal.self.write|per.review.self.submit,../session-evidence/per/g2-readiness/api-event-contracts.yaml|../session-evidence/per/g2-readiness/physical-schema.sql|../session-evidence/per/g2-readiness/state-guard-idempotency-recovery.md|ia-entry-query-api-contract-register.csv|ia-entry-query-field-type-register.csv|ia-entry-query-projection-schemas.v1.json|ia-entry-query-runtime-invariant-register.csv,DEP-001|DEP-002|DEP-003|DEP-016,G3-PER-BE-MIGRATION|G3-PER-BE-SOURCE|G3-PER-BE-TEST|G3-PER-FE-SOURCE,MIG-PER-PERFORMANCE-1-63,dwp-people-server/src/main/resources/db/performance-migration/V13__per_base_tfr_per_013.sql,ALLOCATION_BOUNDARY_ONLY_UNTIL_TOUCH_MANIFEST,PER-CONTRACT-REVIEW|PER-GOLDEN-REVIEW-001|AUTHZ-NO-REVIEW-OUTSIDE-ASSIGNMENT,../session-evidence/per/g2-readiness/validate_per_readiness.py,DERIVED_NON_AUTHORITATIVE:python3 ../session-evidence/per/g2-readiness/validate_per_readiness.py,G2-PER-BASE,per-readiness,../session-evidence/per/g4/slices/base-tfr-per-013/runbook.md,../session-evidence/per/g4/slices/base-tfr-per-013/telemetry-evidence.json,../session-evidence/per/g4/slices/base-tfr-per-013/migration-clean-upgrade-evidence.json,../session-evidence/per/g4/slices/base-tfr-per-013/recovery-evidence.json,../session-evidence/per/g4/slices/base-tfr-per-013/acceptance-evidence.json,DERIVED_NON_AUTHORITATIVE:./gradlew :dwp-people-server:test --tests '*PerformanceG3SliceContractTest' -PhrisSlice=BASE-TFR-PER-013|./gradlew :dwp-people-server:test --tests '*PerformanceMigrationCleanUpgradeTest' -PhrisSlice=BASE-TFR-PER-013|./gradlew :dwp-people-server:test --tests '*PerformanceWorkerRecoveryTest' -PhrisSlice=BASE-TFR-PER-013,G3CMD-PER-BE,G3CMD-PER-FE,apps/dwp/src/features/hris/performance/__tests__/g3-slices/base-tfr-per-013.slice.test.tsx,authorization-negative|feature-flag-event-forward-correction|idempotency-cas|migration-clean-upgrade-rls-backfill|runbook-rollback-forward-correction|telemetry-alert|tenant-isolation|worker-crash-replay,G3-CODE-GO-BASE-TFR-PER-013,SEALED_G2_EXACT_CONTRACTS_AND_CENTRAL_ALLOCATION_PASS,OPEN_G3_CODE,NOT_STARTED_G3,NOT_AUTHORIZED_G6
BASE-TFR-PER-014,BASE_TARGET_FAMILY,TFR-PER-014,PER,HRIS-PER,PER,48b2d4893e1bf414d84f30931afc0b54a99a0c89d7c276f8ebc7708272b96082,22,7673f70cf121c0aafe9d038caf8147d9f6e67bec810f7a0e77e486c468d2a1a6,G3A_BASE_014,DEP-001|DEP-002|DEP-003|DEP-004|DEP-016,PERFORMANCE,BASE:performance-forms-scales|BASE:performance-multirater-surveys|BASE:settings-performance,,BASE:performance-forms-scales|BASE:performance-multirater-surveys|BASE:settings-performance,EVT-PER:PerformanceCyclePublished.v1|EVT-PER:PerformanceReviewSubmitted.v1|PEP-PER-002|PEP-PER-003|PEP-PER-004|PEP-PER-005|PEP-PER-006|PEP-PER-007|PEP-PER-012|PEP-PER-013|PEP-PER-014|SYS-API-011|SYS-API-012|SYS-API-013|SYS-API-014|SYS-API-015|SYS-API-016,,EVT-PER:PerformanceCyclePublished.v1|EVT-PER:PerformanceReviewSubmitted.v1|PEP-PER-002|PEP-PER-003|PEP-PER-004|PEP-PER-005|PEP-PER-006|PEP-PER-007|PEP-PER-012|PEP-PER-013|PEP-PER-014|SYS-API-011|SYS-API-012|SYS-API-013|SYS-API-014|SYS-API-015|SYS-API-016,,,,hcm.configuration.policy.publish|hcm.configuration.policy.update|hcm.configuration.workbench.view|hcm.operations.performance.update|hcm.operations.performance.view,../session-evidence/per/g2-readiness/physical-schema.sql|../session-evidence/per/g2-readiness/state-guard-idempotency-recovery.md|../session-evidence/per/g2-readiness/api-event-contracts.yaml,DEP-001|DEP-002|DEP-003|DEP-004|DEP-016,G3-PER-BE-MIGRATION|G3-PER-BE-SOURCE|G3-PER-BE-TEST|G3-PER-FE-SOURCE,MIG-PER-PERFORMANCE-1-63,dwp-people-server/src/main/resources/db/performance-migration/V14__per_base_tfr_per_014.sql,ALLOCATION_BOUNDARY_ONLY_UNTIL_TOUCH_MANIFEST,PER-CONTRACT-TEMPLATE|PER-GOLDEN-WEIGHT-001|PER-SCHEMA-CHECK,../session-evidence/per/g2-readiness/validate_per_readiness.py,DERIVED_NON_AUTHORITATIVE:python3 ../session-evidence/per/g2-readiness/validate_per_readiness.py,G2-PER-BASE,per-readiness,../session-evidence/per/g4/slices/base-tfr-per-014/runbook.md,../session-evidence/per/g4/slices/base-tfr-per-014/telemetry-evidence.json,../session-evidence/per/g4/slices/base-tfr-per-014/migration-clean-upgrade-evidence.json,../session-evidence/per/g4/slices/base-tfr-per-014/recovery-evidence.json,../session-evidence/per/g4/slices/base-tfr-per-014/acceptance-evidence.json,DERIVED_NON_AUTHORITATIVE:./gradlew :dwp-people-server:test --tests '*PerformanceG3SliceContractTest' -PhrisSlice=BASE-TFR-PER-014|./gradlew :dwp-people-server:test --tests '*PerformanceMigrationCleanUpgradeTest' -PhrisSlice=BASE-TFR-PER-014|./gradlew :dwp-people-server:test --tests '*PerformanceWorkerRecoveryTest' -PhrisSlice=BASE-TFR-PER-014,G3CMD-PER-BE,G3CMD-PER-FE,apps/dwp/src/features/hris/performance/__tests__/g3-slices/base-tfr-per-014.slice.test.tsx,authorization-negative|feature-flag-event-forward-correction|idempotency-cas|migration-clean-upgrade-rls-backfill|runbook-rollback-forward-correction|telemetry-alert|tenant-isolation|worker-crash-replay,G3-CODE-GO-BASE-TFR-PER-014,SEALED_G2_EXACT_CONTRACTS_AND_CENTRAL_ALLOCATION_PASS,OPEN_G3_CODE,NOT_STARTED_G3,NOT_AUTHORIZED_G6
BASE-TFR-PER-015,BASE_TARGET_FAMILY,TFR-PER-015,PER,HRIS-PER,PER,585ec257708bee75216df5e76fd307bc7ad176e68ba10c7add31b5594761e294,4,a5db6be52888fd6502c436e010159733ab7dc4ae1cd715b82505606aaf1522c6,G3A_BASE_015,DEP-001|DEP-002|DEP-003|DEP-004|DEP-005|DEP-016,PLATFORM_AUTOMATION,NON_UI_SUPPORTING_SLICE,,,SYS-API-017|SYS-API-018|SYS-API-019|SYS-API-020,,SYS-API-017|SYS-API-018|SYS-API-019|SYS-API-020,,,,../session-evidence/per/g2-readiness/authorization-field-policy.md,../session-evidence/per/g2-readiness/physical-schema.sql|../session-evidence/per/g2-readiness/state-guard-idempotency-recovery.md|../session-evidence/per/g2-readiness/api-event-contracts.yaml,DEP-001|DEP-002|DEP-003|DEP-004|DEP-005|DEP-016,G3-PER-BE-MIGRATION|G3-PER-BE-SOURCE|G3-PER-BE-TEST|G3-PER-FE-SOURCE,MIG-PER-PERFORMANCE-1-63,dwp-people-server/src/main/resources/db/performance-migration/V15__per_base_tfr_per_015.sql,ALLOCATION_BOUNDARY_ONLY_UNTIL_TOUCH_MANIFEST,PLATFORM-JOB-CONTRACT|PER-JOB-HANDLER-CONTRACT|IDEMPOTENCY-REPLAY,../session-evidence/per/g2-readiness/validate_per_readiness.py,DERIVED_NON_AUTHORITATIVE:python3 ../session-evidence/per/g2-readiness/validate_per_readiness.py,G2-PER-BASE,per-readiness,../session-evidence/per/g4/slices/base-tfr-per-015/runbook.md,../session-evidence/per/g4/slices/base-tfr-per-015/telemetry-evidence.json,../session-evidence/per/g4/slices/base-tfr-per-015/migration-clean-upgrade-evidence.json,../session-evidence/per/g4/slices/base-tfr-per-015/recovery-evidence.json,../session-evidence/per/g4/slices/base-tfr-per-015/acceptance-evidence.json,DERIVED_NON_AUTHORITATIVE:./gradlew :dwp-people-server:test --tests '*PerformanceG3SliceContractTest' -PhrisSlice=BASE-TFR-PER-015|./gradlew :dwp-people-server:test --tests '*PerformanceMigrationCleanUpgradeTest' -PhrisSlice=BASE-TFR-PER-015|./gradlew :dwp-people-server:test --tests '*PerformanceWorkerRecoveryTest' -PhrisSlice=BASE-TFR-PER-015,G3CMD-PER-BE,G3CMD-PER-FE,apps/dwp/src/features/hris/performance/__tests__/g3-slices/base-tfr-per-015.slice.test.tsx,authorization-negative|feature-flag-event-forward-correction|idempotency-cas|migration-clean-upgrade-rls-backfill|runbook-rollback-forward-correction|telemetry-alert|tenant-isolation|worker-crash-replay,G3-CODE-GO-BASE-TFR-PER-015,SEALED_G2_EXACT_CONTRACTS_AND_CENTRAL_ALLOCATION_PASS,OPEN_G3_CODE,NOT_STARTED_G3,NOT_AUTHORIZED_G6
BASE-TFR-PER-016,BASE_TARGET_FAMILY,TFR-PER-016,PER,HRIS-PER,PER,3c3ca65f37cbe69a58be6ee42c97e3e979b976d0b878c5f0499dbe6d8ff88b84,6,cde9614df2a364fa254d5eb94807e04b4f6cd62bf41a4e58ecf9b15210e6f6a4,G3A_BASE_016,DEP-001|DEP-002|DEP-003|DEP-007|DEP-016,CORE_HR_READ_MODEL,NON_UI_SUPPORTING_SLICE,,,SVC-PEP-HRM-002|XCON-001|XCON-003|XCON-004|XCON-005|XCON-006,,,,XCON-001|XCON-003|XCON-004|XCON-005|XCON-006,SVC-PEP-HRM-002,../session-evidence/per/g2-readiness/authorization-field-policy.md,../session-evidence/per/g2-readiness/physical-schema.sql|../session-evidence/per/g2-readiness/state-guard-idempotency-recovery.md|../session-evidence/per/g2-readiness/api-event-contracts.yaml,DEP-001|DEP-002|DEP-003|DEP-007|DEP-016,G3-PER-BE-MIGRATION|G3-PER-BE-SOURCE|G3-PER-BE-TEST|G3-PER-FE-SOURCE,MIG-PER-PERFORMANCE-1-63,dwp-people-server/src/main/resources/db/performance-migration/V16__per_base_tfr_per_016.sql,ALLOCATION_BOUNDARY_ONLY_UNTIL_TOUCH_MANIFEST,HRM-PER-SNAPSHOT-CONTRACT|PER-GOLDEN-POPULATION-001|NO-CROSS-CONTEXT-WRITE,../session-evidence/per/g2-readiness/validate_per_readiness.py,DERIVED_NON_AUTHORITATIVE:python3 ../session-evidence/per/g2-readiness/validate_per_readiness.py,G2-PER-BASE,per-readiness,../session-evidence/per/g4/slices/base-tfr-per-016/runbook.md,../session-evidence/per/g4/slices/base-tfr-per-016/telemetry-evidence.json,../session-evidence/per/g4/slices/base-tfr-per-016/migration-clean-upgrade-evidence.json,../session-evidence/per/g4/slices/base-tfr-per-016/recovery-evidence.json,../session-evidence/per/g4/slices/base-tfr-per-016/acceptance-evidence.json,DERIVED_NON_AUTHORITATIVE:./gradlew :dwp-people-server:test --tests '*PerformanceG3SliceContractTest' -PhrisSlice=BASE-TFR-PER-016|./gradlew :dwp-people-server:test --tests '*PerformanceMigrationCleanUpgradeTest' -PhrisSlice=BASE-TFR-PER-016|./gradlew :dwp-people-server:test --tests '*PerformanceWorkerRecoveryTest' -PhrisSlice=BASE-TFR-PER-016,G3CMD-PER-BE,G3CMD-PER-FE,apps/dwp/src/features/hris/performance/__tests__/g3-slices/base-tfr-per-016.slice.test.tsx,authorization-negative|feature-flag-event-forward-correction|idempotency-cas|migration-clean-upgrade-rls-backfill|runbook-rollback-forward-correction|telemetry-alert|tenant-isolation|worker-crash-replay,G3-CODE-GO-BASE-TFR-PER-016,SEALED_G2_EXACT_CONTRACTS_AND_CENTRAL_ALLOCATION_PASS,OPEN_G3_CODE,NOT_STARTED_G3,NOT_AUTHORIZED_G6
MOD-PER-SKILLS,MODERN_CAPABILITY,HRIS.MODERN.SKILLS_ONTOLOGY,PER,HRIS-PER,PER,NOT_APPLICABLE_MODERN_CAPABILITY,0,78707bed6f081fb0df9f10639074e184a1825e913b4493e4c8fd15237145c266,G3B_FOUNDATION,HRM Worker-Job-Position canonical snapshot|SYS versioned configuration,DWP_PEOPLE_HRIS_PERFORMANCE,MODERN:hcm.personal.growth|MODERN:hcm.settings.skills,MODERN:hcm.settings.skills,MODERN:hcm.personal.growth,/api/people/v1/hris/performance/skills/**|IAQ-027|MODOP:modern.growth.coaching.record|MODOP:modern.growth.evidence.link|MODOP:modern.growth.profile.archive|MODOP:modern.growth.profile.create|MODOP:modern.growth.profile.update|MODOP:modern.growth.self.query|MODOP:modern.skills.evidence.verify|MODOP:modern.skills.taxonomies.query|MODOP:modern.skills.taxonomy.create|MODOP:modern.skills.taxonomy.publish|MODOP:modern.skills.taxonomy.validate|MODOP:modern.skills.worker.query|SkillsTaxonomyCreated.v2|SkillsTaxonomyPublished.v2|SkillsTaxonomyValidated.v2|WorkerSkillEvidenceVerified.v2|modern.skills.evidence.verify|modern.skills.taxonomies.query|modern.skills.taxonomy.create|modern.skills.taxonomy.publish|modern.skills.taxonomy.validate|modern.skills.worker.query,IAQ-027|SkillsTaxonomyCreated.v2|SkillsTaxonomyPublished.v2|SkillsTaxonomyValidated.v2|WorkerSkillEvidenceVerified.v2|modern.skills.evidence.verify|modern.skills.taxonomies.query|modern.skills.taxonomy.create|modern.skills.taxonomy.publish|modern.skills.taxonomy.validate|modern.skills.worker.query,/api/people/v1/hris/performance/skills/**|MODOP:modern.growth.coaching.record|MODOP:modern.growth.evidence.link|MODOP:modern.growth.profile.archive|MODOP:modern.growth.profile.create|MODOP:modern.growth.profile.update|MODOP:modern.growth.self.query|MODOP:modern.skills.evidence.verify|MODOP:modern.skills.taxonomies.query|MODOP:modern.skills.taxonomy.create|MODOP:modern.skills.taxonomy.publish|MODOP:modern.skills.taxonomy.validate|MODOP:modern.skills.worker.query,,,,hcm.skills.evidence.verify|hcm.skills.manage|hcm.skills.view,SkillTaxonomy.v1|WorkerSkillEvidence.v1|ia-entry-query-api-contract-register.csv|ia-entry-query-field-type-register.csv|ia-entry-query-projection-schemas.v1.json|ia-entry-query-runtime-invariant-register.csv|modern-capability-event-payload-contracts.v1.json|modern-capability-exact-schema-contracts.v1.json,DEP-001|DEP-002|DEP-003|DEP-004|DEP-007|DEP-016,G3-PER-BE-MIGRATION|G3-PER-BE-SOURCE|G3-PER-BE-TEST|G3-PER-FE-SOURCE,MIG-PER-PERFORMANCE-1-63,dwp-people-server/src/main/resources/db/performance-migration/V17__per_modern_skills_ontology.sql,apps/dwp/src/features/hris/performance/skills|apps/dwp/src/features/hris/performance/skills/__tests__|contracts/asyncapi/hris/per/skills-ontology.v1.yaml|contracts/openapi/hris/per/skills-ontology.v1.yaml|dwp-people-server/src/main/java/com/dwp/services/people/hris/performance/skills|dwp-people-server/src/test/java/com/dwp/services/people/hris/performance/skills,Contract tests; effective-date tests; consent and field-policy negatives; taxonomy migration tests,../session-evidence/per/g4/modern/skills-ontology/contract-test.json|../session-evidence/per/g4/modern/skills-ontology/security-negative.json,DERIVED_NON_AUTHORITATIVE:python3 coding-readiness/validate_modern_capability_contracts.py --self-test --compact,G2-PER-MODERN,modern-static-normal|modern-static-self-test,../session-evidence/per/g4/slices/mod-per-skills/runbook.md,../session-evidence/per/g4/slices/mod-per-skills/telemetry-evidence.json,../session-evidence/per/g4/slices/mod-per-skills/migration-clean-upgrade-evidence.json,../session-evidence/per/g4/slices/mod-per-skills/recovery-evidence.json,../session-evidence/per/g4/slices/mod-per-skills/acceptance-evidence.json,DERIVED_NON_AUTHORITATIVE:./gradlew :dwp-people-server:test --tests '*PerformanceG3SliceContractTest' -PhrisSlice=MOD-PER-SKILLS|./gradlew :dwp-people-server:test --tests '*PerformanceMigrationCleanUpgradeTest' -PhrisSlice=MOD-PER-SKILLS|./gradlew :dwp-people-server:test --tests '*PerformanceWorkerRecoveryTest' -PhrisSlice=MOD-PER-SKILLS,G3CMD-PER-BE,G3CMD-PER-FE,apps/dwp/src/features/hris/performance/__tests__/g3-slices/mod-per-skills.slice.test.tsx,authorization-negative|feature-flag-event-forward-correction|idempotency-cas|migration-clean-upgrade-rls-backfill|runbook-rollback-forward-correction|telemetry-alert|tenant-isolation|worker-crash-replay,G3-CODE-GO-MOD-PER-SKILLS,SEALED_G2_EXACT_CONTRACTS_AND_CENTRAL_ALLOCATION_PASS,OPEN_G3_CODE,NOT_STARTED_G3,NOT_AUTHORIZED_G6
MOD-PER-GROWTH,MODERN_CAPABILITY,HRIS.MODERN.GROWTH_PROFILE,PER,HRIS-PER,PER,NOT_APPLICABLE_MODERN_CAPABILITY,0,a949ce2b675ba43b322303ca884e929bb2a73f721672d9c82f3bbb7ead0c82e8,G3C_EXPERIENCE,Skills ontology|learning evidence|worker consent,DWP_PEOPLE_HRIS_PERFORMANCE,MODERN:hcm.personal.growth,MODERN:hcm.personal.growth,,/api/people/v1/hris/performance/growth-profiles/**|GrowthCoachingRecorded.v2|GrowthEvidenceLinked.v2|GrowthProfileArchived.v2|GrowthProfileCreated.v2|GrowthProfileUpdated.v2|MODOP:modern.growth.coaching.record|MODOP:modern.growth.evidence.link|MODOP:modern.growth.profile.archive|MODOP:modern.growth.profile.create|MODOP:modern.growth.profile.update|MODOP:modern.growth.self.query|MODOP:modern.skills.evidence.verify|MODOP:modern.skills.taxonomies.query|MODOP:modern.skills.taxonomy.create|MODOP:modern.skills.taxonomy.publish|MODOP:modern.skills.taxonomy.validate|MODOP:modern.skills.worker.query|modern.growth.coaching.record|modern.growth.evidence.link|modern.growth.profile.archive|modern.growth.profile.create|modern.growth.profile.update|modern.growth.self.query,GrowthCoachingRecorded.v2|GrowthEvidenceLinked.v2|GrowthProfileArchived.v2|GrowthProfileCreated.v2|GrowthProfileUpdated.v2|modern.growth.coaching.record|modern.growth.evidence.link|modern.growth.profile.archive|modern.growth.profile.create|modern.growth.profile.update|modern.growth.self.query,/api/people/v1/hris/performance/growth-profiles/**|MODOP:modern.growth.coaching.record|MODOP:modern.growth.evidence.link|MODOP:modern.growth.profile.archive|MODOP:modern.growth.profile.create|MODOP:modern.growth.profile.update|MODOP:modern.growth.self.query|MODOP:modern.skills.evidence.verify|MODOP:modern.skills.taxonomies.query|MODOP:modern.skills.taxonomy.create|MODOP:modern.skills.taxonomy.publish|MODOP:modern.skills.taxonomy.validate|MODOP:modern.skills.worker.query,,,,hcm.growth.manager.coach|hcm.growth.self.manage|hcm.growth.self.view,GrowthEvidenceLink.v1|GrowthProfile.v1|modern-capability-event-payload-contracts.v1.json|modern-capability-exact-schema-contracts.v1.json,DEP-001|DEP-002|DEP-003|DEP-007|DEP-016,G3-PER-BE-MIGRATION|G3-PER-BE-SOURCE|G3-PER-BE-TEST|G3-PER-FE-SOURCE,MIG-PER-PERFORMANCE-1-63,dwp-people-server/src/main/resources/db/performance-migration/V18__per_modern_growth_profile.sql,apps/dwp/src/features/hris/performance/growth|apps/dwp/src/features/hris/performance/growth/__tests__|contracts/asyncapi/hris/per/growth-profile.v1.yaml|contracts/openapi/hris/per/growth-profile.v1.yaml|dwp-people-server/src/main/java/com/dwp/services/people/hris/performance/growth|dwp-people-server/src/test/java/com/dwp/services/people/hris/performance/growth,Journey tests; provenance tests; consent negatives; recommendation explanation evaluation,../session-evidence/per/g4/modern/growth-profile/journey-test.json|../session-evidence/per/g4/modern/growth-profile/privacy-negative.json,DERIVED_NON_AUTHORITATIVE:python3 coding-readiness/validate_modern_capability_contracts.py --self-test --compact,G2-PER-MODERN,modern-static-normal|modern-static-self-test,../session-evidence/per/g4/slices/mod-per-growth/runbook.md,../session-evidence/per/g4/slices/mod-per-growth/telemetry-evidence.json,../session-evidence/per/g4/slices/mod-per-growth/migration-clean-upgrade-evidence.json,../session-evidence/per/g4/slices/mod-per-growth/recovery-evidence.json,../session-evidence/per/g4/slices/mod-per-growth/acceptance-evidence.json,DERIVED_NON_AUTHORITATIVE:./gradlew :dwp-people-server:test --tests '*PerformanceG3SliceContractTest' -PhrisSlice=MOD-PER-GROWTH|./gradlew :dwp-people-server:test --tests '*PerformanceMigrationCleanUpgradeTest' -PhrisSlice=MOD-PER-GROWTH|./gradlew :dwp-people-server:test --tests '*PerformanceWorkerRecoveryTest' -PhrisSlice=MOD-PER-GROWTH,G3CMD-PER-BE,G3CMD-PER-FE,apps/dwp/src/features/hris/performance/__tests__/g3-slices/mod-per-growth.slice.test.tsx,authorization-negative|feature-flag-event-forward-correction|idempotency-cas|migration-clean-upgrade-rls-backfill|runbook-rollback-forward-correction|telemetry-alert|tenant-isolation|worker-crash-replay,G3-CODE-GO-MOD-PER-GROWTH,SEALED_G2_EXACT_CONTRACTS_AND_CENTRAL_ALLOCATION_PASS,OPEN_G3_CODE,NOT_STARTED_G3,NOT_AUTHORIZED_G6
MOD-PER-LEARNING,MODERN_CAPABILITY,HRIS.MODERN.LEARNING,PER,HRIS-PER,PER,NOT_APPLICABLE_MODERN_CAPABILITY,0,4605f3c916cc79c65d114abb873456c3da808f7a7f7ffdf5b54a47c918cb9ec8,G3C_EXPERIENCE,Skills ontology|worker consent|portable evidence,DWP_PEOPLE_HRIS_PERFORMANCE,MODERN:hcm.operations.learning|MODERN:hcm.personal.learning,MODERN:hcm.operations.learning|MODERN:hcm.personal.learning,,/api/people/v1/hris/performance/learning/**|IAQ-029|LearningAssignmentStarted.v2|LearningCompletionVerified.v2|LearningEnrollmentCreated.v2|LearningOfferingCreated.v2|LearningOfferingPublished.v2|MODOP:modern.learning.assignment.start|MODOP:modern.learning.catalog.query|MODOP:modern.learning.completion.verify|MODOP:modern.learning.offering.create|MODOP:modern.learning.offering.publish|MODOP:modern.learning.self.enroll|modern.learning.assignment.start|modern.learning.catalog.query|modern.learning.completion.verify|modern.learning.offering.create|modern.learning.offering.publish|modern.learning.self.enroll,IAQ-029|LearningAssignmentStarted.v2|LearningCompletionVerified.v2|LearningEnrollmentCreated.v2|LearningOfferingCreated.v2|LearningOfferingPublished.v2|modern.learning.assignment.start|modern.learning.catalog.query|modern.learning.completion.verify|modern.learning.offering.create|modern.learning.offering.publish|modern.learning.self.enroll,/api/people/v1/hris/performance/learning/**|MODOP:modern.learning.assignment.start|MODOP:modern.learning.catalog.query|MODOP:modern.learning.completion.verify|MODOP:modern.learning.offering.create|MODOP:modern.learning.offering.publish|MODOP:modern.learning.self.enroll,,,,hcm.learning.operate|hcm.learning.self.enroll|hcm.learning.self.view,LearningAssignment.v1|LearningOffering.v1|VerifiedCompletion.v1|ia-entry-query-api-contract-register.csv|ia-entry-query-field-type-register.csv|ia-entry-query-projection-schemas.v1.json|ia-entry-query-runtime-invariant-register.csv|modern-capability-event-payload-contracts.v1.json|modern-capability-exact-schema-contracts.v1.json,DEP-001|DEP-002|DEP-003|DEP-007|DEP-016,G3-PER-BE-MIGRATION|G3-PER-BE-SOURCE|G3-PER-BE-TEST|G3-PER-FE-SOURCE,MIG-PER-PERFORMANCE-1-63,dwp-people-server/src/main/resources/db/performance-migration/V19__per_modern_learning.sql,apps/dwp/src/features/hris/performance/learning|apps/dwp/src/features/hris/performance/learning/__tests__|contracts/asyncapi/hris/per/learning.v1.yaml|contracts/openapi/hris/per/learning.v1.yaml|dwp-people-server/src/main/java/com/dwp/services/people/hris/performance/learning|dwp-people-server/src/test/java/com/dwp/services/people/hris/performance/learning,State-machine tests; completion provenance; consent negatives; recommendation evaluation,../session-evidence/per/g4/modern/learning/state-machine-test.json|../session-evidence/per/g4/modern/learning/provenance-test.json,DERIVED_NON_AUTHORITATIVE:python3 coding-readiness/validate_modern_capability_contracts.py --self-test --compact,G2-PER-MODERN,modern-static-normal|modern-static-self-test,../session-evidence/per/g4/slices/mod-per-learning/runbook.md,../session-evidence/per/g4/slices/mod-per-learning/telemetry-evidence.json,../session-evidence/per/g4/slices/mod-per-learning/migration-clean-upgrade-evidence.json,../session-evidence/per/g4/slices/mod-per-learning/recovery-evidence.json,../session-evidence/per/g4/slices/mod-per-learning/acceptance-evidence.json,DERIVED_NON_AUTHORITATIVE:./gradlew :dwp-people-server:test --tests '*PerformanceG3SliceContractTest' -PhrisSlice=MOD-PER-LEARNING|./gradlew :dwp-people-server:test --tests '*PerformanceMigrationCleanUpgradeTest' -PhrisSlice=MOD-PER-LEARNING|./gradlew :dwp-people-server:test --tests '*PerformanceWorkerRecoveryTest' -PhrisSlice=MOD-PER-LEARNING,G3CMD-PER-BE,G3CMD-PER-FE,apps/dwp/src/features/hris/performance/__tests__/g3-slices/mod-per-learning.slice.test.tsx,authorization-negative|feature-flag-event-forward-correction|idempotency-cas|migration-clean-upgrade-rls-backfill|runbook-rollback-forward-correction|telemetry-alert|tenant-isolation|worker-crash-replay,G3-CODE-GO-MOD-PER-LEARNING,SEALED_G2_EXACT_CONTRACTS_AND_CENTRAL_ALLOCATION_PASS,OPEN_G3_CODE,NOT_STARTED_G3,NOT_AUTHORIZED_G6
MOD-PER-COMPPLAN,MODERN_CAPABILITY,HRIS.MODERN.COMPENSATION_PLANNING,PER,HRIS-PER,PER,NOT_APPLICABLE_MODERN_CAPABILITY,0,11c500836efe1f3b049f4992991e24ce251f83456e48ad23b03bd6123b7a0881,G3D_OPTIMIZATION,Compensation basis|performance publish|budget contracts,DWP_PEOPLE_HRIS_PERFORMANCE,MODERN:hcm.operations.compensation-planning,MODERN:hcm.operations.compensation-planning,,/api/people/v1/hris/performance/compensation-planning/**|ApprovedCompensationPlanSnapshotPublished.v2|CompensationBudgetAllocated.v2|CompensationCycleCreated.v2|CompensationPlanApprovalRecorded.v2|CompensationProposalSubmitted.v2|MODOP:modern.compplan.budget.allocate|MODOP:modern.compplan.cycle.create|MODOP:modern.compplan.cycles.query|MODOP:modern.compplan.plan.approve|MODOP:modern.compplan.proposal.submit|MODOP:modern.compplan.snapshot.publish|SVC-PEP-PER-001|XCON-020|XCON-021|modern.compplan.budget.allocate|modern.compplan.cycle.create|modern.compplan.cycles.query|modern.compplan.plan.approve|modern.compplan.proposal.submit|modern.compplan.snapshot.publish,ApprovedCompensationPlanSnapshotPublished.v2|CompensationBudgetAllocated.v2|CompensationCycleCreated.v2|CompensationPlanApprovalRecorded.v2|CompensationProposalSubmitted.v2|SVC-PEP-PER-001|XCON-020|XCON-021|modern.compplan.budget.allocate|modern.compplan.cycle.create|modern.compplan.cycles.query|modern.compplan.plan.approve|modern.compplan.proposal.submit|modern.compplan.snapshot.publish,/api/people/v1/hris/performance/compensation-planning/**|MODOP:modern.compplan.budget.allocate|MODOP:modern.compplan.cycle.create|MODOP:modern.compplan.cycles.query|MODOP:modern.compplan.plan.approve|MODOP:modern.compplan.proposal.submit|MODOP:modern.compplan.snapshot.publish,XCON-020|XCON-021,,,hcm.compensation.plan.approve|hcm.compensation.plan.propose|hcm.compensation.plan.view,ApprovedCompensationPlanSnapshot.v1|CompensationBudgetLedger.v1|CompensationPlan.v1|modern-capability-event-payload-contracts.v1.json|modern-capability-exact-schema-contracts.v1.json,DEP-001|DEP-002|DEP-003|DEP-016|DEP-019,G3-PER-BE-MIGRATION|G3-PER-BE-SOURCE|G3-PER-BE-TEST|G3-PER-FE-SOURCE,MIG-PER-PERFORMANCE-1-63,dwp-people-server/src/main/resources/db/performance-migration/V22__per_modern_compensation_planning.sql,apps/dwp/src/features/hris/performance/compensation-planning|apps/dwp/src/features/hris/performance/compensation-planning/__tests__|contracts/asyncapi/hris/per/compensation-planning.v1.yaml|contracts/openapi/hris/per/compensation-planning.v1.yaml|dwp-people-server/src/main/java/com/dwp/services/people/hris/performance/compensationplanning|dwp-people-server/src/test/java/com/dwp/services/people/hris/performance/compensationplanning,Budget invariant tests; currency rounding; SoD negatives; payroll snapshot refetch reconciliation,../session-evidence/per/g4/modern/compensation-planning/budget-invariant-test.json|../session-evidence/per/g4/modern/compensation-planning/sod-negative.json|../session-evidence/per/g4/modern/compensation-planning/handoff-reconciliation.json,DERIVED_NON_AUTHORITATIVE:python3 coding-readiness/validate_modern_capability_contracts.py --self-test --compact,G2-PER-MODERN,modern-static-normal|modern-static-self-test,../session-evidence/per/g4/slices/mod-per-compplan/runbook.md,../session-evidence/per/g4/slices/mod-per-compplan/telemetry-evidence.json,../session-evidence/per/g4/slices/mod-per-compplan/migration-clean-upgrade-evidence.json,../session-evidence/per/g4/slices/mod-per-compplan/recovery-evidence.json,../session-evidence/per/g4/slices/mod-per-compplan/acceptance-evidence.json,DERIVED_NON_AUTHORITATIVE:./gradlew :dwp-people-server:test --tests '*PerformanceG3SliceContractTest' -PhrisSlice=MOD-PER-COMPPLAN|./gradlew :dwp-people-server:test --tests '*PerformanceMigrationCleanUpgradeTest' -PhrisSlice=MOD-PER-COMPPLAN|./gradlew :dwp-people-server:test --tests '*PerformanceWorkerRecoveryTest' -PhrisSlice=MOD-PER-COMPPLAN,G3CMD-PER-BE,G3CMD-PER-FE,apps/dwp/src/features/hris/performance/__tests__/g3-slices/mod-per-compplan.slice.test.tsx,authorization-negative|feature-flag-event-forward-correction|idempotency-cas|migration-clean-upgrade-rls-backfill|runbook-rollback-forward-correction|telemetry-alert|tenant-isolation|worker-crash-replay,G3-CODE-GO-MOD-PER-COMPPLAN,SEALED_G2_EXACT_CONTRACTS_AND_CENTRAL_ALLOCATION_PASS,OPEN_G3_CODE,NOT_STARTED_G3,NOT_AUTHORIZED_G6
MOD-PER-MARKET,MODERN_CAPABILITY,HRIS.MODERN.INTERNAL_MARKETPLACE,PER,HRIS-PER,PER,NOT_APPLICABLE_MODERN_CAPABILITY,0,b5579f88a30bc848f26e7b90cfe6b785a9d00f8c4c414dc5ed1c840e4c556218,G3D_OPTIMIZATION,Skills-growth-job graph|opportunity workflow|privacy policy,DWP_PEOPLE_HRIS_PERFORMANCE,MODERN:hcm.operations.opportunities|MODERN:hcm.personal.opportunities,MODERN:hcm.operations.opportunities|MODERN:hcm.personal.opportunities,,/api/people/v1/hris/performance/opportunities/**|IAQ-030|MODOP:modern.opportunity.apply|MODOP:modern.opportunity.catalog.query|MODOP:modern.opportunity.create|MODOP:modern.opportunity.publish|MODOP:modern.opportunity.selection.record|MODOP:modern.opportunity.shortlist|TalentOpportunityApplicationShortlisted.v2|TalentOpportunityApplicationSubmitted.v2|TalentOpportunityCreated.v2|TalentOpportunityPublished.v2|TalentOpportunitySelectionRecorded.v2|modern.opportunity.apply|modern.opportunity.catalog.query|modern.opportunity.create|modern.opportunity.publish|modern.opportunity.selection.record|modern.opportunity.shortlist,IAQ-030|TalentOpportunityApplicationShortlisted.v2|TalentOpportunityApplicationSubmitted.v2|TalentOpportunityCreated.v2|TalentOpportunityPublished.v2|TalentOpportunitySelectionRecorded.v2|modern.opportunity.apply|modern.opportunity.catalog.query|modern.opportunity.create|modern.opportunity.publish|modern.opportunity.selection.record|modern.opportunity.shortlist,/api/people/v1/hris/performance/opportunities/**|MODOP:modern.opportunity.apply|MODOP:modern.opportunity.catalog.query|MODOP:modern.opportunity.create|MODOP:modern.opportunity.publish|MODOP:modern.opportunity.selection.record|MODOP:modern.opportunity.shortlist,,,,hcm.opportunity.operate|hcm.opportunity.self.apply|hcm.opportunity.self.view,InternalOpportunity.v1|MatchExplanation.v1|OpportunityApplication.v1|ia-entry-query-api-contract-register.csv|ia-entry-query-field-type-register.csv|ia-entry-query-projection-schemas.v1.json|ia-entry-query-runtime-invariant-register.csv|modern-capability-event-payload-contracts.v1.json|modern-capability-exact-schema-contracts.v1.json,DEP-001|DEP-002|DEP-003|DEP-004|DEP-007|DEP-016,G3-PER-BE-MIGRATION|G3-PER-BE-SOURCE|G3-PER-BE-TEST|G3-PER-FE-SOURCE,MIG-PER-PERFORMANCE-1-63,dwp-people-server/src/main/resources/db/performance-migration/V20__per_modern_internal_marketplace.sql,apps/dwp/src/features/hris/performance/opportunities|apps/dwp/src/features/hris/performance/opportunities/__tests__|contracts/asyncapi/hris/per/internal-marketplace.v1.yaml|contracts/openapi/hris/per/internal-marketplace.v1.yaml|dwp-people-server/src/main/java/com/dwp/services/people/hris/performance/opportunity|dwp-people-server/src/test/java/com/dwp/services/people/hris/performance/opportunity,Journey tests; prohibited-attribute negatives; explanation evaluation; human-decision audit,../session-evidence/per/g4/modern/internal-marketplace/journey-test.json|../session-evidence/per/g4/modern/internal-marketplace/fairness-negative.json,DERIVED_NON_AUTHORITATIVE:python3 coding-readiness/validate_modern_capability_contracts.py --self-test --compact,G2-PER-MODERN,modern-static-normal|modern-static-self-test,../session-evidence/per/g4/slices/mod-per-market/runbook.md,../session-evidence/per/g4/slices/mod-per-market/telemetry-evidence.json,../session-evidence/per/g4/slices/mod-per-market/migration-clean-upgrade-evidence.json,../session-evidence/per/g4/slices/mod-per-market/recovery-evidence.json,../session-evidence/per/g4/slices/mod-per-market/acceptance-evidence.json,DERIVED_NON_AUTHORITATIVE:./gradlew :dwp-people-server:test --tests '*PerformanceG3SliceContractTest' -PhrisSlice=MOD-PER-MARKET|./gradlew :dwp-people-server:test --tests '*PerformanceMigrationCleanUpgradeTest' -PhrisSlice=MOD-PER-MARKET|./gradlew :dwp-people-server:test --tests '*PerformanceWorkerRecoveryTest' -PhrisSlice=MOD-PER-MARKET,G3CMD-PER-BE,G3CMD-PER-FE,apps/dwp/src/features/hris/performance/__tests__/g3-slices/mod-per-market.slice.test.tsx,authorization-negative|feature-flag-event-forward-correction|idempotency-cas|migration-clean-upgrade-rls-backfill|runbook-rollback-forward-correction|telemetry-alert|tenant-isolation|worker-crash-replay,G3-CODE-GO-MOD-PER-MARKET,SEALED_G2_EXACT_CONTRACTS_AND_CENTRAL_ALLOCATION_PASS,OPEN_G3_CODE,NOT_STARTED_G3,NOT_AUTHORIZED_G6
MOD-PER-SUCCESSION,MODERN_CAPABILITY,HRIS.MODERN.SUCCESSION,PER,HRIS-PER,PER,NOT_APPLICABLE_MODERN_CAPABILITY,0,32b9bff837265a7493c382380d28b038e8f21c8f3c79d1aff13b5f5760ded044,G3D_OPTIMIZATION,Position|skills|performance publish governance,DWP_PEOPLE_HRIS_PERFORMANCE,MODERN:hcm.operations.succession,MODERN:hcm.operations.succession,,/api/people/v1/hris/performance/succession/**|MODOP:modern.succession.nomination.add|MODOP:modern.succession.plan.approve|MODOP:modern.succession.plan.create|MODOP:modern.succession.plan.publish|MODOP:modern.succession.plan.submit|MODOP:modern.succession.plans.query|SuccessionNominationAdded.v2|SuccessionPlanApproved.v2|SuccessionPlanCreated.v2|SuccessionPlanPublished.v2|SuccessionPlanSubmitted.v2|modern.succession.nomination.add|modern.succession.plan.approve|modern.succession.plan.create|modern.succession.plan.publish|modern.succession.plan.submit|modern.succession.plans.query,SuccessionNominationAdded.v2|SuccessionPlanApproved.v2|SuccessionPlanCreated.v2|SuccessionPlanPublished.v2|SuccessionPlanSubmitted.v2|modern.succession.nomination.add|modern.succession.plan.approve|modern.succession.plan.create|modern.succession.plan.publish|modern.succession.plan.submit|modern.succession.plans.query,/api/people/v1/hris/performance/succession/**|MODOP:modern.succession.nomination.add|MODOP:modern.succession.plan.approve|MODOP:modern.succession.plan.create|MODOP:modern.succession.plan.publish|MODOP:modern.succession.plan.submit|MODOP:modern.succession.plans.query,,,,hcm.succession.manage|hcm.succession.publish|hcm.succession.view.restricted,ReadinessEvidence.v1|SuccessionNomination.v1|SuccessionPlan.v1|modern-capability-event-payload-contracts.v1.json|modern-capability-exact-schema-contracts.v1.json,DEP-001|DEP-002|DEP-003|DEP-007|DEP-016,G3-PER-BE-MIGRATION|G3-PER-BE-SOURCE|G3-PER-BE-TEST|G3-PER-FE-SOURCE,MIG-PER-PERFORMANCE-1-63,dwp-people-server/src/main/resources/db/performance-migration/V21__per_modern_succession.sql,apps/dwp/src/features/hris/performance/succession|apps/dwp/src/features/hris/performance/succession/__tests__|contracts/asyncapi/hris/per/succession.v1.yaml|contracts/openapi/hris/per/succession.v1.yaml|dwp-people-server/src/main/java/com/dwp/services/people/hris/performance/succession|dwp-people-server/src/test/java/com/dwp/services/people/hris/performance/succession,Field-policy and cohort negatives; state-machine tests; version and publish audit; retention tests,../session-evidence/per/g4/modern/succession/field-policy-negative.json|../session-evidence/per/g4/modern/succession/publish-test.json,DERIVED_NON_AUTHORITATIVE:python3 coding-readiness/validate_modern_capability_contracts.py --self-test --compact,G2-PER-MODERN,modern-static-normal|modern-static-self-test,../session-evidence/per/g4/slices/mod-per-succession/runbook.md,../session-evidence/per/g4/slices/mod-per-succession/telemetry-evidence.json,../session-evidence/per/g4/slices/mod-per-succession/migration-clean-upgrade-evidence.json,../session-evidence/per/g4/slices/mod-per-succession/recovery-evidence.json,../session-evidence/per/g4/slices/mod-per-succession/acceptance-evidence.json,DERIVED_NON_AUTHORITATIVE:./gradlew :dwp-people-server:test --tests '*PerformanceG3SliceContractTest' -PhrisSlice=MOD-PER-SUCCESSION|./gradlew :dwp-people-server:test --tests '*PerformanceMigrationCleanUpgradeTest' -PhrisSlice=MOD-PER-SUCCESSION|./gradlew :dwp-people-server:test --tests '*PerformanceWorkerRecoveryTest' -PhrisSlice=MOD-PER-SUCCESSION,G3CMD-PER-BE,G3CMD-PER-FE,apps/dwp/src/features/hris/performance/__tests__/g3-slices/mod-per-succession.slice.test.tsx,authorization-negative|feature-flag-event-forward-correction|idempotency-cas|migration-clean-upgrade-rls-backfill|runbook-rollback-forward-correction|telemetry-alert|tenant-isolation|worker-crash-replay,G3-CODE-GO-MOD-PER-SUCCESSION,SEALED_G2_EXACT_CONTRACTS_AND_CENTRAL_ALLOCATION_PASS,OPEN_G3_CODE,NOT_STARTED_G3,NOT_AUTHORIZED_G6
BASE-TFR-SYS-013,BASE_TARGET_FAMILY,TFR-SYS-013,SYS,HRIS-SYS,SYS,9b3e616b881fc37c5553f5b44bab2a703d9e04a0f03466f925b1a4076ee5a77a,4,4d8c5c189d0df9efdcafe5a7c497b676c247a465b5698c1ebf93392c7c9ace4d,EVIDENCE_ONLY_RETIRED,,DWP_SHARED_PLATFORM,NON_UI_SUPPORTING_SLICE,,,DECISION:DEC-SYS-013,,,,,,../hris-atomic-duty-matrix.csv|../hris-sod-rule-matrix.csv,../session-evidence/sys/g2-physical-schema.sql|../session-evidence/sys/g2-state-machines.md|../session-evidence/sys/g2-contract-catalog.csv,,,,NO_MIGRATION_RETIRED,NO_TARGET_CODE_RETIRED,DEC-SYS-013|SYS-GOLDEN-RETIRE|tenant-negative|SoD-negative|receipt-replay,../session-evidence/sys/validate_sys_readiness.v2.py|../session-evidence/sys/validate_sys_service_local_migrations.py,,,,,,,,,,,,,,NO_CODE_GO_RETIRED,RETIRED_DECISION_AND_TARGET_ABSENCE_EVIDENCE,RETIRED_NO_CODE,NOT_APPLICABLE_RETIRED,NOT_AUTHORIZED_G6
BASE-TFR-SYS-001,BASE_TARGET_FAMILY,TFR-SYS-001,SYS,HRIS-SYS,SYS,a0dae833740f05696a27d3eea8c3212c8547ed475e8e4c7e87bffa93c71d060c,16,9a8bd152a225316c8c2cf427baa3596b6bbf9548d52f5d94c64e0d97a6634101,G3A_BASE_001,DEP-001|DEP-002|DEP-003|DEP-016,DWP_AUDIT_GOVERNANCE,BASE:dwp-governance,BASE:dwp-governance,,PLAT-005|SHARED-API-003|SHARED-API-004|SHARED-API-009,,PLAT-005|SHARED-API-003|SHARED-API-004|SHARED-API-009,,,,ADMIN.AUDIT_VIEW:VIEW|DATA_GOVERNANCE_READ,../session-evidence/sys/g2-physical-schema.sql|../session-evidence/sys/g2-state-machines.md|../session-evidence/sys/g2-contract-catalog.csv,DEP-001|DEP-002|DEP-003|DEP-016,G3-SYS-BE-MIGRATION|G3-SYS-BE-SOURCE|G3-SYS-BE-TEST|G3-SYS-FE-SOURCE,MIG-SYS-PLATFORM-261-289,OWNER_ALLOCATED_IF_SCHEMA_TOUCH_WITHIN_UNRESERVED_VERSION,ALLOCATION_BOUNDARY_ONLY_UNTIL_TOUCH_MANIFEST,DEC-SYS-009|SYS-GOLDEN-AUDIT|tenant-negative|SoD-negative|receipt-replay,../session-evidence/sys/validate_sys_readiness.v2.py|../session-evidence/sys/validate_sys_service_local_migrations.py,DERIVED_NON_AUTHORITATIVE:python3 ../session-evidence/sys/validate_sys_readiness.v2.py,G2-SYS-BASE,sys-exact-readiness|sys-service-local-migrations,../session-evidence/sys/g4/slices/base-tfr-sys-001/runbook.md,../session-evidence/sys/g4/slices/base-tfr-sys-001/telemetry-evidence.json,../session-evidence/sys/g4/slices/base-tfr-sys-001/migration-clean-upgrade-evidence.json,../session-evidence/sys/g4/slices/base-tfr-sys-001/recovery-evidence.json,../session-evidence/sys/g4/slices/base-tfr-sys-001/acceptance-evidence.json,DERIVED_NON_AUTHORITATIVE:./gradlew :dwp-platform-server:test --tests '*HrisPlatformG3SliceContractTest' -PhrisSlice=BASE-TFR-SYS-001|./gradlew :dwp-platform-server:test --tests '*HrisPlatformMigrationCleanUpgradeTest' -PhrisSlice=BASE-TFR-SYS-001|./gradlew :dwp-platform-server:test --tests '*HrisPlatformWorkerRecoveryTest' -PhrisSlice=BASE-TFR-SYS-001,G3CMD-SYS-BE,G3CMD-SYS-FE,apps/dwp/src/features/hris/administration/__tests__/g3-slices/base-tfr-sys-001.slice.test.tsx,authorization-negative|feature-flag-event-forward-correction|idempotency-cas|migration-clean-upgrade-rls-backfill|runbook-rollback-forward-correction|telemetry-alert|tenant-isolation|worker-crash-replay,G3-CODE-GO-BASE-TFR-SYS-001,SEALED_G2_EXACT_CONTRACTS_AND_CENTRAL_ALLOCATION_PASS,OPEN_G3_CODE,NOT_STARTED_G3,NOT_AUTHORIZED_G6
BASE-TFR-SYS-002,BASE_TARGET_FAMILY,TFR-SYS-002,SYS,HRIS-SYS,SYS,5b4a9d774a961d56f2225749f6981122106d3b863b8a2d601034313758559d6f,5,a1c7e57b8bc0f8e1cbf278ea303cc480e5506085b06f8b48d40e4f88122b0994,G3A_BASE_002,DEP-001|DEP-002|DEP-003|DEP-004|DEP-005|DEP-016,DWP_OPERATIONS_PLATFORM,BASE:settings-operations,BASE:settings-operations,,IAQ-059|PEP-SYS-037|PEP-SYS-038|PEP-SYS-040|SYS-API-017|SYS-API-018|SYS-API-019|SYS-API-020|SYS-API-035|SYS-API-036|SYS-API-038|SYS-API-046|SYS-API-047|SYS-API-048|SYS-API-049|SYS-API-050|SYS-API-051|SYS-API-052|SYS-API-053|SYS-API-054|SYS-API-055|SYS-API-056|SYS-EVT-004|SYS-EVT-009,IAQ-059|PEP-SYS-037|PEP-SYS-038|PEP-SYS-040|SYS-API-035|SYS-API-036|SYS-API-038|SYS-EVT-009,SYS-API-017|SYS-API-018|SYS-API-019|SYS-API-020|SYS-API-046|SYS-API-047|SYS-API-048|SYS-API-049|SYS-API-050|SYS-API-051|SYS-API-052|SYS-API-053|SYS-API-054|SYS-API-055|SYS-API-056|SYS-EVT-004,,,,hcm.configuration.policy.publish|hcm.configuration.policy.update|hcm.configuration.workbench.view|hcm.integration.execute,../session-evidence/sys/g2-contract-catalog.csv|../session-evidence/sys/g2-physical-schema.sql|../session-evidence/sys/g2-state-machines.md|ia-entry-query-api-contract-register.csv|ia-entry-query-field-type-register.csv|ia-entry-query-projection-schemas.v1.json|ia-entry-query-runtime-invariant-register.csv,DEP-001|DEP-002|DEP-003|DEP-004|DEP-005|DEP-016,G3-SYS-BE-MIGRATION|G3-SYS-BE-SOURCE|G3-SYS-BE-TEST|G3-SYS-FE-SOURCE,MIG-SYS-PLATFORM-261-289,OWNER_ALLOCATED_IF_SCHEMA_TOUCH_WITHIN_UNRESERVED_VERSION,ALLOCATION_BOUNDARY_ONLY_UNTIL_TOUCH_MANIFEST,DEC-SYS-012|SYS-GOLDEN-OPERATIONS|tenant-negative|SoD-negative|receipt-replay,../session-evidence/sys/validate_sys_readiness.v2.py|../session-evidence/sys/validate_sys_service_local_migrations.py,DERIVED_NON_AUTHORITATIVE:python3 ../session-evidence/sys/validate_sys_readiness.v2.py,G2-SYS-BASE,sys-exact-readiness|sys-service-local-migrations,../session-evidence/sys/g4/slices/base-tfr-sys-002/runbook.md,../session-evidence/sys/g4/slices/base-tfr-sys-002/telemetry-evidence.json,../session-evidence/sys/g4/slices/base-tfr-sys-002/migration-clean-upgrade-evidence.json,../session-evidence/sys/g4/slices/base-tfr-sys-002/recovery-evidence.json,../session-evidence/sys/g4/slices/base-tfr-sys-002/acceptance-evidence.json,DERIVED_NON_AUTHORITATIVE:./gradlew :dwp-platform-server:test --tests '*HrisPlatformG3SliceContractTest' -PhrisSlice=BASE-TFR-SYS-002|./gradlew :dwp-platform-server:test --tests '*HrisPlatformMigrationCleanUpgradeTest' -PhrisSlice=BASE-TFR-SYS-002|./gradlew :dwp-platform-server:test --tests '*HrisPlatformWorkerRecoveryTest' -PhrisSlice=BASE-TFR-SYS-002,G3CMD-SYS-BE,G3CMD-SYS-FE,apps/dwp/src/features/hris/administration/__tests__/g3-slices/base-tfr-sys-002.slice.test.tsx,authorization-negative|feature-flag-event-forward-correction|idempotency-cas|migration-clean-upgrade-rls-backfill|runbook-rollback-forward-correction|telemetry-alert|tenant-isolation|worker-crash-replay,G3-CODE-GO-BASE-TFR-SYS-002,SEALED_G2_EXACT_CONTRACTS_AND_CENTRAL_ALLOCATION_PASS,OPEN_G3_CODE,NOT_STARTED_G3,NOT_AUTHORIZED_G6
BASE-TFR-SYS-003,BASE_TARGET_FAMILY,TFR-SYS-003,SYS,HRIS-SYS,SYS,ef4581a0a39a65591d10d96a2a3663fdafaa3dda9daebb239a9720e99a5f23a1,10,31146393b08cb3787a68a6879075f406a427e91055a44670bd9153c2617eb8a1,G3A_BASE_003,DEP-001|DEP-002|DEP-003|DEP-014|DEP-016,DWP_APPROVAL_PLATFORM,BASE:settings-workflow|BASE:team-delegation,BASE:settings-workflow|BASE:team-delegation,,PLAT-003|SHARED-API-005|SHARED-API-006|SHARED-API-010|SHARED-API-011|SHARED-API-012,,PLAT-003|SHARED-API-005|SHARED-API-006|SHARED-API-010|SHARED-API-011|SHARED-API-012,,,,approvals.policy.publish|approvals.policy.read|approvals.work.delegation.manage|approvals.work.delegation.read,../session-evidence/sys/g2-physical-schema.sql|../session-evidence/sys/g2-state-machines.md|../session-evidence/sys/g2-contract-catalog.csv,DEP-001|DEP-002|DEP-003|DEP-014|DEP-016,G3-SYS-BE-MIGRATION|G3-SYS-BE-SOURCE|G3-SYS-BE-TEST|G3-SYS-FE-SOURCE,MIG-SYS-PLATFORM-261-289,OWNER_ALLOCATED_IF_SCHEMA_TOUCH_WITHIN_UNRESERVED_VERSION,ALLOCATION_BOUNDARY_ONLY_UNTIL_TOUCH_MANIFEST,DEC-SYS-006|SYS-GOLDEN-WORKFLOW|tenant-negative|SoD-negative|receipt-replay,../session-evidence/sys/validate_sys_readiness.v2.py|../session-evidence/sys/validate_sys_service_local_migrations.py,DERIVED_NON_AUTHORITATIVE:python3 ../session-evidence/sys/validate_sys_readiness.v2.py,G2-SYS-BASE,sys-exact-readiness|sys-service-local-migrations,../session-evidence/sys/g4/slices/base-tfr-sys-003/runbook.md,../session-evidence/sys/g4/slices/base-tfr-sys-003/telemetry-evidence.json,../session-evidence/sys/g4/slices/base-tfr-sys-003/migration-clean-upgrade-evidence.json,../session-evidence/sys/g4/slices/base-tfr-sys-003/recovery-evidence.json,../session-evidence/sys/g4/slices/base-tfr-sys-003/acceptance-evidence.json,DERIVED_NON_AUTHORITATIVE:./gradlew :dwp-platform-server:test --tests '*HrisPlatformG3SliceContractTest' -PhrisSlice=BASE-TFR-SYS-003|./gradlew :dwp-platform-server:test --tests '*HrisPlatformMigrationCleanUpgradeTest' -PhrisSlice=BASE-TFR-SYS-003|./gradlew :dwp-platform-server:test --tests '*HrisPlatformWorkerRecoveryTest' -PhrisSlice=BASE-TFR-SYS-003,G3CMD-SYS-BE,G3CMD-SYS-FE,apps/dwp/src/features/hris/administration/__tests__/g3-slices/base-tfr-sys-003.slice.test.tsx,authorization-negative|feature-flag-event-forward-correction|idempotency-cas|migration-clean-upgrade-rls-backfill|runbook-rollback-forward-correction|telemetry-alert|tenant-isolation|worker-crash-replay,G3-CODE-GO-BASE-TFR-SYS-003,SEALED_G2_EXACT_CONTRACTS_AND_CENTRAL_ALLOCATION_PASS,OPEN_G3_CODE,NOT_STARTED_G3,NOT_AUTHORIZED_G6
BASE-TFR-SYS-004,BASE_TARGET_FAMILY,TFR-SYS-004,SYS,HRIS-SYS,SYS,9be834804aff393b5f2618b1b41162af5b13827e1d61527b57e8cb59f0971a26,39,916918c66ec45e644e3f010db79b93e18e8166cf0b06c4821e904339020b7aad,G3A_BASE_004,DEP-001|DEP-002|DEP-003|DEP-004|DEP-016,DWP_AUTH_PLATFORM,BASE:dwp-identity,BASE:dwp-identity,,IAQ-061|PEP-SYS-001|PEP-SYS-002|PEP-SYS-003|PEP-SYS-004|PEP-SYS-005|PEP-SYS-006|PEP-SYS-007|PEP-SYS-008|PEP-SYS-009|PEP-SYS-010|PEP-SYS-039|SYS-API-001|SYS-API-002|SYS-API-003|SYS-API-004|SYS-API-005|SYS-API-006|SYS-API-007|SYS-API-008|SYS-API-009|SYS-API-010|SYS-API-037|SYS-EVT-001|SYS-EVT-002,IAQ-061|PEP-SYS-001|PEP-SYS-002|PEP-SYS-003|PEP-SYS-004|PEP-SYS-005|PEP-SYS-006|PEP-SYS-007|PEP-SYS-008|PEP-SYS-009|PEP-SYS-010|PEP-SYS-039|SYS-API-001|SYS-API-002|SYS-API-003|SYS-API-004|SYS-API-005|SYS-API-006|SYS-API-007|SYS-API-008|SYS-API-009|SYS-API-010|SYS-API-037|SYS-EVT-001|SYS-EVT-002,,,,,hcm.configuration.policy.publish|hcm.configuration.policy.update|hcm.configuration.workbench.view,../session-evidence/sys/g2-contract-catalog.csv|../session-evidence/sys/g2-physical-schema.sql|../session-evidence/sys/g2-state-machines.md|ia-entry-query-api-contract-register.csv|ia-entry-query-field-type-register.csv|ia-entry-query-projection-schemas.v1.json|ia-entry-query-runtime-invariant-register.csv,DEP-001|DEP-002|DEP-003|DEP-004|DEP-016,G3-SYS-AUTH-BE-MIGRATION|G3-SYS-AUTH-BE-SOURCE|G3-SYS-AUTH-BE-TEST|G3-SYS-FE-SOURCE,MIG-SYS-AUTH-217-245,OWNER_ALLOCATED_IF_SCHEMA_TOUCH_WITHIN_UNRESERVED_VERSION,ALLOCATION_BOUNDARY_ONLY_UNTIL_TOUCH_MANIFEST,DEC-SYS-001|SYS-GOLDEN-IDENTITY|tenant-negative|SoD-negative|receipt-replay,../session-evidence/sys/validate_sys_readiness.v2.py|../session-evidence/sys/validate_sys_service_local_migrations.py,DERIVED_NON_AUTHORITATIVE:python3 ../session-evidence/sys/validate_sys_readiness.v2.py,G2-SYS-BASE,sys-exact-readiness|sys-service-local-migrations,../session-evidence/sys/g4/slices/base-tfr-sys-004/runbook.md,../session-evidence/sys/g4/slices/base-tfr-sys-004/telemetry-evidence.json,../session-evidence/sys/g4/slices/base-tfr-sys-004/migration-clean-upgrade-evidence.json,../session-evidence/sys/g4/slices/base-tfr-sys-004/recovery-evidence.json,../session-evidence/sys/g4/slices/base-tfr-sys-004/acceptance-evidence.json,DERIVED_NON_AUTHORITATIVE:./gradlew :dwp-auth-server:test --tests '*HrisAuthMigrationCleanUpgradeTest' -PhrisSlice=BASE-TFR-SYS-004|./gradlew :dwp-auth-server:test --tests '*HrisAuthWorkerRecoveryTest' -PhrisSlice=BASE-TFR-SYS-004|./gradlew :dwp-auth-server:test --tests '*HrisAuthorizationG3SliceTest' -PhrisSlice=BASE-TFR-SYS-004,G3CMD-SYS-BE,G3CMD-SYS-FE,apps/dwp/src/features/hris/administration/__tests__/g3-slices/base-tfr-sys-004.slice.test.tsx,authorization-negative|feature-flag-event-forward-correction|idempotency-cas|migration-clean-upgrade-rls-backfill|runbook-rollback-forward-correction|telemetry-alert|tenant-isolation|worker-crash-replay,G3-CODE-GO-BASE-TFR-SYS-004,SEALED_G2_EXACT_CONTRACTS_AND_CENTRAL_ALLOCATION_PASS,OPEN_G3_CODE,NOT_STARTED_G3,NOT_AUTHORIZED_G6
BASE-TFR-SYS-005,BASE_TARGET_FAMILY,TFR-SYS-005,SYS,HRIS-SYS,SYS,2f7300f5a1141bd786ffad12d6d5504f9478cbf1d18e76b60b1fc0fb9eb73421,12,1dfcdbfba215da407054b8d3310cd58f37600aef9edbb17a792f266d7598e2c5,G3A_BASE_005,DEP-001|DEP-002|DEP-003|DEP-015|DEP-016,DWP_NOTIFICATION_PLATFORM,NON_UI_SUPPORTING_SLICE,,,PLAT-004|SHARED-API-007|SHARED-API-008,,PLAT-004|SHARED-API-007|SHARED-API-008,,,,../hris-atomic-duty-matrix.csv|../hris-sod-rule-matrix.csv,../session-evidence/sys/g2-physical-schema.sql|../session-evidence/sys/g2-state-machines.md|../session-evidence/sys/g2-contract-catalog.csv,DEP-001|DEP-002|DEP-003|DEP-015|DEP-016,G3-SYS-BE-MIGRATION|G3-SYS-BE-SOURCE|G3-SYS-BE-TEST|G3-SYS-FE-SOURCE,MIG-SYS-PLATFORM-261-289,OWNER_ALLOCATED_IF_SCHEMA_TOUCH_WITHIN_UNRESERVED_VERSION,ALLOCATION_BOUNDARY_ONLY_UNTIL_TOUCH_MANIFEST,DEC-SYS-007|SYS-GOLDEN-COMMUNICATION|tenant-negative|SoD-negative|receipt-replay,../session-evidence/sys/validate_sys_readiness.v2.py|../session-evidence/sys/validate_sys_service_local_migrations.py,DERIVED_NON_AUTHORITATIVE:python3 ../session-evidence/sys/validate_sys_readiness.v2.py,G2-SYS-BASE,sys-exact-readiness|sys-service-local-migrations,../session-evidence/sys/g4/slices/base-tfr-sys-005/runbook.md,../session-evidence/sys/g4/slices/base-tfr-sys-005/telemetry-evidence.json,../session-evidence/sys/g4/slices/base-tfr-sys-005/migration-clean-upgrade-evidence.json,../session-evidence/sys/g4/slices/base-tfr-sys-005/recovery-evidence.json,../session-evidence/sys/g4/slices/base-tfr-sys-005/acceptance-evidence.json,DERIVED_NON_AUTHORITATIVE:./gradlew :dwp-platform-server:test --tests '*HrisPlatformG3SliceContractTest' -PhrisSlice=BASE-TFR-SYS-005|./gradlew :dwp-platform-server:test --tests '*HrisPlatformMigrationCleanUpgradeTest' -PhrisSlice=BASE-TFR-SYS-005|./gradlew :dwp-platform-server:test --tests '*HrisPlatformWorkerRecoveryTest' -PhrisSlice=BASE-TFR-SYS-005,G3CMD-SYS-BE,G3CMD-SYS-FE,apps/dwp/src/features/hris/administration/__tests__/g3-slices/base-tfr-sys-005.slice.test.tsx,authorization-negative|feature-flag-event-forward-correction|idempotency-cas|migration-clean-upgrade-rls-backfill|runbook-rollback-forward-correction|telemetry-alert|tenant-isolation|worker-crash-replay,G3-CODE-GO-BASE-TFR-SYS-005,SEALED_G2_EXACT_CONTRACTS_AND_CENTRAL_ALLOCATION_PASS,OPEN_G3_CODE,NOT_STARTED_G3,NOT_AUTHORIZED_G6
BASE-TFR-SYS-006,BASE_TARGET_FAMILY,TFR-SYS-006,SYS,HRIS-SYS,SYS,29d8eb318606a7c20946d21941bc0e55cd17a631836ad02434322f9d2c3ca11b,10,9c80c1dc8c992b75ac267c4e980be1c48ca7db7bb03d683885750f3046edfa06,G3A_BASE_006,DEP-001|DEP-002|DEP-003|DEP-004|DEP-005|DEP-016,DWP_PLATFORM_AUTOMATION,BASE:settings-operations,,BASE:settings-operations,PEP-SYS-017|PEP-SYS-018|PEP-SYS-019|PEP-SYS-020|PEP-SYS-021|PEP-SYS-048|PEP-SYS-049|PEP-SYS-050|PEP-SYS-051|PEP-SYS-052|PEP-SYS-053|PEP-SYS-054|PEP-SYS-055|PEP-SYS-056|PEP-SYS-057|PEP-SYS-058|SYS-API-017|SYS-API-018|SYS-API-019|SYS-API-020|SYS-API-035|SYS-API-036|SYS-API-038|SYS-API-046|SYS-API-047|SYS-API-048|SYS-API-049|SYS-API-050|SYS-API-051|SYS-API-052|SYS-API-053|SYS-API-054|SYS-API-055|SYS-API-056|SYS-EVT-004|SYS-EVT-009,PEP-SYS-017|PEP-SYS-018|PEP-SYS-019|PEP-SYS-020|PEP-SYS-021|PEP-SYS-048|PEP-SYS-049|PEP-SYS-050|PEP-SYS-051|PEP-SYS-052|PEP-SYS-053|PEP-SYS-054|PEP-SYS-055|PEP-SYS-056|PEP-SYS-057|PEP-SYS-058|SYS-API-017|SYS-API-018|SYS-API-019|SYS-API-020|SYS-API-046|SYS-API-047|SYS-API-048|SYS-API-049|SYS-API-050|SYS-API-051|SYS-API-052|SYS-API-053|SYS-API-054|SYS-API-055|SYS-API-056|SYS-EVT-004,SYS-API-035|SYS-API-036|SYS-API-038|SYS-EVT-009,,,,hcm.configuration.policy.publish|hcm.configuration.policy.update|hcm.configuration.workbench.view|hcm.integration.execute,../session-evidence/sys/g2-physical-schema.sql|../session-evidence/sys/g2-state-machines.md|../session-evidence/sys/g2-contract-catalog.csv,DEP-001|DEP-002|DEP-003|DEP-004|DEP-005|DEP-016,G3-SYS-BE-MIGRATION|G3-SYS-BE-SOURCE|G3-SYS-BE-TEST|G3-SYS-FE-SOURCE,MIG-SYS-PLATFORM-261-289,OWNER_ALLOCATED_IF_SCHEMA_TOUCH_WITHIN_UNRESERVED_VERSION,ALLOCATION_BOUNDARY_ONLY_UNTIL_TOUCH_MANIFEST,DEC-SYS-004|SYS-GOLDEN-AUTOMATION|tenant-negative|SoD-negative|receipt-replay,../session-evidence/sys/validate_sys_readiness.v2.py|../session-evidence/sys/validate_sys_service_local_migrations.py,DERIVED_NON_AUTHORITATIVE:python3 ../session-evidence/sys/validate_sys_readiness.v2.py,G2-SYS-BASE,sys-exact-readiness|sys-service-local-migrations,../session-evidence/sys/g4/slices/base-tfr-sys-006/runbook.md,../session-evidence/sys/g4/slices/base-tfr-sys-006/telemetry-evidence.json,../session-evidence/sys/g4/slices/base-tfr-sys-006/migration-clean-upgrade-evidence.json,../session-evidence/sys/g4/slices/base-tfr-sys-006/recovery-evidence.json,../session-evidence/sys/g4/slices/base-tfr-sys-006/acceptance-evidence.json,DERIVED_NON_AUTHORITATIVE:./gradlew :dwp-platform-server:test --tests '*HrisPlatformG3SliceContractTest' -PhrisSlice=BASE-TFR-SYS-006|./gradlew :dwp-platform-server:test --tests '*HrisPlatformMigrationCleanUpgradeTest' -PhrisSlice=BASE-TFR-SYS-006|./gradlew :dwp-platform-server:test --tests '*HrisPlatformWorkerRecoveryTest' -PhrisSlice=BASE-TFR-SYS-006,G3CMD-SYS-BE,G3CMD-SYS-FE,apps/dwp/src/features/hris/administration/__tests__/g3-slices/base-tfr-sys-006.slice.test.tsx,authorization-negative|feature-flag-event-forward-correction|idempotency-cas|migration-clean-upgrade-rls-backfill|runbook-rollback-forward-correction|telemetry-alert|tenant-isolation|worker-crash-replay,G3-CODE-GO-BASE-TFR-SYS-006,SEALED_G2_EXACT_CONTRACTS_AND_CENTRAL_ALLOCATION_PASS,OPEN_G3_CODE,NOT_STARTED_G3,NOT_AUTHORIZED_G6
BASE-TFR-SYS-007,BASE_TARGET_FAMILY,TFR-SYS-007,SYS,HRIS-SYS,SYS,c36c35b9ff77e9dfd8149cde55970c364febd07af1ee3c6f9b89d0390330974d,37,d9d91587accd0f926523098f1d5a2d9cc801a57c96f7da8150fc5ad46dbe4109,G3A_BASE_007,DEP-001|DEP-002|DEP-003|DEP-004|DEP-016,HRIS_CONFIGURATION,BASE:dwp-platform|BASE:settings-reference,BASE:dwp-platform|BASE:settings-reference,,IAQ-052|PEP-SYS-011|PEP-SYS-012|PEP-SYS-013|PEP-SYS-014|PEP-SYS-015|PEP-SYS-016|PEP-SYS-043|PEP-SYS-044|PEP-SYS-045|PEP-SYS-046|PEP-SYS-047|SHARED-API-001|SHARED-API-002|SYS-API-011|SYS-API-012|SYS-API-013|SYS-API-014|SYS-API-015|SYS-API-016|SYS-API-041|SYS-API-042|SYS-API-043|SYS-API-044|SYS-API-045|SYS-EVT-003,IAQ-052|PEP-SYS-011|PEP-SYS-012|PEP-SYS-013|PEP-SYS-014|PEP-SYS-015|PEP-SYS-016|PEP-SYS-043|PEP-SYS-044|PEP-SYS-045|PEP-SYS-046|PEP-SYS-047|SYS-API-011|SYS-API-012|SYS-API-013|SYS-API-014|SYS-API-015|SYS-API-016|SYS-API-041|SYS-API-042|SYS-API-043|SYS-API-044|SYS-API-045|SYS-EVT-003,SHARED-API-001|SHARED-API-002,,,,hcm.configuration.policy.publish|hcm.configuration.policy.update|hcm.configuration.workbench.view|provider.tenant.read,../session-evidence/sys/g2-contract-catalog.csv|../session-evidence/sys/g2-physical-schema.sql|../session-evidence/sys/g2-state-machines.md|ia-entry-query-api-contract-register.csv|ia-entry-query-field-type-register.csv|ia-entry-query-projection-schemas.v1.json|ia-entry-query-runtime-invariant-register.csv,DEP-001|DEP-002|DEP-003|DEP-004|DEP-016,G3-SYS-BE-MIGRATION|G3-SYS-BE-SOURCE|G3-SYS-BE-TEST|G3-SYS-FE-SOURCE,MIG-SYS-PLATFORM-261-289,OWNER_ALLOCATED_IF_SCHEMA_TOUCH_WITHIN_UNRESERVED_VERSION,ALLOCATION_BOUNDARY_ONLY_UNTIL_TOUCH_MANIFEST,DEC-SYS-003|SYS-GOLDEN-REFERENCE|tenant-negative|SoD-negative|receipt-replay,../session-evidence/sys/validate_sys_readiness.v2.py|../session-evidence/sys/validate_sys_service_local_migrations.py,DERIVED_NON_AUTHORITATIVE:python3 ../session-evidence/sys/validate_sys_readiness.v2.py,G2-SYS-BASE,sys-exact-readiness|sys-service-local-migrations,../session-evidence/sys/g4/slices/base-tfr-sys-007/runbook.md,../session-evidence/sys/g4/slices/base-tfr-sys-007/telemetry-evidence.json,../session-evidence/sys/g4/slices/base-tfr-sys-007/migration-clean-upgrade-evidence.json,../session-evidence/sys/g4/slices/base-tfr-sys-007/recovery-evidence.json,../session-evidence/sys/g4/slices/base-tfr-sys-007/acceptance-evidence.json,DERIVED_NON_AUTHORITATIVE:./gradlew :dwp-platform-server:test --tests '*HrisPlatformG3SliceContractTest' -PhrisSlice=BASE-TFR-SYS-007|./gradlew :dwp-platform-server:test --tests '*HrisPlatformMigrationCleanUpgradeTest' -PhrisSlice=BASE-TFR-SYS-007|./gradlew :dwp-platform-server:test --tests '*HrisPlatformWorkerRecoveryTest' -PhrisSlice=BASE-TFR-SYS-007,G3CMD-SYS-BE,G3CMD-SYS-FE,apps/dwp/src/features/hris/administration/__tests__/g3-slices/base-tfr-sys-007.slice.test.tsx,authorization-negative|feature-flag-event-forward-correction|idempotency-cas|migration-clean-upgrade-rls-backfill|runbook-rollback-forward-correction|telemetry-alert|tenant-isolation|worker-crash-replay,G3-CODE-GO-BASE-TFR-SYS-007,SEALED_G2_EXACT_CONTRACTS_AND_CENTRAL_ALLOCATION_PASS,OPEN_G3_CODE,NOT_STARTED_G3,NOT_AUTHORIZED_G6
BASE-TFR-SYS-008,BASE_TARGET_FAMILY,TFR-SYS-008,SYS,HRIS-SYS,SYS,8fd5277d423ee42f21b1cb551b06aa2ff73fa058352ba4e8433f0a6eebd7f6ce,19,60d1fa1b794ea15ec4510952df488635a142990b4e370adde898178e32962afe,G3A_BASE_008,DEP-001|DEP-002|DEP-003|DEP-006|DEP-016,DWP_PLATFORM_INTEGRATION,BASE:dwp-integrations|BASE:settings-integrations,BASE:dwp-integrations|BASE:settings-integrations,,IAQ-057|IAQ-062|PEP-SYS-022|PEP-SYS-023|PEP-SYS-024|PEP-SYS-025|PEP-SYS-026|PEP-SYS-027|PEP-SYS-059|PEP-SYS-060|PEP-SYS-061|PEP-SYS-062|PEP-SYS-063|PEP-SYS-064|PEP-SYS-065|PEP-SYS-066|PEP-SYS-067|PEP-SYS-068|PEP-SYS-069|PEP-SYS-070|SYS-API-021|SYS-API-022|SYS-API-023|SYS-API-024|SYS-API-025|SYS-API-057|SYS-API-058|SYS-API-059|SYS-API-060|SYS-API-061|SYS-API-062|SYS-API-063|SYS-API-064|SYS-API-065|SYS-API-066|SYS-API-067|SYS-API-068|SYS-EVT-005,IAQ-057|IAQ-062|PEP-SYS-022|PEP-SYS-023|PEP-SYS-024|PEP-SYS-025|PEP-SYS-026|PEP-SYS-027|PEP-SYS-059|PEP-SYS-060|PEP-SYS-061|PEP-SYS-062|PEP-SYS-063|PEP-SYS-064|PEP-SYS-065|PEP-SYS-066|PEP-SYS-067|PEP-SYS-068|PEP-SYS-069|PEP-SYS-070|SYS-API-021|SYS-API-022|SYS-API-023|SYS-API-024|SYS-API-025|SYS-API-057|SYS-API-058|SYS-API-059|SYS-API-060|SYS-API-061|SYS-API-062|SYS-API-063|SYS-API-064|SYS-API-065|SYS-API-066|SYS-API-067|SYS-API-068|SYS-EVT-005,,,,,hcm.configuration.workbench.view|hcm.integration.definition.update|hcm.integration.execute,../session-evidence/sys/g2-contract-catalog.csv|../session-evidence/sys/g2-physical-schema.sql|../session-evidence/sys/g2-state-machines.md|ia-entry-query-api-contract-register.csv|ia-entry-query-field-type-register.csv|ia-entry-query-projection-schemas.v1.json|ia-entry-query-runtime-invariant-register.csv,DEP-001|DEP-002|DEP-003|DEP-006|DEP-016,G3-SYS-BE-MIGRATION|G3-SYS-BE-SOURCE|G3-SYS-BE-TEST|G3-SYS-FE-SOURCE,MIG-SYS-PLATFORM-261-289,OWNER_ALLOCATED_IF_SCHEMA_TOUCH_WITHIN_UNRESERVED_VERSION,ALLOCATION_BOUNDARY_ONLY_UNTIL_TOUCH_MANIFEST,DEC-SYS-005|SYS-GOLDEN-INTEGRATION|tenant-negative|SoD-negative|receipt-replay,../session-evidence/sys/validate_sys_readiness.v2.py|../session-evidence/sys/validate_sys_service_local_migrations.py,DERIVED_NON_AUTHORITATIVE:python3 ../session-evidence/sys/validate_sys_readiness.v2.py,G2-SYS-BASE,sys-exact-readiness|sys-service-local-migrations,../session-evidence/sys/g4/slices/base-tfr-sys-008/runbook.md,../session-evidence/sys/g4/slices/base-tfr-sys-008/telemetry-evidence.json,../session-evidence/sys/g4/slices/base-tfr-sys-008/migration-clean-upgrade-evidence.json,../session-evidence/sys/g4/slices/base-tfr-sys-008/recovery-evidence.json,../session-evidence/sys/g4/slices/base-tfr-sys-008/acceptance-evidence.json,DERIVED_NON_AUTHORITATIVE:./gradlew :dwp-platform-server:test --tests '*HrisPlatformG3SliceContractTest' -PhrisSlice=BASE-TFR-SYS-008|./gradlew :dwp-platform-server:test --tests '*HrisPlatformMigrationCleanUpgradeTest' -PhrisSlice=BASE-TFR-SYS-008|./gradlew :dwp-platform-server:test --tests '*HrisPlatformWorkerRecoveryTest' -PhrisSlice=BASE-TFR-SYS-008,G3CMD-SYS-BE,G3CMD-SYS-FE,apps/dwp/src/features/hris/administration/__tests__/g3-slices/base-tfr-sys-008.slice.test.tsx,authorization-negative|feature-flag-event-forward-correction|idempotency-cas|migration-clean-upgrade-rls-backfill|runbook-rollback-forward-correction|telemetry-alert|tenant-isolation|worker-crash-replay,G3-CODE-GO-BASE-TFR-SYS-008,SEALED_G2_EXACT_CONTRACTS_AND_CENTRAL_ALLOCATION_PASS,OPEN_G3_CODE,NOT_STARTED_G3,NOT_AUTHORIZED_G6
BASE-TFR-SYS-009,BASE_TARGET_FAMILY,TFR-SYS-009,SYS,HRIS-SYS,SYS,67e1fb1215135de465c152070478ff652b2a0bbab1996b6b1afd1ec4f0dd6172,2,67aa50e931d654378d51318e2e39c864d296c4ef526b361cbcf0304811b61a67,G3A_BASE_009,DEP-001|DEP-002|DEP-003|DEP-016,DWP_FILE_PLATFORM,NON_UI_SUPPORTING_SLICE,,,PEP-SYS-035|PEP-SYS-036|SYS-API-033|SYS-API-034|SYS-EVT-008,PEP-SYS-035|PEP-SYS-036|SYS-API-033|SYS-API-034|SYS-EVT-008,,,,,../hris-atomic-duty-matrix.csv|../hris-sod-rule-matrix.csv,../session-evidence/sys/g2-physical-schema.sql|../session-evidence/sys/g2-state-machines.md|../session-evidence/sys/g2-contract-catalog.csv,DEP-001|DEP-002|DEP-003|DEP-016,G3-SYS-BE-MIGRATION|G3-SYS-BE-SOURCE|G3-SYS-BE-TEST|G3-SYS-FE-SOURCE,MIG-SYS-PLATFORM-261-289,OWNER_ALLOCATED_IF_SCHEMA_TOUCH_WITHIN_UNRESERVED_VERSION,ALLOCATION_BOUNDARY_ONLY_UNTIL_TOUCH_MANIFEST,DEC-SYS-011|SYS-GOLDEN-FILES|tenant-negative|SoD-negative|receipt-replay,../session-evidence/sys/validate_sys_readiness.v2.py|../session-evidence/sys/validate_sys_service_local_migrations.py,DERIVED_NON_AUTHORITATIVE:python3 ../session-evidence/sys/validate_sys_readiness.v2.py,G2-SYS-BASE,sys-exact-readiness|sys-service-local-migrations,../session-evidence/sys/g4/slices/base-tfr-sys-009/runbook.md,../session-evidence/sys/g4/slices/base-tfr-sys-009/telemetry-evidence.json,../session-evidence/sys/g4/slices/base-tfr-sys-009/migration-clean-upgrade-evidence.json,../session-evidence/sys/g4/slices/base-tfr-sys-009/recovery-evidence.json,../session-evidence/sys/g4/slices/base-tfr-sys-009/acceptance-evidence.json,DERIVED_NON_AUTHORITATIVE:./gradlew :dwp-platform-server:test --tests '*HrisPlatformG3SliceContractTest' -PhrisSlice=BASE-TFR-SYS-009|./gradlew :dwp-platform-server:test --tests '*HrisPlatformMigrationCleanUpgradeTest' -PhrisSlice=BASE-TFR-SYS-009|./gradlew :dwp-platform-server:test --tests '*HrisPlatformWorkerRecoveryTest' -PhrisSlice=BASE-TFR-SYS-009,G3CMD-SYS-BE,G3CMD-SYS-FE,apps/dwp/src/features/hris/administration/__tests__/g3-slices/base-tfr-sys-009.slice.test.tsx,authorization-negative|feature-flag-event-forward-correction|idempotency-cas|migration-clean-upgrade-rls-backfill|runbook-rollback-forward-correction|telemetry-alert|tenant-isolation|worker-crash-replay,G3-CODE-GO-BASE-TFR-SYS-009,SEALED_G2_EXACT_CONTRACTS_AND_CENTRAL_ALLOCATION_PASS,OPEN_G3_CODE,NOT_STARTED_G3,NOT_AUTHORIZED_G6
BASE-TFR-SYS-010,BASE_TARGET_FAMILY,TFR-SYS-010,SYS,HRIS-SYS,SYS,f9729b2bdf8575a425ae650f0e947c102649a11f5eb1fc9936d9aba303d3a525,9,cf5a10f94cefce225ac55975f51982d5bbfcf49e83616dacbc8a93be1c109bd8,G3A_BASE_010,DEP-001|DEP-002|DEP-003|DEP-016,DWP_DATA_GOVERNANCE,BASE:dwp-governance,,BASE:dwp-governance,PLAT-005|SHARED-API-003|SHARED-API-004|SHARED-API-009,,PLAT-005|SHARED-API-003|SHARED-API-004|SHARED-API-009,,,,ADMIN.AUDIT_VIEW:VIEW|DATA_GOVERNANCE_READ,../session-evidence/sys/g2-physical-schema.sql|../session-evidence/sys/g2-state-machines.md|../session-evidence/sys/g2-contract-catalog.csv,DEP-001|DEP-002|DEP-003|DEP-016,G3-SYS-BE-MIGRATION|G3-SYS-BE-SOURCE|G3-SYS-BE-TEST|G3-SYS-FE-SOURCE,MIG-SYS-PLATFORM-261-289,OWNER_ALLOCATED_IF_SCHEMA_TOUCH_WITHIN_UNRESERVED_VERSION,ALLOCATION_BOUNDARY_ONLY_UNTIL_TOUCH_MANIFEST,DEC-SYS-010|SYS-GOLDEN-DATA_GOVERNANCE|tenant-negative|SoD-negative|receipt-replay,../session-evidence/sys/validate_sys_readiness.v2.py|../session-evidence/sys/validate_sys_service_local_migrations.py,DERIVED_NON_AUTHORITATIVE:python3 ../session-evidence/sys/validate_sys_readiness.v2.py,G2-SYS-BASE,sys-exact-readiness|sys-service-local-migrations,../session-evidence/sys/g4/slices/base-tfr-sys-010/runbook.md,../session-evidence/sys/g4/slices/base-tfr-sys-010/telemetry-evidence.json,../session-evidence/sys/g4/slices/base-tfr-sys-010/migration-clean-upgrade-evidence.json,../session-evidence/sys/g4/slices/base-tfr-sys-010/recovery-evidence.json,../session-evidence/sys/g4/slices/base-tfr-sys-010/acceptance-evidence.json,DERIVED_NON_AUTHORITATIVE:./gradlew :dwp-platform-server:test --tests '*HrisPlatformG3SliceContractTest' -PhrisSlice=BASE-TFR-SYS-010|./gradlew :dwp-platform-server:test --tests '*HrisPlatformMigrationCleanUpgradeTest' -PhrisSlice=BASE-TFR-SYS-010|./gradlew :dwp-platform-server:test --tests '*HrisPlatformWorkerRecoveryTest' -PhrisSlice=BASE-TFR-SYS-010,G3CMD-SYS-BE,G3CMD-SYS-FE,apps/dwp/src/features/hris/administration/__tests__/g3-slices/base-tfr-sys-010.slice.test.tsx,authorization-negative|feature-flag-event-forward-correction|idempotency-cas|migration-clean-upgrade-rls-backfill|runbook-rollback-forward-correction|telemetry-alert|tenant-isolation|worker-crash-replay,G3-CODE-GO-BASE-TFR-SYS-010,SEALED_G2_EXACT_CONTRACTS_AND_CENTRAL_ALLOCATION_PASS,OPEN_G3_CODE,NOT_STARTED_G3,NOT_AUTHORIZED_G6
BASE-TFR-SYS-011,BASE_TARGET_FAMILY,TFR-SYS-011,SYS,HRIS-SYS,SYS,43784624aa57a83cc35a35803e95230f72539f616c493ec6b0381b017925cbe7,19,43531121e7b30fc0299018ee87eb72b58ae69a9aecfbe3c5d3bf6a448260d98e,G3A_BASE_011,DEP-001|DEP-002|DEP-003|DEP-004|DEP-007|DEP-016,DWP_TENANT_ENTERPRISE,BASE:dwp-platform|BASE:settings-enterprise,BASE:settings-enterprise,BASE:dwp-platform,EVT-HRM:OrganizationChanged.v1|PEP-HRM-006|PEP-HRM-007|PEP-HRM-008|PEP-HRM-009|PEP-HRM-010|SHARED-API-001|SHARED-API-002|SYS-API-011|SYS-API-012|SYS-API-013|SYS-API-014|SYS-API-015|SYS-API-016|SYS-API-041|SYS-API-042|SYS-API-043|SYS-API-044|SYS-API-045|SYS-EVT-003,,EVT-HRM:OrganizationChanged.v1|PEP-HRM-006|PEP-HRM-007|PEP-HRM-008|PEP-HRM-009|PEP-HRM-010|SHARED-API-001|SHARED-API-002|SYS-API-011|SYS-API-012|SYS-API-013|SYS-API-014|SYS-API-015|SYS-API-016|SYS-API-041|SYS-API-042|SYS-API-043|SYS-API-044|SYS-API-045|SYS-EVT-003,,,,provider.tenant.read,../session-evidence/sys/g2-physical-schema.sql|../session-evidence/sys/g2-state-machines.md|../session-evidence/sys/g2-contract-catalog.csv,DEP-001|DEP-002|DEP-003|DEP-004|DEP-016,G3-SYS-BE-MIGRATION|G3-SYS-BE-SOURCE|G3-SYS-BE-TEST|G3-SYS-FE-SOURCE,MIG-SYS-PLATFORM-261-289,OWNER_ALLOCATED_IF_SCHEMA_TOUCH_WITHIN_UNRESERVED_VERSION,ALLOCATION_BOUNDARY_ONLY_UNTIL_TOUCH_MANIFEST,DEC-SYS-002|SYS-GOLDEN-TENANT|tenant-negative|SoD-negative|receipt-replay,../session-evidence/sys/validate_sys_readiness.v2.py|../session-evidence/sys/validate_sys_service_local_migrations.py,DERIVED_NON_AUTHORITATIVE:python3 ../session-evidence/sys/validate_sys_readiness.v2.py,G2-SYS-BASE,sys-exact-readiness|sys-service-local-migrations,../session-evidence/sys/g4/slices/base-tfr-sys-011/runbook.md,../session-evidence/sys/g4/slices/base-tfr-sys-011/telemetry-evidence.json,../session-evidence/sys/g4/slices/base-tfr-sys-011/migration-clean-upgrade-evidence.json,../session-evidence/sys/g4/slices/base-tfr-sys-011/recovery-evidence.json,../session-evidence/sys/g4/slices/base-tfr-sys-011/acceptance-evidence.json,DERIVED_NON_AUTHORITATIVE:./gradlew :dwp-platform-server:test --tests '*HrisPlatformG3SliceContractTest' -PhrisSlice=BASE-TFR-SYS-011|./gradlew :dwp-platform-server:test --tests '*HrisPlatformMigrationCleanUpgradeTest' -PhrisSlice=BASE-TFR-SYS-011|./gradlew :dwp-platform-server:test --tests '*HrisPlatformWorkerRecoveryTest' -PhrisSlice=BASE-TFR-SYS-011,G3CMD-SYS-BE,G3CMD-SYS-FE,apps/dwp/src/features/hris/administration/__tests__/g3-slices/base-tfr-sys-011.slice.test.tsx,authorization-negative|feature-flag-event-forward-correction|idempotency-cas|migration-clean-upgrade-rls-backfill|runbook-rollback-forward-correction|telemetry-alert|tenant-isolation|worker-crash-replay,G3-CODE-GO-BASE-TFR-SYS-011,SEALED_G2_EXACT_CONTRACTS_AND_CENTRAL_ALLOCATION_PASS,OPEN_G3_CODE,NOT_STARTED_G3,NOT_AUTHORIZED_G6
BASE-TFR-SYS-012,BASE_TARGET_FAMILY,TFR-SYS-012,SYS,HRIS-SYS,SYS,b9eaff79e11eb4a6439f999addb6ce4c2ff22a2913b8230af976a475189818e6,7,fec2d50299f87eff863c0c4865da89ac93c037390e9c3fddd427c043c8b8033a,G3A_BASE_012,DEP-001|DEP-002|DEP-003|DEP-010|DEP-011|DEP-012|DEP-013|DEP-016,HRIS_SHELL_EXPERIENCE,BASE:dwp-experience|BASE:hr-operations-home|BASE:my-hr-home|BASE:team-home,BASE:dwp-experience|BASE:hr-operations-home|BASE:my-hr-home|BASE:team-home,,EVT-HRM:HrisHomeContributionChanged.v1|EVT-PAY:HrisHomeContributionChanged.v1|EVT-PER:HrisHomeContributionChanged.v1|EVT-TIM:HrisHomeContributionChanged.v1|IAQ-035|IAQ-060|PEP-HRM-016|PEP-PAY-001|PEP-PER-001|PEP-SYS-028|PEP-SYS-029|PEP-SYS-033|PEP-SYS-034|PEP-SYS-041|PEP-SYS-042|PEP-TIM-001|SVC-PEP-HRM-006|SVC-PEP-PAY-001|SVC-PEP-PER-002|SVC-PEP-TIM-002|SYS-API-026|SYS-API-027|SYS-API-031|SYS-API-032|SYS-API-039|SYS-API-040|SYS-EVT-007|XCON-012|XCON-013|XCON-014|XCON-015,IAQ-035|IAQ-060|PEP-SYS-028|PEP-SYS-029|PEP-SYS-033|PEP-SYS-034|PEP-SYS-041|PEP-SYS-042|SYS-API-026|SYS-API-027|SYS-API-031|SYS-API-032|SYS-API-039|SYS-API-040|SYS-EVT-007,EVT-HRM:HrisHomeContributionChanged.v1|EVT-PAY:HrisHomeContributionChanged.v1|EVT-PER:HrisHomeContributionChanged.v1|EVT-TIM:HrisHomeContributionChanged.v1|PEP-HRM-016|PEP-PAY-001|PEP-PER-001|PEP-TIM-001,,XCON-012|XCON-013|XCON-014|XCON-015,SVC-PEP-HRM-006|SVC-PEP-PAY-001|SVC-PEP-PER-002|SVC-PEP-TIM-002,hcm.app.shell.view|hcm.configuration.workbench.view|hcm.operations.people.view|hcm.team.members.view,../session-evidence/sys/g2-contract-catalog.csv|../session-evidence/sys/g2-physical-schema.sql|../session-evidence/sys/g2-state-machines.md|ia-entry-query-api-contract-register.csv|ia-entry-query-field-type-register.csv|ia-entry-query-projection-schemas.v1.json|ia-entry-query-runtime-invariant-register.csv,DEP-001|DEP-002|DEP-003|DEP-010|DEP-011|DEP-012|DEP-013|DEP-016,G3-SYS-BE-MIGRATION|G3-SYS-BE-SOURCE|G3-SYS-BE-TEST|G3-SYS-FE-SOURCE,MIG-SYS-PLATFORM-261-289,OWNER_ALLOCATED_IF_SCHEMA_TOUCH_WITHIN_UNRESERVED_VERSION,ALLOCATION_BOUNDARY_ONLY_UNTIL_TOUCH_MANIFEST,DEC-SYS-008|SYS-GOLDEN-EXPERIENCE|tenant-negative|SoD-negative|receipt-replay,../session-evidence/sys/validate_sys_readiness.v2.py|../session-evidence/sys/validate_sys_service_local_migrations.py,DERIVED_NON_AUTHORITATIVE:python3 ../session-evidence/sys/validate_sys_readiness.v2.py,G2-SYS-BASE,sys-exact-readiness|sys-service-local-migrations,../session-evidence/sys/g4/slices/base-tfr-sys-012/runbook.md,../session-evidence/sys/g4/slices/base-tfr-sys-012/telemetry-evidence.json,../session-evidence/sys/g4/slices/base-tfr-sys-012/migration-clean-upgrade-evidence.json,../session-evidence/sys/g4/slices/base-tfr-sys-012/recovery-evidence.json,../session-evidence/sys/g4/slices/base-tfr-sys-012/acceptance-evidence.json,DERIVED_NON_AUTHORITATIVE:./gradlew :dwp-platform-server:test --tests '*HrisPlatformG3SliceContractTest' -PhrisSlice=BASE-TFR-SYS-012|./gradlew :dwp-platform-server:test --tests '*HrisPlatformMigrationCleanUpgradeTest' -PhrisSlice=BASE-TFR-SYS-012|./gradlew :dwp-platform-server:test --tests '*HrisPlatformWorkerRecoveryTest' -PhrisSlice=BASE-TFR-SYS-012,G3CMD-SYS-BE,G3CMD-SYS-FE,apps/dwp/src/features/hris/administration/__tests__/g3-slices/base-tfr-sys-012.slice.test.tsx,authorization-negative|feature-flag-event-forward-correction|idempotency-cas|migration-clean-upgrade-rls-backfill|runbook-rollback-forward-correction|telemetry-alert|tenant-isolation|worker-crash-replay,G3-CODE-GO-BASE-TFR-SYS-012,SEALED_G2_EXACT_CONTRACTS_AND_CENTRAL_ALLOCATION_PASS,OPEN_G3_CODE,NOT_STARTED_G3,NOT_AUTHORIZED_G6
BASE-TFR-HRM-015,BASE_TARGET_FAMILY,TFR-HRM-015,HRM,HRIS-SYS,SYS,51ab756e1c54caa3310e888ef454d37446d9e277b4832090f8600ff7bd1e2e1d,6,8c307cc4f18ae10bd6013dec40891032bcbd3813e8f77fc59df78fa4fd1175f0,G3A_BASE_015,DEP-001|DEP-002|DEP-003|DEP-016,HRIS_TENANT_EXTENSION,BASE:dwp-extensibility|BASE:settings-extensions,BASE:dwp-extensibility|BASE:settings-extensions,,IAQ-058|IAQ-063|PEP-SYS-030|PEP-SYS-031|PEP-SYS-032|PEP-SYS-071|PEP-SYS-072|PEP-SYS-073|PEP-SYS-074|PEP-SYS-075|PEP-SYS-076|PEP-SYS-077|SYS-API-028|SYS-API-029|SYS-API-030|SYS-API-069|SYS-API-070|SYS-API-071|SYS-API-072|SYS-API-073|SYS-API-074|SYS-API-075|SYS-EVT-006,IAQ-058|IAQ-063|PEP-SYS-030|PEP-SYS-031|PEP-SYS-032|PEP-SYS-071|PEP-SYS-072|PEP-SYS-073|PEP-SYS-074|PEP-SYS-075|PEP-SYS-076|PEP-SYS-077|SYS-API-028|SYS-API-029|SYS-API-030|SYS-API-069|SYS-API-070|SYS-API-071|SYS-API-072|SYS-API-073|SYS-API-074|SYS-API-075|SYS-EVT-006,,,,,hcm.configuration.policy.publish|hcm.configuration.policy.update|hcm.configuration.workbench.view,../session-evidence/sys/g2-contract-catalog.csv|../session-evidence/sys/g2-physical-schema.sql|../session-evidence/sys/g2-state-machines.md|ia-entry-query-api-contract-register.csv|ia-entry-query-field-type-register.csv|ia-entry-query-projection-schemas.v1.json|ia-entry-query-runtime-invariant-register.csv,DEP-001|DEP-002|DEP-003|DEP-016,G3-SYS-BE-MIGRATION|G3-SYS-BE-SOURCE|G3-SYS-BE-TEST|G3-SYS-FE-SOURCE,MIG-SYS-PLATFORM-261-289,OWNER_ALLOCATED_IF_SCHEMA_TOUCH_WITHIN_UNRESERVED_VERSION,ALLOCATION_BOUNDARY_ONLY_UNTIL_TOUCH_MANIFEST,"Signed-package, declared capability, tenant isolation, compatibility and revoke tests",../session-evidence/sys/validate_sys_readiness.v2.py|../session-evidence/sys/validate_sys_service_local_migrations.py,DERIVED_NON_AUTHORITATIVE:python3 ../session-evidence/sys/validate_sys_readiness.v2.py,G2-SYS-BASE,sys-exact-readiness|sys-service-local-migrations,../session-evidence/sys/g4/slices/base-tfr-hrm-015/runbook.md,../session-evidence/sys/g4/slices/base-tfr-hrm-015/telemetry-evidence.json,../session-evidence/sys/g4/slices/base-tfr-hrm-015/migration-clean-upgrade-evidence.json,../session-evidence/sys/g4/slices/base-tfr-hrm-015/recovery-evidence.json,../session-evidence/sys/g4/slices/base-tfr-hrm-015/acceptance-evidence.json,DERIVED_NON_AUTHORITATIVE:./gradlew :dwp-platform-server:test --tests '*HrisPlatformG3SliceContractTest' -PhrisSlice=BASE-TFR-HRM-015|./gradlew :dwp-platform-server:test --tests '*HrisPlatformMigrationCleanUpgradeTest' -PhrisSlice=BASE-TFR-HRM-015|./gradlew :dwp-platform-server:test --tests '*HrisPlatformWorkerRecoveryTest' -PhrisSlice=BASE-TFR-HRM-015,G3CMD-SYS-BE,G3CMD-SYS-FE,apps/dwp/src/features/hris/administration/__tests__/g3-slices/base-tfr-hrm-015.slice.test.tsx,authorization-negative|feature-flag-event-forward-correction|idempotency-cas|migration-clean-upgrade-rls-backfill|runbook-rollback-forward-correction|telemetry-alert|tenant-isolation|worker-crash-replay,G3-CODE-GO-BASE-TFR-HRM-015,SEALED_G2_EXACT_CONTRACTS_AND_CENTRAL_ALLOCATION_PASS,OPEN_G3_CODE,NOT_STARTED_G3,NOT_AUTHORIZED_G6
MOD-SYS-ANALYTICS,MODERN_CAPABILITY,HRIS.MODERN.PEOPLE_ANALYTICS,SYS,HRIS-SYS,SYS,NOT_APPLICABLE_MODERN_CAPABILITY,0,543cc1c309345720a5551b13d783f565a0d069f3097d077eb9977d858f454f70,G3B_FOUNDATION,Governed events|dimensions|field policy|metric catalog,DWP_PLATFORM_HRIS_INSIGHTS,MODERN:hcm.operations.people-analytics,MODERN:hcm.operations.people-analytics,,/api/platform/v1/admin/hris/people-analytics/**|MODOP:modern.analytics.cohorts.query|MODOP:modern.analytics.export.create|MODOP:modern.analytics.metric.create|MODOP:modern.analytics.metric.publish|MODOP:modern.analytics.metric.retire|MODOP:modern.analytics.metric.validate|MODOP:modern.analytics.metrics.query|PeopleAnalyticsExportRequested.v2|PeopleMetricCreated.v2|PeopleMetricPublished.v2|PeopleMetricRetired.v2|PeopleMetricValidated.v2|modern.analytics.cohorts.query|modern.analytics.export.create|modern.analytics.metric.create|modern.analytics.metric.publish|modern.analytics.metric.retire|modern.analytics.metric.validate|modern.analytics.metrics.query,PeopleAnalyticsExportRequested.v2|PeopleMetricCreated.v2|PeopleMetricPublished.v2|PeopleMetricRetired.v2|PeopleMetricValidated.v2|modern.analytics.cohorts.query|modern.analytics.export.create|modern.analytics.metric.create|modern.analytics.metric.publish|modern.analytics.metric.retire|modern.analytics.metric.validate|modern.analytics.metrics.query,/api/platform/v1/admin/hris/people-analytics/**|MODOP:modern.analytics.cohorts.query|MODOP:modern.analytics.export.create|MODOP:modern.analytics.metric.create|MODOP:modern.analytics.metric.publish|MODOP:modern.analytics.metric.retire|MODOP:modern.analytics.metric.validate|MODOP:modern.analytics.metrics.query,,,,hcm.analytics.export|hcm.analytics.metric.manage|hcm.analytics.metric.view,CohortExportReceipt.v1|MetricDefinition.v1|MetricProjection.v1|modern-capability-event-payload-contracts.v1.json|modern-capability-exact-schema-contracts.v1.json,DEP-001|DEP-002|DEP-003|DEP-004|DEP-016,G3-SYS-BE-MIGRATION|G3-SYS-BE-SOURCE|G3-SYS-BE-TEST|G3-SYS-FE-SOURCE,MIG-SYS-PLATFORM-261-289,dwp-platform-server/src/main/resources/db/migration/V288__hris_platform_modern_people_analytics.sql,apps/dwp/src/features/hris/administration/people-analytics|apps/dwp/src/features/hris/administration/people-analytics/__tests__|contracts/asyncapi/hris/sys/people-analytics.v1.yaml|contracts/openapi/hris/sys/people-analytics.v1.yaml|dwp-platform-server/src/main/java/com/dwp/services/platform/hrisinsights/peopleanalytics|dwp-platform-server/src/test/java/com/dwp/services/platform/hrisinsights/peopleanalytics,Metric contract tests; temporal reconciliation; cohort threshold negatives; lineage and export audit,../session-evidence/sys/g4/modern/people-analytics/metric-contract-test.json|../session-evidence/sys/g4/modern/people-analytics/cohort-negative.json,DERIVED_NON_AUTHORITATIVE:python3 coding-readiness/validate_modern_capability_contracts.py --self-test --compact,G2-SYS-MODERN,modern-static-normal|modern-static-self-test,../session-evidence/sys/g4/slices/mod-sys-analytics/runbook.md,../session-evidence/sys/g4/slices/mod-sys-analytics/telemetry-evidence.json,../session-evidence/sys/g4/slices/mod-sys-analytics/migration-clean-upgrade-evidence.json,../session-evidence/sys/g4/slices/mod-sys-analytics/recovery-evidence.json,../session-evidence/sys/g4/slices/mod-sys-analytics/acceptance-evidence.json,DERIVED_NON_AUTHORITATIVE:./gradlew :dwp-platform-server:test --tests '*HrisPlatformG3SliceContractTest' -PhrisSlice=MOD-SYS-ANALYTICS|./gradlew :dwp-platform-server:test --tests '*HrisPlatformMigrationCleanUpgradeTest' -PhrisSlice=MOD-SYS-ANALYTICS|./gradlew :dwp-platform-server:test --tests '*HrisPlatformWorkerRecoveryTest' -PhrisSlice=MOD-SYS-ANALYTICS,G3CMD-SYS-BE,G3CMD-SYS-FE,apps/dwp/src/features/hris/administration/__tests__/g3-slices/mod-sys-analytics.slice.test.tsx,authorization-negative|feature-flag-event-forward-correction|idempotency-cas|migration-clean-upgrade-rls-backfill|runbook-rollback-forward-correction|telemetry-alert|tenant-isolation|worker-crash-replay,G3-CODE-GO-MOD-SYS-ANALYTICS,SEALED_G2_EXACT_CONTRACTS_AND_CENTRAL_ALLOCATION_PASS,OPEN_G3_CODE,NOT_STARTED_G3,NOT_AUTHORIZED_G6
MOD-SYS-LISTEN,MODERN_CAPABILITY,HRIS.MODERN.EMPLOYEE_LISTENING,SYS,HRIS-SYS,SYS,NOT_APPLICABLE_MODERN_CAPABILITY,0,4bb0d04fca34c1edbcbbd7e578a605290606b18977b56ffae27681483549f390,G3C_EXPERIENCE,Consent|anonymity threshold|analytics policy,platform-hris-configuration|platform-hris-listening-protected|platform-hris-insights|auth-hris-participation-issuer,MODERN:hcm.personal.listening|MODERN:hcm.settings.listening,MODERN:hcm.personal.listening|MODERN:hcm.settings.listening,,/api/platform/v1/admin/hris/listening/**|/api/platform/v1/hris/listening/**|EmployeeListeningActionCompleted.v3|EmployeeListeningActionCreated.v3|EmployeeListeningCohortProjectionPublished.v1|EmployeeListeningSurveyClosed.v3|EmployeeListeningSurveyCreated.v3|EmployeeListeningSurveyPublished.v3|IAQ-033|IAQ-065|ListeningAdmissionCloseReceipt.v1|ListeningAdmissionCloseRequested.v1|ListeningAdmissionInstallReceipt.v1|ListeningAdmissionInstallRequested.v1|ListeningCohortPackageReady.v1|ListeningCohortProjectionReceipt.v1|MODOP:modern.listening.action.complete|MODOP:modern.listening.action.create|MODOP:modern.listening.active.query|MODOP:modern.listening.cohorts.query|MODOP:modern.listening.response.submit|MODOP:modern.listening.survey.close|MODOP:modern.listening.survey.create|MODOP:modern.listening.survey.publish|modern.listening.action.complete|modern.listening.action.create|modern.listening.active.query|modern.listening.cohorts.query|modern.listening.response.submit|modern.listening.survey.close|modern.listening.survey.create|modern.listening.survey.publish,EmployeeListeningActionCompleted.v3|EmployeeListeningActionCreated.v3|EmployeeListeningCohortProjectionPublished.v1|EmployeeListeningSurveyClosed.v3|EmployeeListeningSurveyCreated.v3|EmployeeListeningSurveyPublished.v3|IAQ-033|IAQ-065|modern.listening.action.complete|modern.listening.action.create|modern.listening.active.query|modern.listening.cohorts.query|modern.listening.response.submit|modern.listening.survey.close|modern.listening.survey.create|modern.listening.survey.publish,/api/platform/v1/admin/hris/listening/**|/api/platform/v1/hris/listening/**|ListeningAdmissionCloseReceipt.v1|ListeningAdmissionCloseRequested.v1|ListeningAdmissionInstallReceipt.v1|ListeningAdmissionInstallRequested.v1|ListeningCohortPackageReady.v1|ListeningCohortProjectionReceipt.v1|MODOP:modern.listening.action.complete|MODOP:modern.listening.action.create|MODOP:modern.listening.active.query|MODOP:modern.listening.cohorts.query|MODOP:modern.listening.response.submit|MODOP:modern.listening.survey.close|MODOP:modern.listening.survey.create|MODOP:modern.listening.survey.publish,,,,hcm.listening.cohort.view|hcm.listening.manage|hcm.listening.respond,ListeningAdmissionVersion.v1|ListeningConfiguration.v2|ParticipationEnvelope.v1|PrivacySafeCohortProjection.v1|ProtectedListeningResponse.v1|dwp.hris.sys.listening.stream-authority-successor.v1|ia-entry-query-api-contract-register.csv|ia-entry-query-field-type-register.csv|ia-entry-query-projection-schemas.v1.json|ia-entry-query-runtime-invariant-register.csv|modern-capability-event-payload-contracts.v1.json|modern-capability-exact-schema-contracts.v1.json,DEP-001|DEP-002|DEP-003|DEP-004|DEP-016,G3-SYS-FE-SOURCE|G3-SYS-LISTEN-CONFIGURATION-BE-MIGRATION|G3-SYS-LISTEN-CONFIGURATION-BE-SOURCE|G3-SYS-LISTEN-CONFIGURATION-BE-TEST|G3-SYS-LISTEN-INSIGHTS-BE-MIGRATION|G3-SYS-LISTEN-INSIGHTS-BE-SOURCE|G3-SYS-LISTEN-INSIGHTS-BE-TEST|G3-SYS-LISTEN-ISSUER-BE-MIGRATION|G3-SYS-LISTEN-ISSUER-BE-SOURCE|G3-SYS-LISTEN-ISSUER-BE-TEST|G3-SYS-LISTEN-PROTECTED-BE-MIGRATION|G3-SYS-LISTEN-PROTECTED-BE-SOURCE|G3-SYS-LISTEN-PROTECTED-BE-TEST,MIG-SYS-AUTH-HRIS-PARTICIPATION-ISSUER-1-40|MIG-SYS-PLATFORM-HRIS-CONFIGURATION-1-40|MIG-SYS-PLATFORM-HRIS-INSIGHTS-1-40|MIG-SYS-PLATFORM-HRIS-LISTENING-PROTECTED-1-40,dwp-platform-server/src/main/resources/db/hris-configuration/migration/V1__hris_listening_configuration_foundation.sql|dwp-platform-server/src/main/resources/db/hris-listening-protected/migration/V1__hris_listening_protected_foundation.sql|dwp-platform-server/src/main/resources/db/hris-insights/migration/V1__hris_listening_insights_foundation.sql|dwp-auth-server/src/main/resources/db/hris-participation-issuer/migration/V1__hris_listening_participation_issuer_foundation.sql,apps/dwp/src/features/hris/administration/listening|apps/dwp/src/features/hris/administration/listening/__tests__|contracts/asyncapi/hris/sys/employee-listening.v2.yaml|contracts/openapi/hris/sys/employee-listening.v2.yaml|dwp-platform-server/src/main/java/com/dwp/services/platform/hrisconfiguration/listening|dwp-platform-server/src/main/java/com/dwp/services/platform/hrislisteningprotected|dwp-platform-server/src/main/java/com/dwp/services/platform/hrisinsights/listening|dwp-auth-server/src/main/java/com/dwp/services/auth/productaccess/listeningissuer|dwp-platform-server/src/test/java/com/dwp/services/platform/hrisconfiguration/listening|dwp-platform-server/src/test/java/com/dwp/services/platform/hrislisteningprotected|dwp-platform-server/src/test/java/com/dwp/services/platform/hrisinsights/listening|dwp-auth-server/src/test/java/com/dwp/services/auth/productaccess/listeningissuer,Anonymity threshold property tests; consent and retaliation-signal negatives; publish lifecycle tests,../session-evidence/sys/g4/modern/employee-listening/anonymity-property-test.json|../session-evidence/sys/g4/modern/employee-listening/retaliation-negative.json,DERIVED_NON_AUTHORITATIVE:python3 coding-readiness/validate_modern_capability_contracts.py --self-test --compact,G2-SYS-MODERN,modern-static-normal|modern-static-self-test,../session-evidence/sys/g4/slices/mod-sys-listen/runbook.md,../session-evidence/sys/g4/slices/mod-sys-listen/telemetry-evidence.json,../session-evidence/sys/g4/slices/mod-sys-listen/migration-clean-upgrade-evidence.json,../session-evidence/sys/g4/slices/mod-sys-listen/recovery-evidence.json,../session-evidence/sys/g4/slices/mod-sys-listen/acceptance-evidence.json,DERIVED_NON_AUTHORITATIVE:./gradlew :dwp-platform-server:test --tests '*HrisPlatformG3SliceContractTest' -PhrisSlice=MOD-SYS-LISTEN|./gradlew :dwp-platform-server:test --tests '*HrisPlatformMigrationCleanUpgradeTest' -PhrisSlice=MOD-SYS-LISTEN|./gradlew :dwp-platform-server:test --tests '*HrisPlatformWorkerRecoveryTest' -PhrisSlice=MOD-SYS-LISTEN,G3-SYS-LISTEN-CONFIGURATION-BE|G3-SYS-LISTEN-INSIGHTS-BE|G3-SYS-LISTEN-ISSUER-BE|G3-SYS-LISTEN-PROTECTED-BE,G3-SYS-LISTEN-FE,apps/dwp/src/features/hris/administration/listening/__tests__/mod-sys-listen.slice.test.tsx,authorization-negative|feature-flag-event-forward-correction|idempotency-cas|migration-clean-upgrade-rls-backfill|runbook-rollback-forward-correction|telemetry-alert|tenant-isolation|worker-crash-replay,G3-CODE-GO-MOD-SYS-LISTEN,SEALED_G2_EXACT_CONTRACTS_AND_CENTRAL_ALLOCATION_PASS,OPEN_G3_CODE,NOT_STARTED_G3,NOT_AUTHORIZED_G6
MOD-SYS-AI,MODERN_CAPABILITY,HRIS.MODERN.GOVERNED_AI,SYS,HRIS-SYS,SYS,NOT_APPLICABLE_MODERN_CAPABILITY,0,a0f429f657b6be0e677755c5a11e843c8873e04e62718f2cafe7921df009a93f,G3D_OPTIMIZATION,Trusted data|permission|purpose|provenance|evaluation,DWP_PLATFORM_HRIS_CONFIGURATION,MODERN:hcm.personal.assistant|MODERN:hcm.settings.ai-governance,MODERN:hcm.personal.assistant|MODERN:hcm.settings.ai-governance,,/api/platform/v1/admin/hris/ai-governance/**|/api/platform/v1/hris/ai-assistance/**|GovernedAiAssistanceProduced.v2|GovernedAiPolicyCreated.v2|GovernedAiPolicyEvaluationCompleted.v2|GovernedAiPolicyEvaluationRequested.v2|GovernedAiPolicyPublished.v2|GovernedAiPolicyRetired.v2|GovernedAiPolicySuspended.v2|IAQ-032|IAQ-066|MODOP:modern.ai.assist.create|MODOP:modern.ai.kill.switch|MODOP:modern.ai.policies.query|MODOP:modern.ai.policy.create|MODOP:modern.ai.policy.evaluate|MODOP:modern.ai.policy.publish|MODOP:modern.ai.policy.retire|modern.ai.assist.create|modern.ai.kill.switch|modern.ai.policies.query|modern.ai.policy.create|modern.ai.policy.evaluate|modern.ai.policy.publish|modern.ai.policy.retire,GovernedAiAssistanceProduced.v2|GovernedAiPolicyCreated.v2|GovernedAiPolicyEvaluationCompleted.v2|GovernedAiPolicyEvaluationRequested.v2|GovernedAiPolicyPublished.v2|GovernedAiPolicyRetired.v2|GovernedAiPolicySuspended.v2|IAQ-032|IAQ-066|modern.ai.assist.create|modern.ai.kill.switch|modern.ai.policies.query|modern.ai.policy.create|modern.ai.policy.evaluate|modern.ai.policy.publish|modern.ai.policy.retire,/api/platform/v1/admin/hris/ai-governance/**|/api/platform/v1/hris/ai-assistance/**|MODOP:modern.ai.assist.create|MODOP:modern.ai.kill.switch|MODOP:modern.ai.policies.query|MODOP:modern.ai.policy.create|MODOP:modern.ai.policy.evaluate|MODOP:modern.ai.policy.publish|MODOP:modern.ai.policy.retire,,,,hcm.ai.assist.use|hcm.ai.kill-switch.execute|hcm.ai.policy.manage,AiEvaluationThreshold.v1|AiProvenanceReceipt.v1|AiUsePolicy.v1|ia-entry-query-api-contract-register.csv|ia-entry-query-field-type-register.csv|ia-entry-query-projection-schemas.v1.json|ia-entry-query-runtime-invariant-register.csv|modern-capability-event-payload-contracts.v1.json|modern-capability-exact-schema-contracts.v1.json,DEP-001|DEP-002|DEP-003|DEP-016,G3-SYS-BE-MIGRATION|G3-SYS-BE-SOURCE|G3-SYS-BE-TEST|G3-SYS-FE-SOURCE,MIG-SYS-PLATFORM-261-289,dwp-platform-server/src/main/resources/db/migration/V289__hris_platform_modern_governed_ai.sql,apps/dwp/src/features/hris/administration/ai-governance|apps/dwp/src/features/hris/administration/ai-governance/__tests__|contracts/asyncapi/hris/sys/governed-ai.v1.yaml|contracts/openapi/hris/sys/governed-ai.v1.yaml|dwp-platform-server/src/main/java/com/dwp/services/platform/hrisconfiguration/aigovernance|dwp-platform-server/src/test/java/com/dwp/services/platform/hrisconfiguration/aigovernance,Policy and permission negatives; provenance tests; model evaluation thresholds; human override and kill-switch tests,../session-evidence/sys/g4/modern/governed-ai/policy-negative.json|../session-evidence/sys/g4/modern/governed-ai/evaluation-threshold.json,DERIVED_NON_AUTHORITATIVE:python3 coding-readiness/validate_modern_capability_contracts.py --self-test --compact,G2-SYS-MODERN,modern-static-normal|modern-static-self-test,../session-evidence/sys/g4/slices/mod-sys-ai/runbook.md,../session-evidence/sys/g4/slices/mod-sys-ai/telemetry-evidence.json,../session-evidence/sys/g4/slices/mod-sys-ai/migration-clean-upgrade-evidence.json,../session-evidence/sys/g4/slices/mod-sys-ai/recovery-evidence.json,../session-evidence/sys/g4/slices/mod-sys-ai/acceptance-evidence.json,DERIVED_NON_AUTHORITATIVE:./gradlew :dwp-platform-server:test --tests '*HrisPlatformG3SliceContractTest' -PhrisSlice=MOD-SYS-AI|./gradlew :dwp-platform-server:test --tests '*HrisPlatformMigrationCleanUpgradeTest' -PhrisSlice=MOD-SYS-AI|./gradlew :dwp-platform-server:test --tests '*HrisPlatformWorkerRecoveryTest' -PhrisSlice=MOD-SYS-AI,G3CMD-SYS-BE,G3CMD-SYS-FE,apps/dwp/src/features/hris/administration/__tests__/g3-slices/mod-sys-ai.slice.test.tsx,authorization-negative|feature-flag-event-forward-correction|idempotency-cas|migration-clean-upgrade-rls-backfill|runbook-rollback-forward-correction|telemetry-alert|tenant-isolation|worker-crash-replay,G3-CODE-GO-MOD-SYS-AI,SEALED_G2_EXACT_CONTRACTS_AND_CENTRAL_ALLOCATION_PASS,OPEN_G3_CODE,NOT_STARTED_G3,NOT_AUTHORIZED_G6
BASE-TFR-TIM-001,BASE_TARGET_FAMILY,TFR-TIM-001,TIM,HRIS-TIM,TIM,686c38b4cf1b62e446d68d6163c62aefa55eeee116746ff1c5634d46152a37f3,7,cc644e6b5b1652ed96ad5d5ea37dde0014c79bfcd9c62b44fa9a0cff0b365750,G3A_BASE_001,DEP-001|DEP-002|DEP-003|DEP-014|DEP-016,TIME_LEAVE,NON_UI_SUPPORTING_SLICE,,,EVT-TIM:ApprovalDecisionRecorded|PLAT-003,,EVT-TIM:ApprovalDecisionRecorded|PLAT-003,,,,../session-evidence/tim/g2-authorization.md,../session-evidence/tim/g2-physical-schema.sql|../session-evidence/tim/g2-runtime-controls.md|../session-evidence/tim/g2-api-event-contracts.json,DEP-001|DEP-002|DEP-003|DEP-014|DEP-016,G3-TIM-BE-MIGRATION|G3-TIM-BE-SOURCE|G3-TIM-BE-TEST|G3-TIM-FE-SOURCE,MIG-TIM-TIME-1-39,OWNER_ALLOCATED_IF_SCHEMA_TOUCH_WITHIN_UNRESERVED_VERSION,ALLOCATION_BOUNDARY_ONLY_UNTIL_TOUCH_MANIFEST,maker/checker/self-approval/stale-decision/tenant-negative tests,../session-evidence/tim/validate_readiness.py,DERIVED_NON_AUTHORITATIVE:python3 ../session-evidence/tim/validate_readiness.py,G2-TIM-BASE,tim-readiness,../session-evidence/tim/g4/slices/base-tfr-tim-001/runbook.md,../session-evidence/tim/g4/slices/base-tfr-tim-001/telemetry-evidence.json,../session-evidence/tim/g4/slices/base-tfr-tim-001/migration-clean-upgrade-evidence.json,../session-evidence/tim/g4/slices/base-tfr-tim-001/recovery-evidence.json,../session-evidence/tim/g4/slices/base-tfr-tim-001/acceptance-evidence.json,DERIVED_NON_AUTHORITATIVE:./gradlew :dwp-time-server:test --tests '*TimeG3SliceContractTest' -PhrisSlice=BASE-TFR-TIM-001|./gradlew :dwp-time-server:test --tests '*TimeMigrationCleanUpgradeTest' -PhrisSlice=BASE-TFR-TIM-001|./gradlew :dwp-time-server:test --tests '*TimeWorkerRecoveryTest' -PhrisSlice=BASE-TFR-TIM-001,G3CMD-TIM-BE,G3CMD-TIM-FE,apps/dwp/src/features/hris/time/__tests__/g3-slices/base-tfr-tim-001.slice.test.tsx,authorization-negative|feature-flag-event-forward-correction|idempotency-cas|migration-clean-upgrade-rls-backfill|runbook-rollback-forward-correction|telemetry-alert|tenant-isolation|worker-crash-replay,G3-CODE-GO-BASE-TFR-TIM-001,SEALED_G2_EXACT_CONTRACTS_AND_CENTRAL_ALLOCATION_PASS,OPEN_G3_CODE,NOT_STARTED_G3,NOT_AUTHORIZED_G6
BASE-TFR-TIM-002,BASE_TARGET_FAMILY,TFR-TIM-002,TIM,HRIS-TIM,TIM,e90acf4d7cdb3127484465b09d14fa566bf8f546ad29ccc28aa589ce71f353f6,1,ce979f4a0cac294f2ad09a20dc65a54ebcee82f750b5220d28c21756a05b8578,G3A_BASE_002,DEP-001|DEP-002|DEP-003|DEP-015|DEP-016,TIME_LEAVE,NON_UI_SUPPORTING_SLICE,,,PLAT-004,,PLAT-004,,,,../session-evidence/tim/g2-authorization.md,../session-evidence/tim/g2-physical-schema.sql|../session-evidence/tim/g2-runtime-controls.md|../session-evidence/tim/g2-api-event-contracts.json,DEP-001|DEP-002|DEP-003|DEP-015|DEP-016,G3-TIM-BE-MIGRATION|G3-TIM-BE-SOURCE|G3-TIM-BE-TEST|G3-TIM-FE-SOURCE,MIG-TIM-TIME-1-39,OWNER_ALLOCATED_IF_SCHEMA_TOUCH_WITHIN_UNRESERVED_VERSION,ALLOCATION_BOUNDARY_ONLY_UNTIL_TOUCH_MANIFEST,safe substitute contract; purpose/masking/delivery receipt tests,../session-evidence/tim/validate_readiness.py,DERIVED_NON_AUTHORITATIVE:python3 ../session-evidence/tim/validate_readiness.py,G2-TIM-BASE,tim-readiness,../session-evidence/tim/g4/slices/base-tfr-tim-002/runbook.md,../session-evidence/tim/g4/slices/base-tfr-tim-002/telemetry-evidence.json,../session-evidence/tim/g4/slices/base-tfr-tim-002/migration-clean-upgrade-evidence.json,../session-evidence/tim/g4/slices/base-tfr-tim-002/recovery-evidence.json,../session-evidence/tim/g4/slices/base-tfr-tim-002/acceptance-evidence.json,DERIVED_NON_AUTHORITATIVE:./gradlew :dwp-time-server:test --tests '*TimeG3SliceContractTest' -PhrisSlice=BASE-TFR-TIM-002|./gradlew :dwp-time-server:test --tests '*TimeMigrationCleanUpgradeTest' -PhrisSlice=BASE-TFR-TIM-002|./gradlew :dwp-time-server:test --tests '*TimeWorkerRecoveryTest' -PhrisSlice=BASE-TFR-TIM-002,G3CMD-TIM-BE,G3CMD-TIM-FE,apps/dwp/src/features/hris/time/__tests__/g3-slices/base-tfr-tim-002.slice.test.tsx,authorization-negative|feature-flag-event-forward-correction|idempotency-cas|migration-clean-upgrade-rls-backfill|runbook-rollback-forward-correction|telemetry-alert|tenant-isolation|worker-crash-replay,G3-CODE-GO-BASE-TFR-TIM-002,SEALED_G2_EXACT_CONTRACTS_AND_CENTRAL_ALLOCATION_PASS,OPEN_G3_CODE,NOT_STARTED_G3,NOT_AUTHORIZED_G6
BASE-TFR-TIM-003,BASE_TARGET_FAMILY,TFR-TIM-003,TIM,HRIS-TIM,TIM,3cb545db297f41345d7e91267e5dfb2ca69ee7b3203fb99e4a9772a2382fbcc0,14,a09d864e67fa2cbea86ed063b7f42916de7ea12559c32fd5644cf74a50e30c45,G3A_BASE_003,DEP-001|DEP-002|DEP-003|DEP-007|DEP-016,TIME_LEAVE,NON_UI_SUPPORTING_SLICE,,,EVT-TIM:EmploymentChanged.v1|XCON-004,,EVT-TIM:EmploymentChanged.v1,,XCON-004,,../session-evidence/tim/g2-authorization.md,../session-evidence/tim/g2-physical-schema.sql|../session-evidence/tim/g2-runtime-controls.md|../session-evidence/tim/g2-api-event-contracts.json,DEP-001|DEP-002|DEP-003|DEP-007|DEP-016,G3-TIM-BE-MIGRATION|G3-TIM-BE-SOURCE|G3-TIM-BE-TEST|G3-TIM-FE-SOURCE,MIG-TIM-TIME-1-39,OWNER_ALLOCATED_IF_SCHEMA_TOUCH_WITHIN_UNRESERVED_VERSION,ALLOCATION_BOUNDARY_ONLY_UNTIL_TOUCH_MANIFEST,cross-context contract; effective-date/order/replay/scope tests,../session-evidence/tim/validate_readiness.py,DERIVED_NON_AUTHORITATIVE:python3 ../session-evidence/tim/validate_readiness.py,G2-TIM-BASE,tim-readiness,../session-evidence/tim/g4/slices/base-tfr-tim-003/runbook.md,../session-evidence/tim/g4/slices/base-tfr-tim-003/telemetry-evidence.json,../session-evidence/tim/g4/slices/base-tfr-tim-003/migration-clean-upgrade-evidence.json,../session-evidence/tim/g4/slices/base-tfr-tim-003/recovery-evidence.json,../session-evidence/tim/g4/slices/base-tfr-tim-003/acceptance-evidence.json,DERIVED_NON_AUTHORITATIVE:./gradlew :dwp-time-server:test --tests '*TimeG3SliceContractTest' -PhrisSlice=BASE-TFR-TIM-003|./gradlew :dwp-time-server:test --tests '*TimeMigrationCleanUpgradeTest' -PhrisSlice=BASE-TFR-TIM-003|./gradlew :dwp-time-server:test --tests '*TimeWorkerRecoveryTest' -PhrisSlice=BASE-TFR-TIM-003,G3CMD-TIM-BE,G3CMD-TIM-FE,apps/dwp/src/features/hris/time/__tests__/g3-slices/base-tfr-tim-003.slice.test.tsx,authorization-negative|feature-flag-event-forward-correction|idempotency-cas|migration-clean-upgrade-rls-backfill|runbook-rollback-forward-correction|telemetry-alert|tenant-isolation|worker-crash-replay,G3-CODE-GO-BASE-TFR-TIM-003,SEALED_G2_EXACT_CONTRACTS_AND_CENTRAL_ALLOCATION_PASS,OPEN_G3_CODE,NOT_STARTED_G3,NOT_AUTHORIZED_G6
BASE-TFR-TIM-004,BASE_TARGET_FAMILY,TFR-TIM-004,TIM,HRIS-TIM,TIM,7bec2dd1d923fff59069e8b842f0ad7d23393eda506b5afe2f5443df741c65fa,5,e927c3ef7bbe8ad3b157193c4a607300edc8b7bb942acba4197252af79438632,G3A_BASE_004,DEP-001|DEP-002|DEP-003|DEP-004|DEP-005|DEP-016,TIME_LEAVE,NON_UI_SUPPORTING_SLICE,,,SYS-API-017|SYS-API-018|SYS-API-019|SYS-API-020,,SYS-API-017|SYS-API-018|SYS-API-019|SYS-API-020,,,,../session-evidence/tim/g2-authorization.md,../session-evidence/tim/g2-physical-schema.sql|../session-evidence/tim/g2-runtime-controls.md|../session-evidence/tim/g2-api-event-contracts.json,DEP-001|DEP-002|DEP-003|DEP-004|DEP-005|DEP-016,G3-TIM-BE-MIGRATION|G3-TIM-BE-SOURCE|G3-TIM-BE-TEST|G3-TIM-FE-SOURCE,MIG-TIM-TIME-1-39,OWNER_ALLOCATED_IF_SCHEMA_TOUCH_WITHIN_UNRESERVED_VERSION,ALLOCATION_BOUNDARY_ONLY_UNTIL_TOUCH_MANIFEST,job manifest contract; lease/idempotency/retry/DLQ tests,../session-evidence/tim/validate_readiness.py,DERIVED_NON_AUTHORITATIVE:python3 ../session-evidence/tim/validate_readiness.py,G2-TIM-BASE,tim-readiness,../session-evidence/tim/g4/slices/base-tfr-tim-004/runbook.md,../session-evidence/tim/g4/slices/base-tfr-tim-004/telemetry-evidence.json,../session-evidence/tim/g4/slices/base-tfr-tim-004/migration-clean-upgrade-evidence.json,../session-evidence/tim/g4/slices/base-tfr-tim-004/recovery-evidence.json,../session-evidence/tim/g4/slices/base-tfr-tim-004/acceptance-evidence.json,DERIVED_NON_AUTHORITATIVE:./gradlew :dwp-time-server:test --tests '*TimeG3SliceContractTest' -PhrisSlice=BASE-TFR-TIM-004|./gradlew :dwp-time-server:test --tests '*TimeMigrationCleanUpgradeTest' -PhrisSlice=BASE-TFR-TIM-004|./gradlew :dwp-time-server:test --tests '*TimeWorkerRecoveryTest' -PhrisSlice=BASE-TFR-TIM-004,G3CMD-TIM-BE,G3CMD-TIM-FE,apps/dwp/src/features/hris/time/__tests__/g3-slices/base-tfr-tim-004.slice.test.tsx,authorization-negative|feature-flag-event-forward-correction|idempotency-cas|migration-clean-upgrade-rls-backfill|runbook-rollback-forward-correction|telemetry-alert|tenant-isolation|worker-crash-replay,G3-CODE-GO-BASE-TFR-TIM-004,SEALED_G2_EXACT_CONTRACTS_AND_CENTRAL_ALLOCATION_PASS,OPEN_G3_CODE,NOT_STARTED_G3,NOT_AUTHORIZED_G6
BASE-TFR-TIM-005,BASE_TARGET_FAMILY,TFR-TIM-005,TIM,HRIS-TIM,TIM,e4b4c748ed7bf38cb0b5fa4ceb87a168cc943fb61de25862a97631fc46bdd70b,13,6bca754552eea8f90f8a74f74b82ceeb771540cfba97f2dbd5fb7a37a737e5b7,G3A_BASE_005,DEP-001|DEP-002|DEP-003|DEP-004|DEP-016,TIME_LEAVE,BASE:settings-leave|BASE:settings-time,BASE:settings-leave|BASE:settings-time,,EVT-TIM:PolicyPublished|IAQ-053|IAQ-054|PEP-TIM-002|PEP-TIM-003|PEP-TIM-004|PEP-TIM-005|PEP-TIM-006|PEP-TIM-015|PEP-TIM-016|SYS-API-011|SYS-API-012|SYS-API-013|SYS-API-014|SYS-API-015|SYS-API-016,IAQ-053|IAQ-054,EVT-TIM:PolicyPublished|PEP-TIM-002|PEP-TIM-003|PEP-TIM-004|PEP-TIM-005|PEP-TIM-006|PEP-TIM-015|PEP-TIM-016|SYS-API-011|SYS-API-012|SYS-API-013|SYS-API-014|SYS-API-015|SYS-API-016,,,,hcm.configuration.policy.publish|hcm.configuration.policy.update|hcm.configuration.workbench.view,../session-evidence/tim/g2-api-event-contracts.json|../session-evidence/tim/g2-physical-schema.sql|../session-evidence/tim/g2-runtime-controls.md|ia-entry-query-api-contract-register.csv|ia-entry-query-field-type-register.csv|ia-entry-query-projection-schemas.v1.json|ia-entry-query-runtime-invariant-register.csv,DEP-001|DEP-002|DEP-003|DEP-004|DEP-016,G3-TIM-BE-MIGRATION|G3-TIM-BE-SOURCE|G3-TIM-BE-TEST|G3-TIM-FE-SOURCE,MIG-TIM-TIME-1-39,OWNER_ALLOCATED_IF_SCHEMA_TOUCH_WITHIN_UNRESERVED_VERSION,ALLOCATION_BOUNDARY_ONLY_UNTIL_TOUCH_MANIFEST,schema/version/effective-date/publish/tenant-isolation tests,../session-evidence/tim/validate_readiness.py,DERIVED_NON_AUTHORITATIVE:python3 ../session-evidence/tim/validate_readiness.py,G2-TIM-BASE,tim-readiness,../session-evidence/tim/g4/slices/base-tfr-tim-005/runbook.md,../session-evidence/tim/g4/slices/base-tfr-tim-005/telemetry-evidence.json,../session-evidence/tim/g4/slices/base-tfr-tim-005/migration-clean-upgrade-evidence.json,../session-evidence/tim/g4/slices/base-tfr-tim-005/recovery-evidence.json,../session-evidence/tim/g4/slices/base-tfr-tim-005/acceptance-evidence.json,DERIVED_NON_AUTHORITATIVE:./gradlew :dwp-time-server:test --tests '*TimeG3SliceContractTest' -PhrisSlice=BASE-TFR-TIM-005|./gradlew :dwp-time-server:test --tests '*TimeMigrationCleanUpgradeTest' -PhrisSlice=BASE-TFR-TIM-005|./gradlew :dwp-time-server:test --tests '*TimeWorkerRecoveryTest' -PhrisSlice=BASE-TFR-TIM-005,G3CMD-TIM-BE,G3CMD-TIM-FE,apps/dwp/src/features/hris/time/__tests__/g3-slices/base-tfr-tim-005.slice.test.tsx,authorization-negative|feature-flag-event-forward-correction|idempotency-cas|migration-clean-upgrade-rls-backfill|runbook-rollback-forward-correction|telemetry-alert|tenant-isolation|worker-crash-replay,G3-CODE-GO-BASE-TFR-TIM-005,SEALED_G2_EXACT_CONTRACTS_AND_CENTRAL_ALLOCATION_PASS,OPEN_G3_CODE,NOT_STARTED_G3,NOT_AUTHORIZED_G6
BASE-TFR-TIM-006,BASE_TARGET_FAMILY,TFR-TIM-006,TIM,HRIS-TIM,TIM,7c11c39eddee9036c8c7a25ba713930d354791606f8393703bf5d48b6e885a83,6,56d4bf37e33ec7bced9b28602dae9c78c31a42574eaabe74cb8d5b3a20695cd8,G3A_BASE_006,DEP-001|DEP-002|DEP-003|DEP-006|DEP-016,TIME_LEAVE,BASE:time-clock-ingestion|BASE:time-exceptions,BASE:time-clock-ingestion|BASE:time-exceptions,,EVT-TIM:ClockEventRecorded|EVT-TIM:TimeInterpreted|EVT-TIM:TimecardDecisionRecorded|IAQ-034|IAQ-042|PEP-TIM-007|PEP-TIM-008|PEP-TIM-009|PEP-TIM-010|PEP-TIM-011|PEP-TIM-012|PEP-TIM-013|PEP-TIM-014|PEP-TIM-028|SYS-API-021|SYS-API-022|SYS-API-023|SYS-API-024|SYS-API-025,EVT-TIM:ClockEventRecorded|IAQ-034|IAQ-042|PEP-TIM-007|PEP-TIM-008,EVT-TIM:TimeInterpreted|EVT-TIM:TimecardDecisionRecorded|PEP-TIM-009|PEP-TIM-010|PEP-TIM-011|PEP-TIM-012|PEP-TIM-013|PEP-TIM-014|PEP-TIM-028|SYS-API-021|SYS-API-022|SYS-API-023|SYS-API-024|SYS-API-025,,,,hcm.operations.time.approve|hcm.operations.time.update|hcm.operations.time.view|hcm.personal.time.submit|hcm.team.time.approve,../session-evidence/tim/g2-api-event-contracts.json|../session-evidence/tim/g2-physical-schema.sql|../session-evidence/tim/g2-runtime-controls.md|ia-entry-query-api-contract-register.csv|ia-entry-query-field-type-register.csv|ia-entry-query-projection-schemas.v1.json|ia-entry-query-runtime-invariant-register.csv,DEP-001|DEP-002|DEP-003|DEP-006|DEP-016,G3-TIM-BE-MIGRATION|G3-TIM-BE-SOURCE|G3-TIM-BE-TEST|G3-TIM-FE-SOURCE,MIG-TIM-TIME-1-39,OWNER_ALLOCATED_IF_SCHEMA_TOUCH_WITHIN_UNRESERVED_VERSION,ALLOCATION_BOUNDARY_ONLY_UNTIL_TOUCH_MANIFEST,idempotency/order/offline/device provenance/immutable event tests,../session-evidence/tim/validate_readiness.py,DERIVED_NON_AUTHORITATIVE:python3 ../session-evidence/tim/validate_readiness.py,G2-TIM-BASE,tim-readiness,../session-evidence/tim/g4/slices/base-tfr-tim-006/runbook.md,../session-evidence/tim/g4/slices/base-tfr-tim-006/telemetry-evidence.json,../session-evidence/tim/g4/slices/base-tfr-tim-006/migration-clean-upgrade-evidence.json,../session-evidence/tim/g4/slices/base-tfr-tim-006/recovery-evidence.json,../session-evidence/tim/g4/slices/base-tfr-tim-006/acceptance-evidence.json,DERIVED_NON_AUTHORITATIVE:./gradlew :dwp-time-server:test --tests '*TimeG3SliceContractTest' -PhrisSlice=BASE-TFR-TIM-006|./gradlew :dwp-time-server:test --tests '*TimeMigrationCleanUpgradeTest' -PhrisSlice=BASE-TFR-TIM-006|./gradlew :dwp-time-server:test --tests '*TimeWorkerRecoveryTest' -PhrisSlice=BASE-TFR-TIM-006,G3CMD-TIM-BE,G3CMD-TIM-FE,apps/dwp/src/features/hris/time/__tests__/g3-slices/base-tfr-tim-006.slice.test.tsx,authorization-negative|feature-flag-event-forward-correction|idempotency-cas|migration-clean-upgrade-rls-backfill|runbook-rollback-forward-correction|telemetry-alert|tenant-isolation|worker-crash-replay,G3-CODE-GO-BASE-TFR-TIM-006,SEALED_G2_EXACT_CONTRACTS_AND_CENTRAL_ALLOCATION_PASS,OPEN_G3_CODE,NOT_STARTED_G3,NOT_AUTHORIZED_G6
BASE-TFR-TIM-007,BASE_TARGET_FAMILY,TFR-TIM-007,TIM,HRIS-TIM,TIM,cf3f686f4466ee193413c124dae40c0fe72270bae8de0355ef3f23ebb8f9835f,22,34a578af1375ac8babfb5e1f2de55e2e527a9539cce286bf5be49a31e4318efe,G3A_BASE_007,DEP-001|DEP-002|DEP-003|DEP-009|DEP-012|DEP-016,TIME_LEAVE,BASE:time-command-center|BASE:time-daily-close|BASE:time-monthly-close,BASE:time-command-center|BASE:time-daily-close|BASE:time-monthly-close,,EVT-TIM:HrisHomeContributionChanged.v1|EVT-TIM:PayrollTimeHandoffReady.v1|EVT-TIM:TimePeriodClosed.v1|EVT-TIM:TimePeriodReopened.v1|EVT-TIM:TimecardDecisionRecorded|IAQ-039|IAQ-043|IAQ-044|PEP-TIM-001|PEP-TIM-011|PEP-TIM-012|PEP-TIM-013|PEP-TIM-014|PEP-TIM-022|PEP-TIM-023|PEP-TIM-024|PEP-TIM-025|PEP-TIM-026|PEP-TIM-028|SVC-PEP-TIM-001|XCON-008|XCON-009|XCON-010|XCON-011,EVT-TIM:PayrollTimeHandoffReady.v1|EVT-TIM:TimePeriodClosed.v1|EVT-TIM:TimePeriodReopened.v1|IAQ-039|IAQ-043|IAQ-044|PEP-TIM-022|PEP-TIM-023|PEP-TIM-024|PEP-TIM-025|PEP-TIM-026|SVC-PEP-TIM-001|XCON-008|XCON-009|XCON-010|XCON-011,EVT-TIM:HrisHomeContributionChanged.v1|EVT-TIM:TimecardDecisionRecorded|PEP-TIM-001|PEP-TIM-011|PEP-TIM-012|PEP-TIM-013|PEP-TIM-014|PEP-TIM-028,XCON-008|XCON-009|XCON-010|XCON-011,,,hcm.operations.time.approve|hcm.operations.time.close|hcm.operations.time.reopen|hcm.operations.time.update|hcm.operations.time.view|hcm.personal.time.submit|hcm.team.time.approve,../session-evidence/tim/g2-api-event-contracts.json|../session-evidence/tim/g2-physical-schema.sql|../session-evidence/tim/g2-runtime-controls.md|ia-entry-query-api-contract-register.csv|ia-entry-query-field-type-register.csv|ia-entry-query-projection-schemas.v1.json|ia-entry-query-runtime-invariant-register.csv,DEP-001|DEP-002|DEP-003|DEP-009|DEP-016,G3-TIM-BE-MIGRATION|G3-TIM-BE-SOURCE|G3-TIM-BE-TEST|G3-TIM-FE-SOURCE,MIG-TIM-TIME-1-39,OWNER_ALLOCATED_IF_SCHEMA_TOUCH_WITHIN_UNRESERVED_VERSION,ALLOCATION_BOUNDARY_ONLY_UNTIL_TOUCH_MANIFEST,CAS/SoD/blocker snapshot/reopen/correction/digest/idempotency/result-unknown tests,../session-evidence/tim/validate_readiness.py,DERIVED_NON_AUTHORITATIVE:python3 ../session-evidence/tim/validate_readiness.py,G2-TIM-BASE,tim-readiness,../session-evidence/tim/g4/slices/base-tfr-tim-007/runbook.md,../session-evidence/tim/g4/slices/base-tfr-tim-007/telemetry-evidence.json,../session-evidence/tim/g4/slices/base-tfr-tim-007/migration-clean-upgrade-evidence.json,../session-evidence/tim/g4/slices/base-tfr-tim-007/recovery-evidence.json,../session-evidence/tim/g4/slices/base-tfr-tim-007/acceptance-evidence.json,DERIVED_NON_AUTHORITATIVE:./gradlew :dwp-time-server:test --tests '*TimeG3SliceContractTest' -PhrisSlice=BASE-TFR-TIM-007|./gradlew :dwp-time-server:test --tests '*TimeMigrationCleanUpgradeTest' -PhrisSlice=BASE-TFR-TIM-007|./gradlew :dwp-time-server:test --tests '*TimeWorkerRecoveryTest' -PhrisSlice=BASE-TFR-TIM-007,G3CMD-TIM-BE,G3CMD-TIM-FE,apps/dwp/src/features/hris/time/__tests__/g3-slices/base-tfr-tim-007.slice.test.tsx,authorization-negative|feature-flag-event-forward-correction|idempotency-cas|migration-clean-upgrade-rls-backfill|runbook-rollback-forward-correction|telemetry-alert|tenant-isolation|worker-crash-replay,G3-CODE-GO-BASE-TFR-TIM-007,SEALED_G2_EXACT_CONTRACTS_AND_CENTRAL_ALLOCATION_PASS,OPEN_G3_CODE,NOT_STARTED_G3,NOT_AUTHORIZED_G6
BASE-TFR-TIM-008,BASE_TARGET_FAMILY,TFR-TIM-008,TIM,HRIS-TIM,TIM,5e4c16cb6410a67ef7f39c253d63c836fdf42a26b4094937191347f64b96991e,7,38763c6a09c9820920e854a2bc87f53d1e38e2e3dbf37234c490f432146b1858,G3A_BASE_008,DEP-001|DEP-002|DEP-003|DEP-006|DEP-016,TIME_LEAVE,BASE:time-clock-ingestion,,BASE:time-clock-ingestion,EVT-TIM:ClockEventRecorded|PEP-TIM-007|PEP-TIM-008|SYS-API-021|SYS-API-022|SYS-API-023|SYS-API-024|SYS-API-025,,EVT-TIM:ClockEventRecorded|PEP-TIM-007|PEP-TIM-008|SYS-API-021|SYS-API-022|SYS-API-023|SYS-API-024|SYS-API-025,,,,hcm.operations.time.update|hcm.operations.time.view|hcm.personal.time.submit,../session-evidence/tim/g2-physical-schema.sql|../session-evidence/tim/g2-runtime-controls.md|../session-evidence/tim/g2-api-event-contracts.json,DEP-001|DEP-002|DEP-003|DEP-006|DEP-016,G3-TIM-BE-MIGRATION|G3-TIM-BE-SOURCE|G3-TIM-BE-TEST|G3-TIM-FE-SOURCE,MIG-TIM-TIME-1-39,OWNER_ALLOCATED_IF_SCHEMA_TOUCH_WITHIN_UNRESERVED_VERSION,ALLOCATION_BOUNDARY_ONLY_UNTIL_TOUCH_MANIFEST,adapter conformance; allowlist; duplicate/out-of-order; DLQ/reconciliation tests,../session-evidence/tim/validate_readiness.py,DERIVED_NON_AUTHORITATIVE:python3 ../session-evidence/tim/validate_readiness.py,G2-TIM-BASE,tim-readiness,../session-evidence/tim/g4/slices/base-tfr-tim-008/runbook.md,../session-evidence/tim/g4/slices/base-tfr-tim-008/telemetry-evidence.json,../session-evidence/tim/g4/slices/base-tfr-tim-008/migration-clean-upgrade-evidence.json,../session-evidence/tim/g4/slices/base-tfr-tim-008/recovery-evidence.json,../session-evidence/tim/g4/slices/base-tfr-tim-008/acceptance-evidence.json,DERIVED_NON_AUTHORITATIVE:./gradlew :dwp-time-server:test --tests '*TimeG3SliceContractTest' -PhrisSlice=BASE-TFR-TIM-008|./gradlew :dwp-time-server:test --tests '*TimeMigrationCleanUpgradeTest' -PhrisSlice=BASE-TFR-TIM-008|./gradlew :dwp-time-server:test --tests '*TimeWorkerRecoveryTest' -PhrisSlice=BASE-TFR-TIM-008,G3CMD-TIM-BE,G3CMD-TIM-FE,apps/dwp/src/features/hris/time/__tests__/g3-slices/base-tfr-tim-008.slice.test.tsx,authorization-negative|feature-flag-event-forward-correction|idempotency-cas|migration-clean-upgrade-rls-backfill|runbook-rollback-forward-correction|telemetry-alert|tenant-isolation|worker-crash-replay,G3-CODE-GO-BASE-TFR-TIM-008,SEALED_G2_EXACT_CONTRACTS_AND_CENTRAL_ALLOCATION_PASS,OPEN_G3_CODE,NOT_STARTED_G3,NOT_AUTHORIZED_G6
BASE-TFR-TIM-009,BASE_TARGET_FAMILY,TFR-TIM-009,TIM,HRIS-TIM,TIM,5fa07e50958c5edad9a7fdd5926dcf01afe61d9985610429b384555c944a2a2f,20,b2ebbb8cce70ffef5e29c6329f752cd36603773837baaa93484ba614cb27abd0,G3A_BASE_009,DEP-001|DEP-002|DEP-003|DEP-016,TIME_LEAVE,BASE:time-reports,BASE:time-reports,,IAQ-047|PEP-TIM-001|PEP-TIM-027,IAQ-047|PEP-TIM-027,PEP-TIM-001,,,,hcm.operations.time.export|hcm.operations.time.view,../session-evidence/tim/g2-api-event-contracts.json|../session-evidence/tim/g2-physical-schema.sql|../session-evidence/tim/g2-runtime-controls.md|ia-entry-query-api-contract-register.csv|ia-entry-query-field-type-register.csv|ia-entry-query-projection-schemas.v1.json|ia-entry-query-runtime-invariant-register.csv,DEP-001|DEP-002|DEP-003|DEP-016,G3-TIM-BE-MIGRATION|G3-TIM-BE-SOURCE|G3-TIM-BE-TEST|G3-TIM-FE-SOURCE,MIG-TIM-TIME-1-39,OWNER_ALLOCATED_IF_SCHEMA_TOUCH_WITHIN_UNRESERVED_VERSION,ALLOCATION_BOUNDARY_ONLY_UNTIL_TOUCH_MANIFEST,projection reconciliation; freshness; scope/field/export negative tests,../session-evidence/tim/validate_readiness.py,DERIVED_NON_AUTHORITATIVE:python3 ../session-evidence/tim/validate_readiness.py,G2-TIM-BASE,tim-readiness,../session-evidence/tim/g4/slices/base-tfr-tim-009/runbook.md,../session-evidence/tim/g4/slices/base-tfr-tim-009/telemetry-evidence.json,../session-evidence/tim/g4/slices/base-tfr-tim-009/migration-clean-upgrade-evidence.json,../session-evidence/tim/g4/slices/base-tfr-tim-009/recovery-evidence.json,../session-evidence/tim/g4/slices/base-tfr-tim-009/acceptance-evidence.json,DERIVED_NON_AUTHORITATIVE:./gradlew :dwp-time-server:test --tests '*TimeG3SliceContractTest' -PhrisSlice=BASE-TFR-TIM-009|./gradlew :dwp-time-server:test --tests '*TimeMigrationCleanUpgradeTest' -PhrisSlice=BASE-TFR-TIM-009|./gradlew :dwp-time-server:test --tests '*TimeWorkerRecoveryTest' -PhrisSlice=BASE-TFR-TIM-009,G3CMD-TIM-BE,G3CMD-TIM-FE,apps/dwp/src/features/hris/time/__tests__/g3-slices/base-tfr-tim-009.slice.test.tsx,authorization-negative|feature-flag-event-forward-correction|idempotency-cas|migration-clean-upgrade-rls-backfill|runbook-rollback-forward-correction|telemetry-alert|tenant-isolation|worker-crash-replay,G3-CODE-GO-BASE-TFR-TIM-009,SEALED_G2_EXACT_CONTRACTS_AND_CENTRAL_ALLOCATION_PASS,OPEN_G3_CODE,NOT_STARTED_G3,NOT_AUTHORIZED_G6
BASE-TFR-TIM-010,BASE_TARGET_FAMILY,TFR-TIM-010,TIM,HRIS-TIM,TIM,4a266ae738ed05a82fb9f8ba8bd6160c38b060c92508faac03b62369da1c39c8,26,7a2f082394f9684d87a36fb6841999e427ad8db25b5e79fd4ab8b0d73086ec56,G3A_BASE_010,DEP-001|DEP-002|DEP-003|DEP-016,TIME_LEAVE,BASE:time-exceptions|BASE:time-interpretation,BASE:time-interpretation,BASE:time-exceptions,EVT-TIM:ClockEventRecorded|EVT-TIM:TimeInterpreted|EVT-TIM:TimecardDecisionRecorded|IAQ-041|PEP-TIM-007|PEP-TIM-008|PEP-TIM-009|PEP-TIM-010|PEP-TIM-011|PEP-TIM-012|PEP-TIM-013|PEP-TIM-014|PEP-TIM-028,EVT-TIM:TimeInterpreted|IAQ-041|PEP-TIM-009|PEP-TIM-010,EVT-TIM:ClockEventRecorded|EVT-TIM:TimecardDecisionRecorded|PEP-TIM-007|PEP-TIM-008|PEP-TIM-011|PEP-TIM-012|PEP-TIM-013|PEP-TIM-014|PEP-TIM-028,,,,hcm.operations.time.approve|hcm.operations.time.update|hcm.operations.time.view|hcm.personal.time.submit|hcm.team.time.approve,../session-evidence/tim/g2-api-event-contracts.json|../session-evidence/tim/g2-physical-schema.sql|../session-evidence/tim/g2-runtime-controls.md|ia-entry-query-api-contract-register.csv|ia-entry-query-field-type-register.csv|ia-entry-query-projection-schemas.v1.json|ia-entry-query-runtime-invariant-register.csv,DEP-001|DEP-002|DEP-003|DEP-016,G3-TIM-BE-MIGRATION|G3-TIM-BE-SOURCE|G3-TIM-BE-TEST|G3-TIM-FE-SOURCE,MIG-TIM-TIME-1-39,OWNER_ALLOCATED_IF_SCHEMA_TOUCH_WITHIN_UNRESERVED_VERSION,ALLOCATION_BOUNDARY_ONLY_UNTIL_TOUCH_MANIFEST,golden minute totals; rule/input digest; replay/determinism/reversal tests,../session-evidence/tim/validate_readiness.py,DERIVED_NON_AUTHORITATIVE:python3 ../session-evidence/tim/validate_readiness.py,G2-TIM-BASE,tim-readiness,../session-evidence/tim/g4/slices/base-tfr-tim-010/runbook.md,../session-evidence/tim/g4/slices/base-tfr-tim-010/telemetry-evidence.json,../session-evidence/tim/g4/slices/base-tfr-tim-010/migration-clean-upgrade-evidence.json,../session-evidence/tim/g4/slices/base-tfr-tim-010/recovery-evidence.json,../session-evidence/tim/g4/slices/base-tfr-tim-010/acceptance-evidence.json,DERIVED_NON_AUTHORITATIVE:./gradlew :dwp-time-server:test --tests '*TimeG3SliceContractTest' -PhrisSlice=BASE-TFR-TIM-010|./gradlew :dwp-time-server:test --tests '*TimeMigrationCleanUpgradeTest' -PhrisSlice=BASE-TFR-TIM-010|./gradlew :dwp-time-server:test --tests '*TimeWorkerRecoveryTest' -PhrisSlice=BASE-TFR-TIM-010,G3CMD-TIM-BE,G3CMD-TIM-FE,apps/dwp/src/features/hris/time/__tests__/g3-slices/base-tfr-tim-010.slice.test.tsx,authorization-negative|feature-flag-event-forward-correction|idempotency-cas|migration-clean-upgrade-rls-backfill|runbook-rollback-forward-correction|telemetry-alert|tenant-isolation|worker-crash-replay,G3-CODE-GO-BASE-TFR-TIM-010,SEALED_G2_EXACT_CONTRACTS_AND_CENTRAL_ALLOCATION_PASS,OPEN_G3_CODE,NOT_STARTED_G3,NOT_AUTHORIZED_G6
BASE-TFR-TIM-011,BASE_TARGET_FAMILY,TFR-TIM-011,TIM,HRIS-TIM,TIM,657df30abca775267e5568ac1461be2f90dbbf221372438e52fcc56c72ded771,28,7742a7d27a0f77ceabec9953d19ce40f10f32189f3ca226cd9038e5a9d9034d2,G3A_BASE_011,DEP-001|DEP-002|DEP-003|DEP-004|DEP-016,TIME_LEAVE,NON_UI_SUPPORTING_SLICE,,,PEP-TIM-015|PEP-TIM-016|PEP-TIM-017|SYS-API-011|SYS-API-012|SYS-API-013|SYS-API-014|SYS-API-015|SYS-API-016,,PEP-TIM-015|PEP-TIM-016|PEP-TIM-017|SYS-API-011|SYS-API-012|SYS-API-013|SYS-API-014|SYS-API-015|SYS-API-016,,,,../session-evidence/tim/g2-authorization.md,../session-evidence/tim/g2-physical-schema.sql|../session-evidence/tim/g2-runtime-controls.md|../session-evidence/tim/g2-api-event-contracts.json,DEP-001|DEP-002|DEP-003|DEP-004|DEP-016,G3-TIM-BE-MIGRATION|G3-TIM-BE-SOURCE|G3-TIM-BE-TEST|G3-TIM-FE-SOURCE,MIG-TIM-TIME-1-39,OWNER_ALLOCATED_IF_SCHEMA_TOUCH_WITHIN_UNRESERVED_VERSION,ALLOCATION_BOUNDARY_ONLY_UNTIL_TOUCH_MANIFEST,pack schema tests now; official effective-law golden evidence required only for activation,../session-evidence/tim/validate_readiness.py,DERIVED_NON_AUTHORITATIVE:python3 ../session-evidence/tim/validate_readiness.py,G2-TIM-BASE,tim-readiness,../session-evidence/tim/g4/slices/base-tfr-tim-011/runbook.md,../session-evidence/tim/g4/slices/base-tfr-tim-011/telemetry-evidence.json,../session-evidence/tim/g4/slices/base-tfr-tim-011/migration-clean-upgrade-evidence.json,../session-evidence/tim/g4/slices/base-tfr-tim-011/recovery-evidence.json,../session-evidence/tim/g4/slices/base-tfr-tim-011/acceptance-evidence.json,DERIVED_NON_AUTHORITATIVE:./gradlew :dwp-time-server:test --tests '*TimeG3SliceContractTest' -PhrisSlice=BASE-TFR-TIM-011|./gradlew :dwp-time-server:test --tests '*TimeMigrationCleanUpgradeTest' -PhrisSlice=BASE-TFR-TIM-011|./gradlew :dwp-time-server:test --tests '*TimeWorkerRecoveryTest' -PhrisSlice=BASE-TFR-TIM-011,G3CMD-TIM-BE,G3CMD-TIM-FE,apps/dwp/src/features/hris/time/__tests__/g3-slices/base-tfr-tim-011.slice.test.tsx,authorization-negative|feature-flag-event-forward-correction|idempotency-cas|migration-clean-upgrade-rls-backfill|runbook-rollback-forward-correction|telemetry-alert|tenant-isolation|worker-crash-replay,G3-CODE-GO-BASE-TFR-TIM-011,SEALED_G2_EXACT_CONTRACTS_AND_CENTRAL_ALLOCATION_PASS,OPEN_G3_CODE,NOT_STARTED_G3,NOT_AUTHORIZED_G6
BASE-TFR-TIM-012,BASE_TARGET_FAMILY,TFR-TIM-012,TIM,HRIS-TIM,TIM,d50dc38ea7a0302fbc78334e28f98230522497e85ed032c0ba7348893b97c76d,32,8d443f5187fc3a8fcf9aa10f72f7cb94e21d6f218eeebd75cbf9459e6b7767b4,G3A_BASE_012,DEP-001|DEP-002|DEP-003|DEP-016,TIME_LEAVE,BASE:my-leave|BASE:team-leave|BASE:time-accrual-expiration|BASE:time-leave-operations,BASE:my-leave|BASE:team-leave|BASE:time-accrual-expiration|BASE:time-leave-operations,,EVT-TIM:LeaveDecisionRecorded|EVT-TIM:LeaveLedgerPosted|IAQ-037|IAQ-045|IAQ-046|PEP-TIM-015|PEP-TIM-016|PEP-TIM-017|PEP-TIM-018|PEP-TIM-019|PEP-TIM-020|PEP-TIM-021,EVT-TIM:LeaveLedgerPosted|IAQ-037|IAQ-045|IAQ-046|PEP-TIM-017|PEP-TIM-018,EVT-TIM:LeaveDecisionRecorded|PEP-TIM-015|PEP-TIM-016|PEP-TIM-019|PEP-TIM-020|PEP-TIM-021,,,,hcm.operations.leave.approve|hcm.operations.leave.update|hcm.operations.time.view|hcm.personal.leave.request|hcm.personal.leave.view|hcm.team.leave.approve|hcm.team.workbench.view,../session-evidence/tim/g2-api-event-contracts.json|../session-evidence/tim/g2-physical-schema.sql|../session-evidence/tim/g2-runtime-controls.md|ia-entry-query-api-contract-register.csv|ia-entry-query-field-type-register.csv|ia-entry-query-projection-schemas.v1.json|ia-entry-query-runtime-invariant-register.csv,DEP-001|DEP-002|DEP-003|DEP-016,G3-TIM-BE-MIGRATION|G3-TIM-BE-SOURCE|G3-TIM-BE-TEST|G3-TIM-FE-SOURCE,MIG-TIM-TIME-1-39,OWNER_ALLOCATED_IF_SCHEMA_TOUCH_WITHIN_UNRESERVED_VERSION,ALLOCATION_BOUNDARY_ONLY_UNTIL_TOUCH_MANIFEST,ledger replay/projection parity/concurrency/idempotency tests,../session-evidence/tim/validate_readiness.py,DERIVED_NON_AUTHORITATIVE:python3 ../session-evidence/tim/validate_readiness.py,G2-TIM-BASE,tim-readiness,../session-evidence/tim/g4/slices/base-tfr-tim-012/runbook.md,../session-evidence/tim/g4/slices/base-tfr-tim-012/telemetry-evidence.json,../session-evidence/tim/g4/slices/base-tfr-tim-012/migration-clean-upgrade-evidence.json,../session-evidence/tim/g4/slices/base-tfr-tim-012/recovery-evidence.json,../session-evidence/tim/g4/slices/base-tfr-tim-012/acceptance-evidence.json,DERIVED_NON_AUTHORITATIVE:./gradlew :dwp-time-server:test --tests '*TimeG3SliceContractTest' -PhrisSlice=BASE-TFR-TIM-012|./gradlew :dwp-time-server:test --tests '*TimeMigrationCleanUpgradeTest' -PhrisSlice=BASE-TFR-TIM-012|./gradlew :dwp-time-server:test --tests '*TimeWorkerRecoveryTest' -PhrisSlice=BASE-TFR-TIM-012,G3CMD-TIM-BE,G3CMD-TIM-FE,apps/dwp/src/features/hris/time/__tests__/g3-slices/base-tfr-tim-012.slice.test.tsx,authorization-negative|feature-flag-event-forward-correction|idempotency-cas|migration-clean-upgrade-rls-backfill|runbook-rollback-forward-correction|telemetry-alert|tenant-isolation|worker-crash-replay,G3-CODE-GO-BASE-TFR-TIM-012,SEALED_G2_EXACT_CONTRACTS_AND_CENTRAL_ALLOCATION_PASS,OPEN_G3_CODE,NOT_STARTED_G3,NOT_AUTHORIZED_G6
BASE-TFR-TIM-013,BASE_TARGET_FAMILY,TFR-TIM-013,TIM,HRIS-TIM,TIM,3a3baf8b1fe7abbcae64b0d3831a98b0ee6d3a8b9003fb859b51f92182a81f23,29,f54c9b32ef585d0887ac11ba4ccc9af5b8e0fa8b39af80594a7ac0e530de45e4,G3A_BASE_013,DEP-001|DEP-002|DEP-003|DEP-004|DEP-016,TIME_LEAVE,BASE:settings-leave|BASE:time-accrual-expiration,,BASE:settings-leave|BASE:time-accrual-expiration,EVT-TIM:LeaveLedgerPosted|EVT-TIM:PolicyPublished|PEP-TIM-015|PEP-TIM-016|PEP-TIM-017|PEP-TIM-018|SYS-API-011|SYS-API-012|SYS-API-013|SYS-API-014|SYS-API-015|SYS-API-016,PEP-TIM-015|PEP-TIM-016,EVT-TIM:LeaveLedgerPosted|EVT-TIM:PolicyPublished|PEP-TIM-017|PEP-TIM-018|SYS-API-011|SYS-API-012|SYS-API-013|SYS-API-014|SYS-API-015|SYS-API-016,,,,hcm.configuration.policy.publish|hcm.configuration.policy.update|hcm.configuration.workbench.view|hcm.operations.leave.update|hcm.operations.time.view,../session-evidence/tim/g2-physical-schema.sql|../session-evidence/tim/g2-runtime-controls.md|../session-evidence/tim/g2-api-event-contracts.json,DEP-001|DEP-002|DEP-003|DEP-004|DEP-016,G3-TIM-BE-MIGRATION|G3-TIM-BE-SOURCE|G3-TIM-BE-TEST|G3-TIM-FE-SOURCE,MIG-TIM-TIME-1-39,OWNER_ALLOCATED_IF_SCHEMA_TOUCH_WITHIN_UNRESERVED_VERSION,ALLOCATION_BOUNDARY_ONLY_UNTIL_TOUCH_MANIFEST,eligibility/accrual/expire/carryover simulation and publish tests,../session-evidence/tim/validate_readiness.py,DERIVED_NON_AUTHORITATIVE:python3 ../session-evidence/tim/validate_readiness.py,G2-TIM-BASE,tim-readiness,../session-evidence/tim/g4/slices/base-tfr-tim-013/runbook.md,../session-evidence/tim/g4/slices/base-tfr-tim-013/telemetry-evidence.json,../session-evidence/tim/g4/slices/base-tfr-tim-013/migration-clean-upgrade-evidence.json,../session-evidence/tim/g4/slices/base-tfr-tim-013/recovery-evidence.json,../session-evidence/tim/g4/slices/base-tfr-tim-013/acceptance-evidence.json,DERIVED_NON_AUTHORITATIVE:./gradlew :dwp-time-server:test --tests '*TimeG3SliceContractTest' -PhrisSlice=BASE-TFR-TIM-013|./gradlew :dwp-time-server:test --tests '*TimeMigrationCleanUpgradeTest' -PhrisSlice=BASE-TFR-TIM-013|./gradlew :dwp-time-server:test --tests '*TimeWorkerRecoveryTest' -PhrisSlice=BASE-TFR-TIM-013,G3CMD-TIM-BE,G3CMD-TIM-FE,apps/dwp/src/features/hris/time/__tests__/g3-slices/base-tfr-tim-013.slice.test.tsx,authorization-negative|feature-flag-event-forward-correction|idempotency-cas|migration-clean-upgrade-rls-backfill|runbook-rollback-forward-correction|telemetry-alert|tenant-isolation|worker-crash-replay,G3-CODE-GO-BASE-TFR-TIM-013,SEALED_G2_EXACT_CONTRACTS_AND_CENTRAL_ALLOCATION_PASS,OPEN_G3_CODE,NOT_STARTED_G3,NOT_AUTHORIZED_G6
BASE-TFR-TIM-014,BASE_TARGET_FAMILY,TFR-TIM-014,TIM,HRIS-TIM,TIM,4d8bd915cd5745868e22b293607bd4dfedf1b6cbffe03b20597bda091841bb0a,77,a1cad531bcb51a11908502323a2f4ace648c8220c2580a5f086e3e8a0e3d5e88,G3A_BASE_014,DEP-001|DEP-002|DEP-003|DEP-016,TIME_LEAVE,BASE:my-leave|BASE:team-leave|BASE:time-leave-operations,,BASE:my-leave|BASE:team-leave|BASE:time-leave-operations,EVT-TIM:LeaveDecisionRecorded|EVT-TIM:LeaveLedgerPosted|PEP-TIM-017|PEP-TIM-018|PEP-TIM-019|PEP-TIM-020|PEP-TIM-021,EVT-TIM:LeaveDecisionRecorded|PEP-TIM-019|PEP-TIM-020|PEP-TIM-021,EVT-TIM:LeaveLedgerPosted|PEP-TIM-017|PEP-TIM-018,,,,hcm.operations.leave.approve|hcm.operations.leave.update|hcm.operations.time.view|hcm.personal.leave.request|hcm.personal.leave.view|hcm.team.leave.approve|hcm.team.workbench.view,../session-evidence/tim/g2-physical-schema.sql|../session-evidence/tim/g2-runtime-controls.md|../session-evidence/tim/g2-api-event-contracts.json,DEP-001|DEP-002|DEP-003|DEP-016,G3-TIM-BE-MIGRATION|G3-TIM-BE-SOURCE|G3-TIM-BE-TEST|G3-TIM-FE-SOURCE,MIG-TIM-TIME-1-39,OWNER_ALLOCATED_IF_SCHEMA_TOUCH_WITHIN_UNRESERVED_VERSION,ALLOCATION_BOUNDARY_ONLY_UNTIL_TOUCH_MANIFEST,eligibility/balance/schedule overlap/approval/cancel/privacy tests,../session-evidence/tim/validate_readiness.py,DERIVED_NON_AUTHORITATIVE:python3 ../session-evidence/tim/validate_readiness.py,G2-TIM-BASE,tim-readiness,../session-evidence/tim/g4/slices/base-tfr-tim-014/runbook.md,../session-evidence/tim/g4/slices/base-tfr-tim-014/telemetry-evidence.json,../session-evidence/tim/g4/slices/base-tfr-tim-014/migration-clean-upgrade-evidence.json,../session-evidence/tim/g4/slices/base-tfr-tim-014/recovery-evidence.json,../session-evidence/tim/g4/slices/base-tfr-tim-014/acceptance-evidence.json,DERIVED_NON_AUTHORITATIVE:./gradlew :dwp-time-server:test --tests '*TimeG3SliceContractTest' -PhrisSlice=BASE-TFR-TIM-014|./gradlew :dwp-time-server:test --tests '*TimeMigrationCleanUpgradeTest' -PhrisSlice=BASE-TFR-TIM-014|./gradlew :dwp-time-server:test --tests '*TimeWorkerRecoveryTest' -PhrisSlice=BASE-TFR-TIM-014,G3CMD-TIM-BE,G3CMD-TIM-FE,apps/dwp/src/features/hris/time/__tests__/g3-slices/base-tfr-tim-014.slice.test.tsx,authorization-negative|feature-flag-event-forward-correction|idempotency-cas|migration-clean-upgrade-rls-backfill|runbook-rollback-forward-correction|telemetry-alert|tenant-isolation|worker-crash-replay,G3-CODE-GO-BASE-TFR-TIM-014,SEALED_G2_EXACT_CONTRACTS_AND_CENTRAL_ALLOCATION_PASS,OPEN_G3_CODE,NOT_STARTED_G3,NOT_AUTHORIZED_G6
BASE-TFR-TIM-015,BASE_TARGET_FAMILY,TFR-TIM-015,TIM,HRIS-TIM,TIM,8bad9cbd36f4f6987905555127703319f9b4e8d2de71b344a8aaf726b84ea8ca,82,a6f29bb2222617a45ac2142855c2d632035a137d14ae35791eb905b2eba492b7,G3A_BASE_015,DEP-001|DEP-002|DEP-003|DEP-014|DEP-016,TIME_LEAVE,NON_UI_SUPPORTING_SLICE,,,PEP-TIM-011|PEP-TIM-012|PEP-TIM-013|PEP-TIM-014|PLAT-003,,PEP-TIM-011|PEP-TIM-012|PEP-TIM-013|PEP-TIM-014|PLAT-003,,,,../session-evidence/tim/g2-authorization.md,../session-evidence/tim/g2-physical-schema.sql|../session-evidence/tim/g2-runtime-controls.md|../session-evidence/tim/g2-api-event-contracts.json,DEP-001|DEP-002|DEP-003|DEP-014|DEP-016,G3-TIM-BE-MIGRATION|G3-TIM-BE-SOURCE|G3-TIM-BE-TEST|G3-TIM-FE-SOURCE,MIG-TIM-TIME-1-39,OWNER_ALLOCATED_IF_SCHEMA_TOUCH_WITHIN_UNRESERVED_VERSION,ALLOCATION_BOUNDARY_ONLY_UNTIL_TOUCH_MANIFEST,limit/eligibility/overlap/approval/cancel/correction golden tests,../session-evidence/tim/validate_readiness.py,DERIVED_NON_AUTHORITATIVE:python3 ../session-evidence/tim/validate_readiness.py,G2-TIM-BASE,tim-readiness,../session-evidence/tim/g4/slices/base-tfr-tim-015/runbook.md,../session-evidence/tim/g4/slices/base-tfr-tim-015/telemetry-evidence.json,../session-evidence/tim/g4/slices/base-tfr-tim-015/migration-clean-upgrade-evidence.json,../session-evidence/tim/g4/slices/base-tfr-tim-015/recovery-evidence.json,../session-evidence/tim/g4/slices/base-tfr-tim-015/acceptance-evidence.json,DERIVED_NON_AUTHORITATIVE:./gradlew :dwp-time-server:test --tests '*TimeG3SliceContractTest' -PhrisSlice=BASE-TFR-TIM-015|./gradlew :dwp-time-server:test --tests '*TimeMigrationCleanUpgradeTest' -PhrisSlice=BASE-TFR-TIM-015|./gradlew :dwp-time-server:test --tests '*TimeWorkerRecoveryTest' -PhrisSlice=BASE-TFR-TIM-015,G3CMD-TIM-BE,G3CMD-TIM-FE,apps/dwp/src/features/hris/time/__tests__/g3-slices/base-tfr-tim-015.slice.test.tsx,authorization-negative|feature-flag-event-forward-correction|idempotency-cas|migration-clean-upgrade-rls-backfill|runbook-rollback-forward-correction|telemetry-alert|tenant-isolation|worker-crash-replay,G3-CODE-GO-BASE-TFR-TIM-015,SEALED_G2_EXACT_CONTRACTS_AND_CENTRAL_ALLOCATION_PASS,OPEN_G3_CODE,NOT_STARTED_G3,NOT_AUTHORIZED_G6
BASE-TFR-TIM-016,BASE_TARGET_FAMILY,TFR-TIM-016,TIM,HRIS-TIM,TIM,4e6c6b686b9054a8f650bfb6aaa1e034eb441657b25339e33eb76a3ea13d2e73,129,092b42d3395a98c581032dcc0ec323d15c4988c23bbfc0e8ec5216bfc5937d96,G3A_BASE_016,DEP-001|DEP-002|DEP-003|DEP-004|DEP-016,TIME_LEAVE,BASE:settings-time|BASE:team-time|BASE:time-work-plans,BASE:team-time|BASE:time-work-plans,BASE:settings-time,EVT-TIM:PolicyPublished|EVT-TIM:TimecardDecisionRecorded|IAQ-036|IAQ-040|PEP-TIM-002|PEP-TIM-003|PEP-TIM-004|PEP-TIM-005|PEP-TIM-006|PEP-TIM-011|PEP-TIM-012|PEP-TIM-013|PEP-TIM-014|PEP-TIM-028|SYS-API-011|SYS-API-012|SYS-API-013|SYS-API-014|SYS-API-015|SYS-API-016,IAQ-036|IAQ-040|PEP-TIM-002|PEP-TIM-003|PEP-TIM-004|PEP-TIM-005|PEP-TIM-006,EVT-TIM:PolicyPublished|EVT-TIM:TimecardDecisionRecorded|PEP-TIM-011|PEP-TIM-012|PEP-TIM-013|PEP-TIM-014|PEP-TIM-028|SYS-API-011|SYS-API-012|SYS-API-013|SYS-API-014|SYS-API-015|SYS-API-016,,,,hcm.configuration.policy.publish|hcm.configuration.policy.update|hcm.configuration.workbench.view|hcm.operations.time.approve|hcm.operations.time.update|hcm.operations.time.view|hcm.team.time.approve|hcm.team.workbench.view,../session-evidence/tim/g2-api-event-contracts.json|../session-evidence/tim/g2-physical-schema.sql|../session-evidence/tim/g2-runtime-controls.md|ia-entry-query-api-contract-register.csv|ia-entry-query-field-type-register.csv|ia-entry-query-projection-schemas.v1.json|ia-entry-query-runtime-invariant-register.csv,DEP-001|DEP-002|DEP-003|DEP-004|DEP-016,G3-TIM-BE-MIGRATION|G3-TIM-BE-SOURCE|G3-TIM-BE-TEST|G3-TIM-FE-SOURCE,MIG-TIM-TIME-1-39,OWNER_ALLOCATED_IF_SCHEMA_TOUCH_WITHIN_UNRESERVED_VERSION,ALLOCATION_BOUNDARY_ONLY_UNTIL_TOUCH_MANIFEST,effective-date overlap; timezone/DST/overnight; publish/simulation tests,../session-evidence/tim/validate_readiness.py,DERIVED_NON_AUTHORITATIVE:python3 ../session-evidence/tim/validate_readiness.py,G2-TIM-BASE,tim-readiness,../session-evidence/tim/g4/slices/base-tfr-tim-016/runbook.md,../session-evidence/tim/g4/slices/base-tfr-tim-016/telemetry-evidence.json,../session-evidence/tim/g4/slices/base-tfr-tim-016/migration-clean-upgrade-evidence.json,../session-evidence/tim/g4/slices/base-tfr-tim-016/recovery-evidence.json,../session-evidence/tim/g4/slices/base-tfr-tim-016/acceptance-evidence.json,DERIVED_NON_AUTHORITATIVE:./gradlew :dwp-time-server:test --tests '*TimeG3SliceContractTest' -PhrisSlice=BASE-TFR-TIM-016|./gradlew :dwp-time-server:test --tests '*TimeMigrationCleanUpgradeTest' -PhrisSlice=BASE-TFR-TIM-016|./gradlew :dwp-time-server:test --tests '*TimeWorkerRecoveryTest' -PhrisSlice=BASE-TFR-TIM-016,G3CMD-TIM-BE,G3CMD-TIM-FE,apps/dwp/src/features/hris/time/__tests__/g3-slices/base-tfr-tim-016.slice.test.tsx,authorization-negative|feature-flag-event-forward-correction|idempotency-cas|migration-clean-upgrade-rls-backfill|runbook-rollback-forward-correction|telemetry-alert|tenant-isolation|worker-crash-replay,G3-CODE-GO-BASE-TFR-TIM-016,SEALED_G2_EXACT_CONTRACTS_AND_CENTRAL_ALLOCATION_PASS,OPEN_G3_CODE,NOT_STARTED_G3,NOT_AUTHORIZED_G6
BASE-TFR-TIM-017,BASE_TARGET_FAMILY,TFR-TIM-017,TIM,HRIS-TIM,TIM,7851b0dca7f57684b0088506a23c37cd41417f0c3aaad4debce9499cd66673c0,42,a7b1260e276c63123ff30c39feed7eda5a2ffda854523d055fbbcfc49fbb95a4,G3A_BASE_017,DEP-001|DEP-002|DEP-003|DEP-009|DEP-012|DEP-016,TIME_LEAVE,BASE:my-time|BASE:team-time|BASE:time-command-center|BASE:time-exceptions,BASE:my-time,BASE:team-time|BASE:time-command-center|BASE:time-exceptions,EVT-TIM:ClockEventRecorded|EVT-TIM:HrisHomeContributionChanged.v1|EVT-TIM:PayrollTimeHandoffReady.v1|EVT-TIM:TimeInterpreted|EVT-TIM:TimePeriodClosed.v1|EVT-TIM:TimePeriodReopened.v1|EVT-TIM:TimecardDecisionRecorded|PEP-TIM-001|PEP-TIM-002|PEP-TIM-003|PEP-TIM-004|PEP-TIM-005|PEP-TIM-006|PEP-TIM-007|PEP-TIM-008|PEP-TIM-009|PEP-TIM-010|PEP-TIM-011|PEP-TIM-012|PEP-TIM-013|PEP-TIM-014|PEP-TIM-022|PEP-TIM-023|PEP-TIM-024|PEP-TIM-025|PEP-TIM-026|PEP-TIM-028,EVT-TIM:TimecardDecisionRecorded|PEP-TIM-011|PEP-TIM-012|PEP-TIM-013|PEP-TIM-014|PEP-TIM-028,EVT-TIM:ClockEventRecorded|EVT-TIM:HrisHomeContributionChanged.v1|EVT-TIM:PayrollTimeHandoffReady.v1|EVT-TIM:TimeInterpreted|EVT-TIM:TimePeriodClosed.v1|EVT-TIM:TimePeriodReopened.v1|PEP-TIM-001|PEP-TIM-002|PEP-TIM-003|PEP-TIM-004|PEP-TIM-005|PEP-TIM-006|PEP-TIM-007|PEP-TIM-008|PEP-TIM-009|PEP-TIM-010|PEP-TIM-022|PEP-TIM-023|PEP-TIM-024|PEP-TIM-025|PEP-TIM-026,,,,hcm.operations.time.approve|hcm.operations.time.close|hcm.operations.time.reopen|hcm.operations.time.update|hcm.operations.time.view|hcm.personal.time.submit|hcm.personal.time.view|hcm.team.time.approve|hcm.team.workbench.view,../session-evidence/tim/g2-physical-schema.sql|../session-evidence/tim/g2-runtime-controls.md|../session-evidence/tim/g2-api-event-contracts.json,DEP-001|DEP-002|DEP-003|DEP-016,G3-TIM-BE-MIGRATION|G3-TIM-BE-SOURCE|G3-TIM-BE-TEST|G3-TIM-FE-SOURCE,MIG-TIM-TIME-1-39,OWNER_ALLOCATED_IF_SCHEMA_TOUCH_WITHIN_UNRESERVED_VERSION,ALLOCATION_BOUNDARY_ONLY_UNTIL_TOUCH_MANIFEST,state/CAS/self-approval/scope/closed-period negative tests,../session-evidence/tim/validate_readiness.py,DERIVED_NON_AUTHORITATIVE:python3 ../session-evidence/tim/validate_readiness.py,G2-TIM-BASE,tim-readiness,../session-evidence/tim/g4/slices/base-tfr-tim-017/runbook.md,../session-evidence/tim/g4/slices/base-tfr-tim-017/telemetry-evidence.json,../session-evidence/tim/g4/slices/base-tfr-tim-017/migration-clean-upgrade-evidence.json,../session-evidence/tim/g4/slices/base-tfr-tim-017/recovery-evidence.json,../session-evidence/tim/g4/slices/base-tfr-tim-017/acceptance-evidence.json,DERIVED_NON_AUTHORITATIVE:./gradlew :dwp-time-server:test --tests '*TimeG3SliceContractTest' -PhrisSlice=BASE-TFR-TIM-017|./gradlew :dwp-time-server:test --tests '*TimeMigrationCleanUpgradeTest' -PhrisSlice=BASE-TFR-TIM-017|./gradlew :dwp-time-server:test --tests '*TimeWorkerRecoveryTest' -PhrisSlice=BASE-TFR-TIM-017,G3CMD-TIM-BE,G3CMD-TIM-FE,apps/dwp/src/features/hris/time/__tests__/g3-slices/base-tfr-tim-017.slice.test.tsx,authorization-negative|feature-flag-event-forward-correction|idempotency-cas|migration-clean-upgrade-rls-backfill|runbook-rollback-forward-correction|telemetry-alert|tenant-isolation|worker-crash-replay,G3-CODE-GO-BASE-TFR-TIM-017,SEALED_G2_EXACT_CONTRACTS_AND_CENTRAL_ALLOCATION_PASS,OPEN_G3_CODE,NOT_STARTED_G3,NOT_AUTHORIZED_G6
BASE-TFR-TIM-018,BASE_TARGET_FAMILY,TFR-TIM-018,TIM,HRIS-TIM,TIM,0ffa7c533f2b060d826de4f6c7e6bcb044e63288843d1c0949f1c54007309169,20,e896fdf5a59a4b643e11477a1035253d0abd75c718c3fb4f075b4739c18e276f,G3A_BASE_018,DEP-001|DEP-002|DEP-003|DEP-009|DEP-010|DEP-011|DEP-012|DEP-013|DEP-016,TIME_LEAVE,BASE:hr-operations-home|BASE:my-time|BASE:team-home|BASE:time-command-center,,BASE:hr-operations-home|BASE:my-time|BASE:team-home|BASE:time-command-center,EVT-HRM:HrisHomeContributionChanged.v1|EVT-PAY:HrisHomeContributionChanged.v1|EVT-PER:HrisHomeContributionChanged.v1|EVT-TIM:HrisHomeContributionChanged.v1|EVT-TIM:PayrollTimeHandoffReady.v1|EVT-TIM:TimePeriodClosed.v1|EVT-TIM:TimePeriodReopened.v1|EVT-TIM:TimecardDecisionRecorded|PEP-HRM-016|PEP-PAY-001|PEP-PER-001|PEP-TIM-001|PEP-TIM-011|PEP-TIM-012|PEP-TIM-013|PEP-TIM-014|PEP-TIM-022|PEP-TIM-023|PEP-TIM-024|PEP-TIM-025|PEP-TIM-026|PEP-TIM-028|SVC-PEP-TIM-002|SYS-API-026|SYS-API-027|SYS-API-031|SYS-API-032|SYS-API-039|SYS-API-040|SYS-EVT-007|XCON-014,EVT-TIM:HrisHomeContributionChanged.v1|PEP-TIM-001|SVC-PEP-TIM-002|XCON-014,EVT-HRM:HrisHomeContributionChanged.v1|EVT-PAY:HrisHomeContributionChanged.v1|EVT-PER:HrisHomeContributionChanged.v1|EVT-TIM:PayrollTimeHandoffReady.v1|EVT-TIM:TimePeriodClosed.v1|EVT-TIM:TimePeriodReopened.v1|EVT-TIM:TimecardDecisionRecorded|PEP-HRM-016|PEP-PAY-001|PEP-PER-001|PEP-TIM-011|PEP-TIM-012|PEP-TIM-013|PEP-TIM-014|PEP-TIM-022|PEP-TIM-023|PEP-TIM-024|PEP-TIM-025|PEP-TIM-026|PEP-TIM-028|SYS-API-026|SYS-API-027|SYS-API-031|SYS-API-032|SYS-API-039|SYS-API-040|SYS-EVT-007,XCON-014,,,hcm.operations.people.view|hcm.operations.time.approve|hcm.operations.time.close|hcm.operations.time.reopen|hcm.operations.time.update|hcm.operations.time.view|hcm.personal.time.submit|hcm.personal.time.view|hcm.team.members.view|hcm.team.time.approve,../session-evidence/tim/g2-physical-schema.sql|../session-evidence/tim/g2-runtime-controls.md|../session-evidence/tim/g2-api-event-contracts.json,DEP-001|DEP-002|DEP-003|DEP-012|DEP-016,G3-TIM-BE-MIGRATION|G3-TIM-BE-SOURCE|G3-TIM-BE-TEST|G3-TIM-FE-SOURCE,MIG-TIM-TIME-1-39,OWNER_ALLOCATED_IF_SCHEMA_TOUCH_WITHIN_UNRESERVED_VERSION,ALLOCATION_BOUNDARY_ONLY_UNTIL_TOUCH_MANIFEST,persona/scope/partial-failure/freshness/accessibility contract tests,../session-evidence/tim/validate_readiness.py,DERIVED_NON_AUTHORITATIVE:python3 ../session-evidence/tim/validate_readiness.py,G2-TIM-BASE,tim-readiness,../session-evidence/tim/g4/slices/base-tfr-tim-018/runbook.md,../session-evidence/tim/g4/slices/base-tfr-tim-018/telemetry-evidence.json,../session-evidence/tim/g4/slices/base-tfr-tim-018/migration-clean-upgrade-evidence.json,../session-evidence/tim/g4/slices/base-tfr-tim-018/recovery-evidence.json,../session-evidence/tim/g4/slices/base-tfr-tim-018/acceptance-evidence.json,DERIVED_NON_AUTHORITATIVE:./gradlew :dwp-time-server:test --tests '*TimeG3SliceContractTest' -PhrisSlice=BASE-TFR-TIM-018|./gradlew :dwp-time-server:test --tests '*TimeMigrationCleanUpgradeTest' -PhrisSlice=BASE-TFR-TIM-018|./gradlew :dwp-time-server:test --tests '*TimeWorkerRecoveryTest' -PhrisSlice=BASE-TFR-TIM-018,G3CMD-TIM-BE,G3CMD-TIM-FE,apps/dwp/src/features/hris/time/__tests__/g3-slices/base-tfr-tim-018.slice.test.tsx,authorization-negative|feature-flag-event-forward-correction|idempotency-cas|migration-clean-upgrade-rls-backfill|runbook-rollback-forward-correction|telemetry-alert|tenant-isolation|worker-crash-replay,G3-CODE-GO-BASE-TFR-TIM-018,SEALED_G2_EXACT_CONTRACTS_AND_CENTRAL_ALLOCATION_PASS,OPEN_G3_CODE,NOT_STARTED_G3,NOT_AUTHORIZED_G6
BASE-TFR-TIM-019,BASE_TARGET_FAMILY,TFR-TIM-019,TIM,HRIS-TIM,TIM,03df4acbe0fa7077a4d205bf82a63d662b9d61015ec7244482e7df1fa6af9b34,8,2c6463e61965f069f8b18603b568496f7d71483db6c714c9efdbf6328d722883,G3A_BASE_019,DEP-001|DEP-002|DEP-003|DEP-007|DEP-016,TIME_LEAVE,NON_UI_SUPPORTING_SLICE,,,SVC-PEP-HRM-002|SVC-PEP-HRM-004|XCON-001|XCON-003|XCON-005|XCON-006|XCON-016,,,,XCON-001|XCON-003|XCON-005|XCON-006|XCON-016,SVC-PEP-HRM-002|SVC-PEP-HRM-004,../session-evidence/tim/g2-authorization.md,../session-evidence/tim/g2-physical-schema.sql|../session-evidence/tim/g2-runtime-controls.md|../session-evidence/tim/g2-api-event-contracts.json,DEP-001|DEP-002|DEP-003|DEP-007|DEP-016,G3-TIM-BE-MIGRATION|G3-TIM-BE-SOURCE|G3-TIM-BE-TEST|G3-TIM-FE-SOURCE,MIG-TIM-TIME-1-39,OWNER_ALLOCATED_IF_SCHEMA_TOUCH_WITHIN_UNRESERVED_VERSION,ALLOCATION_BOUNDARY_ONLY_UNTIL_TOUCH_MANIFEST,event contract; ordering/replay/tenant-negative/projection drift tests,../session-evidence/tim/validate_readiness.py,DERIVED_NON_AUTHORITATIVE:python3 ../session-evidence/tim/validate_readiness.py,G2-TIM-BASE,tim-readiness,../session-evidence/tim/g4/slices/base-tfr-tim-019/runbook.md,../session-evidence/tim/g4/slices/base-tfr-tim-019/telemetry-evidence.json,../session-evidence/tim/g4/slices/base-tfr-tim-019/migration-clean-upgrade-evidence.json,../session-evidence/tim/g4/slices/base-tfr-tim-019/recovery-evidence.json,../session-evidence/tim/g4/slices/base-tfr-tim-019/acceptance-evidence.json,DERIVED_NON_AUTHORITATIVE:./gradlew :dwp-time-server:test --tests '*TimeG3SliceContractTest' -PhrisSlice=BASE-TFR-TIM-019|./gradlew :dwp-time-server:test --tests '*TimeMigrationCleanUpgradeTest' -PhrisSlice=BASE-TFR-TIM-019|./gradlew :dwp-time-server:test --tests '*TimeWorkerRecoveryTest' -PhrisSlice=BASE-TFR-TIM-019,G3CMD-TIM-BE,G3CMD-TIM-FE,apps/dwp/src/features/hris/time/__tests__/g3-slices/base-tfr-tim-019.slice.test.tsx,authorization-negative|feature-flag-event-forward-correction|idempotency-cas|migration-clean-upgrade-rls-backfill|runbook-rollback-forward-correction|telemetry-alert|tenant-isolation|worker-crash-replay,G3-CODE-GO-BASE-TFR-TIM-019,SEALED_G2_EXACT_CONTRACTS_AND_CENTRAL_ALLOCATION_PASS,OPEN_G3_CODE,NOT_STARTED_G3,NOT_AUTHORIZED_G6
MOD-TIM-WFM,MODERN_CAPABILITY,HRIS.MODERN.ADVANCED_WFM,TIM,HRIS-TIM,TIM,NOT_APPLICABLE_MODERN_CAPABILITY,0,a5edaa2a55eb17fa4355fd9aef424cf7d57b6ca283918f926b9a6a393d40b87a,G3D_OPTIMIZATION,Time policy|skills availability|demand signals|country-pack boundary,DWP_TIME_WORKFORCE_MANAGEMENT,MODERN:hcm.operations.workforce-management,MODERN:hcm.operations.workforce-management,,/api/time/v1/workforce-management/**|MODOP:modern.wfm.forecast.create|MODOP:modern.wfm.forecasts.query|MODOP:modern.wfm.schedule.optimize|MODOP:modern.wfm.schedule.publish|MODOP:modern.wfm.schedule.submit|MODOP:modern.wfm.schedule.validate|WorkforceDemandForecastCreated.v2|WorkforceScheduleCandidateGenerated.v2|WorkforceScheduleCandidateSubmitted.v2|WorkforceScheduleOptimizationRequested.v2|WorkforceSchedulePublished.v2|WorkforceScheduleValidationCompleted.v2|modern.wfm.forecast.create|modern.wfm.forecasts.query|modern.wfm.schedule.optimize|modern.wfm.schedule.publish|modern.wfm.schedule.submit|modern.wfm.schedule.validate,WorkforceDemandForecastCreated.v2|WorkforceScheduleCandidateGenerated.v2|WorkforceScheduleCandidateSubmitted.v2|WorkforceScheduleOptimizationRequested.v2|WorkforceSchedulePublished.v2|WorkforceScheduleValidationCompleted.v2|modern.wfm.forecast.create|modern.wfm.forecasts.query|modern.wfm.schedule.optimize|modern.wfm.schedule.publish|modern.wfm.schedule.submit|modern.wfm.schedule.validate,/api/time/v1/workforce-management/**|MODOP:modern.wfm.forecast.create|MODOP:modern.wfm.forecasts.query|MODOP:modern.wfm.schedule.optimize|MODOP:modern.wfm.schedule.publish|MODOP:modern.wfm.schedule.submit|MODOP:modern.wfm.schedule.validate,,,,hcm.wfm.optimize|hcm.wfm.publish|hcm.wfm.view,DemandForecast.v1|ScheduleCandidate.v1|SchedulePublishLedger.v1|modern-capability-event-payload-contracts.v1.json|modern-capability-exact-schema-contracts.v1.json,DEP-001|DEP-002|DEP-003|DEP-004|DEP-009|DEP-016,G3-TIM-BE-MIGRATION|G3-TIM-BE-SOURCE|G3-TIM-BE-TEST|G3-TIM-FE-SOURCE,MIG-TIM-TIME-1-39,dwp-time-server/src/main/resources/db/migration/V39__tim_modern_advanced_wfm.sql,apps/dwp/src/features/hris/time/workforce-management|apps/dwp/src/features/hris/time/workforce-management/__tests__|contracts/asyncapi/hris/tim/advanced-wfm.v1.yaml|contracts/openapi/hris/tim/advanced-wfm.v1.yaml|dwp-time-server/src/main/java/com/dwp/services/time/workforcemanagement|dwp-time-server/src/test/java/com/dwp/services/time/workforcemanagement,Constraint property tests; fairness evaluation; approval audit; schedule publish reconciliation,../session-evidence/tim/g4/modern/advanced-wfm/constraint-property-test.json|../session-evidence/tim/g4/modern/advanced-wfm/fairness-evaluation.json,DERIVED_NON_AUTHORITATIVE:python3 coding-readiness/validate_modern_capability_contracts.py --self-test --compact,G2-TIM-MODERN,modern-static-normal|modern-static-self-test,../session-evidence/tim/g4/slices/mod-tim-wfm/runbook.md,../session-evidence/tim/g4/slices/mod-tim-wfm/telemetry-evidence.json,../session-evidence/tim/g4/slices/mod-tim-wfm/migration-clean-upgrade-evidence.json,../session-evidence/tim/g4/slices/mod-tim-wfm/recovery-evidence.json,../session-evidence/tim/g4/slices/mod-tim-wfm/acceptance-evidence.json,DERIVED_NON_AUTHORITATIVE:./gradlew :dwp-time-server:test --tests '*TimeG3SliceContractTest' -PhrisSlice=MOD-TIM-WFM|./gradlew :dwp-time-server:test --tests '*TimeMigrationCleanUpgradeTest' -PhrisSlice=MOD-TIM-WFM|./gradlew :dwp-time-server:test --tests '*TimeWorkerRecoveryTest' -PhrisSlice=MOD-TIM-WFM,G3CMD-TIM-BE,G3CMD-TIM-FE,apps/dwp/src/features/hris/time/__tests__/g3-slices/mod-tim-wfm.slice.test.tsx,authorization-negative|feature-flag-event-forward-correction|idempotency-cas|migration-clean-upgrade-rls-backfill|runbook-rollback-forward-correction|telemetry-alert|tenant-isolation|worker-crash-replay,G3-CODE-GO-MOD-TIM-WFM,SEALED_G2_EXACT_CONTRACTS_AND_CENTRAL_ALLOCATION_PASS,OPEN_G3_CODE,NOT_STARTED_G3,NOT_AUTHORIZED_G6
