ia_node_id,source_set,source_node_key,inventory_group,navigation_surface,owner_session,runtime_owner,personas,source_lifecycle,canonical_route,workbench_tab,source_family_refs,api_contract_refs,entry_query_refs,visibility_capability_refs,action_contract_refs,action_capability_refs,persona_access_profiles,entry_contract_state,authorization_refs,authorization_source_refs,deep_link_template,implementation_state,production_state,source_ref,source_digest_sha256,compatibility_decision_ref
BASE:my-hr-home,BASE76,my-hr-home,MY_HR,HOME,HRIS-SYS,dwp-platform-server,EMPLOYEE|MANAGER|BUSINESS_OPERATOR|SETTINGS_ADMIN|ENTERPRISE_AUDITOR,PILOT,/hr/home,summary,TFR-SYS-012,SVC-PEP-HRM-006|SVC-PEP-PAY-001|SVC-PEP-PER-002|SVC-PEP-TIM-002|SYS-API-026|SYS-API-027|SYS-API-031|SYS-API-032|SYS-API-039|SYS-API-040|SYS-EVT-007|XCON-012|XCON-013|XCON-014|XCON-015,IAQ-035,hcm.app.shell.view,NONE,NONE,EMPLOYEE=HRIS_EMPLOYEE>HRIS_DUTY_APP_SHELL_READER|MANAGER=HRIS_LINE_MANAGER>HRIS_DUTY_APP_SHELL_READER|BUSINESS_OPERATOR=HRIS_HR_BUSINESS_PARTNER>HRIS_DUTY_APP_SHELL_READER|SETTINGS_ADMIN=HRIS_CONFIG_AUTHOR>HRIS_DUTY_APP_SHELL_READER|ENTERPRISE_AUDITOR=HRIS_AUDITOR>HRIS_DUTY_APP_SHELL_READER,PLANNED_QUERY_REQUIRED_NOT_IMPLEMENTED,hcm.app.shell.view,ia-node-access-contract-register.csv|hris-permission-group-matrix.csv|hris-atomic-duty-matrix.csv,/hr/home?widget={widgetKey},PILOT_CURRENT_RUNTIME_LIMITED_SCOPE,NOT_AUTHORIZED_G6,frontend:apps/dwp/src/features/hris/shell/model/catalog/my-hr.ts#my-hr-home,98eea284276ad67de46927917106bf17d692704d30a8ebcd0b23b28b25061bb5,NONE
BASE:my-hr-profile,BASE76,my-hr-profile,MY_HR,MY_HR,HRIS-HRM,dwp-people-server,EMPLOYEE,PLANNED,/hr/me/profile,overview,TFR-HRM-004,EVT-HRM:PersonChanged.v1|PEP-HRM-001|PEP-HRM-002|SVC-PEP-HRM-002,IAQ-001,hcm.personal.profile.view,NONE,NONE,EMPLOYEE=HRIS_EMPLOYEE>HRIS_DUTY_SELF_PROFILE_READER,PLANNED_QUERY_REQUIRED_NOT_IMPLEMENTED,hcm.personal.profile.view,ia-node-access-contract-register.csv|hris-permission-group-matrix.csv|hris-atomic-duty-matrix.csv,/hr/me/profile?tab=overview&focus={resourcePublicId},NOT_STARTED_G3,NOT_AUTHORIZED_G6,frontend:apps/dwp/src/features/hris/shell/model/catalog/my-hr.ts#my-hr-profile,98eea284276ad67de46927917106bf17d692704d30a8ebcd0b23b28b25061bb5,NONE
BASE:my-employment-documents,BASE76,my-employment-documents,MY_HR,MY_HR,HRIS-HRM,dwp-people-server,EMPLOYEE,PLANNED,/hr/me/employment-documents,overview,TFR-HRM-008|TFR-HRM-011,EVT-HRM:AssignmentChanged.v1|EVT-HRM:CompensationBasisChanged.v1|EVT-HRM:EmploymentChanged.v1|EVT-HRM:EmploymentContractIssued.v1|EVT-HRM:WorkerBankAccountTokenChanged.v1|EVT-HRM:WorkerChanged.v1|EVT-HRM:WorkerDependentEligibilityChanged.v1|EVT-HRM:WorkerHired.v1|EVT-HRM:WorkerTaxIdentityChanged.v1|EVT-HRM:WorkplaceChanged.v1|PEP-HRM-006|PEP-HRM-007|PEP-HRM-008|PEP-HRM-009|PEP-HRM-011|SVC-PEP-HRM-003|SVC-PEP-HRM-004|SVC-PEP-HRM-005|XCON-001|XCON-002|XCON-003|XCON-004|XCON-005|XCON-007|XCON-016|XCON-017|XCON-018|XCON-019,IAQ-002,hcm.personal.profile.view,NONE,NONE,EMPLOYEE=HRIS_EMPLOYEE>HRIS_DUTY_SELF_PROFILE_READER,PLANNED_QUERY_REQUIRED_NOT_IMPLEMENTED,hcm.personal.profile.view,ia-node-access-contract-register.csv|hris-permission-group-matrix.csv|hris-atomic-duty-matrix.csv,/hr/me/employment-documents?tab=overview&focus={resourcePublicId},NOT_STARTED_G3,NOT_AUTHORIZED_G6,frontend:apps/dwp/src/features/hris/shell/model/catalog/my-hr.ts#my-employment-documents,98eea284276ad67de46927917106bf17d692704d30a8ebcd0b23b28b25061bb5,NONE
BASE:my-time,BASE76,my-time,MY_HR,MY_HR,HRIS-TIM,dwp-time-server,EMPLOYEE,PILOT,/hr/time,overview,TFR-TIM-017|TFR-TIM-018,EVT-TIM:HrisHomeContributionChanged.v1|EVT-TIM:TimecardDecisionRecorded|PEP-TIM-001|PEP-TIM-011|PEP-TIM-012|PEP-TIM-013|PEP-TIM-014|PEP-TIM-028|SVC-PEP-TIM-002|XCON-014,PEP-TIM-001,hcm.personal.time.view,PEP-TIM-012|PEP-TIM-013,hcm.operations.time.update|hcm.personal.time.submit,EMPLOYEE=HRIS_EMPLOYEE>HRIS_DUTY_SELF_TIME_READER,EXISTING_QUERY_CONTRACT_BOUND,hcm.operations.time.update|hcm.personal.time.submit|hcm.personal.time.view,ia-node-access-contract-register.csv|hris-permission-group-matrix.csv|hris-atomic-duty-matrix.csv,/hr/time?tab=overview&focus={resourcePublicId},PILOT_CURRENT_RUNTIME_LIMITED_SCOPE,NOT_AUTHORIZED_G6,frontend:apps/dwp/src/features/hris/shell/model/catalog/my-hr.ts#my-time,98eea284276ad67de46927917106bf17d692704d30a8ebcd0b23b28b25061bb5,NONE
BASE:my-leave,BASE76,my-leave,MY_HR,MY_HR,HRIS-TIM,dwp-time-server,EMPLOYEE,PLANNED,/hr/me/leave,overview,TFR-TIM-012|TFR-TIM-014,EVT-TIM:LeaveDecisionRecorded|EVT-TIM:LeaveLedgerPosted|PEP-TIM-017|PEP-TIM-018|PEP-TIM-019|PEP-TIM-020|PEP-TIM-021,PEP-TIM-018,hcm.personal.leave.view,PEP-TIM-019|PEP-TIM-021,hcm.operations.leave.update|hcm.personal.leave.request,EMPLOYEE=HRIS_EMPLOYEE>HRIS_DUTY_SELF_ABSENCE_READER,EXISTING_QUERY_CONTRACT_BOUND,hcm.operations.leave.update|hcm.personal.leave.request|hcm.personal.leave.view,ia-node-access-contract-register.csv|hris-permission-group-matrix.csv|hris-atomic-duty-matrix.csv,/hr/me/leave?tab=overview&focus={resourcePublicId},NOT_STARTED_G3,NOT_AUTHORIZED_G6,frontend:apps/dwp/src/features/hris/shell/model/catalog/my-hr.ts#my-leave,98eea284276ad67de46927917106bf17d692704d30a8ebcd0b23b28b25061bb5,NONE
BASE:my-pay-tax,BASE76,my-pay-tax,MY_HR,MY_HR,HRIS-PAY,dwp-payroll-server,EMPLOYEE,PILOT,/hr/pay,overview,TFR-PAY-009|TFR-PAY-015|TFR-PAY-017,EVT-PAY:HrisHomeContributionChanged.v1|EVT-PAY:PayslipPublished|EVT-PAY:YearEndCaseChanged|PEP-PAY-001|PEP-PAY-026|PEP-PAY-027|PEP-PAY-029|PEP-PAY-030|PEP-PAY-031|SVC-PEP-PAY-001|XCON-015,PEP-PAY-001,hcm.personal.pay-statement.view,PEP-PAY-027|PEP-PAY-029|PEP-PAY-030,hcm.operations.payroll.release|hcm.personal.pay-statement.download|hcm.personal.year-end-case.update,EMPLOYEE=HRIS_EMPLOYEE>HRIS_DUTY_SELF_PAY_STATEMENT_READER,EXISTING_QUERY_CONTRACT_BOUND,hcm.operations.payroll.release|hcm.personal.pay-statement.download|hcm.personal.pay-statement.view|hcm.personal.year-end-case.update,ia-node-access-contract-register.csv|hris-permission-group-matrix.csv|hris-atomic-duty-matrix.csv,/hr/pay?tab=overview&focus={resourcePublicId},PILOT_CURRENT_RUNTIME_LIMITED_SCOPE,NOT_AUTHORIZED_G6,frontend:apps/dwp/src/features/hris/shell/model/catalog/my-hr.ts#my-pay-tax,98eea284276ad67de46927917106bf17d692704d30a8ebcd0b23b28b25061bb5,NONE
BASE:my-goals-performance,BASE76,my-goals-performance,MY_HR,MY_HR,HRIS-PER,dwp-people-server,EMPLOYEE,PILOT,/hr/talent,overview,TFR-PER-007|TFR-PER-009|TFR-PER-012|TFR-PER-013,EVT-PER:HrisHomeContributionChanged.v1|EVT-PER:PerformanceAppealResolved.v1|EVT-PER:PerformanceGoalCommitted.v1|EVT-PER:PerformanceResultsPublished.v1|EVT-PER:PerformanceReviewSubmitted.v1|PEP-PER-001|PEP-PER-010|PEP-PER-011|PEP-PER-012|PEP-PER-013|PEP-PER-014|PEP-PER-018|PEP-PER-019|SVC-PEP-PER-002|XCON-012,PEP-PER-001,hcm.personal.performance.view,PEP-PER-010|PEP-PER-011|PEP-PER-013|PEP-PER-014|PEP-PER-019,hcm.team.performance.review|per.appeal.self.open|per.goal.self.write|per.review.self.submit,EMPLOYEE=HRIS_EMPLOYEE>HRIS_DUTY_SELF_PERFORMANCE_READER,EXISTING_QUERY_CONTRACT_BOUND,hcm.personal.performance.view|hcm.team.performance.review|per.appeal.self.open|per.goal.self.write|per.review.self.submit,ia-node-access-contract-register.csv|hris-permission-group-matrix.csv|hris-atomic-duty-matrix.csv,/hr/talent?tab=overview&focus={resourcePublicId},PILOT_CURRENT_RUNTIME_LIMITED_SCOPE,NOT_AUTHORIZED_G6,frontend:apps/dwp/src/features/hris/shell/model/catalog/my-hr.ts#my-goals-performance,98eea284276ad67de46927917106bf17d692704d30a8ebcd0b23b28b25061bb5,NONE
BASE:my-hr-requests,BASE76,my-hr-requests,MY_HR,MY_HR,HRIS-HRM,dwp-people-server,EMPLOYEE,PLANNED,/hr/me/requests,overview,TFR-HRM-009|TFR-HRM-010|TFR-HRM-013,EVT-HRM:CertificateIssued.v1|EVT-HRM:EmployeeChangeApplied.v1|EVT-HRM:WorkerSeparated.v1|PEP-HRM-003|PEP-HRM-004|PEP-HRM-005|PEP-HRM-012|PEP-HRM-013|SVC-PEP-HRM-001,IAQ-003,hcm.personal.requests.view,PEP-HRM-003|PEP-HRM-004|PEP-HRM-012,hcm.operations.certificate.issue|hcm.operations.people.update|hcm.personal.certificate.request|hcm.personal.profile.update|hcm.team.people-change.request,EMPLOYEE=HRIS_EMPLOYEE>HRIS_DUTY_SELF_REQUEST_READER,PLANNED_QUERY_REQUIRED_NOT_IMPLEMENTED,hcm.operations.certificate.issue|hcm.operations.people.update|hcm.personal.certificate.request|hcm.personal.profile.update|hcm.personal.requests.view|hcm.team.people-change.request,ia-node-access-contract-register.csv|hris-permission-group-matrix.csv|hris-atomic-duty-matrix.csv,/hr/me/requests?tab=overview&focus={resourcePublicId},NOT_STARTED_G3,NOT_AUTHORIZED_G6,frontend:apps/dwp/src/features/hris/shell/model/catalog/my-hr.ts#my-hr-requests,98eea284276ad67de46927917106bf17d692704d30a8ebcd0b23b28b25061bb5,NONE
BASE:team-home,BASE76,team-home,TEAM,TEAM,HRIS-SYS,dwp-platform-server,MANAGER,PLANNED,/hr/team/home,summary,TFR-HRM-003|TFR-PER-007|TFR-TIM-018|TFR-PAY-015|TFR-SYS-012,EVT-HRM:HrisHomeContributionChanged.v1|EVT-PAY:HrisHomeContributionChanged.v1|EVT-PER:HrisHomeContributionChanged.v1|EVT-TIM:HrisHomeContributionChanged.v1|PEP-HRM-016|PEP-PAY-001|PEP-PER-001|PEP-TIM-001|SVC-PEP-HRM-006|SVC-PEP-PAY-001|SVC-PEP-PER-002|SVC-PEP-TIM-002|SYS-API-026|SYS-API-027|SYS-API-031|SYS-API-032|SYS-API-039|SYS-API-040|SYS-EVT-007|XCON-012|XCON-013|XCON-014|XCON-015,SYS-API-026,hcm.team.members.view,NONE,NONE,MANAGER=HRIS_LINE_MANAGER>HRIS_DUTY_MANAGER_TEAM_READER,EXISTING_QUERY_CONTRACT_BOUND,hcm.team.members.view,ia-node-access-contract-register.csv|hris-permission-group-matrix.csv|hris-atomic-duty-matrix.csv,/hr/team/home?widget={widgetKey},NOT_STARTED_G3,NOT_AUTHORIZED_G6,frontend:apps/dwp/src/features/hris/shell/model/catalog/team.ts#team-home,1972d2f0aa8ed66d7742ceaf6fd82bf7accecf83b6bb3fdf5253be39e1cabdd4,NONE
BASE:team-members,BASE76,team-members,TEAM,TEAM,HRIS-HRM,dwp-people-server,MANAGER,PLANNED,/hr/team/members,overview,TFR-HRM-004|TFR-HRM-008,EVT-HRM:AssignmentChanged.v1|EVT-HRM:EmploymentChanged.v1|EVT-HRM:PersonChanged.v1|EVT-HRM:WorkerChanged.v1|EVT-HRM:WorkerHired.v1|EVT-HRM:WorkplaceChanged.v1|PEP-HRM-001|PEP-HRM-002|PEP-HRM-006|PEP-HRM-007|PEP-HRM-008|PEP-HRM-009|SVC-PEP-HRM-002|SVC-PEP-HRM-004|XCON-001|XCON-003|XCON-004|XCON-005|XCON-016,IAQ-004,hcm.team.members.view,NONE,NONE,MANAGER=HRIS_LINE_MANAGER>HRIS_DUTY_MANAGER_TEAM_READER,PLANNED_QUERY_REQUIRED_NOT_IMPLEMENTED,hcm.team.members.view,ia-node-access-contract-register.csv|hris-permission-group-matrix.csv|hris-atomic-duty-matrix.csv,/hr/team/members?tab=overview&focus={resourcePublicId},NOT_STARTED_G3,NOT_AUTHORIZED_G6,frontend:apps/dwp/src/features/hris/shell/model/catalog/team.ts#team-members,1972d2f0aa8ed66d7742ceaf6fd82bf7accecf83b6bb3fdf5253be39e1cabdd4,NONE
BASE:team-time,BASE76,team-time,TEAM,TEAM,HRIS-TIM,dwp-time-server,MANAGER,PLANNED,/hr/team/time,overview,TFR-TIM-016|TFR-TIM-017,EVT-TIM:TimecardDecisionRecorded|PEP-TIM-002|PEP-TIM-003|PEP-TIM-004|PEP-TIM-005|PEP-TIM-006|PEP-TIM-011|PEP-TIM-012|PEP-TIM-013|PEP-TIM-014|PEP-TIM-028,IAQ-036,hcm.team.workbench.view,PEP-TIM-014,hcm.operations.time.approve|hcm.team.time.approve,MANAGER=HRIS_LINE_MANAGER>HRIS_DUTY_TEAM_WORKBENCH_READER,PLANNED_QUERY_REQUIRED_NOT_IMPLEMENTED,hcm.operations.time.approve|hcm.team.time.approve|hcm.team.workbench.view,ia-node-access-contract-register.csv|hris-permission-group-matrix.csv|hris-atomic-duty-matrix.csv,/hr/team/time?tab=overview&focus={resourcePublicId},NOT_STARTED_G3,NOT_AUTHORIZED_G6,frontend:apps/dwp/src/features/hris/shell/model/catalog/team.ts#team-time,1972d2f0aa8ed66d7742ceaf6fd82bf7accecf83b6bb3fdf5253be39e1cabdd4,NONE
BASE:team-leave,BASE76,team-leave,TEAM,TEAM,HRIS-TIM,dwp-time-server,MANAGER,PLANNED,/hr/team/leave,overview,TFR-TIM-012|TFR-TIM-014,EVT-TIM:LeaveDecisionRecorded|EVT-TIM:LeaveLedgerPosted|PEP-TIM-017|PEP-TIM-018|PEP-TIM-019|PEP-TIM-020|PEP-TIM-021,IAQ-037,hcm.team.workbench.view,PEP-TIM-020,hcm.operations.leave.approve|hcm.team.leave.approve,MANAGER=HRIS_LINE_MANAGER>HRIS_DUTY_TEAM_WORKBENCH_READER,PLANNED_QUERY_REQUIRED_NOT_IMPLEMENTED,hcm.operations.leave.approve|hcm.team.leave.approve|hcm.team.workbench.view,ia-node-access-contract-register.csv|hris-permission-group-matrix.csv|hris-atomic-duty-matrix.csv,/hr/team/leave?tab=overview&focus={resourcePublicId},NOT_STARTED_G3,NOT_AUTHORIZED_G6,frontend:apps/dwp/src/features/hris/shell/model/catalog/team.ts#team-leave,1972d2f0aa8ed66d7742ceaf6fd82bf7accecf83b6bb3fdf5253be39e1cabdd4,NONE
BASE:team-people-changes,BASE76,team-people-changes,TEAM,TEAM,HRIS-HRM,dwp-people-server,MANAGER,PLANNED,/hr/team/people-changes,overview,TFR-HRM-007|TFR-HRM-010,EVT-HRM:AssignmentChanged.v1|EVT-HRM:EmployeeChangeApplied.v1|PEP-HRM-003|PEP-HRM-004|PEP-HRM-005|PEP-HRM-006|PEP-HRM-007|PEP-HRM-008|PEP-HRM-009|SVC-PEP-HRM-001,IAQ-005,hcm.team.people-change.view,PEP-HRM-003|PEP-HRM-004,hcm.operations.people.update|hcm.personal.profile.update|hcm.team.people-change.request,MANAGER=HRIS_LINE_MANAGER>HRIS_DUTY_MANAGER_PEOPLE_CHANGE_READER,PLANNED_QUERY_REQUIRED_NOT_IMPLEMENTED,hcm.operations.people.update|hcm.personal.profile.update|hcm.team.people-change.request|hcm.team.people-change.view,ia-node-access-contract-register.csv|hris-permission-group-matrix.csv|hris-atomic-duty-matrix.csv,/hr/team/people-changes?tab=overview&focus={resourcePublicId},NOT_STARTED_G3,NOT_AUTHORIZED_G6,frontend:apps/dwp/src/features/hris/shell/model/catalog/team.ts#team-people-changes,1972d2f0aa8ed66d7742ceaf6fd82bf7accecf83b6bb3fdf5253be39e1cabdd4,NONE
BASE:team-performance,BASE76,team-performance,TEAM,TEAM,HRIS-PER,dwp-people-server,MANAGER,PLANNED,/hr/team/performance,overview,TFR-PER-008|TFR-PER-009|TFR-PER-013,EVT-PER:PerformanceFeedbackSubmitted.v1|EVT-PER:PerformanceGoalCommitted.v1|EVT-PER:PerformanceReviewSubmitted.v1|PEP-PER-010|PEP-PER-011|PEP-PER-012|PEP-PER-013|PEP-PER-014|PEP-PER-015,IAQ-038,hcm.team.workbench.view,PEP-PER-010|PEP-PER-011|PEP-PER-013|PEP-PER-014|PEP-PER-015,hcm.team.performance.review|per.feedback.request.create|per.goal.self.write|per.review.self.submit,MANAGER=HRIS_LINE_MANAGER>HRIS_DUTY_TEAM_WORKBENCH_READER,PLANNED_QUERY_REQUIRED_NOT_IMPLEMENTED,hcm.team.performance.review|hcm.team.workbench.view|per.feedback.request.create|per.goal.self.write|per.review.self.submit,ia-node-access-contract-register.csv|hris-permission-group-matrix.csv|hris-atomic-duty-matrix.csv,/hr/team/performance?tab=overview&focus={resourcePublicId},NOT_STARTED_G3,NOT_AUTHORIZED_G6,frontend:apps/dwp/src/features/hris/shell/model/catalog/team.ts#team-performance,1972d2f0aa8ed66d7742ceaf6fd82bf7accecf83b6bb3fdf5253be39e1cabdd4,NONE
BASE:team-delegation,BASE76,team-delegation,TEAM,TEAM,HRIS-SYS,dwp-approval-server,MANAGER,PLANNED,/hr/team/delegation,overview,TFR-SYS-003,PLAT-003|SHARED-API-005|SHARED-API-006|SHARED-API-010|SHARED-API-011|SHARED-API-012,SHARED-API-010,approvals.work.delegation.read,SHARED-API-011|SHARED-API-012,approvals.work.delegation.manage,MANAGER=HRIS_LINE_MANAGER>HRIS_DUTY_MANAGER_TEAM_READER,EXISTING_QUERY_CONTRACT_BOUND,approvals.work.delegation.manage|approvals.work.delegation.read,ia-node-access-contract-register.csv|hris-permission-group-matrix.csv|hris-atomic-duty-matrix.csv,/hr/team/delegation?tab=overview&focus={resourcePublicId},NOT_STARTED_G3,NOT_AUTHORIZED_G6,frontend:apps/dwp/src/features/hris/shell/model/catalog/team.ts#team-delegation,1972d2f0aa8ed66d7742ceaf6fd82bf7accecf83b6bb3fdf5253be39e1cabdd4,NONE
BASE:hr-operations-home,BASE76,hr-operations-home,HR_OPERATIONS,OPERATIONS,HRIS-SYS,dwp-platform-server,BUSINESS_OPERATOR,PLANNED,/hr/operations/home,summary,TFR-HRM-003|TFR-PER-007|TFR-TIM-018|TFR-PAY-015|TFR-SYS-012,EVT-HRM:HrisHomeContributionChanged.v1|EVT-PAY:HrisHomeContributionChanged.v1|EVT-PER:HrisHomeContributionChanged.v1|EVT-TIM:HrisHomeContributionChanged.v1|PEP-HRM-016|PEP-PAY-001|PEP-PER-001|PEP-TIM-001|SVC-PEP-HRM-006|SVC-PEP-PAY-001|SVC-PEP-PER-002|SVC-PEP-TIM-002|SYS-API-026|SYS-API-027|SYS-API-031|SYS-API-032|SYS-API-039|SYS-API-040|SYS-EVT-007|XCON-012|XCON-013|XCON-014|XCON-015,SYS-API-026,hcm.operations.people.view,NONE,NONE,BUSINESS_OPERATOR=HRIS_HR_BUSINESS_PARTNER>HRIS_DUTY_CORE_VIEWER,EXISTING_QUERY_CONTRACT_BOUND,hcm.operations.people.view,ia-node-access-contract-register.csv|hris-permission-group-matrix.csv|hris-atomic-duty-matrix.csv,/hr/operations/home?widget={widgetKey},NOT_STARTED_G3,NOT_AUTHORIZED_G6,frontend:apps/dwp/src/features/hris/shell/model/catalog/hr-operations.ts#hr-operations-home,299c5941015cdc45c9eedf3c2b353c115ef7603ebf1bf5a52eaff2f304cf70a4,NONE
BASE:hr-people,BASE76,hr-people,HR_OPERATIONS,OPERATIONS,HRIS-HRM,dwp-people-server,BUSINESS_OPERATOR,PILOT,/hr/operations/people,overview,TFR-HRM-004,EVT-HRM:PersonChanged.v1|PEP-HRM-001|PEP-HRM-002|SVC-PEP-HRM-002,PEP-HRM-001,hcm.operations.people.view,NONE,NONE,BUSINESS_OPERATOR=HRIS_HR_BUSINESS_PARTNER>HRIS_DUTY_CORE_VIEWER,EXISTING_QUERY_CONTRACT_BOUND,hcm.operations.people.view,ia-node-access-contract-register.csv|hris-permission-group-matrix.csv|hris-atomic-duty-matrix.csv,/hr/operations/people?tab=overview&focus={resourcePublicId},PILOT_CURRENT_RUNTIME_LIMITED_SCOPE,NOT_AUTHORIZED_G6,frontend:apps/dwp/src/features/hris/shell/model/catalog/hr-operations.ts#hr-people,299c5941015cdc45c9eedf3c2b353c115ef7603ebf1bf5a52eaff2f304cf70a4,NONE
BASE:hr-employment-assignments,BASE76,hr-employment-assignments,HR_OPERATIONS,OPERATIONS,HRIS-HRM,dwp-people-server,BUSINESS_OPERATOR,PLANNED,/hr/operations/people/employment-assignments,overview,TFR-HRM-008,EVT-HRM:AssignmentChanged.v1|EVT-HRM:EmploymentChanged.v1|EVT-HRM:WorkerChanged.v1|EVT-HRM:WorkerHired.v1|EVT-HRM:WorkplaceChanged.v1|PEP-HRM-006|PEP-HRM-007|PEP-HRM-008|PEP-HRM-009|SVC-PEP-HRM-004|XCON-001|XCON-003|XCON-004|XCON-005|XCON-016,IAQ-006,hcm.operations.people.view,PEP-HRM-006|PEP-HRM-007|PEP-HRM-008|PEP-HRM-009,hcm.operations.assignment.manage|hcm.operations.people-change.approve,BUSINESS_OPERATOR=HRIS_HR_BUSINESS_PARTNER>HRIS_DUTY_CORE_VIEWER,PLANNED_QUERY_REQUIRED_NOT_IMPLEMENTED,hcm.operations.assignment.manage|hcm.operations.people-change.approve|hcm.operations.people.view,ia-node-access-contract-register.csv|hris-permission-group-matrix.csv|hris-atomic-duty-matrix.csv,/hr/operations/people/employment-assignments?tab=overview&focus={resourcePublicId},NOT_STARTED_G3,NOT_AUTHORIZED_G6,frontend:apps/dwp/src/features/hris/shell/model/catalog/hr-operations.ts#hr-employment-assignments,299c5941015cdc45c9eedf3c2b353c115ef7603ebf1bf5a52eaff2f304cf70a4,NONE
BASE:hr-appointments,BASE76,hr-appointments,HR_OPERATIONS,OPERATIONS,HRIS-HRM,dwp-people-server,BUSINESS_OPERATOR,PLANNED,/hr/operations/people/appointments,overview,TFR-HRM-007,EVT-HRM:AssignmentChanged.v1|PEP-HRM-006|PEP-HRM-007|PEP-HRM-008|PEP-HRM-009,IAQ-007,hcm.operations.people.view,PEP-HRM-006|PEP-HRM-007|PEP-HRM-008|PEP-HRM-009,hcm.operations.assignment.manage|hcm.operations.people-change.approve,BUSINESS_OPERATOR=HRIS_HR_BUSINESS_PARTNER>HRIS_DUTY_CORE_VIEWER,PLANNED_QUERY_REQUIRED_NOT_IMPLEMENTED,hcm.operations.assignment.manage|hcm.operations.people-change.approve|hcm.operations.people.view,ia-node-access-contract-register.csv|hris-permission-group-matrix.csv|hris-atomic-duty-matrix.csv,/hr/operations/people/appointments?tab=overview&focus={resourcePublicId},NOT_STARTED_G3,NOT_AUTHORIZED_G6,frontend:apps/dwp/src/features/hris/shell/model/catalog/hr-operations.ts#hr-appointments,299c5941015cdc45c9eedf3c2b353c115ef7603ebf1bf5a52eaff2f304cf70a4,NONE
BASE:hr-organization-positions,BASE76,hr-organization-positions,HR_OPERATIONS,OPERATIONS,HRIS-HRM,dwp-people-server,BUSINESS_OPERATOR,PLANNED,/hr/operations/people/organization-positions,overview,TFR-HRM-005,EVT-HRM:OrganizationChanged.v1|PEP-HRM-006|PEP-HRM-007|PEP-HRM-008|PEP-HRM-009|PEP-HRM-010|XCON-006,PEP-HRM-010,hcm.operations.organization.view,PEP-HRM-006|PEP-HRM-007|PEP-HRM-008|PEP-HRM-009,hcm.operations.assignment.manage|hcm.operations.people-change.approve,BUSINESS_OPERATOR=HRIS_HR_BUSINESS_PARTNER>HRIS_DUTY_ORGANIZATION_VIEWER,EXISTING_QUERY_CONTRACT_BOUND,hcm.operations.assignment.manage|hcm.operations.organization.view|hcm.operations.people-change.approve,ia-node-access-contract-register.csv|hris-permission-group-matrix.csv|hris-atomic-duty-matrix.csv,/hr/operations/people/organization-positions?tab=overview&focus={resourcePublicId},NOT_STARTED_G3,NOT_AUTHORIZED_G6,frontend:apps/dwp/src/features/hris/shell/model/catalog/hr-operations.ts#hr-organization-positions,299c5941015cdc45c9eedf3c2b353c115ef7603ebf1bf5a52eaff2f304cf70a4,NONE
BASE:hr-contracts-compensation-basis,BASE76,hr-contracts-compensation-basis,HR_OPERATIONS,OPERATIONS,HRIS-HRM,dwp-people-server,BUSINESS_OPERATOR,PLANNED,/hr/operations/people/contracts-compensation-basis,overview,TFR-HRM-011,EVT-HRM:CompensationBasisChanged.v1|EVT-HRM:EmploymentContractIssued.v1|EVT-HRM:WorkerBankAccountTokenChanged.v1|EVT-HRM:WorkerDependentEligibilityChanged.v1|EVT-HRM:WorkerTaxIdentityChanged.v1|PEP-HRM-011|SVC-PEP-HRM-003|SVC-PEP-HRM-005|XCON-002|XCON-007|XCON-017|XCON-018|XCON-019,IAQ-008,hcm.operations.people.view,PEP-HRM-011,hcm.operations.contract.issue,BUSINESS_OPERATOR=HRIS_HR_BUSINESS_PARTNER>HRIS_DUTY_CORE_VIEWER,PLANNED_QUERY_REQUIRED_NOT_IMPLEMENTED,hcm.operations.contract.issue|hcm.operations.people.view,ia-node-access-contract-register.csv|hris-permission-group-matrix.csv|hris-atomic-duty-matrix.csv,/hr/operations/people/contracts-compensation-basis?tab=overview&focus={resourcePublicId},NOT_STARTED_G3,NOT_AUTHORIZED_G6,frontend:apps/dwp/src/features/hris/shell/model/catalog/hr-operations.ts#hr-contracts-compensation-basis,299c5941015cdc45c9eedf3c2b353c115ef7603ebf1bf5a52eaff2f304cf70a4,NONE
BASE:hr-employee-change-requests,BASE76,hr-employee-change-requests,HR_OPERATIONS,OPERATIONS,HRIS-HRM,dwp-people-server,BUSINESS_OPERATOR,PLANNED,/hr/operations/people/employee-change-requests,overview,TFR-HRM-010,EVT-HRM:EmployeeChangeApplied.v1|PEP-HRM-003|PEP-HRM-004|PEP-HRM-005|SVC-PEP-HRM-001,IAQ-009,hcm.operations.people.view,PEP-HRM-003|PEP-HRM-004|PEP-HRM-005,hcm.operations.people-change.approve|hcm.operations.people.update|hcm.personal.profile.update|hcm.team.people-change.request,BUSINESS_OPERATOR=HRIS_HR_BUSINESS_PARTNER>HRIS_DUTY_CORE_VIEWER,PLANNED_QUERY_REQUIRED_NOT_IMPLEMENTED,hcm.operations.people-change.approve|hcm.operations.people.update|hcm.operations.people.view|hcm.personal.profile.update|hcm.team.people-change.request,ia-node-access-contract-register.csv|hris-permission-group-matrix.csv|hris-atomic-duty-matrix.csv,/hr/operations/people/employee-change-requests?tab=overview&focus={resourcePublicId},NOT_STARTED_G3,NOT_AUTHORIZED_G6,frontend:apps/dwp/src/features/hris/shell/model/catalog/hr-operations.ts#hr-employee-change-requests,299c5941015cdc45c9eedf3c2b353c115ef7603ebf1bf5a52eaff2f304cf70a4,NONE
BASE:hr-certificates-documents,BASE76,hr-certificates-documents,HR_OPERATIONS,OPERATIONS,HRIS-HRM,dwp-people-server,BUSINESS_OPERATOR,PLANNED,/hr/operations/people/certificates-documents,overview,TFR-HRM-009,EVT-HRM:CertificateIssued.v1|PEP-HRM-012,IAQ-010,hcm.operations.people.view,PEP-HRM-012,hcm.operations.certificate.issue|hcm.personal.certificate.request,BUSINESS_OPERATOR=HRIS_HR_BUSINESS_PARTNER>HRIS_DUTY_CORE_VIEWER,PLANNED_QUERY_REQUIRED_NOT_IMPLEMENTED,hcm.operations.certificate.issue|hcm.operations.people.view|hcm.personal.certificate.request,ia-node-access-contract-register.csv|hris-permission-group-matrix.csv|hris-atomic-duty-matrix.csv,/hr/operations/people/certificates-documents?tab=overview&focus={resourcePublicId},NOT_STARTED_G3,NOT_AUTHORIZED_G6,frontend:apps/dwp/src/features/hris/shell/model/catalog/hr-operations.ts#hr-certificates-documents,299c5941015cdc45c9eedf3c2b353c115ef7603ebf1bf5a52eaff2f304cf70a4,NONE
BASE:hr-exit-return,BASE76,hr-exit-return,HR_OPERATIONS,OPERATIONS,HRIS-HRM,dwp-people-server,BUSINESS_OPERATOR,PLANNED,/hr/operations/people/exit-return,overview,TFR-HRM-013,EVT-HRM:WorkerSeparated.v1|PEP-HRM-013,IAQ-011,hcm.operations.people.view,PEP-HRM-013,hcm.operations.separation.manage,BUSINESS_OPERATOR=HRIS_HR_BUSINESS_PARTNER>HRIS_DUTY_CORE_VIEWER,PLANNED_QUERY_REQUIRED_NOT_IMPLEMENTED,hcm.operations.people.view|hcm.operations.separation.manage,ia-node-access-contract-register.csv|hris-permission-group-matrix.csv|hris-atomic-duty-matrix.csv,/hr/operations/people/exit-return?tab=overview&focus={resourcePublicId},NOT_STARTED_G3,NOT_AUTHORIZED_G6,frontend:apps/dwp/src/features/hris/shell/model/catalog/hr-operations.ts#hr-exit-return,299c5941015cdc45c9eedf3c2b353c115ef7603ebf1bf5a52eaff2f304cf70a4,NONE
BASE:hr-data-quality,BASE76,hr-data-quality,HR_OPERATIONS,OPERATIONS,HRIS-HRM,dwp-people-server,BUSINESS_OPERATOR,PLANNED,/hr/operations/people/data-quality,overview,TFR-HRM-012,EVT-HRM:WorkforceIngestionReconciled.v1|PEP-HRM-015,IAQ-012,hcm.operations.people.view,NONE,NONE,BUSINESS_OPERATOR=HRIS_HR_BUSINESS_PARTNER>HRIS_DUTY_CORE_VIEWER,PLANNED_QUERY_REQUIRED_NOT_IMPLEMENTED,hcm.operations.people.view,ia-node-access-contract-register.csv|hris-permission-group-matrix.csv|hris-atomic-duty-matrix.csv,/hr/operations/people/data-quality?tab=overview&focus={resourcePublicId},NOT_STARTED_G3,NOT_AUTHORIZED_G6,frontend:apps/dwp/src/features/hris/shell/model/catalog/hr-operations.ts#hr-data-quality,299c5941015cdc45c9eedf3c2b353c115ef7603ebf1bf5a52eaff2f304cf70a4,NONE
BASE:time-command-center,BASE76,time-command-center,TIME,OPERATIONS,HRIS-TIM,dwp-time-server,BUSINESS_OPERATOR,PLANNED,/hr/operations/time/command-center,summary,TFR-TIM-007|TFR-TIM-017|TFR-TIM-018,EVT-TIM:HrisHomeContributionChanged.v1|EVT-TIM:PayrollTimeHandoffReady.v1|EVT-TIM:TimePeriodClosed.v1|EVT-TIM:TimePeriodReopened.v1|EVT-TIM:TimecardDecisionRecorded|PEP-TIM-001|PEP-TIM-011|PEP-TIM-012|PEP-TIM-013|PEP-TIM-014|PEP-TIM-022|PEP-TIM-023|PEP-TIM-024|PEP-TIM-025|PEP-TIM-026|PEP-TIM-028|SVC-PEP-TIM-001|SVC-PEP-TIM-002|XCON-008|XCON-009|XCON-010|XCON-011|XCON-014,IAQ-039,hcm.operations.time.view,PEP-TIM-012|PEP-TIM-014|PEP-TIM-022|PEP-TIM-023|PEP-TIM-024|PEP-TIM-025,hcm.operations.time.approve|hcm.operations.time.close|hcm.operations.time.reopen|hcm.operations.time.update|hcm.personal.time.submit|hcm.team.time.approve,BUSINESS_OPERATOR=HRIS_TIMEKEEPER>HRIS_DUTY_TIME_OPERATIONS_READER,PLANNED_QUERY_REQUIRED_NOT_IMPLEMENTED,hcm.operations.time.approve|hcm.operations.time.close|hcm.operations.time.reopen|hcm.operations.time.update|hcm.operations.time.view|hcm.personal.time.submit|hcm.team.time.approve,ia-node-access-contract-register.csv|hris-permission-group-matrix.csv|hris-atomic-duty-matrix.csv,/hr/operations/time/command-center?period={periodPublicId}&tab=exceptions,NOT_STARTED_G3,NOT_AUTHORIZED_G6,frontend:apps/dwp/src/features/hris/shell/model/catalog/time.ts#time-command-center,859aad416dc0fe81feff9d68430e45ee621d1893f124e28b8dc7318672c058a1,NONE
BASE:time-work-plans,BASE76,time-work-plans,TIME,OPERATIONS,HRIS-TIM,dwp-time-server,BUSINESS_OPERATOR,PLANNED,/hr/operations/time/work-plans,overview,TFR-TIM-016,PEP-TIM-002|PEP-TIM-003|PEP-TIM-004|PEP-TIM-005|PEP-TIM-006,IAQ-040,hcm.operations.time.view,PEP-TIM-003|PEP-TIM-004|PEP-TIM-005,hcm.operations.time.update,BUSINESS_OPERATOR=HRIS_TIMEKEEPER>HRIS_DUTY_TIME_OPERATIONS_READER,PLANNED_QUERY_REQUIRED_NOT_IMPLEMENTED,hcm.operations.time.update|hcm.operations.time.view,ia-node-access-contract-register.csv|hris-permission-group-matrix.csv|hris-atomic-duty-matrix.csv,/hr/operations/time/work-plans?tab=overview&focus={resourcePublicId},NOT_STARTED_G3,NOT_AUTHORIZED_G6,frontend:apps/dwp/src/features/hris/shell/model/catalog/time.ts#time-work-plans,859aad416dc0fe81feff9d68430e45ee621d1893f124e28b8dc7318672c058a1,NONE
BASE:time-clock-ingestion,BASE76,time-clock-ingestion,TIME,OPERATIONS,HRIS-TIM,dwp-time-server,BUSINESS_OPERATOR,PLANNED,/hr/operations/time/clock-ingestion,overview,TFR-TIM-006|TFR-TIM-008,EVT-TIM:ClockEventRecorded|PEP-TIM-007|PEP-TIM-008|SYS-API-021|SYS-API-022|SYS-API-023|SYS-API-024|SYS-API-025,IAQ-034,hcm.operations.time.view,PEP-TIM-008,hcm.operations.time.update|hcm.personal.time.submit,BUSINESS_OPERATOR=HRIS_TIMEKEEPER>HRIS_DUTY_TIME_OPERATIONS_READER,PLANNED_QUERY_REQUIRED_NOT_IMPLEMENTED,hcm.operations.time.update|hcm.operations.time.view|hcm.personal.time.submit,ia-node-access-contract-register.csv|hris-permission-group-matrix.csv|hris-atomic-duty-matrix.csv,/hr/operations/time/clock-ingestion?tab=overview&focus={resourcePublicId},NOT_STARTED_G3,NOT_AUTHORIZED_G6,frontend:apps/dwp/src/features/hris/shell/model/catalog/time.ts#time-clock-ingestion,859aad416dc0fe81feff9d68430e45ee621d1893f124e28b8dc7318672c058a1,NONE
BASE:time-interpretation,BASE76,time-interpretation,TIME,OPERATIONS,HRIS-TIM,dwp-time-server,BUSINESS_OPERATOR,PLANNED,/hr/operations/time/interpretation,overview,TFR-TIM-010,EVT-TIM:TimeInterpreted|PEP-TIM-009|PEP-TIM-010,IAQ-041,hcm.operations.time.view,PEP-TIM-009,hcm.operations.time.update|hcm.personal.time.submit,BUSINESS_OPERATOR=HRIS_TIMEKEEPER>HRIS_DUTY_TIME_OPERATIONS_READER,PLANNED_QUERY_REQUIRED_NOT_IMPLEMENTED,hcm.operations.time.update|hcm.operations.time.view|hcm.personal.time.submit,ia-node-access-contract-register.csv|hris-permission-group-matrix.csv|hris-atomic-duty-matrix.csv,/hr/operations/time/interpretation?tab=overview&focus={resourcePublicId},NOT_STARTED_G3,NOT_AUTHORIZED_G6,frontend:apps/dwp/src/features/hris/shell/model/catalog/time.ts#time-interpretation,859aad416dc0fe81feff9d68430e45ee621d1893f124e28b8dc7318672c058a1,NONE
BASE:time-exceptions,BASE76,time-exceptions,TIME,OPERATIONS,HRIS-TIM,dwp-time-server,BUSINESS_OPERATOR,PLANNED,/hr/operations/time/exceptions,overview,TFR-TIM-006|TFR-TIM-010|TFR-TIM-017,EVT-TIM:ClockEventRecorded|EVT-TIM:TimeInterpreted|EVT-TIM:TimecardDecisionRecorded|PEP-TIM-007|PEP-TIM-008|PEP-TIM-009|PEP-TIM-010|PEP-TIM-011|PEP-TIM-012|PEP-TIM-013|PEP-TIM-014|PEP-TIM-028,IAQ-042,hcm.operations.time.view,PEP-TIM-008|PEP-TIM-009|PEP-TIM-012|PEP-TIM-014,hcm.operations.time.approve|hcm.operations.time.update|hcm.personal.time.submit|hcm.team.time.approve,BUSINESS_OPERATOR=HRIS_TIMEKEEPER>HRIS_DUTY_TIME_OPERATIONS_READER,PLANNED_QUERY_REQUIRED_NOT_IMPLEMENTED,hcm.operations.time.approve|hcm.operations.time.update|hcm.operations.time.view|hcm.personal.time.submit|hcm.team.time.approve,ia-node-access-contract-register.csv|hris-permission-group-matrix.csv|hris-atomic-duty-matrix.csv,/hr/operations/time/exceptions?tab=overview&focus={resourcePublicId},NOT_STARTED_G3,NOT_AUTHORIZED_G6,frontend:apps/dwp/src/features/hris/shell/model/catalog/time.ts#time-exceptions,859aad416dc0fe81feff9d68430e45ee621d1893f124e28b8dc7318672c058a1,NONE
BASE:time-daily-close,BASE76,time-daily-close,TIME,OPERATIONS,HRIS-TIM,dwp-time-server,BUSINESS_OPERATOR,PLANNED,/hr/operations/time/daily-close,overview,TFR-TIM-007,EVT-TIM:PayrollTimeHandoffReady.v1|EVT-TIM:TimePeriodClosed.v1|EVT-TIM:TimePeriodReopened.v1|PEP-TIM-022|PEP-TIM-023|PEP-TIM-024|PEP-TIM-025|PEP-TIM-026|SVC-PEP-TIM-001|XCON-008|XCON-009|XCON-010|XCON-011,IAQ-043,hcm.operations.time.view,PEP-TIM-022|PEP-TIM-023|PEP-TIM-024|PEP-TIM-025,hcm.operations.time.close|hcm.operations.time.reopen,BUSINESS_OPERATOR=HRIS_TIMEKEEPER>HRIS_DUTY_TIME_OPERATIONS_READER,PLANNED_QUERY_REQUIRED_NOT_IMPLEMENTED,hcm.operations.time.close|hcm.operations.time.reopen|hcm.operations.time.view,ia-node-access-contract-register.csv|hris-permission-group-matrix.csv|hris-atomic-duty-matrix.csv,/hr/operations/time/daily-close?tab=overview&focus={resourcePublicId},NOT_STARTED_G3,NOT_AUTHORIZED_G6,frontend:apps/dwp/src/features/hris/shell/model/catalog/time.ts#time-daily-close,859aad416dc0fe81feff9d68430e45ee621d1893f124e28b8dc7318672c058a1,NONE
BASE:time-monthly-close,BASE76,time-monthly-close,TIME,OPERATIONS,HRIS-TIM,dwp-time-server,BUSINESS_OPERATOR,PLANNED,/hr/operations/time/monthly-close,overview,TFR-TIM-007,EVT-TIM:PayrollTimeHandoffReady.v1|EVT-TIM:TimePeriodClosed.v1|EVT-TIM:TimePeriodReopened.v1|PEP-TIM-022|PEP-TIM-023|PEP-TIM-024|PEP-TIM-025|PEP-TIM-026|SVC-PEP-TIM-001|XCON-008|XCON-009|XCON-010|XCON-011,IAQ-044,hcm.operations.time.view,PEP-TIM-022|PEP-TIM-023|PEP-TIM-024|PEP-TIM-025,hcm.operations.time.close|hcm.operations.time.reopen,BUSINESS_OPERATOR=HRIS_TIMEKEEPER>HRIS_DUTY_TIME_OPERATIONS_READER,PLANNED_QUERY_REQUIRED_NOT_IMPLEMENTED,hcm.operations.time.close|hcm.operations.time.reopen|hcm.operations.time.view,ia-node-access-contract-register.csv|hris-permission-group-matrix.csv|hris-atomic-duty-matrix.csv,/hr/operations/time/monthly-close?tab=overview&focus={resourcePublicId},NOT_STARTED_G3,NOT_AUTHORIZED_G6,frontend:apps/dwp/src/features/hris/shell/model/catalog/time.ts#time-monthly-close,859aad416dc0fe81feff9d68430e45ee621d1893f124e28b8dc7318672c058a1,NONE
BASE:time-leave-operations,BASE76,time-leave-operations,TIME,OPERATIONS,HRIS-TIM,dwp-time-server,BUSINESS_OPERATOR,PLANNED,/hr/operations/time/leave-operations,overview,TFR-TIM-012|TFR-TIM-014,EVT-TIM:LeaveDecisionRecorded|EVT-TIM:LeaveLedgerPosted|PEP-TIM-017|PEP-TIM-018|PEP-TIM-019|PEP-TIM-020|PEP-TIM-021,IAQ-045,hcm.operations.time.view,PEP-TIM-017|PEP-TIM-019|PEP-TIM-020|PEP-TIM-021,hcm.operations.leave.approve|hcm.operations.leave.update|hcm.personal.leave.request|hcm.team.leave.approve,BUSINESS_OPERATOR=HRIS_TIMEKEEPER>HRIS_DUTY_TIME_OPERATIONS_READER,PLANNED_QUERY_REQUIRED_NOT_IMPLEMENTED,hcm.operations.leave.approve|hcm.operations.leave.update|hcm.operations.time.view|hcm.personal.leave.request|hcm.team.leave.approve,ia-node-access-contract-register.csv|hris-permission-group-matrix.csv|hris-atomic-duty-matrix.csv,/hr/operations/time/leave-operations?tab=overview&focus={resourcePublicId},NOT_STARTED_G3,NOT_AUTHORIZED_G6,frontend:apps/dwp/src/features/hris/shell/model/catalog/time.ts#time-leave-operations,859aad416dc0fe81feff9d68430e45ee621d1893f124e28b8dc7318672c058a1,NONE
BASE:time-accrual-expiration,BASE76,time-accrual-expiration,TIME,OPERATIONS,HRIS-TIM,dwp-time-server,BUSINESS_OPERATOR,PLANNED,/hr/operations/time/accrual-expiration,overview,TFR-TIM-012|TFR-TIM-013,EVT-TIM:LeaveLedgerPosted|PEP-TIM-015|PEP-TIM-016|PEP-TIM-017|PEP-TIM-018,IAQ-046,hcm.operations.time.view,PEP-TIM-015|PEP-TIM-017,hcm.operations.leave.update,BUSINESS_OPERATOR=HRIS_TIMEKEEPER>HRIS_DUTY_TIME_OPERATIONS_READER,PLANNED_QUERY_REQUIRED_NOT_IMPLEMENTED,hcm.operations.leave.update|hcm.operations.time.view,ia-node-access-contract-register.csv|hris-permission-group-matrix.csv|hris-atomic-duty-matrix.csv,/hr/operations/time/accrual-expiration?tab=overview&focus={resourcePublicId},NOT_STARTED_G3,NOT_AUTHORIZED_G6,frontend:apps/dwp/src/features/hris/shell/model/catalog/time.ts#time-accrual-expiration,859aad416dc0fe81feff9d68430e45ee621d1893f124e28b8dc7318672c058a1,NONE
BASE:time-reports,BASE76,time-reports,TIME,OPERATIONS,HRIS-TIM,dwp-time-server,BUSINESS_OPERATOR,PLANNED,/hr/operations/time/reports,overview,TFR-TIM-009,PEP-TIM-001|PEP-TIM-027,IAQ-047,hcm.operations.time.view,PEP-TIM-027,hcm.operations.time.export,BUSINESS_OPERATOR=HRIS_TIMEKEEPER>HRIS_DUTY_TIME_OPERATIONS_READER,PLANNED_QUERY_REQUIRED_NOT_IMPLEMENTED,hcm.operations.time.export|hcm.operations.time.view,ia-node-access-contract-register.csv|hris-permission-group-matrix.csv|hris-atomic-duty-matrix.csv,/hr/operations/time/reports?tab=overview&focus={resourcePublicId},NOT_STARTED_G3,NOT_AUTHORIZED_G6,frontend:apps/dwp/src/features/hris/shell/model/catalog/time.ts#time-reports,859aad416dc0fe81feff9d68430e45ee621d1893f124e28b8dc7318672c058a1,NONE
BASE:pay-command-center,BASE76,pay-command-center,PAYROLL,OPERATIONS,HRIS-PAY,dwp-payroll-server,BUSINESS_OPERATOR,PLANNED,/hr/operations/payroll/command-center,summary,TFR-PAY-011|TFR-PAY-012|TFR-PAY-013|TFR-PAY-015,EVT-PAY:HrisHomeContributionChanged.v1|EVT-PAY:PayrollCalculated|EVT-PAY:PayrollFinalized|EVT-PAY:PayrollRunApproved|EVT-PAY:PayrollRunPrepared|EVT-PAY:PayrollValidated|PEP-PAY-001|PEP-PAY-011|PEP-PAY-012|PEP-PAY-013|PEP-PAY-014|PEP-PAY-015|PEP-PAY-016|PEP-PAY-017|PEP-PAY-018|PEP-PAY-032|PEP-PAY-033|SVC-PEP-PAY-001|XCON-015,PEP-PAY-001,hcm.operations.payroll-support.view,PEP-PAY-011|PEP-PAY-012|PEP-PAY-016|PEP-PAY-017|PEP-PAY-018|PEP-PAY-032,hcm.operations.payroll-run.execute|hcm.operations.payroll-validate.execute|hcm.operations.payroll.approve|hcm.operations.payroll.export|hcm.operations.payroll.release,BUSINESS_OPERATOR=HRIS_PAYROLL_SUPPORT_VIEWER>HRIS_DUTY_PAYROLL_SUPPORT_VIEWER,EXISTING_QUERY_CONTRACT_BOUND,hcm.operations.payroll-run.execute|hcm.operations.payroll-support.view|hcm.operations.payroll-validate.execute|hcm.operations.payroll.approve|hcm.operations.payroll.export|hcm.operations.payroll.release,ia-node-access-contract-register.csv|hris-permission-group-matrix.csv|hris-atomic-duty-matrix.csv,/hr/operations/payroll/command-center?period={periodPublicId}&tab=exceptions,NOT_STARTED_G3,NOT_AUTHORIZED_G6,frontend:apps/dwp/src/features/hris/shell/model/catalog/payroll.ts#pay-command-center,952db3818418230f34f135aceee19d62445aeacd863e70a25f61e51c29b3b31e,NONE
BASE:pay-population,BASE76,pay-population,PAYROLL,OPERATIONS,HRIS-PAY,dwp-payroll-server,BUSINESS_OPERATOR,PLANNED,/hr/operations/payroll/population,overview,TFR-PAY-013|TFR-PAY-021,EVT-PAY:PayrollRunPrepared|PEP-PAY-011|SVC-PEP-HRM-002|SVC-PEP-HRM-003|SVC-PEP-HRM-005|XCON-001|XCON-002|XCON-003|XCON-004|XCON-005|XCON-006|XCON-007|XCON-017|XCON-018|XCON-019,IAQ-014,hcm.operations.payroll-support.view,PEP-PAY-011,hcm.operations.payroll-run.execute,BUSINESS_OPERATOR=HRIS_PAYROLL_SUPPORT_VIEWER>HRIS_DUTY_PAYROLL_SUPPORT_VIEWER,PLANNED_QUERY_REQUIRED_NOT_IMPLEMENTED,hcm.operations.payroll-run.execute|hcm.operations.payroll-support.view,ia-node-access-contract-register.csv|hris-permission-group-matrix.csv|hris-atomic-duty-matrix.csv,/hr/operations/payroll/population?tab=overview&focus={resourcePublicId},NOT_STARTED_G3,NOT_AUTHORIZED_G6,frontend:apps/dwp/src/features/hris/shell/model/catalog/payroll.ts#pay-population,952db3818418230f34f135aceee19d62445aeacd863e70a25f61e51c29b3b31e,NONE
BASE:pay-inputs,BASE76,pay-inputs,PAYROLL,OPERATIONS,HRIS-PAY,dwp-payroll-server,BUSINESS_OPERATOR,PLANNED,/hr/operations/payroll/inputs,overview,TFR-PAY-016|TFR-PAY-020|TFR-PAY-021,PEP-PAY-009|PEP-PAY-010|SVC-PEP-HRM-002|SVC-PEP-HRM-003|SVC-PEP-HRM-005|SVC-PEP-PER-001|SVC-PEP-TIM-001|XCON-001|XCON-002|XCON-003|XCON-004|XCON-005|XCON-006|XCON-007|XCON-008|XCON-009|XCON-010|XCON-011|XCON-017|XCON-018|XCON-019|XCON-020|XCON-021,IAQ-015,hcm.operations.payroll-support.view,PEP-PAY-009|PEP-PAY-010,hcm.operations.payroll-inputs.update,BUSINESS_OPERATOR=HRIS_PAYROLL_SUPPORT_VIEWER>HRIS_DUTY_PAYROLL_SUPPORT_VIEWER,PLANNED_QUERY_REQUIRED_NOT_IMPLEMENTED,hcm.operations.payroll-inputs.update|hcm.operations.payroll-support.view,ia-node-access-contract-register.csv|hris-permission-group-matrix.csv|hris-atomic-duty-matrix.csv,/hr/operations/payroll/inputs?tab=overview&focus={resourcePublicId},NOT_STARTED_G3,NOT_AUTHORIZED_G6,frontend:apps/dwp/src/features/hris/shell/model/catalog/payroll.ts#pay-inputs,952db3818418230f34f135aceee19d62445aeacd863e70a25f61e51c29b3b31e,NONE
BASE:pay-calculation,BASE76,pay-calculation,PAYROLL,OPERATIONS,HRIS-PAY,dwp-payroll-server,BUSINESS_OPERATOR,PLANNED,/hr/operations/payroll/calculation,overview,TFR-PAY-011,EVT-PAY:PayrollCalculated|EVT-PAY:PayrollFinalized|EVT-PAY:PayrollRunApproved|PEP-PAY-012|PEP-PAY-013|PEP-PAY-017|PEP-PAY-018|PEP-PAY-033,PEP-PAY-013,hcm.operations.payroll-support.view,PEP-PAY-012|PEP-PAY-017|PEP-PAY-018,hcm.operations.payroll-run.execute|hcm.operations.payroll.approve|hcm.operations.payroll.release,BUSINESS_OPERATOR=HRIS_PAYROLL_SUPPORT_VIEWER>HRIS_DUTY_PAYROLL_SUPPORT_VIEWER,EXISTING_QUERY_CONTRACT_BOUND,hcm.operations.payroll-run.execute|hcm.operations.payroll-support.view|hcm.operations.payroll.approve|hcm.operations.payroll.release,ia-node-access-contract-register.csv|hris-permission-group-matrix.csv|hris-atomic-duty-matrix.csv,/hr/operations/payroll/calculation?tab=overview&focus={resourcePublicId},NOT_STARTED_G3,NOT_AUTHORIZED_G6,frontend:apps/dwp/src/features/hris/shell/model/catalog/payroll.ts#pay-calculation,952db3818418230f34f135aceee19d62445aeacd863e70a25f61e51c29b3b31e,NONE
BASE:pay-validation-reconciliation,BASE76,pay-validation-reconciliation,PAYROLL,OPERATIONS,HRIS-PAY,dwp-payroll-server,BUSINESS_OPERATOR,PLANNED,/hr/operations/payroll/validation-reconciliation,overview,TFR-PAY-012,EVT-PAY:PayrollValidated|PEP-PAY-014|PEP-PAY-015|PEP-PAY-016|PEP-PAY-032,PEP-PAY-014,hcm.operations.payroll-support.view,PEP-PAY-016|PEP-PAY-032,hcm.operations.payroll-validate.execute|hcm.operations.payroll.export,BUSINESS_OPERATOR=HRIS_PAYROLL_SUPPORT_VIEWER>HRIS_DUTY_PAYROLL_SUPPORT_VIEWER,EXISTING_QUERY_CONTRACT_BOUND,hcm.operations.payroll-support.view|hcm.operations.payroll-validate.execute|hcm.operations.payroll.export,ia-node-access-contract-register.csv|hris-permission-group-matrix.csv|hris-atomic-duty-matrix.csv,/hr/operations/payroll/validation-reconciliation?tab=overview&focus={resourcePublicId},NOT_STARTED_G3,NOT_AUTHORIZED_G6,frontend:apps/dwp/src/features/hris/shell/model/catalog/payroll.ts#pay-validation-reconciliation,952db3818418230f34f135aceee19d62445aeacd863e70a25f61e51c29b3b31e,NONE
BASE:pay-retro-corrections,BASE76,pay-retro-corrections,PAYROLL,OPERATIONS,HRIS-PAY,dwp-payroll-server,BUSINESS_OPERATOR,PLANNED,/hr/operations/payroll/retro-corrections,overview,TFR-PAY-010,EVT-PAY:PayrollCorrectionPosted|PEP-PAY-019|PEP-PAY-020,IAQ-016,hcm.operations.payroll-support.view,PEP-PAY-019|PEP-PAY-020,hcm.operations.payroll-inputs.update,BUSINESS_OPERATOR=HRIS_PAYROLL_SUPPORT_VIEWER>HRIS_DUTY_PAYROLL_SUPPORT_VIEWER,PLANNED_QUERY_REQUIRED_NOT_IMPLEMENTED,hcm.operations.payroll-inputs.update|hcm.operations.payroll-support.view,ia-node-access-contract-register.csv|hris-permission-group-matrix.csv|hris-atomic-duty-matrix.csv,/hr/operations/payroll/retro-corrections?tab=overview&focus={resourcePublicId},NOT_STARTED_G3,NOT_AUTHORIZED_G6,frontend:apps/dwp/src/features/hris/shell/model/catalog/payroll.ts#pay-retro-corrections,952db3818418230f34f135aceee19d62445aeacd863e70a25f61e51c29b3b31e,NONE
BASE:pay-results,BASE76,pay-results,PAYROLL,OPERATIONS,HRIS-PAY,dwp-payroll-server,BUSINESS_OPERATOR,PLANNED,/hr/operations/payroll/results,overview,TFR-PAY-012,EVT-PAY:PayrollValidated|PEP-PAY-014|PEP-PAY-015|PEP-PAY-016|PEP-PAY-032,PEP-PAY-014,hcm.operations.payroll-support.view,PEP-PAY-016|PEP-PAY-032,hcm.operations.payroll-validate.execute|hcm.operations.payroll.export,BUSINESS_OPERATOR=HRIS_PAYROLL_SUPPORT_VIEWER>HRIS_DUTY_PAYROLL_SUPPORT_VIEWER,EXISTING_QUERY_CONTRACT_BOUND,hcm.operations.payroll-support.view|hcm.operations.payroll-validate.execute|hcm.operations.payroll.export,ia-node-access-contract-register.csv|hris-permission-group-matrix.csv|hris-atomic-duty-matrix.csv,/hr/operations/payroll/results?tab=overview&focus={resourcePublicId},NOT_STARTED_G3,NOT_AUTHORIZED_G6,frontend:apps/dwp/src/features/hris/shell/model/catalog/payroll.ts#pay-results,952db3818418230f34f135aceee19d62445aeacd863e70a25f61e51c29b3b31e,NONE
BASE:pay-payments,BASE76,pay-payments,PAYROLL,OPERATIONS,HRIS-PAY,dwp-payroll-server,BUSINESS_OPERATOR,PLANNED,/hr/operations/payroll/payments,overview,TFR-PAY-008,EVT-PAY:PaymentInstructionReleased|EVT-PAY:PayrollPosted|PEP-PAY-021|PEP-PAY-022|PEP-PAY-023|PEP-PAY-024|PEP-PAY-025,IAQ-017,hcm.operations.payroll-support.view,PEP-PAY-021|PEP-PAY-022|PEP-PAY-023|PEP-PAY-024|PEP-PAY-025,hcm.operations.payroll.accounting-post|hcm.operations.payroll.release,BUSINESS_OPERATOR=HRIS_PAYROLL_SUPPORT_VIEWER>HRIS_DUTY_PAYROLL_SUPPORT_VIEWER,PLANNED_QUERY_REQUIRED_NOT_IMPLEMENTED,hcm.operations.payroll-support.view|hcm.operations.payroll.accounting-post|hcm.operations.payroll.release,ia-node-access-contract-register.csv|hris-permission-group-matrix.csv|hris-atomic-duty-matrix.csv,/hr/operations/payroll/payments?tab=overview&focus={resourcePublicId},NOT_STARTED_G3,NOT_AUTHORIZED_G6,frontend:apps/dwp/src/features/hris/shell/model/catalog/payroll.ts#pay-payments,952db3818418230f34f135aceee19d62445aeacd863e70a25f61e51c29b3b31e,NONE
BASE:pay-accounting,BASE76,pay-accounting,PAYROLL,OPERATIONS,HRIS-PAY,dwp-payroll-server,BUSINESS_OPERATOR,PLANNED,/hr/operations/payroll/accounting,overview,TFR-PAY-008,EVT-PAY:PaymentInstructionReleased|EVT-PAY:PayrollPosted|PEP-PAY-021|PEP-PAY-022|PEP-PAY-023|PEP-PAY-024|PEP-PAY-025,IAQ-018,hcm.operations.payroll-support.view,PEP-PAY-021|PEP-PAY-022|PEP-PAY-023|PEP-PAY-024|PEP-PAY-025,hcm.operations.payroll.accounting-post|hcm.operations.payroll.release,BUSINESS_OPERATOR=HRIS_PAYROLL_SUPPORT_VIEWER>HRIS_DUTY_PAYROLL_SUPPORT_VIEWER,PLANNED_QUERY_REQUIRED_NOT_IMPLEMENTED,hcm.operations.payroll-support.view|hcm.operations.payroll.accounting-post|hcm.operations.payroll.release,ia-node-access-contract-register.csv|hris-permission-group-matrix.csv|hris-atomic-duty-matrix.csv,/hr/operations/payroll/accounting?tab=overview&focus={resourcePublicId},NOT_STARTED_G3,NOT_AUTHORIZED_G6,frontend:apps/dwp/src/features/hris/shell/model/catalog/payroll.ts#pay-accounting,952db3818418230f34f135aceee19d62445aeacd863e70a25f61e51c29b3b31e,NONE
BASE:pay-statements,BASE76,pay-statements,PAYROLL,OPERATIONS,HRIS-PAY,dwp-payroll-server,BUSINESS_OPERATOR,PLANNED,/hr/operations/payroll/statements,overview,TFR-PAY-009,EVT-PAY:PayslipPublished|PEP-PAY-026|PEP-PAY-027,PEP-PAY-026,hcm.operations.payroll-support.view,PEP-PAY-027,hcm.operations.payroll.release|hcm.personal.pay-statement.download,BUSINESS_OPERATOR=HRIS_PAYROLL_SUPPORT_VIEWER>HRIS_DUTY_PAYROLL_SUPPORT_VIEWER,EXISTING_QUERY_CONTRACT_BOUND,hcm.operations.payroll-support.view|hcm.operations.payroll.release|hcm.personal.pay-statement.download,ia-node-access-contract-register.csv|hris-permission-group-matrix.csv|hris-atomic-duty-matrix.csv,/hr/operations/payroll/statements?tab=overview&focus={resourcePublicId},NOT_STARTED_G3,NOT_AUTHORIZED_G6,frontend:apps/dwp/src/features/hris/shell/model/catalog/payroll.ts#pay-statements,952db3818418230f34f135aceee19d62445aeacd863e70a25f61e51c29b3b31e,NONE
BASE:pay-tax-social-insurance,BASE76,pay-tax-social-insurance,PAYROLL,OPERATIONS,HRIS-PAY,dwp-payroll-server,BUSINESS_OPERATOR,PLANNED,/hr/operations/payroll/tax-social-insurance,overview,TFR-PAY-003|TFR-PAY-005|TFR-PAY-014,EVT-PAY:PayrollCalculated|PEP-PAY-004|PEP-PAY-005|PEP-PAY-008|PEP-PAY-012|PEP-PAY-014|PEP-PAY-028,IAQ-048,hcm.operations.payroll-support.view,PEP-PAY-004|PEP-PAY-005|PEP-PAY-012|PEP-PAY-028,hcm.operations.payroll-inputs.update|hcm.operations.payroll-run.execute|hcm.operations.statutory.execute,BUSINESS_OPERATOR=HRIS_PAYROLL_SUPPORT_VIEWER>HRIS_DUTY_PAYROLL_SUPPORT_VIEWER,PLANNED_QUERY_REQUIRED_NOT_IMPLEMENTED,hcm.operations.payroll-inputs.update|hcm.operations.payroll-run.execute|hcm.operations.payroll-support.view|hcm.operations.statutory.execute,ia-node-access-contract-register.csv|hris-permission-group-matrix.csv|hris-atomic-duty-matrix.csv,/hr/operations/payroll/tax-social-insurance?tab=overview&focus={resourcePublicId},NOT_STARTED_G3,NOT_AUTHORIZED_G6,frontend:apps/dwp/src/features/hris/shell/model/catalog/payroll.ts#pay-tax-social-insurance,952db3818418230f34f135aceee19d62445aeacd863e70a25f61e51c29b3b31e,NONE
BASE:pay-retirement,BASE76,pay-retirement,PAYROLL,OPERATIONS,HRIS-PAY,dwp-payroll-server,BUSINESS_OPERATOR,PLANNED,/hr/operations/payroll/retirement,overview,TFR-PAY-004,EVT-PAY:PayrollCalculated|PEP-PAY-012|PEP-PAY-014|PEP-PAY-028,IAQ-049,hcm.operations.payroll-support.view,PEP-PAY-012|PEP-PAY-028,hcm.operations.payroll-run.execute|hcm.operations.statutory.execute,BUSINESS_OPERATOR=HRIS_PAYROLL_SUPPORT_VIEWER>HRIS_DUTY_PAYROLL_SUPPORT_VIEWER,PLANNED_QUERY_REQUIRED_NOT_IMPLEMENTED,hcm.operations.payroll-run.execute|hcm.operations.payroll-support.view|hcm.operations.statutory.execute,ia-node-access-contract-register.csv|hris-permission-group-matrix.csv|hris-atomic-duty-matrix.csv,/hr/operations/payroll/retirement?tab=overview&focus={resourcePublicId},NOT_STARTED_G3,NOT_AUTHORIZED_G6,frontend:apps/dwp/src/features/hris/shell/model/catalog/payroll.ts#pay-retirement,952db3818418230f34f135aceee19d62445aeacd863e70a25f61e51c29b3b31e,NONE
BASE:pay-year-end-tax,BASE76,pay-year-end-tax,PAYROLL,OPERATIONS,HRIS-PAY,dwp-payroll-server,BUSINESS_OPERATOR,BLOCKED_EVIDENCE,/hr/operations/payroll/year-end-tax,overview,TFR-PAY-017,EVT-PAY:YearEndCaseChanged|PEP-PAY-029|PEP-PAY-030|PEP-PAY-031,IAQ-019,hcm.operations.payroll-support.view,PEP-PAY-031,hcm.operations.statutory.execute,BUSINESS_OPERATOR=HRIS_PAYROLL_SUPPORT_VIEWER>HRIS_DUTY_PAYROLL_SUPPORT_VIEWER,PLANNED_QUERY_REQUIRED_NOT_IMPLEMENTED,hcm.operations.payroll-support.view|hcm.operations.statutory.execute,ia-node-access-contract-register.csv|hris-permission-group-matrix.csv|hris-atomic-duty-matrix.csv,/hr/operations/payroll/year-end-tax?tab=overview&focus={resourcePublicId},NOT_STARTED_G3_TEST_PROVIDER_ONLY,NOT_AUTHORIZED_G6,frontend:apps/dwp/src/features/hris/shell/model/catalog/payroll.ts#pay-year-end-tax,952db3818418230f34f135aceee19d62445aeacd863e70a25f61e51c29b3b31e,NONE
BASE:pay-reports,BASE76,pay-reports,PAYROLL,OPERATIONS,HRIS-PAY,dwp-payroll-server,BUSINESS_OPERATOR,PLANNED,/hr/operations/payroll/reports,overview,TFR-PAY-012|TFR-PAY-015,EVT-PAY:HrisHomeContributionChanged.v1|EVT-PAY:PayrollValidated|PEP-PAY-001|PEP-PAY-014|PEP-PAY-015|PEP-PAY-016|PEP-PAY-032|SVC-PEP-PAY-001|XCON-015,IAQ-050,hcm.operations.payroll-support.view,PEP-PAY-016|PEP-PAY-032,hcm.operations.payroll-validate.execute|hcm.operations.payroll.export,BUSINESS_OPERATOR=HRIS_PAYROLL_SUPPORT_VIEWER>HRIS_DUTY_PAYROLL_SUPPORT_VIEWER,PLANNED_QUERY_REQUIRED_NOT_IMPLEMENTED,hcm.operations.payroll-support.view|hcm.operations.payroll-validate.execute|hcm.operations.payroll.export,ia-node-access-contract-register.csv|hris-permission-group-matrix.csv|hris-atomic-duty-matrix.csv,/hr/operations/payroll/reports?tab=overview&focus={resourcePublicId},NOT_STARTED_G3,NOT_AUTHORIZED_G6,frontend:apps/dwp/src/features/hris/shell/model/catalog/payroll.ts#pay-reports,952db3818418230f34f135aceee19d62445aeacd863e70a25f61e51c29b3b31e,NONE
BASE:performance-command-center,BASE76,performance-command-center,PERFORMANCE,OPERATIONS,HRIS-PER,dwp-people-server,BUSINESS_OPERATOR,PLANNED,/hr/operations/performance/command-center,summary,TFR-PER-007|TFR-PER-011,EVT-PER:HrisHomeContributionChanged.v1|PEP-PER-001|PEP-PER-021|PLAT-005|SVC-PEP-PER-002|XCON-012,IAQ-051,hcm.operations.performance.view,NONE,NONE,BUSINESS_OPERATOR=HRIS_PERFORMANCE_OPERATOR>HRIS_DUTY_PERFORMANCE_OPERATIONS_READER,PLANNED_QUERY_REQUIRED_NOT_IMPLEMENTED,hcm.operations.performance.view,ia-node-access-contract-register.csv|hris-permission-group-matrix.csv|hris-atomic-duty-matrix.csv,/hr/operations/performance/command-center?period={periodPublicId}&tab=exceptions,NOT_STARTED_G3,NOT_AUTHORIZED_G6,frontend:apps/dwp/src/features/hris/shell/model/catalog/performance.ts#performance-command-center,b129e923a8133dda19b3f0e940bd554afff9a4015fbcab25cbc02e6af74cfd6d,NONE
BASE:performance-goal-cycles,BASE76,performance-goal-cycles,PERFORMANCE,OPERATIONS,HRIS-PER,dwp-people-server,BUSINESS_OPERATOR,PLANNED,/hr/operations/performance/goal-cycles,overview,TFR-PER-005|TFR-PER-009,EVT-PER:PerformanceCyclePublished.v1|EVT-PER:PerformanceGoalCommitted.v1|PEP-PER-002|PEP-PER-003|PEP-PER-004|PEP-PER-005|PEP-PER-006|PEP-PER-007|PEP-PER-010|PEP-PER-011,PEP-PER-002,per.cycle.view,PEP-PER-003|PEP-PER-005|PEP-PER-006,hcm.operations.performance.update,BUSINESS_OPERATOR=HRIS_PERFORMANCE_OPERATOR>HRIS_DUTY_PERFORMANCE_CYCLE_READER,EXISTING_QUERY_CONTRACT_BOUND,hcm.operations.performance.update|per.cycle.view,ia-node-access-contract-register.csv|hris-permission-group-matrix.csv|hris-atomic-duty-matrix.csv,/hr/operations/performance/goal-cycles?tab=overview&focus={resourcePublicId},NOT_STARTED_G3,NOT_AUTHORIZED_G6,frontend:apps/dwp/src/features/hris/shell/model/catalog/performance.ts#performance-goal-cycles,b129e923a8133dda19b3f0e940bd554afff9a4015fbcab25cbc02e6af74cfd6d,NONE
BASE:performance-review-operations,BASE76,performance-review-operations,PERFORMANCE,OPERATIONS,HRIS-PER,dwp-people-server,BUSINESS_OPERATOR,PLANNED,/hr/operations/performance/review-operations,overview,TFR-PER-006|TFR-PER-013,EVT-PER:PerformancePopulationFrozen.v1|EVT-PER:PerformanceReviewSubmitted.v1|PEP-PER-008|PEP-PER-009|PEP-PER-012|PEP-PER-013|PEP-PER-014,IAQ-021,hcm.operations.performance.view,PEP-PER-008|PEP-PER-009,hcm.operations.performance.update,BUSINESS_OPERATOR=HRIS_PERFORMANCE_OPERATOR>HRIS_DUTY_PERFORMANCE_OPERATIONS_READER,PLANNED_QUERY_REQUIRED_NOT_IMPLEMENTED,hcm.operations.performance.update|hcm.operations.performance.view,ia-node-access-contract-register.csv|hris-permission-group-matrix.csv|hris-atomic-duty-matrix.csv,/hr/operations/performance/review-operations?tab=overview&focus={resourcePublicId},NOT_STARTED_G3,NOT_AUTHORIZED_G6,frontend:apps/dwp/src/features/hris/shell/model/catalog/performance.ts#performance-review-operations,b129e923a8133dda19b3f0e940bd554afff9a4015fbcab25cbc02e6af74cfd6d,NONE
BASE:performance-forms-scales,BASE76,performance-forms-scales,PERFORMANCE,OPERATIONS,HRIS-PER,dwp-people-server,BUSINESS_OPERATOR,PLANNED,/hr/operations/performance/forms-scales,overview,TFR-PER-004|TFR-PER-014,PEP-PER-003|PEP-PER-005|PEP-PER-006|PEP-PER-007|SYS-API-011|SYS-API-012|SYS-API-013|SYS-API-014|SYS-API-015|SYS-API-016,IAQ-020,hcm.operations.performance.view,PEP-PER-003|PEP-PER-005|PEP-PER-006,hcm.operations.performance.update,BUSINESS_OPERATOR=HRIS_PERFORMANCE_OPERATOR>HRIS_DUTY_PERFORMANCE_OPERATIONS_READER,PLANNED_QUERY_REQUIRED_NOT_IMPLEMENTED,hcm.operations.performance.update|hcm.operations.performance.view,ia-node-access-contract-register.csv|hris-permission-group-matrix.csv|hris-atomic-duty-matrix.csv,/hr/operations/performance/forms-scales?tab=overview&focus={resourcePublicId},NOT_STARTED_G3,NOT_AUTHORIZED_G6,frontend:apps/dwp/src/features/hris/shell/model/catalog/performance.ts#performance-forms-scales,b129e923a8133dda19b3f0e940bd554afff9a4015fbcab25cbc02e6af74cfd6d,NONE
BASE:performance-multirater-surveys,BASE76,performance-multirater-surveys,PERFORMANCE,OPERATIONS,HRIS-PER,dwp-people-server,BUSINESS_OPERATOR,PLANNED,/hr/operations/performance/multirater-surveys,overview,TFR-PER-013|TFR-PER-014,EVT-PER:PerformanceReviewSubmitted.v1|PEP-PER-003|PEP-PER-005|PEP-PER-006|PEP-PER-007|PEP-PER-012|PEP-PER-013|PEP-PER-014,IAQ-022,hcm.operations.performance.view,PEP-PER-003|PEP-PER-005|PEP-PER-006,hcm.operations.performance.update,BUSINESS_OPERATOR=HRIS_PERFORMANCE_OPERATOR>HRIS_DUTY_PERFORMANCE_OPERATIONS_READER,PLANNED_QUERY_REQUIRED_NOT_IMPLEMENTED,hcm.operations.performance.update|hcm.operations.performance.view,ia-node-access-contract-register.csv|hris-permission-group-matrix.csv|hris-atomic-duty-matrix.csv,/hr/operations/performance/multirater-surveys?tab=overview&focus={resourcePublicId},NOT_STARTED_G3,NOT_AUTHORIZED_G6,frontend:apps/dwp/src/features/hris/shell/model/catalog/performance.ts#performance-multirater-surveys,b129e923a8133dda19b3f0e940bd554afff9a4015fbcab25cbc02e6af74cfd6d,NONE
BASE:performance-conversations-feedback,BASE76,performance-conversations-feedback,PERFORMANCE,OPERATIONS,HRIS-PER,dwp-people-server,BUSINESS_OPERATOR,PLANNED,/hr/operations/performance/conversations-feedback,overview,TFR-PER-003|TFR-PER-008,EVT-PER:PerformanceFeedbackSubmitted.v1|PEP-PER-015|PEP-PER-016,IAQ-023,hcm.operations.performance.view,NONE,NONE,BUSINESS_OPERATOR=HRIS_PERFORMANCE_OPERATOR>HRIS_DUTY_PERFORMANCE_OPERATIONS_READER,PLANNED_QUERY_REQUIRED_NOT_IMPLEMENTED,hcm.operations.performance.view,ia-node-access-contract-register.csv|hris-permission-group-matrix.csv|hris-atomic-duty-matrix.csv,/hr/operations/performance/conversations-feedback?tab=overview&focus={resourcePublicId},NOT_STARTED_G3,NOT_AUTHORIZED_G6,frontend:apps/dwp/src/features/hris/shell/model/catalog/performance.ts#performance-conversations-feedback,b129e923a8133dda19b3f0e940bd554afff9a4015fbcab25cbc02e6af74cfd6d,NONE
BASE:performance-calibration,BASE76,performance-calibration,PERFORMANCE,OPERATIONS,HRIS-PER,dwp-people-server,BUSINESS_OPERATOR,PLANNED,/hr/operations/performance/calibration,overview,TFR-PER-002,EVT-PER:PerformanceCalibrationApproved.v1|PEP-PER-017,IAQ-024,hcm.operations.performance.view,PEP-PER-017,hcm.operations.performance.calibrate,BUSINESS_OPERATOR=HRIS_PERFORMANCE_OPERATOR>HRIS_DUTY_PERFORMANCE_OPERATIONS_READER,PLANNED_QUERY_REQUIRED_NOT_IMPLEMENTED,hcm.operations.performance.calibrate|hcm.operations.performance.view,ia-node-access-contract-register.csv|hris-permission-group-matrix.csv|hris-atomic-duty-matrix.csv,/hr/operations/performance/calibration?tab=overview&focus={resourcePublicId},NOT_STARTED_G3,NOT_AUTHORIZED_G6,frontend:apps/dwp/src/features/hris/shell/model/catalog/performance.ts#performance-calibration,b129e923a8133dda19b3f0e940bd554afff9a4015fbcab25cbc02e6af74cfd6d,NONE
BASE:performance-results,BASE76,performance-results,PERFORMANCE,OPERATIONS,HRIS-PER,dwp-people-server,BUSINESS_OPERATOR,PLANNED,/hr/operations/performance/results,overview,TFR-PER-012,EVT-PER:PerformanceAppealResolved.v1|EVT-PER:PerformanceResultsPublished.v1|PEP-PER-018|PEP-PER-019,IAQ-025,hcm.operations.performance.view,PEP-PER-018,hcm.operations.performance.publish,BUSINESS_OPERATOR=HRIS_PERFORMANCE_OPERATOR>HRIS_DUTY_PERFORMANCE_OPERATIONS_READER,PLANNED_QUERY_REQUIRED_NOT_IMPLEMENTED,hcm.operations.performance.publish|hcm.operations.performance.view,ia-node-access-contract-register.csv|hris-permission-group-matrix.csv|hris-atomic-duty-matrix.csv,/hr/operations/performance/results?tab=overview&focus={resourcePublicId},NOT_STARTED_G3,NOT_AUTHORIZED_G6,frontend:apps/dwp/src/features/hris/shell/model/catalog/performance.ts#performance-results,b129e923a8133dda19b3f0e940bd554afff9a4015fbcab25cbc02e6af74cfd6d,NONE
BASE:settings-enterprise,BASE76,settings-enterprise,SETTINGS,SETTINGS,HRIS-SYS,dwp-platform-server,SETTINGS_ADMIN,PLANNED,/hr/settings/enterprise,overview,TFR-HRM-005|TFR-SYS-011,EVT-HRM:OrganizationChanged.v1|PEP-HRM-006|PEP-HRM-007|PEP-HRM-008|PEP-HRM-009|PEP-HRM-010|SHARED-API-001|SHARED-API-002|XCON-006,SHARED-API-001,provider.tenant.read,NONE,NONE,SETTINGS_ADMIN=HRIS_CONFIG_AUTHOR>HRIS_DUTY_CONFIGURATION_WORKBENCH_READER,EXISTING_QUERY_CONTRACT_BOUND,provider.tenant.read,ia-node-access-contract-register.csv|hris-permission-group-matrix.csv|hris-atomic-duty-matrix.csv,/hr/settings/enterprise?tab=overview&focus={resourcePublicId},NOT_STARTED_G3,NOT_AUTHORIZED_G6,frontend:apps/dwp/src/features/hris/shell/model/catalog/settings.ts#settings-enterprise,dea5d172ee5d28cd0cd5b6c5e1fe71e777a166ae7c034008fa6807e42e3ee33e,NONE
BASE:settings-reference,BASE76,settings-reference,SETTINGS,SETTINGS,HRIS-SYS,dwp-platform-server,SETTINGS_ADMIN,PLANNED,/hr/settings/reference-data,overview,TFR-SYS-007,SYS-API-011|SYS-API-012|SYS-API-013|SYS-API-014|SYS-API-015|SYS-API-016|SYS-API-041|SYS-API-042|SYS-API-043|SYS-API-044|SYS-API-045|SYS-EVT-003,IAQ-052,hcm.configuration.workbench.view,SYS-API-012|SYS-API-013|SYS-API-014|SYS-API-015|SYS-API-016|SYS-API-042|SYS-API-043|SYS-API-044|SYS-API-045,hcm.configuration.policy.publish|hcm.configuration.policy.update,SETTINGS_ADMIN=HRIS_CONFIG_AUTHOR>HRIS_DUTY_CONFIGURATION_WORKBENCH_READER,PLANNED_QUERY_REQUIRED_NOT_IMPLEMENTED,hcm.configuration.policy.publish|hcm.configuration.policy.update|hcm.configuration.workbench.view,ia-node-access-contract-register.csv|hris-permission-group-matrix.csv|hris-atomic-duty-matrix.csv,/hr/settings/reference-data?tab=overview&focus={resourcePublicId},NOT_STARTED_G3,NOT_AUTHORIZED_G6,frontend:apps/dwp/src/features/hris/shell/model/catalog/settings.ts#settings-reference,dea5d172ee5d28cd0cd5b6c5e1fe71e777a166ae7c034008fa6807e42e3ee33e,NONE
BASE:settings-people-employment,BASE76,settings-people-employment,SETTINGS,SETTINGS,HRIS-HRM,dwp-people-server,SETTINGS_ADMIN,PLANNED,/hr/settings/people-employment,overview,TFR-HRM-007|TFR-HRM-008,EVT-HRM:AssignmentChanged.v1|EVT-HRM:EmploymentChanged.v1|EVT-HRM:WorkerChanged.v1|EVT-HRM:WorkerHired.v1|EVT-HRM:WorkplaceChanged.v1|PEP-HRM-006|PEP-HRM-007|PEP-HRM-008|PEP-HRM-009|SVC-PEP-HRM-004|XCON-001|XCON-003|XCON-004|XCON-005|XCON-016,IAQ-013,hcm.configuration.workbench.view,NONE,NONE,SETTINGS_ADMIN=HRIS_CONFIG_AUTHOR>HRIS_DUTY_CONFIGURATION_WORKBENCH_READER,PLANNED_QUERY_REQUIRED_NOT_IMPLEMENTED,hcm.configuration.workbench.view,ia-node-access-contract-register.csv|hris-permission-group-matrix.csv|hris-atomic-duty-matrix.csv,/hr/settings/people-employment?tab=overview&focus={resourcePublicId},NOT_STARTED_G3,NOT_AUTHORIZED_G6,frontend:apps/dwp/src/features/hris/shell/model/catalog/settings.ts#settings-people-employment,dea5d172ee5d28cd0cd5b6c5e1fe71e777a166ae7c034008fa6807e42e3ee33e,NONE
BASE:settings-time,BASE76,settings-time,SETTINGS,SETTINGS,HRIS-TIM,dwp-time-server,SETTINGS_ADMIN,PLANNED,/hr/settings/time,overview,TFR-TIM-005|TFR-TIM-016,EVT-TIM:PolicyPublished|PEP-TIM-002|PEP-TIM-003|PEP-TIM-004|PEP-TIM-005|PEP-TIM-006|SYS-API-011|SYS-API-012|SYS-API-013|SYS-API-014|SYS-API-015|SYS-API-016,IAQ-053,hcm.configuration.workbench.view,PEP-TIM-006|SYS-API-012|SYS-API-013|SYS-API-014|SYS-API-015|SYS-API-016,hcm.configuration.policy.publish|hcm.configuration.policy.update,SETTINGS_ADMIN=HRIS_CONFIG_AUTHOR>HRIS_DUTY_CONFIGURATION_WORKBENCH_READER,PLANNED_QUERY_REQUIRED_NOT_IMPLEMENTED,hcm.configuration.policy.publish|hcm.configuration.policy.update|hcm.configuration.workbench.view,ia-node-access-contract-register.csv|hris-permission-group-matrix.csv|hris-atomic-duty-matrix.csv,/hr/settings/time?tab=overview&focus={resourcePublicId},NOT_STARTED_G3,NOT_AUTHORIZED_G6,frontend:apps/dwp/src/features/hris/shell/model/catalog/settings.ts#settings-time,dea5d172ee5d28cd0cd5b6c5e1fe71e777a166ae7c034008fa6807e42e3ee33e,NONE
BASE:settings-leave,BASE76,settings-leave,SETTINGS,SETTINGS,HRIS-TIM,dwp-time-server,SETTINGS_ADMIN,PLANNED,/hr/settings/leave,overview,TFR-TIM-005|TFR-TIM-013,EVT-TIM:PolicyPublished|PEP-TIM-015|PEP-TIM-016|SYS-API-011|SYS-API-012|SYS-API-013|SYS-API-014|SYS-API-015|SYS-API-016,IAQ-054,hcm.configuration.workbench.view,PEP-TIM-016|SYS-API-012|SYS-API-013|SYS-API-014|SYS-API-015|SYS-API-016,hcm.configuration.policy.publish|hcm.configuration.policy.update,SETTINGS_ADMIN=HRIS_CONFIG_AUTHOR>HRIS_DUTY_CONFIGURATION_WORKBENCH_READER,PLANNED_QUERY_REQUIRED_NOT_IMPLEMENTED,hcm.configuration.policy.publish|hcm.configuration.policy.update|hcm.configuration.workbench.view,ia-node-access-contract-register.csv|hris-permission-group-matrix.csv|hris-atomic-duty-matrix.csv,/hr/settings/leave?tab=overview&focus={resourcePublicId},NOT_STARTED_G3,NOT_AUTHORIZED_G6,frontend:apps/dwp/src/features/hris/shell/model/catalog/settings.ts#settings-leave,dea5d172ee5d28cd0cd5b6c5e1fe71e777a166ae7c034008fa6807e42e3ee33e,NONE
BASE:settings-payroll,BASE76,settings-payroll,SETTINGS,SETTINGS,HRIS-PAY,dwp-payroll-server,SETTINGS_ADMIN,PLANNED,/hr/settings/payroll,overview,TFR-PAY-006|TFR-PAY-007|TFR-PAY-019,EVT-PAY:PayrollConfigurationPublished|EVT-PAY:PolicyPublished|PEP-PAY-002|PEP-PAY-003|PEP-PAY-004|PEP-PAY-005|PEP-PAY-006|PEP-PAY-007|PEP-PAY-008|SYS-API-011|SYS-API-012|SYS-API-013|SYS-API-014|SYS-API-015|SYS-API-016,IAQ-055,hcm.configuration.workbench.view,PEP-PAY-008|SYS-API-012|SYS-API-013|SYS-API-014|SYS-API-015|SYS-API-016,hcm.configuration.policy.publish|hcm.configuration.policy.update,SETTINGS_ADMIN=HRIS_CONFIG_AUTHOR>HRIS_DUTY_CONFIGURATION_WORKBENCH_READER,PLANNED_QUERY_REQUIRED_NOT_IMPLEMENTED,hcm.configuration.policy.publish|hcm.configuration.policy.update|hcm.configuration.workbench.view,ia-node-access-contract-register.csv|hris-permission-group-matrix.csv|hris-atomic-duty-matrix.csv,/hr/settings/payroll?tab=overview&focus={resourcePublicId},NOT_STARTED_G3,NOT_AUTHORIZED_G6,frontend:apps/dwp/src/features/hris/shell/model/catalog/settings.ts#settings-payroll,dea5d172ee5d28cd0cd5b6c5e1fe71e777a166ae7c034008fa6807e42e3ee33e,NONE
BASE:settings-statutory,BASE76,settings-statutory,SETTINGS,SETTINGS,HRIS-PAY,dwp-payroll-server,SETTINGS_ADMIN,PLANNED,/hr/settings/statutory,overview,TFR-PAY-003|TFR-PAY-004|TFR-PAY-005|TFR-PAY-017,EVT-PAY:PayrollCalculated|EVT-PAY:YearEndCaseChanged|PEP-PAY-012|PEP-PAY-014|PEP-PAY-028|PEP-PAY-029|PEP-PAY-030|PEP-PAY-031,IAQ-026,hcm.configuration.workbench.view,NONE,NONE,SETTINGS_ADMIN=HRIS_CONFIG_AUTHOR>HRIS_DUTY_CONFIGURATION_WORKBENCH_READER,PLANNED_QUERY_REQUIRED_NOT_IMPLEMENTED,hcm.configuration.workbench.view,ia-node-access-contract-register.csv|hris-permission-group-matrix.csv|hris-atomic-duty-matrix.csv,/hr/settings/statutory?tab=overview&focus={resourcePublicId},NOT_STARTED_G3,NOT_AUTHORIZED_G6,frontend:apps/dwp/src/features/hris/shell/model/catalog/settings.ts#settings-statutory,dea5d172ee5d28cd0cd5b6c5e1fe71e777a166ae7c034008fa6807e42e3ee33e,NONE
BASE:settings-performance,BASE76,settings-performance,SETTINGS,SETTINGS,HRIS-PER,dwp-people-server,SETTINGS_ADMIN,PLANNED,/hr/settings/performance,overview,TFR-PER-004|TFR-PER-005|TFR-PER-014,EVT-PER:PerformanceCyclePublished.v1|PEP-PER-002|PEP-PER-003|PEP-PER-004|PEP-PER-005|PEP-PER-006|PEP-PER-007|SYS-API-011|SYS-API-012|SYS-API-013|SYS-API-014|SYS-API-015|SYS-API-016,IAQ-056,hcm.configuration.workbench.view,PEP-PER-007|SYS-API-012|SYS-API-013|SYS-API-014|SYS-API-015|SYS-API-016,hcm.configuration.policy.publish|hcm.configuration.policy.update,SETTINGS_ADMIN=HRIS_CONFIG_AUTHOR>HRIS_DUTY_CONFIGURATION_WORKBENCH_READER,PLANNED_QUERY_REQUIRED_NOT_IMPLEMENTED,hcm.configuration.policy.publish|hcm.configuration.policy.update|hcm.configuration.workbench.view,ia-node-access-contract-register.csv|hris-permission-group-matrix.csv|hris-atomic-duty-matrix.csv,/hr/settings/performance?tab=overview&focus={resourcePublicId},NOT_STARTED_G3,NOT_AUTHORIZED_G6,frontend:apps/dwp/src/features/hris/shell/model/catalog/settings.ts#settings-performance,dea5d172ee5d28cd0cd5b6c5e1fe71e777a166ae7c034008fa6807e42e3ee33e,NONE
BASE:settings-workflow,BASE76,settings-workflow,SETTINGS,SETTINGS,HRIS-SYS,dwp-platform-server,SETTINGS_ADMIN,PLANNED,/hr/settings/workflow,overview,TFR-SYS-003,PLAT-003|SHARED-API-005|SHARED-API-006|SHARED-API-010|SHARED-API-011|SHARED-API-012,SHARED-API-005,approvals.policy.read,SHARED-API-006,approvals.policy.publish,SETTINGS_ADMIN=HRIS_CONFIG_AUTHOR>HRIS_DUTY_CONFIGURATION_WORKBENCH_READER,EXISTING_QUERY_CONTRACT_BOUND,approvals.policy.publish|approvals.policy.read,ia-node-access-contract-register.csv|hris-permission-group-matrix.csv|hris-atomic-duty-matrix.csv,/hr/settings/workflow?tab=overview&focus={resourcePublicId},NOT_STARTED_G3,NOT_AUTHORIZED_G6,frontend:apps/dwp/src/features/hris/shell/model/catalog/settings.ts#settings-workflow,dea5d172ee5d28cd0cd5b6c5e1fe71e777a166ae7c034008fa6807e42e3ee33e,NONE
BASE:settings-documents-communications,BASE76,settings-documents-communications,SETTINGS,SETTINGS,HRIS-HRM,dwp-people-server,SETTINGS_ADMIN,PLANNED,/hr/settings/documents-communications,overview,TFR-HRM-014,PLAT-004|SYS-API-011|SYS-API-012|SYS-API-013|SYS-API-014|SYS-API-015|SYS-API-016|SYS-API-033,SYS-API-033,hcm.integration.transfer.view,SYS-API-012|SYS-API-013|SYS-API-014|SYS-API-015|SYS-API-016,hcm.configuration.policy.publish|hcm.configuration.policy.update,SETTINGS_ADMIN=HRIS_INTEGRATION_AUTHOR>HRIS_DUTY_CONTROLLED_TRANSFER_READER,EXISTING_QUERY_CONTRACT_BOUND,hcm.configuration.policy.publish|hcm.configuration.policy.update|hcm.integration.transfer.view,ia-node-access-contract-register.csv|hris-permission-group-matrix.csv|hris-atomic-duty-matrix.csv,/hr/settings/documents-communications?tab=overview&focus={resourcePublicId},NOT_STARTED_G3,NOT_AUTHORIZED_G6,frontend:apps/dwp/src/features/hris/shell/model/catalog/settings.ts#settings-documents-communications,dea5d172ee5d28cd0cd5b6c5e1fe71e777a166ae7c034008fa6807e42e3ee33e,NONE
BASE:settings-integrations,BASE76,settings-integrations,SETTINGS,SETTINGS,HRIS-SYS,dwp-platform-server,SETTINGS_ADMIN,PLANNED,/hr/settings/integrations,overview,TFR-SYS-008,SYS-API-021|SYS-API-022|SYS-API-023|SYS-API-024|SYS-API-025|SYS-API-057|SYS-API-058|SYS-API-059|SYS-API-060|SYS-API-061|SYS-API-062|SYS-API-063|SYS-API-064|SYS-API-065|SYS-API-066|SYS-API-067|SYS-API-068|SYS-EVT-005,IAQ-057,hcm.configuration.workbench.view,SYS-API-021|SYS-API-022|SYS-API-023|SYS-API-024|SYS-API-057|SYS-API-058|SYS-API-059|SYS-API-060|SYS-API-061|SYS-API-062|SYS-API-063|SYS-API-064|SYS-API-065|SYS-API-066|SYS-API-067|SYS-API-068,hcm.integration.definition.update|hcm.integration.execute,SETTINGS_ADMIN=HRIS_CONFIG_AUTHOR>HRIS_DUTY_CONFIGURATION_WORKBENCH_READER,PLANNED_QUERY_REQUIRED_NOT_IMPLEMENTED,hcm.configuration.workbench.view|hcm.integration.definition.update|hcm.integration.execute,ia-node-access-contract-register.csv|hris-permission-group-matrix.csv|hris-atomic-duty-matrix.csv,/hr/settings/integrations?tab=overview&focus={resourcePublicId},NOT_STARTED_G3,NOT_AUTHORIZED_G6,frontend:apps/dwp/src/features/hris/shell/model/catalog/settings.ts#settings-integrations,dea5d172ee5d28cd0cd5b6c5e1fe71e777a166ae7c034008fa6807e42e3ee33e,NONE
BASE:settings-extensions,BASE76,settings-extensions,SETTINGS,SETTINGS,HRIS-SYS,dwp-platform-server,SETTINGS_ADMIN,PLANNED,/hr/settings/extensions,overview,TFR-HRM-015,SYS-API-028|SYS-API-029|SYS-API-030|SYS-API-069|SYS-API-070|SYS-API-071|SYS-API-072|SYS-API-073|SYS-API-074|SYS-API-075|SYS-EVT-006,IAQ-058,hcm.configuration.workbench.view,SYS-API-029|SYS-API-030|SYS-API-069|SYS-API-070|SYS-API-071|SYS-API-072|SYS-API-073|SYS-API-074|SYS-API-075,hcm.configuration.policy.publish|hcm.configuration.policy.update,SETTINGS_ADMIN=HRIS_CONFIG_AUTHOR>HRIS_DUTY_CONFIGURATION_WORKBENCH_READER,PLANNED_QUERY_REQUIRED_NOT_IMPLEMENTED,hcm.configuration.policy.publish|hcm.configuration.policy.update|hcm.configuration.workbench.view,ia-node-access-contract-register.csv|hris-permission-group-matrix.csv|hris-atomic-duty-matrix.csv,/hr/settings/extensions?tab=overview&focus={resourcePublicId},NOT_STARTED_G3,NOT_AUTHORIZED_G6,frontend:apps/dwp/src/features/hris/shell/model/catalog/settings.ts#settings-extensions,dea5d172ee5d28cd0cd5b6c5e1fe71e777a166ae7c034008fa6807e42e3ee33e,NONE
BASE:settings-operations,BASE76,settings-operations,SETTINGS,SETTINGS,HRIS-SYS,dwp-platform-server,SETTINGS_ADMIN,PLANNED,/hr/settings/operations,overview,TFR-SYS-002|TFR-SYS-006,SYS-API-017|SYS-API-018|SYS-API-019|SYS-API-020|SYS-API-035|SYS-API-036|SYS-API-038|SYS-API-046|SYS-API-047|SYS-API-048|SYS-API-049|SYS-API-050|SYS-API-051|SYS-API-052|SYS-API-053|SYS-API-054|SYS-API-055|SYS-API-056|SYS-EVT-004|SYS-EVT-009,IAQ-059,hcm.configuration.workbench.view,SYS-API-017|SYS-API-018|SYS-API-020|SYS-API-046|SYS-API-047|SYS-API-048|SYS-API-049|SYS-API-050|SYS-API-051|SYS-API-052|SYS-API-053|SYS-API-054|SYS-API-055|SYS-API-056,hcm.configuration.policy.publish|hcm.configuration.policy.update|hcm.integration.execute,SETTINGS_ADMIN=HRIS_CONFIG_AUTHOR>HRIS_DUTY_CONFIGURATION_WORKBENCH_READER,PLANNED_QUERY_REQUIRED_NOT_IMPLEMENTED,hcm.configuration.policy.publish|hcm.configuration.policy.update|hcm.configuration.workbench.view|hcm.integration.execute,ia-node-access-contract-register.csv|hris-permission-group-matrix.csv|hris-atomic-duty-matrix.csv,/hr/settings/operations?tab=overview&focus={resourcePublicId},NOT_STARTED_G3,NOT_AUTHORIZED_G6,frontend:apps/dwp/src/features/hris/shell/model/catalog/settings.ts#settings-operations,dea5d172ee5d28cd0cd5b6c5e1fe71e777a166ae7c034008fa6807e42e3ee33e,NONE
BASE:dwp-experience,BASE76,dwp-experience,DWP_CONTROL,SETTINGS,HRIS-SYS,dwp-platform-server,SETTINGS_ADMIN,EXTERNAL,/admin/experience/branding?product=HCM,overview,TFR-SYS-012,SVC-PEP-HRM-006|SVC-PEP-PAY-001|SVC-PEP-PER-002|SVC-PEP-TIM-002|SYS-API-026|SYS-API-027|SYS-API-031|SYS-API-032|SYS-API-039|SYS-API-040|SYS-EVT-007|XCON-012|XCON-013|XCON-014|XCON-015,IAQ-060,hcm.configuration.workbench.view,NONE,NONE,SETTINGS_ADMIN=HRIS_CONFIG_AUTHOR>HRIS_DUTY_CONFIGURATION_WORKBENCH_READER,PLANNED_QUERY_REQUIRED_NOT_IMPLEMENTED,hcm.configuration.workbench.view,ia-node-access-contract-register.csv|hris-permission-group-matrix.csv|hris-atomic-duty-matrix.csv,/admin/experience/branding?product=HCM&tab=overview&focus={resourcePublicId},NOT_STARTED_G3,NOT_AUTHORIZED_G6,frontend:apps/dwp/src/features/hris/shell/model/catalog/dwp-control.ts#dwp-experience,8a4b8898a32d1967e39aa73cca12117261dadb3e0fdbaec054d39b5f6fd5853f,NONE
BASE:dwp-identity,BASE76,dwp-identity,DWP_CONTROL,SETTINGS,HRIS-SYS,dwp-auth-server,SETTINGS_ADMIN,EXTERNAL,/admin/identity/app-governance?product=HCM,overview,TFR-SYS-004,SYS-API-001|SYS-API-002|SYS-API-003|SYS-API-004|SYS-API-005|SYS-API-006|SYS-API-007|SYS-API-008|SYS-API-009|SYS-API-010|SYS-API-037|SYS-EVT-001|SYS-EVT-002,IAQ-061,hcm.configuration.workbench.view,SYS-API-002|SYS-API-003|SYS-API-004|SYS-API-005|SYS-API-006|SYS-API-007|SYS-API-008|SYS-API-009,hcm.configuration.policy.publish|hcm.configuration.policy.update,SETTINGS_ADMIN=HRIS_CONFIG_AUTHOR>HRIS_DUTY_CONFIGURATION_WORKBENCH_READER,PLANNED_QUERY_REQUIRED_NOT_IMPLEMENTED,hcm.configuration.policy.publish|hcm.configuration.policy.update|hcm.configuration.workbench.view,ia-node-access-contract-register.csv|hris-permission-group-matrix.csv|hris-atomic-duty-matrix.csv,/admin/identity/app-governance?product=HCM&tab=overview&focus={resourcePublicId},NOT_STARTED_G3,NOT_AUTHORIZED_G6,frontend:apps/dwp/src/features/hris/shell/model/catalog/dwp-control.ts#dwp-identity,8a4b8898a32d1967e39aa73cca12117261dadb3e0fdbaec054d39b5f6fd5853f,NONE
BASE:dwp-platform,BASE76,dwp-platform,DWP_CONTROL,SETTINGS,HRIS-SYS,dwp-platform-server,SETTINGS_ADMIN,EXTERNAL,/admin/platform/catalog?product=HCM,overview,TFR-SYS-007|TFR-SYS-011,SHARED-API-001|SHARED-API-002|SYS-API-011|SYS-API-012|SYS-API-013|SYS-API-014|SYS-API-015|SYS-API-016|SYS-API-041|SYS-API-042|SYS-API-043|SYS-API-044|SYS-API-045|SYS-EVT-003,SHARED-API-001,provider.tenant.read,NONE,NONE,SETTINGS_ADMIN=HRIS_CONFIG_AUTHOR>HRIS_DUTY_CONFIGURATION_WORKBENCH_READER,EXISTING_QUERY_CONTRACT_BOUND,provider.tenant.read,ia-node-access-contract-register.csv|hris-permission-group-matrix.csv|hris-atomic-duty-matrix.csv,/admin/platform/catalog?product=HCM&tab=overview&focus={resourcePublicId},NOT_STARTED_G3,NOT_AUTHORIZED_G6,frontend:apps/dwp/src/features/hris/shell/model/catalog/dwp-control.ts#dwp-platform,8a4b8898a32d1967e39aa73cca12117261dadb3e0fdbaec054d39b5f6fd5853f,NONE
BASE:dwp-integrations,BASE76,dwp-integrations,DWP_CONTROL,SETTINGS,HRIS-SYS,dwp-platform-server,SETTINGS_ADMIN,EXTERNAL,/admin/integrations/productivity?product=HCM,overview,TFR-SYS-008,SYS-API-021|SYS-API-022|SYS-API-023|SYS-API-024|SYS-API-025|SYS-API-057|SYS-API-058|SYS-API-059|SYS-API-060|SYS-API-061|SYS-API-062|SYS-API-063|SYS-API-064|SYS-API-065|SYS-API-066|SYS-API-067|SYS-API-068|SYS-EVT-005,IAQ-062,hcm.configuration.workbench.view,SYS-API-021|SYS-API-022|SYS-API-023|SYS-API-024|SYS-API-057|SYS-API-058|SYS-API-059|SYS-API-060|SYS-API-061|SYS-API-062|SYS-API-063|SYS-API-064|SYS-API-065|SYS-API-066|SYS-API-067|SYS-API-068,hcm.integration.definition.update|hcm.integration.execute,SETTINGS_ADMIN=HRIS_CONFIG_AUTHOR>HRIS_DUTY_CONFIGURATION_WORKBENCH_READER,PLANNED_QUERY_REQUIRED_NOT_IMPLEMENTED,hcm.configuration.workbench.view|hcm.integration.definition.update|hcm.integration.execute,ia-node-access-contract-register.csv|hris-permission-group-matrix.csv|hris-atomic-duty-matrix.csv,/admin/integrations/productivity?product=HCM&tab=overview&focus={resourcePublicId},NOT_STARTED_G3,NOT_AUTHORIZED_G6,frontend:apps/dwp/src/features/hris/shell/model/catalog/dwp-control.ts#dwp-integrations,8a4b8898a32d1967e39aa73cca12117261dadb3e0fdbaec054d39b5f6fd5853f,NONE
BASE:dwp-governance,BASE76,dwp-governance,DWP_CONTROL,SETTINGS,HRIS-SYS,dwp-audit|dwp-provider-server,SETTINGS_ADMIN|ENTERPRISE_AUDITOR,EXTERNAL,/admin/governance/audit-overview?product=HCM,overview,TFR-SYS-001|TFR-SYS-010,PLAT-005|SHARED-API-003|SHARED-API-004|SHARED-API-009,SHARED-API-003|SHARED-API-009,ADMIN.AUDIT_VIEW:VIEW|DATA_GOVERNANCE_READ,NONE,NONE,SETTINGS_ADMIN=HRIS_CONFIG_AUTHOR>HRIS_DUTY_CONFIGURATION_WORKBENCH_READER|ENTERPRISE_AUDITOR=HRIS_AUDITOR>HRIS_DUTY_AUDITOR,EXISTING_QUERY_CONTRACT_BOUND,ADMIN.AUDIT_VIEW:VIEW|DATA_GOVERNANCE_READ,ia-node-access-contract-register.csv|hris-permission-group-matrix.csv|hris-atomic-duty-matrix.csv,/admin/governance/audit-overview?product=HCM&tab=overview&focus={resourcePublicId},NOT_STARTED_G3,NOT_AUTHORIZED_G6,frontend:apps/dwp/src/features/hris/shell/model/catalog/dwp-control.ts#dwp-governance,8a4b8898a32d1967e39aa73cca12117261dadb3e0fdbaec054d39b5f6fd5853f,NONE
BASE:dwp-extensibility,BASE76,dwp-extensibility,DWP_CONTROL,SETTINGS,HRIS-SYS,dwp-platform-server,SETTINGS_ADMIN,EXTERNAL,/admin/platform/registry?namespace=hris-extension,overview,TFR-HRM-015,SYS-API-028|SYS-API-029|SYS-API-030|SYS-API-069|SYS-API-070|SYS-API-071|SYS-API-072|SYS-API-073|SYS-API-074|SYS-API-075|SYS-EVT-006,IAQ-063,hcm.configuration.workbench.view,SYS-API-029|SYS-API-030|SYS-API-069|SYS-API-070|SYS-API-071|SYS-API-072|SYS-API-073|SYS-API-074|SYS-API-075,hcm.configuration.policy.publish|hcm.configuration.policy.update,SETTINGS_ADMIN=HRIS_CONFIG_AUTHOR>HRIS_DUTY_CONFIGURATION_WORKBENCH_READER,PLANNED_QUERY_REQUIRED_NOT_IMPLEMENTED,hcm.configuration.policy.publish|hcm.configuration.policy.update|hcm.configuration.workbench.view,ia-node-access-contract-register.csv|hris-permission-group-matrix.csv|hris-atomic-duty-matrix.csv,/admin/platform/registry?namespace=hris-extension&tab=overview&focus={resourcePublicId},NOT_STARTED_G3,NOT_AUTHORIZED_G6,frontend:apps/dwp/src/features/hris/shell/model/catalog/dwp-control.ts#dwp-extensibility,8a4b8898a32d1967e39aa73cca12117261dadb3e0fdbaec054d39b5f6fd5853f,NONE
MODERN:hcm.personal.growth,MODERN22,hcm.personal.growth,MY_HR,MY_HR,HRIS-PER,dwp-people-server,EMPLOYEE|MANAGER,PLANNED_REQUIRED_SCOPE,/hr/me/growth,overview,HRIS.MODERN.SKILLS_ONTOLOGY|HRIS.MODERN.GROWTH_PROFILE,MODOP:modern.growth.coaching.record|MODOP:modern.growth.evidence.link|MODOP:modern.growth.profile.archive|MODOP:modern.growth.profile.create|MODOP:modern.growth.profile.update|MODOP:modern.growth.self.query|MODOP:modern.skills.evidence.verify|MODOP:modern.skills.taxonomies.query|MODOP:modern.skills.taxonomy.create|MODOP:modern.skills.taxonomy.publish|MODOP:modern.skills.taxonomy.validate|MODOP:modern.skills.worker.query,MODOP:modern.growth.self.query,hcm.growth.self.view,MODOP:modern.growth.coaching.record|MODOP:modern.growth.evidence.link|MODOP:modern.growth.profile.archive|MODOP:modern.growth.profile.create|MODOP:modern.growth.profile.update,hcm.growth.manager.coach|hcm.growth.self.manage,EMPLOYEE=HRIS_EMPLOYEE>HRIS_DUTY_GROWTH_PROFILE_SELF_READER|MANAGER=HRIS_EMPLOYEE>HRIS_DUTY_GROWTH_PROFILE_SELF_READER,EXISTING_QUERY_CONTRACT_BOUND,hcm.growth.manager.coach|hcm.growth.self.manage|hcm.growth.self.view,ia-node-access-contract-register.csv|hris-permission-group-matrix.csv|hris-atomic-duty-matrix.csv,/hr/me/growth?tab=overview&focus={resourcePublicId},NOT_STARTED_G3,NOT_AUTHORIZED_G6,modern-menu-node-register.csv#hcm.personal.growth,75b58edcac568667e914f9649fe89e39cee1d677e728c85ee1b4122d45daf5d9,NONE
MODERN:hcm.settings.skills,MODERN22,hcm.settings.skills,SETTINGS,SETTINGS,HRIS-PER,dwp-people-server,SETTINGS_ADMIN,PLANNED_REQUIRED_SCOPE,/hr/settings/talent/skills,overview,HRIS.MODERN.SKILLS_ONTOLOGY,MODOP:modern.skills.evidence.verify|MODOP:modern.skills.taxonomies.query|MODOP:modern.skills.taxonomy.create|MODOP:modern.skills.taxonomy.publish|MODOP:modern.skills.taxonomy.validate|MODOP:modern.skills.worker.query,IAQ-027,hcm.configuration.workbench.view,MODOP:modern.skills.taxonomy.create|MODOP:modern.skills.taxonomy.publish|MODOP:modern.skills.taxonomy.validate,hcm.skills.manage,SETTINGS_ADMIN=HRIS_CONFIG_AUTHOR>HRIS_DUTY_CONFIGURATION_WORKBENCH_READER,PLANNED_QUERY_REQUIRED_NOT_IMPLEMENTED,hcm.configuration.workbench.view|hcm.skills.manage,ia-node-access-contract-register.csv|hris-permission-group-matrix.csv|hris-atomic-duty-matrix.csv,/hr/settings/talent/skills?tab=overview&focus={resourcePublicId},NOT_STARTED_G3,NOT_AUTHORIZED_G6,modern-menu-node-register.csv#hcm.settings.skills,75b58edcac568667e914f9649fe89e39cee1d677e728c85ee1b4122d45daf5d9,NONE
MODERN:hcm.operations.recruiting,MODERN22,hcm.operations.recruiting,HR_OPERATIONS,OPERATIONS,HRIS-HRM,dwp-people-server,BUSINESS_OPERATOR,PLANNED_REQUIRED_SCOPE,/hr/operations/recruiting,overview,HRIS.MODERN.RECRUITING_ATS,MODOP:modern.recruiting.candidate.stage|MODOP:modern.recruiting.hire.record|MODOP:modern.recruiting.offer.issue|MODOP:modern.recruiting.requisition.create|MODOP:modern.recruiting.requisition.publish|MODOP:modern.recruiting.requisitions.query,MODOP:modern.recruiting.requisitions.query,hcm.recruiting.view,MODOP:modern.recruiting.candidate.stage|MODOP:modern.recruiting.hire.record|MODOP:modern.recruiting.offer.issue|MODOP:modern.recruiting.requisition.create|MODOP:modern.recruiting.requisition.publish,hcm.recruiting.decide|hcm.recruiting.operate,BUSINESS_OPERATOR=HRIS_HR_BUSINESS_PARTNER>HRIS_DUTY_RECRUITING_VIEWER,EXISTING_QUERY_CONTRACT_BOUND,hcm.recruiting.decide|hcm.recruiting.operate|hcm.recruiting.view,ia-node-access-contract-register.csv|hris-permission-group-matrix.csv|hris-atomic-duty-matrix.csv,/hr/operations/recruiting?tab=overview&focus={resourcePublicId},NOT_STARTED_G3,NOT_AUTHORIZED_G6,modern-menu-node-register.csv#hcm.operations.recruiting,75b58edcac568667e914f9649fe89e39cee1d677e728c85ee1b4122d45daf5d9,NONE
MODERN:hcm.personal.services,MODERN22,hcm.personal.services,MY_HR,MY_HR,HRIS-HRM,dwp-people-server,EMPLOYEE|MANAGER,PLANNED_REQUIRED_SCOPE,/hr/me/services,overview,HRIS.MODERN.ONBOARDING|HRIS.MODERN.HR_SERVICE_DELIVERY,MODOP:modern.hrservice.case.assign|MODOP:modern.hrservice.case.create|MODOP:modern.hrservice.case.query|MODOP:modern.hrservice.case.resolve|MODOP:modern.hrservice.case.respond|MODOP:modern.hrservice.case.triage|MODOP:modern.onboarding.journey.assign|MODOP:modern.onboarding.journey.cancel|MODOP:modern.onboarding.self.query|MODOP:modern.onboarding.task.complete|MODOP:modern.onboarding.template.create|MODOP:modern.onboarding.template.publish,MODOP:modern.onboarding.self.query,hcm.onboarding.self.view,MODOP:modern.hrservice.case.create|MODOP:modern.onboarding.task.complete,hcm.hrservice.self.create|hcm.onboarding.task.complete,EMPLOYEE=HRIS_EMPLOYEE>HRIS_DUTY_ONBOARDING_SELF_READER|MANAGER=HRIS_EMPLOYEE>HRIS_DUTY_ONBOARDING_SELF_READER,EXISTING_QUERY_CONTRACT_BOUND,hcm.hrservice.self.create|hcm.onboarding.self.view|hcm.onboarding.task.complete,ia-node-access-contract-register.csv|hris-permission-group-matrix.csv|hris-atomic-duty-matrix.csv,/hr/me/services?tab=overview&focus={resourcePublicId},NOT_STARTED_G3,NOT_AUTHORIZED_G6,modern-menu-node-register.csv#hcm.personal.services,75b58edcac568667e914f9649fe89e39cee1d677e728c85ee1b4122d45daf5d9,NONE
MODERN:hcm.operations.onboarding,MODERN22,hcm.operations.onboarding,HR_OPERATIONS,OPERATIONS,HRIS-HRM,dwp-people-server,BUSINESS_OPERATOR,PLANNED_REQUIRED_SCOPE,/hr/operations/onboarding,overview,HRIS.MODERN.ONBOARDING,MODOP:modern.onboarding.journey.assign|MODOP:modern.onboarding.journey.cancel|MODOP:modern.onboarding.self.query|MODOP:modern.onboarding.task.complete|MODOP:modern.onboarding.template.create|MODOP:modern.onboarding.template.publish,IAQ-028,hcm.onboarding.view,MODOP:modern.onboarding.journey.assign|MODOP:modern.onboarding.journey.cancel|MODOP:modern.onboarding.template.create|MODOP:modern.onboarding.template.publish,hcm.onboarding.operate,BUSINESS_OPERATOR=HRIS_HR_BUSINESS_PARTNER>HRIS_DUTY_ONBOARDING_OPERATIONS_READER,PLANNED_QUERY_REQUIRED_NOT_IMPLEMENTED,hcm.onboarding.operate|hcm.onboarding.view,ia-node-access-contract-register.csv|hris-permission-group-matrix.csv|hris-atomic-duty-matrix.csv,/hr/operations/onboarding?tab=overview&focus={resourcePublicId},NOT_STARTED_G3,NOT_AUTHORIZED_G6,modern-menu-node-register.csv#hcm.operations.onboarding,75b58edcac568667e914f9649fe89e39cee1d677e728c85ee1b4122d45daf5d9,NONE
MODERN:hcm.personal.learning,MODERN22,hcm.personal.learning,MY_HR,MY_HR,HRIS-PER,dwp-people-server,EMPLOYEE|MANAGER,PLANNED_REQUIRED_SCOPE,/hr/me/learning,overview,HRIS.MODERN.LEARNING,MODOP:modern.learning.assignment.start|MODOP:modern.learning.catalog.query|MODOP:modern.learning.completion.verify|MODOP:modern.learning.offering.create|MODOP:modern.learning.offering.publish|MODOP:modern.learning.self.enroll,MODOP:modern.learning.catalog.query,hcm.learning.self.view,MODOP:modern.learning.assignment.start|MODOP:modern.learning.self.enroll,hcm.learning.self.enroll,EMPLOYEE=HRIS_EMPLOYEE>HRIS_DUTY_LEARNING_SELF_READER|MANAGER=HRIS_EMPLOYEE>HRIS_DUTY_LEARNING_SELF_READER,EXISTING_QUERY_CONTRACT_BOUND,hcm.learning.self.enroll|hcm.learning.self.view,ia-node-access-contract-register.csv|hris-permission-group-matrix.csv|hris-atomic-duty-matrix.csv,/hr/me/learning?tab=overview&focus={resourcePublicId},NOT_STARTED_G3,NOT_AUTHORIZED_G6,modern-menu-node-register.csv#hcm.personal.learning,75b58edcac568667e914f9649fe89e39cee1d677e728c85ee1b4122d45daf5d9,NONE
MODERN:hcm.operations.learning,MODERN22,hcm.operations.learning,PERFORMANCE,OPERATIONS,HRIS-PER,dwp-people-server,BUSINESS_OPERATOR,PLANNED_REQUIRED_SCOPE,/hr/operations/learning,overview,HRIS.MODERN.LEARNING,MODOP:modern.learning.assignment.start|MODOP:modern.learning.catalog.query|MODOP:modern.learning.completion.verify|MODOP:modern.learning.offering.create|MODOP:modern.learning.offering.publish|MODOP:modern.learning.self.enroll,IAQ-029,hcm.learning.view,MODOP:modern.learning.completion.verify|MODOP:modern.learning.offering.create|MODOP:modern.learning.offering.publish,hcm.learning.operate,BUSINESS_OPERATOR=HRIS_PERFORMANCE_OPERATOR>HRIS_DUTY_LEARNING_OPERATIONS_READER,PLANNED_QUERY_REQUIRED_NOT_IMPLEMENTED,hcm.learning.operate|hcm.learning.view,ia-node-access-contract-register.csv|hris-permission-group-matrix.csv|hris-atomic-duty-matrix.csv,/hr/operations/learning?tab=overview&focus={resourcePublicId},NOT_STARTED_G3,NOT_AUTHORIZED_G6,modern-menu-node-register.csv#hcm.operations.learning,75b58edcac568667e914f9649fe89e39cee1d677e728c85ee1b4122d45daf5d9,NONE
MODERN:hcm.personal.opportunities,MODERN22,hcm.personal.opportunities,MY_HR,MY_HR,HRIS-PER,dwp-people-server,EMPLOYEE|MANAGER,PLANNED_REQUIRED_SCOPE,/hr/me/opportunities,overview,HRIS.MODERN.INTERNAL_MARKETPLACE,MODOP:modern.opportunity.apply|MODOP:modern.opportunity.catalog.query|MODOP:modern.opportunity.create|MODOP:modern.opportunity.publish|MODOP:modern.opportunity.selection.record|MODOP:modern.opportunity.shortlist,MODOP:modern.opportunity.catalog.query,hcm.opportunity.self.view,MODOP:modern.opportunity.apply,hcm.opportunity.self.apply,EMPLOYEE=HRIS_EMPLOYEE>HRIS_DUTY_OPPORTUNITY_SELF_READER|MANAGER=HRIS_EMPLOYEE>HRIS_DUTY_OPPORTUNITY_SELF_READER,EXISTING_QUERY_CONTRACT_BOUND,hcm.opportunity.self.apply|hcm.opportunity.self.view,ia-node-access-contract-register.csv|hris-permission-group-matrix.csv|hris-atomic-duty-matrix.csv,/hr/me/opportunities?tab=overview&focus={resourcePublicId},NOT_STARTED_G3,NOT_AUTHORIZED_G6,modern-menu-node-register.csv#hcm.personal.opportunities,75b58edcac568667e914f9649fe89e39cee1d677e728c85ee1b4122d45daf5d9,NONE
MODERN:hcm.operations.opportunities,MODERN22,hcm.operations.opportunities,PERFORMANCE,OPERATIONS,HRIS-PER,dwp-people-server,BUSINESS_OPERATOR,PLANNED_REQUIRED_SCOPE,/hr/operations/opportunities,overview,HRIS.MODERN.INTERNAL_MARKETPLACE,MODOP:modern.opportunity.apply|MODOP:modern.opportunity.catalog.query|MODOP:modern.opportunity.create|MODOP:modern.opportunity.publish|MODOP:modern.opportunity.selection.record|MODOP:modern.opportunity.shortlist,IAQ-030,hcm.opportunity.view,MODOP:modern.opportunity.create|MODOP:modern.opportunity.publish|MODOP:modern.opportunity.selection.record|MODOP:modern.opportunity.shortlist,hcm.opportunity.operate,BUSINESS_OPERATOR=HRIS_HR_BUSINESS_PARTNER>HRIS_DUTY_OPPORTUNITY_OPERATIONS_READER,PLANNED_QUERY_REQUIRED_NOT_IMPLEMENTED,hcm.opportunity.operate|hcm.opportunity.view,ia-node-access-contract-register.csv|hris-permission-group-matrix.csv|hris-atomic-duty-matrix.csv,/hr/operations/opportunities?tab=overview&focus={resourcePublicId},NOT_STARTED_G3,NOT_AUTHORIZED_G6,modern-menu-node-register.csv#hcm.operations.opportunities,75b58edcac568667e914f9649fe89e39cee1d677e728c85ee1b4122d45daf5d9,NONE
MODERN:hcm.operations.succession,MODERN22,hcm.operations.succession,PERFORMANCE,OPERATIONS,HRIS-PER,dwp-people-server,BUSINESS_OPERATOR,PLANNED_REQUIRED_SCOPE,/hr/operations/talent/succession,overview,HRIS.MODERN.SUCCESSION,MODOP:modern.succession.nomination.add|MODOP:modern.succession.plan.approve|MODOP:modern.succession.plan.create|MODOP:modern.succession.plan.publish|MODOP:modern.succession.plan.submit|MODOP:modern.succession.plans.query,MODOP:modern.succession.plans.query,hcm.succession.view.restricted,MODOP:modern.succession.nomination.add|MODOP:modern.succession.plan.approve|MODOP:modern.succession.plan.create|MODOP:modern.succession.plan.publish|MODOP:modern.succession.plan.submit,hcm.succession.manage|hcm.succession.publish,BUSINESS_OPERATOR=HRIS_HR_SENSITIVE_DATA_READER>HRIS_DUTY_SUCCESSION_RESTRICTED_VIEWER,EXISTING_QUERY_CONTRACT_BOUND,hcm.succession.manage|hcm.succession.publish|hcm.succession.view.restricted,ia-node-access-contract-register.csv|hris-permission-group-matrix.csv|hris-atomic-duty-matrix.csv,/hr/operations/talent/succession?tab=overview&focus={resourcePublicId},NOT_STARTED_G3,NOT_AUTHORIZED_G6,modern-menu-node-register.csv#hcm.operations.succession,75b58edcac568667e914f9649fe89e39cee1d677e728c85ee1b4122d45daf5d9,NONE
MODERN:hcm.operations.workforce-planning,MODERN22,hcm.operations.workforce-planning,HR_OPERATIONS,OPERATIONS,HRIS-HRM,dwp-people-server,BUSINESS_OPERATOR,PLANNED_REQUIRED_SCOPE,/hr/operations/workforce-planning,overview,HRIS.MODERN.WORKFORCE_PLANNING,MODOP:modern.workforceplan.scenario.approve|MODOP:modern.workforceplan.scenario.create|MODOP:modern.workforceplan.scenario.publish|MODOP:modern.workforceplan.scenario.simulate|MODOP:modern.workforceplan.scenario.submit|MODOP:modern.workforceplan.scenarios.query,MODOP:modern.workforceplan.scenarios.query,hcm.workforce.plan.view,MODOP:modern.workforceplan.scenario.approve|MODOP:modern.workforceplan.scenario.create|MODOP:modern.workforceplan.scenario.publish|MODOP:modern.workforceplan.scenario.simulate|MODOP:modern.workforceplan.scenario.submit,hcm.workforce.plan.model|hcm.workforce.plan.publish,BUSINESS_OPERATOR=HRIS_HR_BUSINESS_PARTNER>HRIS_DUTY_WORKFORCE_PLAN_VIEWER,EXISTING_QUERY_CONTRACT_BOUND,hcm.workforce.plan.model|hcm.workforce.plan.publish|hcm.workforce.plan.view,ia-node-access-contract-register.csv|hris-permission-group-matrix.csv|hris-atomic-duty-matrix.csv,/hr/operations/workforce-planning?tab=overview&focus={resourcePublicId},NOT_STARTED_G3,NOT_AUTHORIZED_G6,modern-menu-node-register.csv#hcm.operations.workforce-planning,75b58edcac568667e914f9649fe89e39cee1d677e728c85ee1b4122d45daf5d9,NONE
MODERN:hcm.operations.compensation-planning,MODERN22,hcm.operations.compensation-planning,PERFORMANCE,OPERATIONS,HRIS-PER,dwp-people-server,BUSINESS_OPERATOR,PLANNED_REQUIRED_SCOPE,/hr/operations/performance/compensation-planning,overview,HRIS.MODERN.COMPENSATION_PLANNING,MODOP:modern.compplan.budget.allocate|MODOP:modern.compplan.cycle.create|MODOP:modern.compplan.cycles.query|MODOP:modern.compplan.plan.approve|MODOP:modern.compplan.proposal.submit|MODOP:modern.compplan.snapshot.publish,MODOP:modern.compplan.cycles.query,hcm.compensation.plan.view,MODOP:modern.compplan.budget.allocate|MODOP:modern.compplan.cycle.create|MODOP:modern.compplan.plan.approve|MODOP:modern.compplan.proposal.submit|MODOP:modern.compplan.snapshot.publish,hcm.compensation.plan.approve|hcm.compensation.plan.propose,BUSINESS_OPERATOR=HRIS_HR_COMPENSATION_READER>HRIS_DUTY_COMPENSATION_PLAN_VIEWER,EXISTING_QUERY_CONTRACT_BOUND,hcm.compensation.plan.approve|hcm.compensation.plan.propose|hcm.compensation.plan.view,ia-node-access-contract-register.csv|hris-permission-group-matrix.csv|hris-atomic-duty-matrix.csv,/hr/operations/performance/compensation-planning?tab=overview&focus={resourcePublicId},NOT_STARTED_G3,NOT_AUTHORIZED_G6,modern-menu-node-register.csv#hcm.operations.compensation-planning,75b58edcac568667e914f9649fe89e39cee1d677e728c85ee1b4122d45daf5d9,NONE
MODERN:hcm.personal.benefits,MODERN22,hcm.personal.benefits,MY_HR,MY_HR,HRIS-HRM,dwp-people-server,EMPLOYEE|MANAGER,PLANNED_REQUIRED_SCOPE,/hr/me/benefits,overview,HRIS.MODERN.BENEFITS_ADMIN,MODOP:modern.benefits.enrollment.decide|MODOP:modern.benefits.enrollment.submit|MODOP:modern.benefits.lifeevent.submit|MODOP:modern.benefits.plan.create|MODOP:modern.benefits.plan.publish|MODOP:modern.benefits.self.plans.query,MODOP:modern.benefits.self.plans.query,hcm.benefits.self.view,MODOP:modern.benefits.enrollment.submit|MODOP:modern.benefits.lifeevent.submit,hcm.benefits.self.enroll,EMPLOYEE=HRIS_EMPLOYEE>HRIS_DUTY_BENEFITS_SELF_READER|MANAGER=HRIS_EMPLOYEE>HRIS_DUTY_BENEFITS_SELF_READER,EXISTING_QUERY_CONTRACT_BOUND,hcm.benefits.self.enroll|hcm.benefits.self.view,ia-node-access-contract-register.csv|hris-permission-group-matrix.csv|hris-atomic-duty-matrix.csv,/hr/me/benefits?tab=overview&focus={resourcePublicId},NOT_STARTED_G3,NOT_AUTHORIZED_G6,modern-menu-node-register.csv#hcm.personal.benefits,75b58edcac568667e914f9649fe89e39cee1d677e728c85ee1b4122d45daf5d9,ROUTE-DEC-001
MODERN:hcm.operations.benefits,MODERN22,hcm.operations.benefits,HR_OPERATIONS,OPERATIONS,HRIS-HRM,dwp-people-server,BUSINESS_OPERATOR,PLANNED_REQUIRED_SCOPE,/hr/operations/employee-services/benefits,overview,HRIS.MODERN.BENEFITS_ADMIN,MODOP:modern.benefits.enrollment.decide|MODOP:modern.benefits.enrollment.submit|MODOP:modern.benefits.lifeevent.submit|MODOP:modern.benefits.plan.create|MODOP:modern.benefits.plan.publish|MODOP:modern.benefits.self.plans.query,IAQ-031,hcm.benefits.view,MODOP:modern.benefits.enrollment.decide|MODOP:modern.benefits.plan.create|MODOP:modern.benefits.plan.publish,hcm.benefits.operate,BUSINESS_OPERATOR=HRIS_HR_BUSINESS_PARTNER>HRIS_DUTY_BENEFITS_OPERATIONS_READER,PLANNED_QUERY_REQUIRED_NOT_IMPLEMENTED,hcm.benefits.operate|hcm.benefits.view,ia-node-access-contract-register.csv|hris-permission-group-matrix.csv|hris-atomic-duty-matrix.csv,/hr/operations/employee-services/benefits?tab=overview&focus={resourcePublicId},NOT_STARTED_G3,NOT_AUTHORIZED_G6,modern-menu-node-register.csv#hcm.operations.benefits,75b58edcac568667e914f9649fe89e39cee1d677e728c85ee1b4122d45daf5d9,ROUTE-DEC-002
MODERN:hcm.operations.hr-services,MODERN22,hcm.operations.hr-services,HR_OPERATIONS,OPERATIONS,HRIS-HRM,dwp-people-server,BUSINESS_OPERATOR,PLANNED_REQUIRED_SCOPE,/hr/operations/hr-services,overview,HRIS.MODERN.HR_SERVICE_DELIVERY,MODOP:modern.hrservice.case.assign|MODOP:modern.hrservice.case.create|MODOP:modern.hrservice.case.query|MODOP:modern.hrservice.case.resolve|MODOP:modern.hrservice.case.respond|MODOP:modern.hrservice.case.triage,IAQ-064,hcm.hrservice.view,MODOP:modern.hrservice.case.assign|MODOP:modern.hrservice.case.resolve|MODOP:modern.hrservice.case.respond|MODOP:modern.hrservice.case.triage,hcm.hrservice.case.work|hcm.hrservice.restricted.assign,BUSINESS_OPERATOR=HRIS_HR_BUSINESS_PARTNER>HRIS_DUTY_HR_SERVICE_READER,PLANNED_QUERY_REQUIRED_NOT_IMPLEMENTED,hcm.hrservice.case.work|hcm.hrservice.restricted.assign|hcm.hrservice.view,ia-node-access-contract-register.csv|hris-permission-group-matrix.csv|hris-atomic-duty-matrix.csv,/hr/operations/hr-services?tab=overview&focus={resourcePublicId},NOT_STARTED_G3,NOT_AUTHORIZED_G6,modern-menu-node-register.csv#hcm.operations.hr-services,75b58edcac568667e914f9649fe89e39cee1d677e728c85ee1b4122d45daf5d9,NONE
MODERN:hcm.personal.listening,MODERN22,hcm.personal.listening,MY_HR,MY_HR,HRIS-SYS,dwp-platform-server,EMPLOYEE|MANAGER,PLANNED_REQUIRED_SCOPE,/hr/me/listening,overview,HRIS.MODERN.EMPLOYEE_LISTENING,MODOP:modern.listening.action.complete|MODOP:modern.listening.action.create|MODOP:modern.listening.active.query|MODOP:modern.listening.cohorts.query|MODOP:modern.listening.response.submit|MODOP:modern.listening.survey.close|MODOP:modern.listening.survey.create|MODOP:modern.listening.survey.publish,IAQ-065,hcm.listening.self.view,MODOP:modern.listening.response.submit,hcm.listening.respond,EMPLOYEE=HRIS_EMPLOYEE>HRIS_DUTY_LISTENING_SELF_READER|MANAGER=HRIS_EMPLOYEE>HRIS_DUTY_LISTENING_SELF_READER,PLANNED_QUERY_REQUIRED_NOT_IMPLEMENTED,hcm.listening.respond|hcm.listening.self.view,ia-node-access-contract-register.csv|hris-permission-group-matrix.csv|hris-atomic-duty-matrix.csv,/hr/me/listening?tab=overview&focus={resourcePublicId},NOT_STARTED_G3,NOT_AUTHORIZED_G6,modern-menu-node-register.csv#hcm.personal.listening,75b58edcac568667e914f9649fe89e39cee1d677e728c85ee1b4122d45daf5d9,NONE
MODERN:hcm.settings.listening,MODERN22,hcm.settings.listening,SETTINGS,SETTINGS,HRIS-SYS,dwp-platform-server,SETTINGS_ADMIN|ENTERPRISE_AUDITOR,PLANNED_REQUIRED_SCOPE,/hr/settings/experience/listening,overview,HRIS.MODERN.EMPLOYEE_LISTENING,MODOP:modern.listening.action.complete|MODOP:modern.listening.action.create|MODOP:modern.listening.active.query|MODOP:modern.listening.cohorts.query|MODOP:modern.listening.response.submit|MODOP:modern.listening.survey.close|MODOP:modern.listening.survey.create|MODOP:modern.listening.survey.publish,IAQ-033|MODOP:modern.listening.cohorts.query,hcm.configuration.workbench.view|hcm.listening.cohort.view,MODOP:modern.listening.action.complete|MODOP:modern.listening.action.create|MODOP:modern.listening.survey.close|MODOP:modern.listening.survey.create|MODOP:modern.listening.survey.publish,hcm.listening.manage,SETTINGS_ADMIN=HRIS_CONFIG_AUTHOR>HRIS_DUTY_CONFIGURATION_WORKBENCH_READER|ENTERPRISE_AUDITOR=HRIS_AUDITOR>HRIS_DUTY_LISTENING_COHORT_READER,PLANNED_QUERY_REQUIRED_NOT_IMPLEMENTED,hcm.configuration.workbench.view|hcm.listening.cohort.view|hcm.listening.manage,ia-node-access-contract-register.csv|hris-permission-group-matrix.csv|hris-atomic-duty-matrix.csv,/hr/settings/experience/listening?tab=overview&focus={resourcePublicId},NOT_STARTED_G3,NOT_AUTHORIZED_G6,modern-menu-node-register.csv#hcm.settings.listening,75b58edcac568667e914f9649fe89e39cee1d677e728c85ee1b4122d45daf5d9,NONE
MODERN:hcm.operations.workforce-management,MODERN22,hcm.operations.workforce-management,TIME,OPERATIONS,HRIS-TIM,dwp-time-server,BUSINESS_OPERATOR,PLANNED_REQUIRED_SCOPE,/hr/operations/workforce-management,overview,HRIS.MODERN.ADVANCED_WFM,MODOP:modern.wfm.forecast.create|MODOP:modern.wfm.forecasts.query|MODOP:modern.wfm.schedule.optimize|MODOP:modern.wfm.schedule.publish|MODOP:modern.wfm.schedule.submit|MODOP:modern.wfm.schedule.validate,MODOP:modern.wfm.forecasts.query,hcm.wfm.view,MODOP:modern.wfm.forecast.create|MODOP:modern.wfm.schedule.optimize|MODOP:modern.wfm.schedule.publish|MODOP:modern.wfm.schedule.submit|MODOP:modern.wfm.schedule.validate,hcm.wfm.optimize|hcm.wfm.publish,BUSINESS_OPERATOR=HRIS_TIMEKEEPER>HRIS_DUTY_WFM_VIEWER,EXISTING_QUERY_CONTRACT_BOUND,hcm.wfm.optimize|hcm.wfm.publish|hcm.wfm.view,ia-node-access-contract-register.csv|hris-permission-group-matrix.csv|hris-atomic-duty-matrix.csv,/hr/operations/workforce-management?tab=overview&focus={resourcePublicId},NOT_STARTED_G3,NOT_AUTHORIZED_G6,modern-menu-node-register.csv#hcm.operations.workforce-management,75b58edcac568667e914f9649fe89e39cee1d677e728c85ee1b4122d45daf5d9,NONE
MODERN:hcm.operations.contingent-workforce,MODERN22,hcm.operations.contingent-workforce,HR_OPERATIONS,OPERATIONS,HRIS-HRM,dwp-people-server,BUSINESS_OPERATOR,PLANNED_REQUIRED_SCOPE,/hr/operations/contingent-workforce,overview,HRIS.MODERN.CONTINGENT_WORKFORCE,MODOP:modern.contingent.engagement.activate|MODOP:modern.contingent.engagement.close|MODOP:modern.contingent.engagement.create|MODOP:modern.contingent.engagement.offboard|MODOP:modern.contingent.engagement.submit|MODOP:modern.contingent.engagements.query,MODOP:modern.contingent.engagements.query,hcm.contingent.view,MODOP:modern.contingent.engagement.activate|MODOP:modern.contingent.engagement.close|MODOP:modern.contingent.engagement.create|MODOP:modern.contingent.engagement.offboard|MODOP:modern.contingent.engagement.submit,hcm.contingent.offboard|hcm.contingent.operate,BUSINESS_OPERATOR=HRIS_HR_BUSINESS_PARTNER>HRIS_DUTY_CONTINGENT_VIEWER,EXISTING_QUERY_CONTRACT_BOUND,hcm.contingent.offboard|hcm.contingent.operate|hcm.contingent.view,ia-node-access-contract-register.csv|hris-permission-group-matrix.csv|hris-atomic-duty-matrix.csv,/hr/operations/contingent-workforce?tab=overview&focus={resourcePublicId},NOT_STARTED_G3,NOT_AUTHORIZED_G6,modern-menu-node-register.csv#hcm.operations.contingent-workforce,75b58edcac568667e914f9649fe89e39cee1d677e728c85ee1b4122d45daf5d9,NONE
MODERN:hcm.operations.people-analytics,MODERN22,hcm.operations.people-analytics,HR_OPERATIONS,OPERATIONS,HRIS-SYS,dwp-platform-server,BUSINESS_OPERATOR|MANAGER|ENTERPRISE_AUDITOR,PLANNED_REQUIRED_SCOPE,/hr/operations/people-analytics,overview,HRIS.MODERN.PEOPLE_ANALYTICS,MODOP:modern.analytics.cohorts.query|MODOP:modern.analytics.export.create|MODOP:modern.analytics.metric.create|MODOP:modern.analytics.metric.publish|MODOP:modern.analytics.metric.retire|MODOP:modern.analytics.metric.validate|MODOP:modern.analytics.metrics.query,MODOP:modern.analytics.cohorts.query,hcm.analytics.metric.view,MODOP:modern.analytics.export.create,hcm.analytics.export,BUSINESS_OPERATOR=HRIS_HR_BUSINESS_PARTNER>HRIS_DUTY_PEOPLE_ANALYTICS_READER|MANAGER=HRIS_LINE_MANAGER>HRIS_DUTY_PEOPLE_ANALYTICS_READER|ENTERPRISE_AUDITOR=HRIS_AUDITOR>HRIS_DUTY_PEOPLE_ANALYTICS_READER,EXISTING_QUERY_CONTRACT_BOUND,hcm.analytics.export|hcm.analytics.metric.view,ia-node-access-contract-register.csv|hris-permission-group-matrix.csv|hris-atomic-duty-matrix.csv,/hr/operations/people-analytics?tab=overview&focus={resourcePublicId},NOT_STARTED_G3,NOT_AUTHORIZED_G6,modern-menu-node-register.csv#hcm.operations.people-analytics,75b58edcac568667e914f9649fe89e39cee1d677e728c85ee1b4122d45daf5d9,NONE
MODERN:hcm.personal.assistant,MODERN22,hcm.personal.assistant,MY_HR,MY_HR,HRIS-SYS,dwp-platform-server,EMPLOYEE|MANAGER,PLANNED_REQUIRED_SCOPE,/hr/me/assistant,overview,HRIS.MODERN.GOVERNED_AI,MODOP:modern.ai.assist.create|MODOP:modern.ai.kill.switch|MODOP:modern.ai.policies.query|MODOP:modern.ai.policy.create|MODOP:modern.ai.policy.evaluate|MODOP:modern.ai.policy.publish|MODOP:modern.ai.policy.retire,IAQ-032,hcm.ai.assist.view,MODOP:modern.ai.assist.create,hcm.ai.assist.use,EMPLOYEE=HRIS_EMPLOYEE>HRIS_DUTY_AI_ASSISTANT_READER|MANAGER=HRIS_LINE_MANAGER>HRIS_DUTY_AI_ASSISTANT_READER,PLANNED_QUERY_REQUIRED_NOT_IMPLEMENTED,hcm.ai.assist.use|hcm.ai.assist.view,ia-node-access-contract-register.csv|hris-permission-group-matrix.csv|hris-atomic-duty-matrix.csv,/hr/me/assistant?tab=overview&focus={resourcePublicId},NOT_STARTED_G3,NOT_AUTHORIZED_G6,modern-menu-node-register.csv#hcm.personal.assistant,75b58edcac568667e914f9649fe89e39cee1d677e728c85ee1b4122d45daf5d9,NONE
MODERN:hcm.settings.ai-governance,MODERN22,hcm.settings.ai-governance,SETTINGS,SETTINGS,HRIS-SYS,dwp-platform-server,SETTINGS_ADMIN,PLANNED_REQUIRED_SCOPE,/hr/settings/ai-governance,overview,HRIS.MODERN.GOVERNED_AI,MODOP:modern.ai.assist.create|MODOP:modern.ai.kill.switch|MODOP:modern.ai.policies.query|MODOP:modern.ai.policy.create|MODOP:modern.ai.policy.evaluate|MODOP:modern.ai.policy.publish|MODOP:modern.ai.policy.retire,IAQ-066,hcm.configuration.workbench.view,MODOP:modern.ai.kill.switch|MODOP:modern.ai.policy.create|MODOP:modern.ai.policy.evaluate|MODOP:modern.ai.policy.publish|MODOP:modern.ai.policy.retire,hcm.ai.kill-switch.execute|hcm.ai.policy.manage,SETTINGS_ADMIN=HRIS_CONFIG_AUTHOR>HRIS_DUTY_CONFIGURATION_WORKBENCH_READER,PLANNED_QUERY_REQUIRED_NOT_IMPLEMENTED,hcm.ai.kill-switch.execute|hcm.ai.policy.manage|hcm.configuration.workbench.view,ia-node-access-contract-register.csv|hris-permission-group-matrix.csv|hris-atomic-duty-matrix.csv,/hr/settings/ai-governance?tab=overview&focus={resourcePublicId},NOT_STARTED_G3,NOT_AUTHORIZED_G6,modern-menu-node-register.csv#hcm.settings.ai-governance,75b58edcac568667e914f9649fe89e39cee1d677e728c85ee1b4122d45daf5d9,NONE
