resolution_id,module,binding_id,source_operation_id,runtime_operation_id,method,path,authorization_alias,authorization_binding_ref,source_contract,source_operation_ref,schema_mode,transport_contract_ref,path_schema_ref,query_schema_ref,request_schema_ref,response_schema_ref,error_schema_ref,header_schema_ref,validation_ref,negative_test_ref,implementation,production,status,transport_shape_sha256
TSR-001,HRM,PEP-HRM-001,searchPeople,searchPeople,GET,/api/people/v1/hris/people,hcm.operations.people.view,api-pep-binding-register.csv#binding_id=PEP-HRM-001,../session-evidence/hrm/g2-readiness/api-event-contracts.v1.json,../session-evidence/hrm/g2-readiness/api-event-contracts.v1.json#/endpoints/0,LOCAL_SUPPLEMENT_SOURCE_OPERATION_PINNED,../coding-readiness/hrm-transport-schema-supplement.v1.json,../coding-readiness/hrm-transport-schema-supplement.v1.json#/operations/searchPeople/pathSchema,../coding-readiness/hrm-transport-schema-supplement.v1.json#/operations/searchPeople/querySchema,../coding-readiness/hrm-transport-schema-supplement.v1.json#/operations/searchPeople/requestBodySchema,../coding-readiness/hrm-transport-schema-supplement.v1.json#/operations/searchPeople/responseSchema,../coding-readiness/hrm-transport-schema-supplement.v1.json#/operations/searchPeople/errorSchema,../coding-readiness/hrm-transport-schema-supplement.v1.json#/operations/searchPeople/headerSchema,../session-evidence/hrm/g2-readiness/api-event-contracts.v1.json#/endpoints/0/rules,../coding-readiness/hrm-transport-schema-supplement.v1.json#/negativeTestRefs,NOT_STARTED_G3,NOT_AUTHORIZED_G6,RESOLVED_EXACT,07347f258d913157359b2910a9eaacbf945f1d830ca9c689b4b1a27a039ad110
TSR-002,HRM,PEP-HRM-002,getPerson360,getPerson360,GET,/api/people/v1/hris/people/{personPublicId},hcm.operations.people.view,api-pep-binding-register.csv#binding_id=PEP-HRM-002,../session-evidence/hrm/g2-readiness/api-event-contracts.v1.json,../session-evidence/hrm/g2-readiness/api-event-contracts.v1.json#/endpoints/1,LOCAL_SUPPLEMENT_SOURCE_OPERATION_PINNED,../coding-readiness/hrm-transport-schema-supplement.v1.json,../coding-readiness/hrm-transport-schema-supplement.v1.json#/operations/getPerson360/pathSchema,../coding-readiness/hrm-transport-schema-supplement.v1.json#/operations/getPerson360/querySchema,../coding-readiness/hrm-transport-schema-supplement.v1.json#/operations/getPerson360/requestBodySchema,../coding-readiness/hrm-transport-schema-supplement.v1.json#/operations/getPerson360/responseSchema,../coding-readiness/hrm-transport-schema-supplement.v1.json#/operations/getPerson360/errorSchema,../coding-readiness/hrm-transport-schema-supplement.v1.json#/operations/getPerson360/headerSchema,../session-evidence/hrm/g2-readiness/api-event-contracts.v1.json#/endpoints/1/rules,../coding-readiness/hrm-transport-schema-supplement.v1.json#/negativeTestRefs,NOT_STARTED_G3,NOT_AUTHORIZED_G6,RESOLVED_EXACT,8f84676245f86063405d77092fae95ca7c66d8760e6b7cb50c4ec7de9c7234c1
TSR-003,HRM,PEP-HRM-003,createEmployeeChangeRequest,createEmployeeChangeRequest,POST,/api/people/v1/hris/employee-change-requests,hcm.personal.profile.update or hcm.team.people-change.request or hcm.operations.people.update,api-pep-binding-register.csv#binding_id=PEP-HRM-003,../session-evidence/hrm/g2-readiness/api-event-contracts.v1.json,../session-evidence/hrm/g2-readiness/api-event-contracts.v1.json#/endpoints/2,LOCAL_SUPPLEMENT_SOURCE_OPERATION_PINNED,../coding-readiness/hrm-transport-schema-supplement.v1.json,../coding-readiness/hrm-transport-schema-supplement.v1.json#/operations/createEmployeeChangeRequest/pathSchema,../coding-readiness/hrm-transport-schema-supplement.v1.json#/operations/createEmployeeChangeRequest/querySchema,../coding-readiness/hrm-transport-schema-supplement.v1.json#/operations/createEmployeeChangeRequest/requestBodySchema,../coding-readiness/hrm-transport-schema-supplement.v1.json#/operations/createEmployeeChangeRequest/responseSchema,../coding-readiness/hrm-transport-schema-supplement.v1.json#/operations/createEmployeeChangeRequest/errorSchema,../coding-readiness/hrm-transport-schema-supplement.v1.json#/operations/createEmployeeChangeRequest/headerSchema,../session-evidence/hrm/g2-readiness/api-event-contracts.v1.json#/endpoints/2/rules,../coding-readiness/hrm-transport-schema-supplement.v1.json#/negativeTestRefs,NOT_STARTED_G3,NOT_AUTHORIZED_G6,RESOLVED_EXACT,e47f5654aefa1e20ad0d4e862efb924aaf93f58eb317f511869c0889fa9ac71f
TSR-004,HRM,PEP-HRM-004,submitEmployeeChangeRequest,submitEmployeeChangeRequest,POST,/api/people/v1/hris/employee-change-requests/{requestPublicId}/submit,matching change request create capability,api-pep-binding-register.csv#binding_id=PEP-HRM-004,../session-evidence/hrm/g2-readiness/api-event-contracts.v1.json,../session-evidence/hrm/g2-readiness/api-event-contracts.v1.json#/endpoints/3,LOCAL_SUPPLEMENT_SOURCE_OPERATION_PINNED,../coding-readiness/hrm-transport-schema-supplement.v1.json,../coding-readiness/hrm-transport-schema-supplement.v1.json#/operations/submitEmployeeChangeRequest/pathSchema,../coding-readiness/hrm-transport-schema-supplement.v1.json#/operations/submitEmployeeChangeRequest/querySchema,../coding-readiness/hrm-transport-schema-supplement.v1.json#/operations/submitEmployeeChangeRequest/requestBodySchema,../coding-readiness/hrm-transport-schema-supplement.v1.json#/operations/submitEmployeeChangeRequest/responseSchema,../coding-readiness/hrm-transport-schema-supplement.v1.json#/operations/submitEmployeeChangeRequest/errorSchema,../coding-readiness/hrm-transport-schema-supplement.v1.json#/operations/submitEmployeeChangeRequest/headerSchema,../session-evidence/hrm/g2-readiness/api-event-contracts.v1.json#/endpoints/3/rules,../coding-readiness/hrm-transport-schema-supplement.v1.json#/negativeTestRefs,NOT_STARTED_G3,NOT_AUTHORIZED_G6,RESOLVED_EXACT,d50ddc3a58a841f84e4a8f9d7b2706c8f98cd441ccbd072b6061f202900dfe41
TSR-005,HRM,PEP-HRM-005,applyEmployeeChangeRequest,applyEmployeeChangeRequest,POST,/api/people/v1/hris/employee-change-requests/{requestPublicId}/apply,hcm.operations.people-change.approve,api-pep-binding-register.csv#binding_id=PEP-HRM-005,../session-evidence/hrm/g2-readiness/api-event-contracts.v1.json,../session-evidence/hrm/g2-readiness/api-event-contracts.v1.json#/endpoints/5,LOCAL_SUPPLEMENT_SOURCE_OPERATION_PINNED,../coding-readiness/hrm-transport-schema-supplement.v1.json,../coding-readiness/hrm-transport-schema-supplement.v1.json#/operations/applyEmployeeChangeRequest/pathSchema,../coding-readiness/hrm-transport-schema-supplement.v1.json#/operations/applyEmployeeChangeRequest/querySchema,../coding-readiness/hrm-transport-schema-supplement.v1.json#/operations/applyEmployeeChangeRequest/requestBodySchema,../coding-readiness/hrm-transport-schema-supplement.v1.json#/operations/applyEmployeeChangeRequest/responseSchema,../coding-readiness/hrm-transport-schema-supplement.v1.json#/operations/applyEmployeeChangeRequest/errorSchema,../coding-readiness/hrm-transport-schema-supplement.v1.json#/operations/applyEmployeeChangeRequest/headerSchema,../session-evidence/hrm/g2-readiness/api-event-contracts.v1.json#/endpoints/5/rules,../coding-readiness/hrm-transport-schema-supplement.v1.json#/negativeTestRefs,NOT_STARTED_G3,NOT_AUTHORIZED_G6,RESOLVED_EXACT,c1dc6a3c34af1030254a3772cadb88c88f90a295082d6683cadd2965905db38d
TSR-006,HRM,PEP-HRM-006,createAssignmentEvent,createAssignmentEvent,POST,/api/people/v1/hris/assignment-events,hcm.operations.assignment.manage,api-pep-binding-register.csv#binding_id=PEP-HRM-006,../session-evidence/hrm/g2-readiness/api-event-contracts.v1.json,../session-evidence/hrm/g2-readiness/api-event-contracts.v1.json#/endpoints/6,LOCAL_SUPPLEMENT_SOURCE_OPERATION_PINNED,../coding-readiness/hrm-transport-schema-supplement.v1.json,../coding-readiness/hrm-transport-schema-supplement.v1.json#/operations/createAssignmentEvent/pathSchema,../coding-readiness/hrm-transport-schema-supplement.v1.json#/operations/createAssignmentEvent/querySchema,../coding-readiness/hrm-transport-schema-supplement.v1.json#/operations/createAssignmentEvent/requestBodySchema,../coding-readiness/hrm-transport-schema-supplement.v1.json#/operations/createAssignmentEvent/responseSchema,../coding-readiness/hrm-transport-schema-supplement.v1.json#/operations/createAssignmentEvent/errorSchema,../coding-readiness/hrm-transport-schema-supplement.v1.json#/operations/createAssignmentEvent/headerSchema,../session-evidence/hrm/g2-readiness/api-event-contracts.v1.json#/endpoints/6/rules,../coding-readiness/hrm-transport-schema-supplement.v1.json#/negativeTestRefs,NOT_STARTED_G3,NOT_AUTHORIZED_G6,RESOLVED_EXACT,1d3184652f8cfa086c82aa274980bcb858aa8a105a719dd288441d78a0d6471d
TSR-007,HRM,PEP-HRM-007,validateAssignmentEvent,validateAssignmentEvent,POST,/api/people/v1/hris/assignment-events/{eventPublicId}/validate,hcm.operations.assignment.manage,api-pep-binding-register.csv#binding_id=PEP-HRM-007,../session-evidence/hrm/g2-readiness/api-event-contracts.v1.json,../session-evidence/hrm/g2-readiness/api-event-contracts.v1.json#/endpoints/7,LOCAL_SUPPLEMENT_SOURCE_OPERATION_PINNED,../coding-readiness/hrm-transport-schema-supplement.v1.json,../coding-readiness/hrm-transport-schema-supplement.v1.json#/operations/validateAssignmentEvent/pathSchema,../coding-readiness/hrm-transport-schema-supplement.v1.json#/operations/validateAssignmentEvent/querySchema,../coding-readiness/hrm-transport-schema-supplement.v1.json#/operations/validateAssignmentEvent/requestBodySchema,../coding-readiness/hrm-transport-schema-supplement.v1.json#/operations/validateAssignmentEvent/responseSchema,../coding-readiness/hrm-transport-schema-supplement.v1.json#/operations/validateAssignmentEvent/errorSchema,../coding-readiness/hrm-transport-schema-supplement.v1.json#/operations/validateAssignmentEvent/headerSchema,../session-evidence/hrm/g2-readiness/api-event-contracts.v1.json#/endpoints/7/rules,../coding-readiness/hrm-transport-schema-supplement.v1.json#/negativeTestRefs,NOT_STARTED_G3,NOT_AUTHORIZED_G6,RESOLVED_EXACT,0de07530800316329bd85b670094a4302ec4d4ae67334a42e1e1aa6c890c9d6d
TSR-008,HRM,PEP-HRM-008,submitAssignmentEvent,submitAssignmentEvent,POST,/api/people/v1/hris/assignment-events/{eventPublicId}/submit,hcm.operations.assignment.manage,api-pep-binding-register.csv#binding_id=PEP-HRM-008,../session-evidence/hrm/g2-readiness/api-event-contracts.v1.json,../session-evidence/hrm/g2-readiness/api-event-contracts.v1.json#/endpoints/8,LOCAL_SUPPLEMENT_SOURCE_OPERATION_PINNED,../coding-readiness/hrm-transport-schema-supplement.v1.json,../coding-readiness/hrm-transport-schema-supplement.v1.json#/operations/submitAssignmentEvent/pathSchema,../coding-readiness/hrm-transport-schema-supplement.v1.json#/operations/submitAssignmentEvent/querySchema,../coding-readiness/hrm-transport-schema-supplement.v1.json#/operations/submitAssignmentEvent/requestBodySchema,../coding-readiness/hrm-transport-schema-supplement.v1.json#/operations/submitAssignmentEvent/responseSchema,../coding-readiness/hrm-transport-schema-supplement.v1.json#/operations/submitAssignmentEvent/errorSchema,../coding-readiness/hrm-transport-schema-supplement.v1.json#/operations/submitAssignmentEvent/headerSchema,../session-evidence/hrm/g2-readiness/api-event-contracts.v1.json#/endpoints/8/rules,../coding-readiness/hrm-transport-schema-supplement.v1.json#/negativeTestRefs,NOT_STARTED_G3,NOT_AUTHORIZED_G6,RESOLVED_EXACT,2c863fac4b993cba76ac71476c3a484a3e28be4cb6e369c6c67d42aadcbfe8f1
TSR-009,HRM,PEP-HRM-009,publishAssignmentEvent,publishAssignmentEvent,POST,/api/people/v1/hris/assignment-events/{eventPublicId}/publish,hcm.operations.people-change.approve,api-pep-binding-register.csv#binding_id=PEP-HRM-009,../session-evidence/hrm/g2-readiness/api-event-contracts.v1.json,../session-evidence/hrm/g2-readiness/api-event-contracts.v1.json#/endpoints/9,LOCAL_SUPPLEMENT_SOURCE_OPERATION_PINNED,../coding-readiness/hrm-transport-schema-supplement.v1.json,../coding-readiness/hrm-transport-schema-supplement.v1.json#/operations/publishAssignmentEvent/pathSchema,../coding-readiness/hrm-transport-schema-supplement.v1.json#/operations/publishAssignmentEvent/querySchema,../coding-readiness/hrm-transport-schema-supplement.v1.json#/operations/publishAssignmentEvent/requestBodySchema,../coding-readiness/hrm-transport-schema-supplement.v1.json#/operations/publishAssignmentEvent/responseSchema,../coding-readiness/hrm-transport-schema-supplement.v1.json#/operations/publishAssignmentEvent/errorSchema,../coding-readiness/hrm-transport-schema-supplement.v1.json#/operations/publishAssignmentEvent/headerSchema,../session-evidence/hrm/g2-readiness/api-event-contracts.v1.json#/endpoints/9/rules,../coding-readiness/hrm-transport-schema-supplement.v1.json#/negativeTestRefs,NOT_STARTED_G3,NOT_AUTHORIZED_G6,RESOLVED_EXACT,2cbb4fa5ad924e7235bf1ae0dd2554f32a2659973976cbcc498face79c64e264
TSR-010,HRM,PEP-HRM-010,queryOrganizationGraph,queryOrganizationGraph,GET,/api/people/v1/hris/organizations/graph,hcm.operations.organization.view,api-pep-binding-register.csv#binding_id=PEP-HRM-010,../session-evidence/hrm/g2-readiness/api-event-contracts.v1.json,../session-evidence/hrm/g2-readiness/api-event-contracts.v1.json#/endpoints/10,LOCAL_SUPPLEMENT_SOURCE_OPERATION_PINNED,../coding-readiness/hrm-transport-schema-supplement.v1.json,../coding-readiness/hrm-transport-schema-supplement.v1.json#/operations/queryOrganizationGraph/pathSchema,../coding-readiness/hrm-transport-schema-supplement.v1.json#/operations/queryOrganizationGraph/querySchema,../coding-readiness/hrm-transport-schema-supplement.v1.json#/operations/queryOrganizationGraph/requestBodySchema,../coding-readiness/hrm-transport-schema-supplement.v1.json#/operations/queryOrganizationGraph/responseSchema,../coding-readiness/hrm-transport-schema-supplement.v1.json#/operations/queryOrganizationGraph/errorSchema,../coding-readiness/hrm-transport-schema-supplement.v1.json#/operations/queryOrganizationGraph/headerSchema,../session-evidence/hrm/g2-readiness/api-event-contracts.v1.json#/endpoints/10/rules,../coding-readiness/hrm-transport-schema-supplement.v1.json#/negativeTestRefs,NOT_STARTED_G3,NOT_AUTHORIZED_G6,RESOLVED_EXACT,67261b29e8ecd51f14ce571e34df1299240292e2fa45e6e7786e87cabca76443
TSR-011,HRM,PEP-HRM-011,issueEmploymentContract,issueEmploymentContract,POST,/api/people/v1/hris/employment-contracts,hcm.operations.contract.issue,api-pep-binding-register.csv#binding_id=PEP-HRM-011,../session-evidence/hrm/g2-readiness/api-event-contracts.v1.json,../session-evidence/hrm/g2-readiness/api-event-contracts.v1.json#/endpoints/11,LOCAL_SUPPLEMENT_SOURCE_OPERATION_PINNED,../coding-readiness/hrm-transport-schema-supplement.v1.json,../coding-readiness/hrm-transport-schema-supplement.v1.json#/operations/issueEmploymentContract/pathSchema,../coding-readiness/hrm-transport-schema-supplement.v1.json#/operations/issueEmploymentContract/querySchema,../coding-readiness/hrm-transport-schema-supplement.v1.json#/operations/issueEmploymentContract/requestBodySchema,../coding-readiness/hrm-transport-schema-supplement.v1.json#/operations/issueEmploymentContract/responseSchema,../coding-readiness/hrm-transport-schema-supplement.v1.json#/operations/issueEmploymentContract/errorSchema,../coding-readiness/hrm-transport-schema-supplement.v1.json#/operations/issueEmploymentContract/headerSchema,../session-evidence/hrm/g2-readiness/api-event-contracts.v1.json#/endpoints/11/rules,../coding-readiness/hrm-transport-schema-supplement.v1.json#/negativeTestRefs,NOT_STARTED_G3,NOT_AUTHORIZED_G6,RESOLVED_EXACT,f5065c5da596d26069fe57112102ca3036130f18596efa55abe420dcbffa5851
TSR-012,HRM,PEP-HRM-012,requestCertificate,requestCertificate,POST,/api/people/v1/hris/certificates,hcm.personal.certificate.request or hcm.operations.certificate.issue,api-pep-binding-register.csv#binding_id=PEP-HRM-012,../session-evidence/hrm/g2-readiness/api-event-contracts.v1.json,../session-evidence/hrm/g2-readiness/api-event-contracts.v1.json#/endpoints/12,LOCAL_SUPPLEMENT_SOURCE_OPERATION_PINNED,../coding-readiness/hrm-transport-schema-supplement.v1.json,../coding-readiness/hrm-transport-schema-supplement.v1.json#/operations/requestCertificate/pathSchema,../coding-readiness/hrm-transport-schema-supplement.v1.json#/operations/requestCertificate/querySchema,../coding-readiness/hrm-transport-schema-supplement.v1.json#/operations/requestCertificate/requestBodySchema,../coding-readiness/hrm-transport-schema-supplement.v1.json#/operations/requestCertificate/responseSchema,../coding-readiness/hrm-transport-schema-supplement.v1.json#/operations/requestCertificate/errorSchema,../coding-readiness/hrm-transport-schema-supplement.v1.json#/operations/requestCertificate/headerSchema,../session-evidence/hrm/g2-readiness/api-event-contracts.v1.json#/endpoints/12/rules,../coding-readiness/hrm-transport-schema-supplement.v1.json#/negativeTestRefs,NOT_STARTED_G3,NOT_AUTHORIZED_G6,RESOLVED_EXACT,53293141022e4ea0d5b48d0e2051c008720df11e94623c7d1b4c208706cbabf9
TSR-013,HRM,PEP-HRM-013,createSeparationCase,createSeparationCase,POST,/api/people/v1/hris/separation-cases,hcm.operations.separation.manage,api-pep-binding-register.csv#binding_id=PEP-HRM-013,../session-evidence/hrm/g2-readiness/api-event-contracts.v1.json,../session-evidence/hrm/g2-readiness/api-event-contracts.v1.json#/endpoints/13,LOCAL_SUPPLEMENT_SOURCE_OPERATION_PINNED,../coding-readiness/hrm-transport-schema-supplement.v1.json,../coding-readiness/hrm-transport-schema-supplement.v1.json#/operations/createSeparationCase/pathSchema,../coding-readiness/hrm-transport-schema-supplement.v1.json#/operations/createSeparationCase/querySchema,../coding-readiness/hrm-transport-schema-supplement.v1.json#/operations/createSeparationCase/requestBodySchema,../coding-readiness/hrm-transport-schema-supplement.v1.json#/operations/createSeparationCase/responseSchema,../coding-readiness/hrm-transport-schema-supplement.v1.json#/operations/createSeparationCase/errorSchema,../coding-readiness/hrm-transport-schema-supplement.v1.json#/operations/createSeparationCase/headerSchema,../session-evidence/hrm/g2-readiness/api-event-contracts.v1.json#/endpoints/13/rules,../coding-readiness/hrm-transport-schema-supplement.v1.json#/negativeTestRefs,NOT_STARTED_G3,NOT_AUTHORIZED_G6,RESOLVED_EXACT,2aff6cb8a2d88289b544675436f67ca1c09db7130ad3f692057e25ecbe41fb58
TSR-014,HRM,PEP-HRM-014,getCommandReceipt,getCommandReceipt,GET,/api/people/v1/hris/command-receipts/{receiptId},same capability and population as originating command,api-pep-binding-register.csv#binding_id=PEP-HRM-014,../session-evidence/hrm/g2-readiness/api-event-contracts.v1.json,../session-evidence/hrm/g2-readiness/api-event-contracts.v1.json#/endpoints/14,LOCAL_SUPPLEMENT_SOURCE_OPERATION_PINNED,../coding-readiness/hrm-transport-schema-supplement.v1.json,../coding-readiness/hrm-transport-schema-supplement.v1.json#/operations/getCommandReceipt/pathSchema,../coding-readiness/hrm-transport-schema-supplement.v1.json#/operations/getCommandReceipt/querySchema,../coding-readiness/hrm-transport-schema-supplement.v1.json#/operations/getCommandReceipt/requestBodySchema,../coding-readiness/hrm-transport-schema-supplement.v1.json#/operations/getCommandReceipt/responseSchema,../coding-readiness/hrm-transport-schema-supplement.v1.json#/operations/getCommandReceipt/errorSchema,../coding-readiness/hrm-transport-schema-supplement.v1.json#/operations/getCommandReceipt/headerSchema,../session-evidence/hrm/g2-readiness/api-event-contracts.v1.json#/endpoints/14/rules,../coding-readiness/hrm-transport-schema-supplement.v1.json#/negativeTestRefs,NOT_STARTED_G3,NOT_AUTHORIZED_G6,RESOLVED_EXACT,30bcc314bf1ab1b4f5ec1addbb41da9de5b1e239ebf075a4012153a1340facdb
TSR-015,HRM,PEP-HRM-015,initiateWorkforceIngestion,initiateWorkforceIngestion,POST,/api/people/v1/hris/integrations/workforce-ingestions,hcm.integration.execute,api-pep-binding-register.csv#binding_id=PEP-HRM-015,../session-evidence/hrm/g2-readiness/api-event-contracts.v1.json,../session-evidence/hrm/g2-readiness/api-event-contracts.v1.json#/endpoints/20,LOCAL_SUPPLEMENT_SOURCE_OPERATION_PINNED,../coding-readiness/hrm-transport-schema-supplement.v1.json,../coding-readiness/hrm-transport-schema-supplement.v1.json#/operations/initiateWorkforceIngestion/pathSchema,../coding-readiness/hrm-transport-schema-supplement.v1.json#/operations/initiateWorkforceIngestion/querySchema,../coding-readiness/hrm-transport-schema-supplement.v1.json#/operations/initiateWorkforceIngestion/requestBodySchema,../coding-readiness/hrm-transport-schema-supplement.v1.json#/operations/initiateWorkforceIngestion/responseSchema,../coding-readiness/hrm-transport-schema-supplement.v1.json#/operations/initiateWorkforceIngestion/errorSchema,../coding-readiness/hrm-transport-schema-supplement.v1.json#/operations/initiateWorkforceIngestion/headerSchema,../session-evidence/hrm/g2-readiness/api-event-contracts.v1.json#/endpoints/20/rules,../coding-readiness/hrm-transport-schema-supplement.v1.json#/negativeTestRefs,NOT_STARTED_G3,NOT_AUTHORIZED_G6,RESOLVED_EXACT,2f8ed3d8a215aca3fcef644ec2db181af043b838d41268170133ce144615c26b
TSR-016,HRM,PEP-HRM-016,getWorkforceHomeWidgets,getWorkforceHomeWidgets,GET,/api/people/v1/hris/home/widgets/workforce,hcm.personal.profile.view or hcm.operations.people.view,api-pep-binding-register.csv#binding_id=PEP-HRM-016,../session-evidence/hrm/g2-readiness/api-event-contracts.v1.json,../session-evidence/hrm/g2-readiness/api-event-contracts.v1.json#/endpoints/21,LOCAL_SUPPLEMENT_SOURCE_OPERATION_PINNED,../coding-readiness/hrm-transport-schema-supplement.v1.json,../coding-readiness/hrm-transport-schema-supplement.v1.json#/operations/getWorkforceHomeWidgets/pathSchema,../coding-readiness/hrm-transport-schema-supplement.v1.json#/operations/getWorkforceHomeWidgets/querySchema,../coding-readiness/hrm-transport-schema-supplement.v1.json#/operations/getWorkforceHomeWidgets/requestBodySchema,../coding-readiness/hrm-transport-schema-supplement.v1.json#/operations/getWorkforceHomeWidgets/responseSchema,../coding-readiness/hrm-transport-schema-supplement.v1.json#/operations/getWorkforceHomeWidgets/errorSchema,../coding-readiness/hrm-transport-schema-supplement.v1.json#/operations/getWorkforceHomeWidgets/headerSchema,../session-evidence/hrm/g2-readiness/api-event-contracts.v1.json#/endpoints/21/rules,../coding-readiness/hrm-transport-schema-supplement.v1.json#/negativeTestRefs,NOT_STARTED_G3,NOT_AUTHORIZED_G6,RESOLVED_EXACT,913bd9d07c6721f0dbe4b27f55575aafe857e3039a7c2024212d071fa8968ddd
TSR-017,PER,PEP-PER-001,getPerformanceDashboard,getPerformanceDashboard,GET,/api/people/v1/hris/performance/dashboard,hcm.personal.performance.view|hcm.team.performance.review|hcm.operations.performance.update,api-pep-binding-register.csv#binding_id=PEP-PER-001,../session-evidence/per/g2-readiness/api-event-contracts.yaml,../session-evidence/per/g2-readiness/api-event-contracts.yaml#/paths/~1dashboard/get,SOURCE_OPENAPI,../session-evidence/per/g2-readiness/api-event-contracts.yaml,../session-evidence/per/g2-readiness/api-event-contracts.yaml#/paths/~1dashboard/get/parameters,../session-evidence/per/g2-readiness/api-event-contracts.yaml#/paths/~1dashboard/get/parameters,NONE,../session-evidence/per/g2-readiness/api-event-contracts.yaml#/paths/~1dashboard/get/responses/200/content/application~1json/schema,../session-evidence/per/g2-readiness/api-event-contracts.yaml#/components/schemas/Problem,../session-evidence/per/g2-readiness/api-event-contracts.yaml#/paths/~1dashboard/get/parameters,../session-evidence/per/g2-readiness/api-event-contracts.yaml#/paths/~1dashboard/get/responses,../session-evidence/per/g2-readiness/golden/golden-spec.md#negative-tests,NOT_STARTED_G3,NOT_AUTHORIZED_G6,RESOLVED_EXACT,bbab00351a6f04cc0a161447d54c8ef0e966ef2cfc986e3c8cd2b4df2657893f
TSR-018,PER,PEP-PER-002,listCycles,listCycles,GET,/api/people/v1/hris/performance/cycles,per.cycle.view,api-pep-binding-register.csv#binding_id=PEP-PER-002,../session-evidence/per/g2-readiness/api-event-contracts.yaml,../session-evidence/per/g2-readiness/api-event-contracts.yaml#/paths/~1cycles/get,SOURCE_OPENAPI,../session-evidence/per/g2-readiness/api-event-contracts.yaml,../session-evidence/per/g2-readiness/api-event-contracts.yaml#/paths/~1cycles/get/parameters,../session-evidence/per/g2-readiness/api-event-contracts.yaml#/paths/~1cycles/get/parameters,NONE,../session-evidence/per/g2-readiness/api-event-contracts.yaml#/paths/~1cycles/get/responses/200/content/application~1json/schema,../session-evidence/per/g2-readiness/api-event-contracts.yaml#/components/schemas/Problem,../session-evidence/per/g2-readiness/api-event-contracts.yaml#/paths/~1cycles/get/parameters,../session-evidence/per/g2-readiness/api-event-contracts.yaml#/paths/~1cycles/get/responses,../session-evidence/per/g2-readiness/golden/golden-spec.md#negative-tests,NOT_STARTED_G3,NOT_AUTHORIZED_G6,RESOLVED_EXACT,569196cbc346f7bf008f5613062083b4b9cc4ebcbe1799cf5a95c00faf7f482a
TSR-019,PER,PEP-PER-003,createCycle,createCycle,POST,/api/people/v1/hris/performance/cycles,per.cycle.manage,api-pep-binding-register.csv#binding_id=PEP-PER-003,../session-evidence/per/g2-readiness/api-event-contracts.yaml,../session-evidence/per/g2-readiness/api-event-contracts.yaml#/paths/~1cycles/post,SOURCE_OPENAPI,../session-evidence/per/g2-readiness/api-event-contracts.yaml,../session-evidence/per/g2-readiness/api-event-contracts.yaml#/paths/~1cycles/post/parameters,../session-evidence/per/g2-readiness/api-event-contracts.yaml#/paths/~1cycles/post/parameters,../session-evidence/per/g2-readiness/api-event-contracts.yaml#/paths/~1cycles/post/requestBody/content/application~1json/schema,../session-evidence/per/g2-readiness/api-event-contracts.yaml#/paths/~1cycles/post/responses/201/content/application~1json/schema,../session-evidence/per/g2-readiness/api-event-contracts.yaml#/components/schemas/Problem,../session-evidence/per/g2-readiness/api-event-contracts.yaml#/paths/~1cycles/post/parameters,../session-evidence/per/g2-readiness/api-event-contracts.yaml#/paths/~1cycles/post/responses,../session-evidence/per/g2-readiness/golden/golden-spec.md#negative-tests,NOT_STARTED_G3,NOT_AUTHORIZED_G6,RESOLVED_EXACT,66ee829831203791b77f826579cb2ddbe526a5d181d7ad5ba5e88d983a2135bc
TSR-020,PER,PEP-PER-004,getCycle,getCycle,GET,/api/people/v1/hris/performance/cycles/{cycleId},per.cycle.view,api-pep-binding-register.csv#binding_id=PEP-PER-004,../session-evidence/per/g2-readiness/api-event-contracts.yaml,../session-evidence/per/g2-readiness/api-event-contracts.yaml#/paths/~1cycles~1{cycleId}/get,SOURCE_OPENAPI,../session-evidence/per/g2-readiness/api-event-contracts.yaml,../session-evidence/per/g2-readiness/api-event-contracts.yaml#/paths/~1cycles~1{cycleId}/get/parameters,../session-evidence/per/g2-readiness/api-event-contracts.yaml#/paths/~1cycles~1{cycleId}/get/parameters,NONE,../session-evidence/per/g2-readiness/api-event-contracts.yaml#/paths/~1cycles~1{cycleId}/get/responses/200/content/application~1json/schema,../session-evidence/per/g2-readiness/api-event-contracts.yaml#/components/schemas/Problem,../session-evidence/per/g2-readiness/api-event-contracts.yaml#/paths/~1cycles~1{cycleId}/get/parameters,../session-evidence/per/g2-readiness/api-event-contracts.yaml#/paths/~1cycles~1{cycleId}/get/responses,../session-evidence/per/g2-readiness/golden/golden-spec.md#negative-tests,NOT_STARTED_G3,NOT_AUTHORIZED_G6,RESOLVED_EXACT,f8b42de49de00ae2c6eb45c9a8983bc7b4abb21f882d6c1c7bd31bdb49de7ee8
TSR-021,PER,PEP-PER-005,updateCycleDraft,updateCycleDraft,PATCH,/api/people/v1/hris/performance/cycles/{cycleId},per.cycle.manage,api-pep-binding-register.csv#binding_id=PEP-PER-005,../session-evidence/per/g2-readiness/api-event-contracts.yaml,../session-evidence/per/g2-readiness/api-event-contracts.yaml#/paths/~1cycles~1{cycleId}/patch,SOURCE_OPENAPI,../session-evidence/per/g2-readiness/api-event-contracts.yaml,../session-evidence/per/g2-readiness/api-event-contracts.yaml#/paths/~1cycles~1{cycleId}/patch/parameters,../session-evidence/per/g2-readiness/api-event-contracts.yaml#/paths/~1cycles~1{cycleId}/patch/parameters,../session-evidence/per/g2-readiness/api-event-contracts.yaml#/paths/~1cycles~1{cycleId}/patch/requestBody/content/application~1merge-patch+json/schema,../session-evidence/per/g2-readiness/api-event-contracts.yaml#/paths/~1cycles~1{cycleId}/patch/responses/200/content/application~1json/schema,../session-evidence/per/g2-readiness/api-event-contracts.yaml#/components/schemas/Problem,../session-evidence/per/g2-readiness/api-event-contracts.yaml#/paths/~1cycles~1{cycleId}/patch/parameters,../session-evidence/per/g2-readiness/api-event-contracts.yaml#/paths/~1cycles~1{cycleId}/patch/responses,../session-evidence/per/g2-readiness/golden/golden-spec.md#negative-tests,NOT_STARTED_G3,NOT_AUTHORIZED_G6,RESOLVED_EXACT,1f7724e6383533f0de056f24d39d4209063e50bb8236411494aff6e9b31be472
TSR-022,PER,PEP-PER-006,validateCycle,validateCycle,POST,/api/people/v1/hris/performance/cycles/{cycleId}/validate,per.cycle.manage,api-pep-binding-register.csv#binding_id=PEP-PER-006,../session-evidence/per/g2-readiness/api-event-contracts.yaml,../session-evidence/per/g2-readiness/api-event-contracts.yaml#/paths/~1cycles~1{cycleId}~1validate/post,SOURCE_OPENAPI,../session-evidence/per/g2-readiness/api-event-contracts.yaml,../session-evidence/per/g2-readiness/api-event-contracts.yaml#/paths/~1cycles~1{cycleId}~1validate/post/parameters,../session-evidence/per/g2-readiness/api-event-contracts.yaml#/paths/~1cycles~1{cycleId}~1validate/post/parameters,NONE,../session-evidence/per/g2-readiness/api-event-contracts.yaml#/paths/~1cycles~1{cycleId}~1validate/post/responses/200/content/application~1json/schema,../session-evidence/per/g2-readiness/api-event-contracts.yaml#/components/schemas/Problem,../session-evidence/per/g2-readiness/api-event-contracts.yaml#/paths/~1cycles~1{cycleId}~1validate/post/parameters,../session-evidence/per/g2-readiness/api-event-contracts.yaml#/paths/~1cycles~1{cycleId}~1validate/post/responses,../session-evidence/per/g2-readiness/golden/golden-spec.md#negative-tests,NOT_STARTED_G3,NOT_AUTHORIZED_G6,RESOLVED_EXACT,ab0f58298dad03f71075b2e56cbf6c6e3b14094afd5ca9513686bac0bafb171d
TSR-023,PER,PEP-PER-007,publishCycle,publishCycle,POST,/api/people/v1/hris/performance/cycles/{cycleId}/publish,per.cycle.publish,api-pep-binding-register.csv#binding_id=PEP-PER-007,../session-evidence/per/g2-readiness/api-event-contracts.yaml,../session-evidence/per/g2-readiness/api-event-contracts.yaml#/paths/~1cycles~1{cycleId}~1publish/post,SOURCE_OPENAPI,../session-evidence/per/g2-readiness/api-event-contracts.yaml,../session-evidence/per/g2-readiness/api-event-contracts.yaml#/paths/~1cycles~1{cycleId}~1publish/post/parameters,../session-evidence/per/g2-readiness/api-event-contracts.yaml#/paths/~1cycles~1{cycleId}~1publish/post/parameters,../session-evidence/per/g2-readiness/api-event-contracts.yaml#/paths/~1cycles~1{cycleId}~1publish/post/requestBody/content/application~1json/schema,../session-evidence/per/g2-readiness/api-event-contracts.yaml#/paths/~1cycles~1{cycleId}~1publish/post/responses/202/content/application~1json/schema,../session-evidence/per/g2-readiness/api-event-contracts.yaml#/components/schemas/Problem,../session-evidence/per/g2-readiness/api-event-contracts.yaml#/paths/~1cycles~1{cycleId}~1publish/post/parameters,../session-evidence/per/g2-readiness/api-event-contracts.yaml#/paths/~1cycles~1{cycleId}~1publish/post/responses,../session-evidence/per/g2-readiness/golden/golden-spec.md#negative-tests,NOT_STARTED_G3,NOT_AUTHORIZED_G6,RESOLVED_EXACT,77f8e702245faf224c33c6fe69ba4059d8cc715a5767e5c946f13451754cead6
TSR-024,PER,PEP-PER-008,previewPopulation,previewPopulation,POST,/api/people/v1/hris/performance/cycles/{cycleId}/population-previews,per.population.preview,api-pep-binding-register.csv#binding_id=PEP-PER-008,../session-evidence/per/g2-readiness/api-event-contracts.yaml,../session-evidence/per/g2-readiness/api-event-contracts.yaml#/paths/~1cycles~1{cycleId}~1population-previews/post,SOURCE_OPENAPI,../session-evidence/per/g2-readiness/api-event-contracts.yaml,../session-evidence/per/g2-readiness/api-event-contracts.yaml#/paths/~1cycles~1{cycleId}~1population-previews/post/parameters,../session-evidence/per/g2-readiness/api-event-contracts.yaml#/paths/~1cycles~1{cycleId}~1population-previews/post/parameters,../session-evidence/per/g2-readiness/api-event-contracts.yaml#/paths/~1cycles~1{cycleId}~1population-previews/post/requestBody/content/application~1json/schema,../session-evidence/per/g2-readiness/api-event-contracts.yaml#/paths/~1cycles~1{cycleId}~1population-previews/post/responses/202/content/application~1json/schema,../session-evidence/per/g2-readiness/api-event-contracts.yaml#/components/schemas/Problem,../session-evidence/per/g2-readiness/api-event-contracts.yaml#/paths/~1cycles~1{cycleId}~1population-previews/post/parameters,../session-evidence/per/g2-readiness/api-event-contracts.yaml#/paths/~1cycles~1{cycleId}~1population-previews/post/responses,../session-evidence/per/g2-readiness/golden/golden-spec.md#negative-tests,NOT_STARTED_G3,NOT_AUTHORIZED_G6,RESOLVED_EXACT,f798644e5b7497094eba378fc047342745eaca7e5e19f7f37b096c892a6cb8c0
TSR-025,PER,PEP-PER-009,freezePopulation,freezePopulation,POST,/api/people/v1/hris/performance/cycles/{cycleId}/population-freezes,per.population.freeze,api-pep-binding-register.csv#binding_id=PEP-PER-009,../session-evidence/per/g2-readiness/api-event-contracts.yaml,../session-evidence/per/g2-readiness/api-event-contracts.yaml#/paths/~1cycles~1{cycleId}~1population-freezes/post,SOURCE_OPENAPI,../session-evidence/per/g2-readiness/api-event-contracts.yaml,../session-evidence/per/g2-readiness/api-event-contracts.yaml#/paths/~1cycles~1{cycleId}~1population-freezes/post/parameters,../session-evidence/per/g2-readiness/api-event-contracts.yaml#/paths/~1cycles~1{cycleId}~1population-freezes/post/parameters,../session-evidence/per/g2-readiness/api-event-contracts.yaml#/paths/~1cycles~1{cycleId}~1population-freezes/post/requestBody/content/application~1json/schema,../session-evidence/per/g2-readiness/api-event-contracts.yaml#/paths/~1cycles~1{cycleId}~1population-freezes/post/responses/202/content/application~1json/schema,../session-evidence/per/g2-readiness/api-event-contracts.yaml#/components/schemas/Problem,../session-evidence/per/g2-readiness/api-event-contracts.yaml#/paths/~1cycles~1{cycleId}~1population-freezes/post/parameters,../session-evidence/per/g2-readiness/api-event-contracts.yaml#/paths/~1cycles~1{cycleId}~1population-freezes/post/responses,../session-evidence/per/g2-readiness/golden/golden-spec.md#negative-tests,NOT_STARTED_G3,NOT_AUTHORIZED_G6,RESOLVED_EXACT,eec22d967595bffe58b1db924d937db6ac1c387ae6543aaf38826228d235be0c
TSR-026,PER,PEP-PER-010,createGoal,createGoal,POST,/api/people/v1/hris/performance/goals,per.goal.self.write|per.goal.team.approve,api-pep-binding-register.csv#binding_id=PEP-PER-010,../session-evidence/per/g2-readiness/api-event-contracts.yaml,../session-evidence/per/g2-readiness/api-event-contracts.yaml#/paths/~1goals/post,SOURCE_OPENAPI,../session-evidence/per/g2-readiness/api-event-contracts.yaml,../session-evidence/per/g2-readiness/api-event-contracts.yaml#/paths/~1goals/post/parameters,../session-evidence/per/g2-readiness/api-event-contracts.yaml#/paths/~1goals/post/parameters,../session-evidence/per/g2-readiness/api-event-contracts.yaml#/paths/~1goals/post/requestBody/content/application~1json/schema,../session-evidence/per/g2-readiness/api-event-contracts.yaml#/paths/~1goals/post/responses/201/content/application~1json/schema,../session-evidence/per/g2-readiness/api-event-contracts.yaml#/components/schemas/Problem,../session-evidence/per/g2-readiness/api-event-contracts.yaml#/paths/~1goals/post/parameters,../session-evidence/per/g2-readiness/api-event-contracts.yaml#/paths/~1goals/post/responses,../session-evidence/per/g2-readiness/golden/golden-spec.md#negative-tests,NOT_STARTED_G3,NOT_AUTHORIZED_G6,RESOLVED_EXACT,c0ee55e3682d3975d8198cd6bea874662f738797d6a2323d93a35a8ab7205e1f
TSR-027,PER,PEP-PER-011,submitGoal,submitGoal,POST,/api/people/v1/hris/performance/goals/{goalId}/submit,per.goal.self.write|per.goal.team.approve,api-pep-binding-register.csv#binding_id=PEP-PER-011,../session-evidence/per/g2-readiness/api-event-contracts.yaml,../session-evidence/per/g2-readiness/api-event-contracts.yaml#/paths/~1goals~1{goalId}~1submit/post,SOURCE_OPENAPI,../session-evidence/per/g2-readiness/api-event-contracts.yaml,../session-evidence/per/g2-readiness/api-event-contracts.yaml#/paths/~1goals~1{goalId}~1submit/post/parameters,../session-evidence/per/g2-readiness/api-event-contracts.yaml#/paths/~1goals~1{goalId}~1submit/post/parameters,NONE,../session-evidence/per/g2-readiness/api-event-contracts.yaml#/paths/~1goals~1{goalId}~1submit/post/responses/200/content/application~1json/schema,../session-evidence/per/g2-readiness/api-event-contracts.yaml#/components/schemas/Problem,../session-evidence/per/g2-readiness/api-event-contracts.yaml#/paths/~1goals~1{goalId}~1submit/post/parameters,../session-evidence/per/g2-readiness/api-event-contracts.yaml#/paths/~1goals~1{goalId}~1submit/post/responses,../session-evidence/per/g2-readiness/golden/golden-spec.md#negative-tests,NOT_STARTED_G3,NOT_AUTHORIZED_G6,RESOLVED_EXACT,13c719009b56dad2dfe7e3298c7b4643d5d90d9b96045412159159a011343cb3
TSR-028,PER,PEP-PER-012,getAssignedReview,getAssignedReview,GET,/api/people/v1/hris/performance/reviews/{reviewId},per.review.self.submit|hcm.team.performance.review,api-pep-binding-register.csv#binding_id=PEP-PER-012,../session-evidence/per/g2-readiness/api-event-contracts.yaml,../session-evidence/per/g2-readiness/api-event-contracts.yaml#/paths/~1reviews~1{reviewId}/get,SOURCE_OPENAPI,../session-evidence/per/g2-readiness/api-event-contracts.yaml,../session-evidence/per/g2-readiness/api-event-contracts.yaml#/paths/~1reviews~1{reviewId}/get/parameters,../session-evidence/per/g2-readiness/api-event-contracts.yaml#/paths/~1reviews~1{reviewId}/get/parameters,NONE,../session-evidence/per/g2-readiness/api-event-contracts.yaml#/paths/~1reviews~1{reviewId}/get/responses/200/content/application~1json/schema,../session-evidence/per/g2-readiness/api-event-contracts.yaml#/components/schemas/Problem,../session-evidence/per/g2-readiness/api-event-contracts.yaml#/paths/~1reviews~1{reviewId}/get/parameters,../session-evidence/per/g2-readiness/api-event-contracts.yaml#/paths/~1reviews~1{reviewId}/get/responses,../session-evidence/per/g2-readiness/golden/golden-spec.md#negative-tests,NOT_STARTED_G3,NOT_AUTHORIZED_G6,RESOLVED_EXACT,b78c35541e2bd7510e95a4397f402d57bcc04f63136419982750cc719d422430
TSR-029,PER,PEP-PER-013,saveReviewDraft,saveReviewDraft,PATCH,/api/people/v1/hris/performance/reviews/{reviewId},per.review.self.submit|hcm.team.performance.review,api-pep-binding-register.csv#binding_id=PEP-PER-013,../session-evidence/per/g2-readiness/api-event-contracts.yaml,../session-evidence/per/g2-readiness/api-event-contracts.yaml#/paths/~1reviews~1{reviewId}/patch,SOURCE_OPENAPI,../session-evidence/per/g2-readiness/api-event-contracts.yaml,../session-evidence/per/g2-readiness/api-event-contracts.yaml#/paths/~1reviews~1{reviewId}/patch/parameters,../session-evidence/per/g2-readiness/api-event-contracts.yaml#/paths/~1reviews~1{reviewId}/patch/parameters,../session-evidence/per/g2-readiness/api-event-contracts.yaml#/paths/~1reviews~1{reviewId}/patch/requestBody/content/application~1merge-patch+json/schema,../session-evidence/per/g2-readiness/api-event-contracts.yaml#/paths/~1reviews~1{reviewId}/patch/responses/200/content/application~1json/schema,../session-evidence/per/g2-readiness/api-event-contracts.yaml#/components/schemas/Problem,../session-evidence/per/g2-readiness/api-event-contracts.yaml#/paths/~1reviews~1{reviewId}/patch/parameters,../session-evidence/per/g2-readiness/api-event-contracts.yaml#/paths/~1reviews~1{reviewId}/patch/responses,../session-evidence/per/g2-readiness/golden/golden-spec.md#negative-tests,NOT_STARTED_G3,NOT_AUTHORIZED_G6,RESOLVED_EXACT,7c6b876a73865865f8da30e283171c21e00bd61051410c22bbb04dbb03e245a5
TSR-030,PER,PEP-PER-014,submitReview,submitReview,POST,/api/people/v1/hris/performance/reviews/{reviewId}/submit,per.review.self.submit|hcm.team.performance.review,api-pep-binding-register.csv#binding_id=PEP-PER-014,../session-evidence/per/g2-readiness/api-event-contracts.yaml,../session-evidence/per/g2-readiness/api-event-contracts.yaml#/paths/~1reviews~1{reviewId}~1submit/post,SOURCE_OPENAPI,../session-evidence/per/g2-readiness/api-event-contracts.yaml,../session-evidence/per/g2-readiness/api-event-contracts.yaml#/paths/~1reviews~1{reviewId}~1submit/post/parameters,../session-evidence/per/g2-readiness/api-event-contracts.yaml#/paths/~1reviews~1{reviewId}~1submit/post/parameters,../session-evidence/per/g2-readiness/api-event-contracts.yaml#/paths/~1reviews~1{reviewId}~1submit/post/requestBody/content/application~1json/schema,../session-evidence/per/g2-readiness/api-event-contracts.yaml#/paths/~1reviews~1{reviewId}~1submit/post/responses/200/content/application~1json/schema,../session-evidence/per/g2-readiness/api-event-contracts.yaml#/components/schemas/Problem,../session-evidence/per/g2-readiness/api-event-contracts.yaml#/paths/~1reviews~1{reviewId}~1submit/post/parameters,../session-evidence/per/g2-readiness/api-event-contracts.yaml#/paths/~1reviews~1{reviewId}~1submit/post/responses,../session-evidence/per/g2-readiness/golden/golden-spec.md#negative-tests,NOT_STARTED_G3,NOT_AUTHORIZED_G6,RESOLVED_EXACT,0071112de1e7c3ff0f111945172b1218f1704bbbf9bc9c65a85765efa9c3fdb2
TSR-031,PER,PEP-PER-015,createFeedbackRequest,createFeedbackRequest,POST,/api/people/v1/hris/performance/feedback-requests,per.feedback.request.create,api-pep-binding-register.csv#binding_id=PEP-PER-015,../session-evidence/per/g2-readiness/api-event-contracts.yaml,../session-evidence/per/g2-readiness/api-event-contracts.yaml#/paths/~1feedback-requests/post,SOURCE_OPENAPI,../session-evidence/per/g2-readiness/api-event-contracts.yaml,../session-evidence/per/g2-readiness/api-event-contracts.yaml#/paths/~1feedback-requests/post/parameters,../session-evidence/per/g2-readiness/api-event-contracts.yaml#/paths/~1feedback-requests/post/parameters,../session-evidence/per/g2-readiness/api-event-contracts.yaml#/paths/~1feedback-requests/post/requestBody/content/application~1json/schema,../session-evidence/per/g2-readiness/api-event-contracts.yaml#/paths/~1feedback-requests/post/responses/201/content/application~1json/schema,../session-evidence/per/g2-readiness/api-event-contracts.yaml#/components/schemas/Problem,../session-evidence/per/g2-readiness/api-event-contracts.yaml#/paths/~1feedback-requests/post/parameters,../session-evidence/per/g2-readiness/api-event-contracts.yaml#/paths/~1feedback-requests/post/responses,../session-evidence/per/g2-readiness/golden/golden-spec.md#negative-tests,NOT_STARTED_G3,NOT_AUTHORIZED_G6,RESOLVED_EXACT,512b50f5f0b43e9ec2b13a19b1851c456836fe52336ca0f31f46f989596782c1
TSR-032,PER,PEP-PER-016,createCheckin,createCheckin,POST,/api/people/v1/hris/performance/check-ins,per.checkin.manage,api-pep-binding-register.csv#binding_id=PEP-PER-016,../session-evidence/per/g2-readiness/api-event-contracts.yaml,../session-evidence/per/g2-readiness/api-event-contracts.yaml#/paths/~1check-ins/post,SOURCE_OPENAPI,../session-evidence/per/g2-readiness/api-event-contracts.yaml,../session-evidence/per/g2-readiness/api-event-contracts.yaml#/paths/~1check-ins/post/parameters,../session-evidence/per/g2-readiness/api-event-contracts.yaml#/paths/~1check-ins/post/parameters,../session-evidence/per/g2-readiness/api-event-contracts.yaml#/paths/~1check-ins/post/requestBody/content/application~1json/schema,../session-evidence/per/g2-readiness/api-event-contracts.yaml#/paths/~1check-ins/post/responses/201/content/application~1json/schema,../session-evidence/per/g2-readiness/api-event-contracts.yaml#/components/schemas/Problem,../session-evidence/per/g2-readiness/api-event-contracts.yaml#/paths/~1check-ins/post/parameters,../session-evidence/per/g2-readiness/api-event-contracts.yaml#/paths/~1check-ins/post/responses,../session-evidence/per/g2-readiness/golden/golden-spec.md#negative-tests,NOT_STARTED_G3,NOT_AUTHORIZED_G6,RESOLVED_EXACT,8b139e772c917cc496c0616788776325f646e975e5e54a146fb897a9c2a0dfaf
TSR-033,PER,PEP-PER-017,appendCalibrationAdjustment,appendCalibrationAdjustment,POST,/api/people/v1/hris/performance/calibration-sessions/{sessionId}/adjustments,hcm.operations.performance.calibrate,api-pep-binding-register.csv#binding_id=PEP-PER-017,../session-evidence/per/g2-readiness/api-event-contracts.yaml,../session-evidence/per/g2-readiness/api-event-contracts.yaml#/paths/~1calibration-sessions~1{sessionId}~1adjustments/post,SOURCE_OPENAPI,../session-evidence/per/g2-readiness/api-event-contracts.yaml,../session-evidence/per/g2-readiness/api-event-contracts.yaml#/paths/~1calibration-sessions~1{sessionId}~1adjustments/post/parameters,../session-evidence/per/g2-readiness/api-event-contracts.yaml#/paths/~1calibration-sessions~1{sessionId}~1adjustments/post/parameters,../session-evidence/per/g2-readiness/api-event-contracts.yaml#/paths/~1calibration-sessions~1{sessionId}~1adjustments/post/requestBody/content/application~1json/schema,../session-evidence/per/g2-readiness/api-event-contracts.yaml#/paths/~1calibration-sessions~1{sessionId}~1adjustments/post/responses/201/content/application~1json/schema,../session-evidence/per/g2-readiness/api-event-contracts.yaml#/components/schemas/Problem,../session-evidence/per/g2-readiness/api-event-contracts.yaml#/paths/~1calibration-sessions~1{sessionId}~1adjustments/post/parameters,../session-evidence/per/g2-readiness/api-event-contracts.yaml#/paths/~1calibration-sessions~1{sessionId}~1adjustments/post/responses,../session-evidence/per/g2-readiness/golden/golden-spec.md#negative-tests,NOT_STARTED_G3,NOT_AUTHORIZED_G6,RESOLVED_EXACT,43a62103cf97f7a2a0a1ce3daefde34c1f125f1690cd9e257da30036d76e4763
TSR-034,PER,PEP-PER-018,publishResults,publishResults,POST,/api/people/v1/hris/performance/result-sets/{resultSetId}/publish,hcm.operations.performance.publish,api-pep-binding-register.csv#binding_id=PEP-PER-018,../session-evidence/per/g2-readiness/api-event-contracts.yaml,../session-evidence/per/g2-readiness/api-event-contracts.yaml#/paths/~1result-sets~1{resultSetId}~1publish/post,SOURCE_OPENAPI,../session-evidence/per/g2-readiness/api-event-contracts.yaml,../session-evidence/per/g2-readiness/api-event-contracts.yaml#/paths/~1result-sets~1{resultSetId}~1publish/post/parameters,../session-evidence/per/g2-readiness/api-event-contracts.yaml#/paths/~1result-sets~1{resultSetId}~1publish/post/parameters,../session-evidence/per/g2-readiness/api-event-contracts.yaml#/paths/~1result-sets~1{resultSetId}~1publish/post/requestBody/content/application~1json/schema,../session-evidence/per/g2-readiness/api-event-contracts.yaml#/paths/~1result-sets~1{resultSetId}~1publish/post/responses/202/content/application~1json/schema,../session-evidence/per/g2-readiness/api-event-contracts.yaml#/components/schemas/Problem,../session-evidence/per/g2-readiness/api-event-contracts.yaml#/paths/~1result-sets~1{resultSetId}~1publish/post/parameters,../session-evidence/per/g2-readiness/api-event-contracts.yaml#/paths/~1result-sets~1{resultSetId}~1publish/post/responses,../session-evidence/per/g2-readiness/golden/golden-spec.md#negative-tests,NOT_STARTED_G3,NOT_AUTHORIZED_G6,RESOLVED_EXACT,d3f73df5e420de1455178e7c0d47216c84e9c08717f3d71352ae7f1b59b26114
TSR-035,PER,PEP-PER-019,openAppeal,openAppeal,POST,/api/people/v1/hris/performance/results/{resultId}/appeals,per.appeal.self.open,api-pep-binding-register.csv#binding_id=PEP-PER-019,../session-evidence/per/g2-readiness/api-event-contracts.yaml,../session-evidence/per/g2-readiness/api-event-contracts.yaml#/paths/~1results~1{resultId}~1appeals/post,SOURCE_OPENAPI,../session-evidence/per/g2-readiness/api-event-contracts.yaml,../session-evidence/per/g2-readiness/api-event-contracts.yaml#/paths/~1results~1{resultId}~1appeals/post/parameters,../session-evidence/per/g2-readiness/api-event-contracts.yaml#/paths/~1results~1{resultId}~1appeals/post/parameters,../session-evidence/per/g2-readiness/api-event-contracts.yaml#/paths/~1results~1{resultId}~1appeals/post/requestBody/content/application~1json/schema,../session-evidence/per/g2-readiness/api-event-contracts.yaml#/paths/~1results~1{resultId}~1appeals/post/responses/201/content/application~1json/schema,../session-evidence/per/g2-readiness/api-event-contracts.yaml#/components/schemas/Problem,../session-evidence/per/g2-readiness/api-event-contracts.yaml#/paths/~1results~1{resultId}~1appeals/post/parameters,../session-evidence/per/g2-readiness/api-event-contracts.yaml#/paths/~1results~1{resultId}~1appeals/post/responses,../session-evidence/per/g2-readiness/golden/golden-spec.md#negative-tests,NOT_STARTED_G3,NOT_AUTHORIZED_G6,RESOLVED_EXACT,da671fc25a4841973c815813a40760a2b5e2290f74c81695a7c1ce160b6cf632
TSR-036,PER,PEP-PER-020,requestImport,requestImport,POST,/api/people/v1/hris/performance/imports,per.data-exchange.execute,api-pep-binding-register.csv#binding_id=PEP-PER-020,../session-evidence/per/g2-readiness/api-event-contracts.yaml,../session-evidence/per/g2-readiness/api-event-contracts.yaml#/paths/~1imports/post,SOURCE_OPENAPI,../session-evidence/per/g2-readiness/api-event-contracts.yaml,../session-evidence/per/g2-readiness/api-event-contracts.yaml#/paths/~1imports/post/parameters,../session-evidence/per/g2-readiness/api-event-contracts.yaml#/paths/~1imports/post/parameters,../session-evidence/per/g2-readiness/api-event-contracts.yaml#/paths/~1imports/post/requestBody/content/application~1json/schema,../session-evidence/per/g2-readiness/api-event-contracts.yaml#/paths/~1imports/post/responses/202/content/application~1json/schema,../session-evidence/per/g2-readiness/api-event-contracts.yaml#/components/schemas/Problem,../session-evidence/per/g2-readiness/api-event-contracts.yaml#/paths/~1imports/post/parameters,../session-evidence/per/g2-readiness/api-event-contracts.yaml#/paths/~1imports/post/responses,../session-evidence/per/g2-readiness/golden/golden-spec.md#negative-tests,NOT_STARTED_G3,NOT_AUTHORIZED_G6,RESOLVED_EXACT,0b1965d85186804eaf3984ff42cb259cd4b46970b18e30deb0a05c12916e3b0a
TSR-037,PER,PEP-PER-021,getCommandReceipt,getCommandReceipt,GET,/api/people/v1/hris/performance/command-receipts/{receiptId},per.command-receipt.view,api-pep-binding-register.csv#binding_id=PEP-PER-021,../session-evidence/per/g2-readiness/api-event-contracts.yaml,../session-evidence/per/g2-readiness/api-event-contracts.yaml#/paths/~1command-receipts~1{receiptId}/get,SOURCE_OPENAPI,../session-evidence/per/g2-readiness/api-event-contracts.yaml,../session-evidence/per/g2-readiness/api-event-contracts.yaml#/paths/~1command-receipts~1{receiptId}/get/parameters,../session-evidence/per/g2-readiness/api-event-contracts.yaml#/paths/~1command-receipts~1{receiptId}/get/parameters,NONE,../session-evidence/per/g2-readiness/api-event-contracts.yaml#/paths/~1command-receipts~1{receiptId}/get/responses/200/content/application~1json/schema,../session-evidence/per/g2-readiness/api-event-contracts.yaml#/components/schemas/Problem,../session-evidence/per/g2-readiness/api-event-contracts.yaml#/paths/~1command-receipts~1{receiptId}/get/parameters,../session-evidence/per/g2-readiness/api-event-contracts.yaml#/paths/~1command-receipts~1{receiptId}/get/responses,../session-evidence/per/g2-readiness/golden/golden-spec.md#negative-tests,NOT_STARTED_G3,NOT_AUTHORIZED_G6,RESOLVED_EXACT,3d93eec21babaac2b398a6b54f04b88d0a06d709e313327aecf38b74afde1975
TSR-038,TIM,PEP-TIM-001,time.widget.summary,time.widget.summary,GET,/v1/widgets/summary,TIME_WIDGET_VIEW,api-pep-binding-register.csv#binding_id=PEP-TIM-001,../session-evidence/tim/g2-api-event-contracts.json,../session-evidence/tim/g2-api-event-contracts.json#/operations/0,LOCAL_EXACT_SOURCE_OPERATION_PINNED,../session-evidence/tim/g2-transport-schemas.v1.json,../session-evidence/tim/g2-transport-schemas.v1.json#/operations/time.widget.summary/pathSchema,../session-evidence/tim/g2-transport-schemas.v1.json#/operations/time.widget.summary/querySchema,../session-evidence/tim/g2-transport-schemas.v1.json#/operations/time.widget.summary/requestBodySchema,../session-evidence/tim/g2-transport-schemas.v1.json#/operations/time.widget.summary/responseSchema,../session-evidence/tim/g2-transport-schemas.v1.json#/operations/time.widget.summary/errorSchema,../session-evidence/tim/g2-transport-schemas.v1.json#/operations/time.widget.summary/headerSchema,../session-evidence/tim/g2-api-event-contracts.json#/operations/0,../session-evidence/tim/g2-transport-schemas.v1.json#/negativeTestRefs,NOT_STARTED_G3,NOT_AUTHORIZED_G6,RESOLVED_EXACT,7d2bbafb6a1b674bf9f71f8effd52522df781b3f07c1d8ba8ce1f2222c7d575f
TSR-039,TIM,PEP-TIM-002,schedule.query,schedule.query,GET,/v1/schedules,TIME_SCHEDULE_VIEW,api-pep-binding-register.csv#binding_id=PEP-TIM-002,../session-evidence/tim/g2-api-event-contracts.json,../session-evidence/tim/g2-api-event-contracts.json#/operations/2,LOCAL_EXACT_SOURCE_OPERATION_PINNED,../session-evidence/tim/g2-transport-schemas.v1.json,../session-evidence/tim/g2-transport-schemas.v1.json#/operations/schedule.query/pathSchema,../session-evidence/tim/g2-transport-schemas.v1.json#/operations/schedule.query/querySchema,../session-evidence/tim/g2-transport-schemas.v1.json#/operations/schedule.query/requestBodySchema,../session-evidence/tim/g2-transport-schemas.v1.json#/operations/schedule.query/responseSchema,../session-evidence/tim/g2-transport-schemas.v1.json#/operations/schedule.query/errorSchema,../session-evidence/tim/g2-transport-schemas.v1.json#/operations/schedule.query/headerSchema,../session-evidence/tim/g2-api-event-contracts.json#/operations/2,../session-evidence/tim/g2-transport-schemas.v1.json#/negativeTestRefs,NOT_STARTED_G3,NOT_AUTHORIZED_G6,RESOLVED_EXACT,d2b79f90fb067e3ecf004de86b81f0dcfbbc7325c5d4ea4432222394e8f5d870
TSR-040,TIM,PEP-TIM-003,schedule.rule.create,schedule.rule.create,POST,/v1/work-rule-sets/versions,TIME_RULE_CONFIGURE,api-pep-binding-register.csv#binding_id=PEP-TIM-003,../session-evidence/tim/g2-api-event-contracts.json,../session-evidence/tim/g2-api-event-contracts.json#/operations/3,LOCAL_EXACT_SOURCE_OPERATION_PINNED,../session-evidence/tim/g2-transport-schemas.v1.json,../session-evidence/tim/g2-transport-schemas.v1.json#/operations/schedule.rule.create/pathSchema,../session-evidence/tim/g2-transport-schemas.v1.json#/operations/schedule.rule.create/querySchema,../session-evidence/tim/g2-transport-schemas.v1.json#/operations/schedule.rule.create/requestBodySchema,../session-evidence/tim/g2-transport-schemas.v1.json#/operations/schedule.rule.create/responseSchema,../session-evidence/tim/g2-transport-schemas.v1.json#/operations/schedule.rule.create/errorSchema,../session-evidence/tim/g2-transport-schemas.v1.json#/operations/schedule.rule.create/headerSchema,../session-evidence/tim/g2-api-event-contracts.json#/operations/3,../session-evidence/tim/g2-transport-schemas.v1.json#/negativeTestRefs,NOT_STARTED_G3,NOT_AUTHORIZED_G6,RESOLVED_EXACT,2846d12d23909a5cdad9dfe73816355b72040a44bde5072700ac226432bac021
TSR-041,TIM,PEP-TIM-004,schedule.rule.validate,schedule.rule.validate,POST,/v1/work-rule-sets/{ruleId}/validate,TIME_RULE_VALIDATE,api-pep-binding-register.csv#binding_id=PEP-TIM-004,../session-evidence/tim/g2-api-event-contracts.json,../session-evidence/tim/g2-api-event-contracts.json#/operations/4,LOCAL_EXACT_SOURCE_OPERATION_PINNED,../session-evidence/tim/g2-transport-schemas.v1.json,../session-evidence/tim/g2-transport-schemas.v1.json#/operations/schedule.rule.validate/pathSchema,../session-evidence/tim/g2-transport-schemas.v1.json#/operations/schedule.rule.validate/querySchema,../session-evidence/tim/g2-transport-schemas.v1.json#/operations/schedule.rule.validate/requestBodySchema,../session-evidence/tim/g2-transport-schemas.v1.json#/operations/schedule.rule.validate/responseSchema,../session-evidence/tim/g2-transport-schemas.v1.json#/operations/schedule.rule.validate/errorSchema,../session-evidence/tim/g2-transport-schemas.v1.json#/operations/schedule.rule.validate/headerSchema,../session-evidence/tim/g2-api-event-contracts.json#/operations/4,../session-evidence/tim/g2-transport-schemas.v1.json#/negativeTestRefs,NOT_STARTED_G3,NOT_AUTHORIZED_G6,RESOLVED_EXACT,02f54d89d8d8bc0c062027900569a88514780d70b28193eed58a740255cf067a
TSR-042,TIM,PEP-TIM-005,schedule.rule.simulate,schedule.rule.simulate,POST,/v1/work-rule-sets/{ruleId}/simulations,TIME_RULE_SIMULATE,api-pep-binding-register.csv#binding_id=PEP-TIM-005,../session-evidence/tim/g2-api-event-contracts.json,../session-evidence/tim/g2-api-event-contracts.json#/operations/5,LOCAL_EXACT_SOURCE_OPERATION_PINNED,../session-evidence/tim/g2-transport-schemas.v1.json,../session-evidence/tim/g2-transport-schemas.v1.json#/operations/schedule.rule.simulate/pathSchema,../session-evidence/tim/g2-transport-schemas.v1.json#/operations/schedule.rule.simulate/querySchema,../session-evidence/tim/g2-transport-schemas.v1.json#/operations/schedule.rule.simulate/requestBodySchema,../session-evidence/tim/g2-transport-schemas.v1.json#/operations/schedule.rule.simulate/responseSchema,../session-evidence/tim/g2-transport-schemas.v1.json#/operations/schedule.rule.simulate/errorSchema,../session-evidence/tim/g2-transport-schemas.v1.json#/operations/schedule.rule.simulate/headerSchema,../session-evidence/tim/g2-api-event-contracts.json#/operations/5,../session-evidence/tim/g2-transport-schemas.v1.json#/negativeTestRefs,NOT_STARTED_G3,NOT_AUTHORIZED_G6,RESOLVED_EXACT,02ccd853368748c47daa94c607ffac6d9afc568565e28ee484ac8e42fd3c0434
TSR-043,TIM,PEP-TIM-006,schedule.rule.publish,schedule.rule.publish,POST,/v1/work-rule-sets/{ruleId}/publish,TIME_RULE_PUBLISH,api-pep-binding-register.csv#binding_id=PEP-TIM-006,../session-evidence/tim/g2-api-event-contracts.json,../session-evidence/tim/g2-api-event-contracts.json#/operations/6,LOCAL_EXACT_SOURCE_OPERATION_PINNED,../session-evidence/tim/g2-transport-schemas.v1.json,../session-evidence/tim/g2-transport-schemas.v1.json#/operations/schedule.rule.publish/pathSchema,../session-evidence/tim/g2-transport-schemas.v1.json#/operations/schedule.rule.publish/querySchema,../session-evidence/tim/g2-transport-schemas.v1.json#/operations/schedule.rule.publish/requestBodySchema,../session-evidence/tim/g2-transport-schemas.v1.json#/operations/schedule.rule.publish/responseSchema,../session-evidence/tim/g2-transport-schemas.v1.json#/operations/schedule.rule.publish/errorSchema,../session-evidence/tim/g2-transport-schemas.v1.json#/operations/schedule.rule.publish/headerSchema,../session-evidence/tim/g2-api-event-contracts.json#/operations/6,../session-evidence/tim/g2-transport-schemas.v1.json#/negativeTestRefs,NOT_STARTED_G3,NOT_AUTHORIZED_G6,RESOLVED_EXACT,2e43b5fc6c5153f0bf0a49b3773ad99004426204f6b2f537e1b7756833783b0c
TSR-044,TIM,PEP-TIM-007,clock.record,clock.record,POST,/v1/clock-events,TIME_CLOCK_RECORD,api-pep-binding-register.csv#binding_id=PEP-TIM-007,../session-evidence/tim/g2-api-event-contracts.json,../session-evidence/tim/g2-api-event-contracts.json#/operations/7,LOCAL_EXACT_SOURCE_OPERATION_PINNED,../session-evidence/tim/g2-transport-schemas.v1.json,../session-evidence/tim/g2-transport-schemas.v1.json#/operations/clock.record/pathSchema,../session-evidence/tim/g2-transport-schemas.v1.json#/operations/clock.record/querySchema,../session-evidence/tim/g2-transport-schemas.v1.json#/operations/clock.record/requestBodySchema,../session-evidence/tim/g2-transport-schemas.v1.json#/operations/clock.record/responseSchema,../session-evidence/tim/g2-transport-schemas.v1.json#/operations/clock.record/errorSchema,../session-evidence/tim/g2-transport-schemas.v1.json#/operations/clock.record/headerSchema,../session-evidence/tim/g2-api-event-contracts.json#/operations/7,../session-evidence/tim/g2-transport-schemas.v1.json#/negativeTestRefs,NOT_STARTED_G3,NOT_AUTHORIZED_G6,RESOLVED_EXACT,f846daba4150ed82e2012328e2f3f0a596f175f5c7769084fa3be6497c3b30ab
TSR-045,TIM,PEP-TIM-008,clock.void,clock.void,POST,/v1/clock-events/{eventId}/voids,TIME_CLOCK_CORRECT,api-pep-binding-register.csv#binding_id=PEP-TIM-008,../session-evidence/tim/g2-api-event-contracts.json,../session-evidence/tim/g2-api-event-contracts.json#/operations/8,LOCAL_EXACT_SOURCE_OPERATION_PINNED,../session-evidence/tim/g2-transport-schemas.v1.json,../session-evidence/tim/g2-transport-schemas.v1.json#/operations/clock.void/pathSchema,../session-evidence/tim/g2-transport-schemas.v1.json#/operations/clock.void/querySchema,../session-evidence/tim/g2-transport-schemas.v1.json#/operations/clock.void/requestBodySchema,../session-evidence/tim/g2-transport-schemas.v1.json#/operations/clock.void/responseSchema,../session-evidence/tim/g2-transport-schemas.v1.json#/operations/clock.void/errorSchema,../session-evidence/tim/g2-transport-schemas.v1.json#/operations/clock.void/headerSchema,../session-evidence/tim/g2-api-event-contracts.json#/operations/8,../session-evidence/tim/g2-transport-schemas.v1.json#/negativeTestRefs,NOT_STARTED_G3,NOT_AUTHORIZED_G6,RESOLVED_EXACT,f0895f42b8b08a8bcaddc2c524bd96ce7e40c70ff3a8557cfc8d8f9d850afa68
TSR-046,TIM,PEP-TIM-009,interpretation.run,interpretation.run,POST,/v1/interpretation-runs,TIME_INTERPRET_RUN,api-pep-binding-register.csv#binding_id=PEP-TIM-009,../session-evidence/tim/g2-api-event-contracts.json,../session-evidence/tim/g2-api-event-contracts.json#/operations/9,LOCAL_EXACT_SOURCE_OPERATION_PINNED,../session-evidence/tim/g2-transport-schemas.v1.json,../session-evidence/tim/g2-transport-schemas.v1.json#/operations/interpretation.run/pathSchema,../session-evidence/tim/g2-transport-schemas.v1.json#/operations/interpretation.run/querySchema,../session-evidence/tim/g2-transport-schemas.v1.json#/operations/interpretation.run/requestBodySchema,../session-evidence/tim/g2-transport-schemas.v1.json#/operations/interpretation.run/responseSchema,../session-evidence/tim/g2-transport-schemas.v1.json#/operations/interpretation.run/errorSchema,../session-evidence/tim/g2-transport-schemas.v1.json#/operations/interpretation.run/headerSchema,../session-evidence/tim/g2-api-event-contracts.json#/operations/9,../session-evidence/tim/g2-transport-schemas.v1.json#/negativeTestRefs,NOT_STARTED_G3,NOT_AUTHORIZED_G6,RESOLVED_EXACT,f749c250e93448d02dc3a3d39c288009a1fd05faa4d72d67b1cc00a91aea875c
TSR-047,TIM,PEP-TIM-010,interpretation.trace,interpretation.trace,GET,/v1/interpretation-runs/{runId}/trace,TIME_TRACE_VIEW,api-pep-binding-register.csv#binding_id=PEP-TIM-010,../session-evidence/tim/g2-api-event-contracts.json,../session-evidence/tim/g2-api-event-contracts.json#/operations/10,LOCAL_EXACT_SOURCE_OPERATION_PINNED,../session-evidence/tim/g2-transport-schemas.v1.json,../session-evidence/tim/g2-transport-schemas.v1.json#/operations/interpretation.trace/pathSchema,../session-evidence/tim/g2-transport-schemas.v1.json#/operations/interpretation.trace/querySchema,../session-evidence/tim/g2-transport-schemas.v1.json#/operations/interpretation.trace/requestBodySchema,../session-evidence/tim/g2-transport-schemas.v1.json#/operations/interpretation.trace/responseSchema,../session-evidence/tim/g2-transport-schemas.v1.json#/operations/interpretation.trace/errorSchema,../session-evidence/tim/g2-transport-schemas.v1.json#/operations/interpretation.trace/headerSchema,../session-evidence/tim/g2-api-event-contracts.json#/operations/10,../session-evidence/tim/g2-transport-schemas.v1.json#/negativeTestRefs,NOT_STARTED_G3,NOT_AUTHORIZED_G6,RESOLVED_EXACT,9d1abee4f753d2933762423079185024b01e172162319f0dfd56875f8f264700
TSR-048,TIM,PEP-TIM-011,timecard.query,timecard.query,GET,/v1/timecards/{timecardId},TIME_TIMECARD_VIEW,api-pep-binding-register.csv#binding_id=PEP-TIM-011,../session-evidence/tim/g2-api-event-contracts.json,../session-evidence/tim/g2-api-event-contracts.json#/operations/11,LOCAL_EXACT_SOURCE_OPERATION_PINNED,../session-evidence/tim/g2-transport-schemas.v1.json,../session-evidence/tim/g2-transport-schemas.v1.json#/operations/timecard.query/pathSchema,../session-evidence/tim/g2-transport-schemas.v1.json#/operations/timecard.query/querySchema,../session-evidence/tim/g2-transport-schemas.v1.json#/operations/timecard.query/requestBodySchema,../session-evidence/tim/g2-transport-schemas.v1.json#/operations/timecard.query/responseSchema,../session-evidence/tim/g2-transport-schemas.v1.json#/operations/timecard.query/errorSchema,../session-evidence/tim/g2-transport-schemas.v1.json#/operations/timecard.query/headerSchema,../session-evidence/tim/g2-api-event-contracts.json#/operations/11,../session-evidence/tim/g2-transport-schemas.v1.json#/negativeTestRefs,NOT_STARTED_G3,NOT_AUTHORIZED_G6,RESOLVED_EXACT,a368bf67c41bf1c3b9c43fb2bacb3e9017877c66d00ff8334ad13405757c5244
TSR-049,TIM,PEP-TIM-012,timecard.correct,timecard.correct,POST,/v1/timecards/{timecardId}/corrections,TIME_TIMECARD_CORRECT,api-pep-binding-register.csv#binding_id=PEP-TIM-012,../session-evidence/tim/g2-api-event-contracts.json,../session-evidence/tim/g2-api-event-contracts.json#/operations/12,LOCAL_EXACT_SOURCE_OPERATION_PINNED,../session-evidence/tim/g2-transport-schemas.v1.json,../session-evidence/tim/g2-transport-schemas.v1.json#/operations/timecard.correct/pathSchema,../session-evidence/tim/g2-transport-schemas.v1.json#/operations/timecard.correct/querySchema,../session-evidence/tim/g2-transport-schemas.v1.json#/operations/timecard.correct/requestBodySchema,../session-evidence/tim/g2-transport-schemas.v1.json#/operations/timecard.correct/responseSchema,../session-evidence/tim/g2-transport-schemas.v1.json#/operations/timecard.correct/errorSchema,../session-evidence/tim/g2-transport-schemas.v1.json#/operations/timecard.correct/headerSchema,../session-evidence/tim/g2-api-event-contracts.json#/operations/12,../session-evidence/tim/g2-transport-schemas.v1.json#/negativeTestRefs,NOT_STARTED_G3,NOT_AUTHORIZED_G6,RESOLVED_EXACT,7b95dc1b1ad06c0872065b5a2fad051024ac0963f2ded46caa7d0ed33eeb0d75
TSR-050,TIM,PEP-TIM-013,timecard.submit,timecard.submit,POST,/v1/timecards/{timecardId}/submit,TIME_TIMECARD_SUBMIT,api-pep-binding-register.csv#binding_id=PEP-TIM-013,../session-evidence/tim/g2-api-event-contracts.json,../session-evidence/tim/g2-api-event-contracts.json#/operations/13,LOCAL_EXACT_SOURCE_OPERATION_PINNED,../session-evidence/tim/g2-transport-schemas.v1.json,../session-evidence/tim/g2-transport-schemas.v1.json#/operations/timecard.submit/pathSchema,../session-evidence/tim/g2-transport-schemas.v1.json#/operations/timecard.submit/querySchema,../session-evidence/tim/g2-transport-schemas.v1.json#/operations/timecard.submit/requestBodySchema,../session-evidence/tim/g2-transport-schemas.v1.json#/operations/timecard.submit/responseSchema,../session-evidence/tim/g2-transport-schemas.v1.json#/operations/timecard.submit/errorSchema,../session-evidence/tim/g2-transport-schemas.v1.json#/operations/timecard.submit/headerSchema,../session-evidence/tim/g2-api-event-contracts.json#/operations/13,../session-evidence/tim/g2-transport-schemas.v1.json#/negativeTestRefs,NOT_STARTED_G3,NOT_AUTHORIZED_G6,RESOLVED_EXACT,ee8a3d49523fbb35a0f8593534f33412a713e7451541cf710b85bd3bfebd6683
TSR-051,TIM,PEP-TIM-014,timecard.decide,timecard.decide,POST,/v1/timecards/{timecardId}/decisions,TIME_TIMECARD_DECIDE,api-pep-binding-register.csv#binding_id=PEP-TIM-014,../session-evidence/tim/g2-api-event-contracts.json,../session-evidence/tim/g2-api-event-contracts.json#/operations/14,LOCAL_EXACT_SOURCE_OPERATION_PINNED,../session-evidence/tim/g2-transport-schemas.v1.json,../session-evidence/tim/g2-transport-schemas.v1.json#/operations/timecard.decide/pathSchema,../session-evidence/tim/g2-transport-schemas.v1.json#/operations/timecard.decide/querySchema,../session-evidence/tim/g2-transport-schemas.v1.json#/operations/timecard.decide/requestBodySchema,../session-evidence/tim/g2-transport-schemas.v1.json#/operations/timecard.decide/responseSchema,../session-evidence/tim/g2-transport-schemas.v1.json#/operations/timecard.decide/errorSchema,../session-evidence/tim/g2-transport-schemas.v1.json#/operations/timecard.decide/headerSchema,../session-evidence/tim/g2-api-event-contracts.json#/operations/14,../session-evidence/tim/g2-transport-schemas.v1.json#/negativeTestRefs,NOT_STARTED_G3,NOT_AUTHORIZED_G6,RESOLVED_EXACT,70e9d1d97df93739b2d26caae9a1ef6646b756f67aa1352c1d0640cb59345b98
TSR-052,TIM,PEP-TIM-015,leave.plan.create,leave.plan.create,POST,/v1/leave/plans/versions,LEAVE_PLAN_CONFIGURE,api-pep-binding-register.csv#binding_id=PEP-TIM-015,../session-evidence/tim/g2-api-event-contracts.json,../session-evidence/tim/g2-api-event-contracts.json#/operations/15,LOCAL_EXACT_SOURCE_OPERATION_PINNED,../session-evidence/tim/g2-transport-schemas.v1.json,../session-evidence/tim/g2-transport-schemas.v1.json#/operations/leave.plan.create/pathSchema,../session-evidence/tim/g2-transport-schemas.v1.json#/operations/leave.plan.create/querySchema,../session-evidence/tim/g2-transport-schemas.v1.json#/operations/leave.plan.create/requestBodySchema,../session-evidence/tim/g2-transport-schemas.v1.json#/operations/leave.plan.create/responseSchema,../session-evidence/tim/g2-transport-schemas.v1.json#/operations/leave.plan.create/errorSchema,../session-evidence/tim/g2-transport-schemas.v1.json#/operations/leave.plan.create/headerSchema,../session-evidence/tim/g2-api-event-contracts.json#/operations/15,../session-evidence/tim/g2-transport-schemas.v1.json#/negativeTestRefs,NOT_STARTED_G3,NOT_AUTHORIZED_G6,RESOLVED_EXACT,d1562e5fd483dac9d4805ed636191c7788f1522a31fc8c423211edee781e1463
TSR-053,TIM,PEP-TIM-016,leave.plan.publish,leave.plan.publish,POST,/v1/leave/plans/{planId}/publish,LEAVE_PLAN_PUBLISH,api-pep-binding-register.csv#binding_id=PEP-TIM-016,../session-evidence/tim/g2-api-event-contracts.json,../session-evidence/tim/g2-api-event-contracts.json#/operations/16,LOCAL_EXACT_SOURCE_OPERATION_PINNED,../session-evidence/tim/g2-transport-schemas.v1.json,../session-evidence/tim/g2-transport-schemas.v1.json#/operations/leave.plan.publish/pathSchema,../session-evidence/tim/g2-transport-schemas.v1.json#/operations/leave.plan.publish/querySchema,../session-evidence/tim/g2-transport-schemas.v1.json#/operations/leave.plan.publish/requestBodySchema,../session-evidence/tim/g2-transport-schemas.v1.json#/operations/leave.plan.publish/responseSchema,../session-evidence/tim/g2-transport-schemas.v1.json#/operations/leave.plan.publish/errorSchema,../session-evidence/tim/g2-transport-schemas.v1.json#/operations/leave.plan.publish/headerSchema,../session-evidence/tim/g2-api-event-contracts.json#/operations/16,../session-evidence/tim/g2-transport-schemas.v1.json#/negativeTestRefs,NOT_STARTED_G3,NOT_AUTHORIZED_G6,RESOLVED_EXACT,4c9f4f209286e324eb0e6f1a46052fddfd1572dce526fbad7afcbd51f46b92a0
TSR-054,TIM,PEP-TIM-017,leave.entitlement.run,leave.entitlement.run,POST,/v1/leave/entitlement-runs,LEAVE_ENTITLEMENT_RUN,api-pep-binding-register.csv#binding_id=PEP-TIM-017,../session-evidence/tim/g2-api-event-contracts.json,../session-evidence/tim/g2-api-event-contracts.json#/operations/17,LOCAL_EXACT_SOURCE_OPERATION_PINNED,../session-evidence/tim/g2-transport-schemas.v1.json,../session-evidence/tim/g2-transport-schemas.v1.json#/operations/leave.entitlement.run/pathSchema,../session-evidence/tim/g2-transport-schemas.v1.json#/operations/leave.entitlement.run/querySchema,../session-evidence/tim/g2-transport-schemas.v1.json#/operations/leave.entitlement.run/requestBodySchema,../session-evidence/tim/g2-transport-schemas.v1.json#/operations/leave.entitlement.run/responseSchema,../session-evidence/tim/g2-transport-schemas.v1.json#/operations/leave.entitlement.run/errorSchema,../session-evidence/tim/g2-transport-schemas.v1.json#/operations/leave.entitlement.run/headerSchema,../session-evidence/tim/g2-api-event-contracts.json#/operations/17,../session-evidence/tim/g2-transport-schemas.v1.json#/negativeTestRefs,NOT_STARTED_G3,NOT_AUTHORIZED_G6,RESOLVED_EXACT,4ebf92b7ff9ed54f513a18cddfac4054b47029a90caf3a0ed397443ba3b789eb
TSR-055,TIM,PEP-TIM-018,leave.balance.query,leave.balance.query,GET,/v1/leave/balances,LEAVE_BALANCE_VIEW,api-pep-binding-register.csv#binding_id=PEP-TIM-018,../session-evidence/tim/g2-api-event-contracts.json,../session-evidence/tim/g2-api-event-contracts.json#/operations/18,LOCAL_EXACT_SOURCE_OPERATION_PINNED,../session-evidence/tim/g2-transport-schemas.v1.json,../session-evidence/tim/g2-transport-schemas.v1.json#/operations/leave.balance.query/pathSchema,../session-evidence/tim/g2-transport-schemas.v1.json#/operations/leave.balance.query/querySchema,../session-evidence/tim/g2-transport-schemas.v1.json#/operations/leave.balance.query/requestBodySchema,../session-evidence/tim/g2-transport-schemas.v1.json#/operations/leave.balance.query/responseSchema,../session-evidence/tim/g2-transport-schemas.v1.json#/operations/leave.balance.query/errorSchema,../session-evidence/tim/g2-transport-schemas.v1.json#/operations/leave.balance.query/headerSchema,../session-evidence/tim/g2-api-event-contracts.json#/operations/18,../session-evidence/tim/g2-transport-schemas.v1.json#/negativeTestRefs,NOT_STARTED_G3,NOT_AUTHORIZED_G6,RESOLVED_EXACT,661386f2611754064a7dea2642a9ea5fa6559c5b8021b9b16fa4d8676b4f12c7
TSR-056,TIM,PEP-TIM-019,leave.request.create,leave.request.create,POST,/v1/leave/requests,LEAVE_REQUEST_CREATE,api-pep-binding-register.csv#binding_id=PEP-TIM-019,../session-evidence/tim/g2-api-event-contracts.json,../session-evidence/tim/g2-api-event-contracts.json#/operations/19,LOCAL_EXACT_SOURCE_OPERATION_PINNED,../session-evidence/tim/g2-transport-schemas.v1.json,../session-evidence/tim/g2-transport-schemas.v1.json#/operations/leave.request.create/pathSchema,../session-evidence/tim/g2-transport-schemas.v1.json#/operations/leave.request.create/querySchema,../session-evidence/tim/g2-transport-schemas.v1.json#/operations/leave.request.create/requestBodySchema,../session-evidence/tim/g2-transport-schemas.v1.json#/operations/leave.request.create/responseSchema,../session-evidence/tim/g2-transport-schemas.v1.json#/operations/leave.request.create/errorSchema,../session-evidence/tim/g2-transport-schemas.v1.json#/operations/leave.request.create/headerSchema,../session-evidence/tim/g2-api-event-contracts.json#/operations/19,../session-evidence/tim/g2-transport-schemas.v1.json#/negativeTestRefs,NOT_STARTED_G3,NOT_AUTHORIZED_G6,RESOLVED_EXACT,c5c80cd53ae4ef3e1502f45f24542a94571354e079849af2e6c9e38ae8503396
TSR-057,TIM,PEP-TIM-020,leave.request.decide,leave.request.decide,POST,/v1/leave/requests/{requestId}/decisions,LEAVE_REQUEST_DECIDE,api-pep-binding-register.csv#binding_id=PEP-TIM-020,../session-evidence/tim/g2-api-event-contracts.json,../session-evidence/tim/g2-api-event-contracts.json#/operations/20,LOCAL_EXACT_SOURCE_OPERATION_PINNED,../session-evidence/tim/g2-transport-schemas.v1.json,../session-evidence/tim/g2-transport-schemas.v1.json#/operations/leave.request.decide/pathSchema,../session-evidence/tim/g2-transport-schemas.v1.json#/operations/leave.request.decide/querySchema,../session-evidence/tim/g2-transport-schemas.v1.json#/operations/leave.request.decide/requestBodySchema,../session-evidence/tim/g2-transport-schemas.v1.json#/operations/leave.request.decide/responseSchema,../session-evidence/tim/g2-transport-schemas.v1.json#/operations/leave.request.decide/errorSchema,../session-evidence/tim/g2-transport-schemas.v1.json#/operations/leave.request.decide/headerSchema,../session-evidence/tim/g2-api-event-contracts.json#/operations/20,../session-evidence/tim/g2-transport-schemas.v1.json#/negativeTestRefs,NOT_STARTED_G3,NOT_AUTHORIZED_G6,RESOLVED_EXACT,4976fc5e6e2540429897fe4c65260b537ed5af0a1dbb87f9ae872670a4f313ea
TSR-058,TIM,PEP-TIM-021,leave.request.cancel,leave.request.cancel,POST,/v1/leave/requests/{requestId}/cancellations,LEAVE_REQUEST_CANCEL,api-pep-binding-register.csv#binding_id=PEP-TIM-021,../session-evidence/tim/g2-api-event-contracts.json,../session-evidence/tim/g2-api-event-contracts.json#/operations/21,LOCAL_EXACT_SOURCE_OPERATION_PINNED,../session-evidence/tim/g2-transport-schemas.v1.json,../session-evidence/tim/g2-transport-schemas.v1.json#/operations/leave.request.cancel/pathSchema,../session-evidence/tim/g2-transport-schemas.v1.json#/operations/leave.request.cancel/querySchema,../session-evidence/tim/g2-transport-schemas.v1.json#/operations/leave.request.cancel/requestBodySchema,../session-evidence/tim/g2-transport-schemas.v1.json#/operations/leave.request.cancel/responseSchema,../session-evidence/tim/g2-transport-schemas.v1.json#/operations/leave.request.cancel/errorSchema,../session-evidence/tim/g2-transport-schemas.v1.json#/operations/leave.request.cancel/headerSchema,../session-evidence/tim/g2-api-event-contracts.json#/operations/21,../session-evidence/tim/g2-transport-schemas.v1.json#/negativeTestRefs,NOT_STARTED_G3,NOT_AUTHORIZED_G6,RESOLVED_EXACT,7fc3e908de56541e371a0d430c875563062d7bb20d2c839e033368c69f304bb9
TSR-059,TIM,PEP-TIM-022,close.validate,close.validate,POST,/v1/close-periods/{periodId}/validations,TIME_PERIOD_VALIDATE,api-pep-binding-register.csv#binding_id=PEP-TIM-022,../session-evidence/tim/g2-api-event-contracts.json,../session-evidence/tim/g2-api-event-contracts.json#/operations/22,LOCAL_EXACT_SOURCE_OPERATION_PINNED,../session-evidence/tim/g2-transport-schemas.v1.json,../session-evidence/tim/g2-transport-schemas.v1.json#/operations/close.validate/pathSchema,../session-evidence/tim/g2-transport-schemas.v1.json#/operations/close.validate/querySchema,../session-evidence/tim/g2-transport-schemas.v1.json#/operations/close.validate/requestBodySchema,../session-evidence/tim/g2-transport-schemas.v1.json#/operations/close.validate/responseSchema,../session-evidence/tim/g2-transport-schemas.v1.json#/operations/close.validate/errorSchema,../session-evidence/tim/g2-transport-schemas.v1.json#/operations/close.validate/headerSchema,../session-evidence/tim/g2-api-event-contracts.json#/operations/22,../session-evidence/tim/g2-transport-schemas.v1.json#/negativeTestRefs,NOT_STARTED_G3,NOT_AUTHORIZED_G6,RESOLVED_EXACT,388a34f4e1b07224f617617e45c4b156d8a930c14db3ed9329629e833368fe10
TSR-060,TIM,PEP-TIM-023,close.close,close.close,POST,/v1/close-periods/{periodId}/close,TIME_PERIOD_CLOSE,api-pep-binding-register.csv#binding_id=PEP-TIM-023,../session-evidence/tim/g2-api-event-contracts.json,../session-evidence/tim/g2-api-event-contracts.json#/operations/23,LOCAL_EXACT_SOURCE_OPERATION_PINNED,../session-evidence/tim/g2-transport-schemas.v1.json,../session-evidence/tim/g2-transport-schemas.v1.json#/operations/close.close/pathSchema,../session-evidence/tim/g2-transport-schemas.v1.json#/operations/close.close/querySchema,../session-evidence/tim/g2-transport-schemas.v1.json#/operations/close.close/requestBodySchema,../session-evidence/tim/g2-transport-schemas.v1.json#/operations/close.close/responseSchema,../session-evidence/tim/g2-transport-schemas.v1.json#/operations/close.close/errorSchema,../session-evidence/tim/g2-transport-schemas.v1.json#/operations/close.close/headerSchema,../session-evidence/tim/g2-api-event-contracts.json#/operations/23,../session-evidence/tim/g2-transport-schemas.v1.json#/negativeTestRefs,NOT_STARTED_G3,NOT_AUTHORIZED_G6,RESOLVED_EXACT,6e3f88d6c63317f1a83cf7c3d0ad2090f485bcbadc644fa2a89c143c08f58360
TSR-061,TIM,PEP-TIM-024,close.reopen,close.reopen,POST,/v1/close-periods/{periodId}/reopen,TIME_PERIOD_REOPEN,api-pep-binding-register.csv#binding_id=PEP-TIM-024,../session-evidence/tim/g2-api-event-contracts.json,../session-evidence/tim/g2-api-event-contracts.json#/operations/24,LOCAL_EXACT_SOURCE_OPERATION_PINNED,../session-evidence/tim/g2-transport-schemas.v1.json,../session-evidence/tim/g2-transport-schemas.v1.json#/operations/close.reopen/pathSchema,../session-evidence/tim/g2-transport-schemas.v1.json#/operations/close.reopen/querySchema,../session-evidence/tim/g2-transport-schemas.v1.json#/operations/close.reopen/requestBodySchema,../session-evidence/tim/g2-transport-schemas.v1.json#/operations/close.reopen/responseSchema,../session-evidence/tim/g2-transport-schemas.v1.json#/operations/close.reopen/errorSchema,../session-evidence/tim/g2-transport-schemas.v1.json#/operations/close.reopen/headerSchema,../session-evidence/tim/g2-api-event-contracts.json#/operations/24,../session-evidence/tim/g2-transport-schemas.v1.json#/negativeTestRefs,NOT_STARTED_G3,NOT_AUTHORIZED_G6,RESOLVED_EXACT,88a0c86c078cae2f85da6629af8f3b0747dd8fb6f8764d0039327cbe3e17cbb2
TSR-062,TIM,PEP-TIM-025,handoff.create,handoff.create,POST,/v1/close-periods/{periodId}/payroll-handoffs,TIME_PAYROLL_HANDOFF,api-pep-binding-register.csv#binding_id=PEP-TIM-025,../session-evidence/tim/g2-api-event-contracts.json,../session-evidence/tim/g2-api-event-contracts.json#/operations/25,LOCAL_EXACT_SOURCE_OPERATION_PINNED,../session-evidence/tim/g2-transport-schemas.v1.json,../session-evidence/tim/g2-transport-schemas.v1.json#/operations/handoff.create/pathSchema,../session-evidence/tim/g2-transport-schemas.v1.json#/operations/handoff.create/querySchema,../session-evidence/tim/g2-transport-schemas.v1.json#/operations/handoff.create/requestBodySchema,../session-evidence/tim/g2-transport-schemas.v1.json#/operations/handoff.create/responseSchema,../session-evidence/tim/g2-transport-schemas.v1.json#/operations/handoff.create/errorSchema,../session-evidence/tim/g2-transport-schemas.v1.json#/operations/handoff.create/headerSchema,../session-evidence/tim/g2-api-event-contracts.json#/operations/25,../session-evidence/tim/g2-transport-schemas.v1.json#/negativeTestRefs,NOT_STARTED_G3,NOT_AUTHORIZED_G6,RESOLVED_EXACT,cff4db3f459f81f58d6cbb26c85e659e99ffa23071234ce0ad7a8ef8a974e45f
TSR-063,TIM,PEP-TIM-026,handoff.query,handoff.query,GET,/v1/payroll-handoffs/{handoffId},TIME_PAYROLL_HANDOFF_VIEW,api-pep-binding-register.csv#binding_id=PEP-TIM-026,../session-evidence/tim/g2-api-event-contracts.json,../session-evidence/tim/g2-api-event-contracts.json#/operations/26,LOCAL_EXACT_SOURCE_OPERATION_PINNED,../session-evidence/tim/g2-transport-schemas.v1.json,../session-evidence/tim/g2-transport-schemas.v1.json#/operations/handoff.query/pathSchema,../session-evidence/tim/g2-transport-schemas.v1.json#/operations/handoff.query/querySchema,../session-evidence/tim/g2-transport-schemas.v1.json#/operations/handoff.query/requestBodySchema,../session-evidence/tim/g2-transport-schemas.v1.json#/operations/handoff.query/responseSchema,../session-evidence/tim/g2-transport-schemas.v1.json#/operations/handoff.query/errorSchema,../session-evidence/tim/g2-transport-schemas.v1.json#/operations/handoff.query/headerSchema,../session-evidence/tim/g2-api-event-contracts.json#/operations/26,../session-evidence/tim/g2-transport-schemas.v1.json#/negativeTestRefs,NOT_STARTED_G3,NOT_AUTHORIZED_G6,RESOLVED_EXACT,9ec605dfef310ba4ee0c2d85806191d908038bb69c42b5c0fea3aee26db88f76
TSR-064,TIM,PEP-TIM-027,insight.export,insight.export,POST,/v1/insights/exports,TIME_EXPORT,api-pep-binding-register.csv#binding_id=PEP-TIM-027,../session-evidence/tim/g2-api-event-contracts.json,../session-evidence/tim/g2-api-event-contracts.json#/operations/27,LOCAL_EXACT_SOURCE_OPERATION_PINNED,../session-evidence/tim/g2-transport-schemas.v1.json,../session-evidence/tim/g2-transport-schemas.v1.json#/operations/insight.export/pathSchema,../session-evidence/tim/g2-transport-schemas.v1.json#/operations/insight.export/querySchema,../session-evidence/tim/g2-transport-schemas.v1.json#/operations/insight.export/requestBodySchema,../session-evidence/tim/g2-transport-schemas.v1.json#/operations/insight.export/responseSchema,../session-evidence/tim/g2-transport-schemas.v1.json#/operations/insight.export/errorSchema,../session-evidence/tim/g2-transport-schemas.v1.json#/operations/insight.export/headerSchema,../session-evidence/tim/g2-api-event-contracts.json#/operations/27,../session-evidence/tim/g2-transport-schemas.v1.json#/negativeTestRefs,NOT_STARTED_G3,NOT_AUTHORIZED_G6,RESOLVED_EXACT,1b5a51c6af217598dd8603d1dd5dea8b1cbfed73f3f7ac236eb484481ba96811
TSR-065,TIM,PEP-TIM-028,command.receipt.query,command.receipt.query,GET,/v1/command-receipts/{receiptId},TIME_COMMAND_RECEIPT_READ,api-pep-binding-register.csv#binding_id=PEP-TIM-028,../session-evidence/tim/g2-api-event-contracts.json,../session-evidence/tim/g2-api-event-contracts.json#/operations/1,LOCAL_EXACT_SOURCE_OPERATION_PINNED,../session-evidence/tim/g2-transport-schemas.v1.json,../session-evidence/tim/g2-transport-schemas.v1.json#/operations/command.receipt.query/pathSchema,../session-evidence/tim/g2-transport-schemas.v1.json#/operations/command.receipt.query/querySchema,../session-evidence/tim/g2-transport-schemas.v1.json#/operations/command.receipt.query/requestBodySchema,../session-evidence/tim/g2-transport-schemas.v1.json#/operations/command.receipt.query/responseSchema,../session-evidence/tim/g2-transport-schemas.v1.json#/operations/command.receipt.query/errorSchema,../session-evidence/tim/g2-transport-schemas.v1.json#/operations/command.receipt.query/headerSchema,../session-evidence/tim/g2-api-event-contracts.json#/operations/1,../session-evidence/tim/g2-transport-schemas.v1.json#/negativeTestRefs,NOT_STARTED_G3,NOT_AUTHORIZED_G6,RESOLVED_EXACT,b8ce29dda5e3aa15a69303141446dd3a7175a8c8c65f44bbe04cbee45b8e9203
TSR-066,PAY,PEP-PAY-001,payroll.widget.summary,payroll.widget.summary,GET,/v1/widgets/summary,PAY_WIDGET_VIEW,api-pep-binding-register.csv#binding_id=PEP-PAY-001,../session-evidence/pay/g2-api-event-contracts.json,../session-evidence/pay/g2-api-event-contracts.json#/operations/0,LOCAL_EXACT_SOURCE_OPERATION_PINNED,../session-evidence/pay/g2-transport-schemas.v1.json,../session-evidence/pay/g2-transport-schemas.v1.json#/operations/payroll.widget.summary/pathSchema,../session-evidence/pay/g2-transport-schemas.v1.json#/operations/payroll.widget.summary/querySchema,../session-evidence/pay/g2-transport-schemas.v1.json#/operations/payroll.widget.summary/requestBodySchema,../session-evidence/pay/g2-transport-schemas.v1.json#/operations/payroll.widget.summary/responseSchema,../session-evidence/pay/g2-transport-schemas.v1.json#/operations/payroll.widget.summary/errorSchema,../session-evidence/pay/g2-transport-schemas.v1.json#/operations/payroll.widget.summary/headerSchema,../session-evidence/pay/g2-api-event-contracts.json#/operations/0,../session-evidence/pay/g2-transport-schemas.v1.json#/negativeTestRefs,NOT_STARTED_G3,NOT_AUTHORIZED_G6,RESOLVED_EXACT,77cd5a61746fe861420a53c4d25c7ee7146f990ce68f91937094311b20ba8400
TSR-067,PAY,PEP-PAY-002,foundation.query,foundation.query,GET,/v1/foundation,PAY_CONFIG_VIEW,api-pep-binding-register.csv#binding_id=PEP-PAY-002,../session-evidence/pay/g2-api-event-contracts.json,../session-evidence/pay/g2-api-event-contracts.json#/operations/2,LOCAL_EXACT_SOURCE_OPERATION_PINNED,../session-evidence/pay/g2-transport-schemas.v1.json,../session-evidence/pay/g2-transport-schemas.v1.json#/operations/foundation.query/pathSchema,../session-evidence/pay/g2-transport-schemas.v1.json#/operations/foundation.query/querySchema,../session-evidence/pay/g2-transport-schemas.v1.json#/operations/foundation.query/requestBodySchema,../session-evidence/pay/g2-transport-schemas.v1.json#/operations/foundation.query/responseSchema,../session-evidence/pay/g2-transport-schemas.v1.json#/operations/foundation.query/errorSchema,../session-evidence/pay/g2-transport-schemas.v1.json#/operations/foundation.query/headerSchema,../session-evidence/pay/g2-api-event-contracts.json#/operations/2,../session-evidence/pay/g2-transport-schemas.v1.json#/negativeTestRefs,NOT_STARTED_G3,NOT_AUTHORIZED_G6,RESOLVED_EXACT,d4ccaaa7180aa3b4aa92f99ac7c77ab6569c01aae50964bce260bc6ed42b80b8
TSR-068,PAY,PEP-PAY-003,foundation.version.create,foundation.version.create,POST,/v1/foundation/versions,PAY_CONFIGURE,api-pep-binding-register.csv#binding_id=PEP-PAY-003,../session-evidence/pay/g2-api-event-contracts.json,../session-evidence/pay/g2-api-event-contracts.json#/operations/3,LOCAL_EXACT_SOURCE_OPERATION_PINNED,../session-evidence/pay/g2-transport-schemas.v1.json,../session-evidence/pay/g2-transport-schemas.v1.json#/operations/foundation.version.create/pathSchema,../session-evidence/pay/g2-transport-schemas.v1.json#/operations/foundation.version.create/querySchema,../session-evidence/pay/g2-transport-schemas.v1.json#/operations/foundation.version.create/requestBodySchema,../session-evidence/pay/g2-transport-schemas.v1.json#/operations/foundation.version.create/responseSchema,../session-evidence/pay/g2-transport-schemas.v1.json#/operations/foundation.version.create/errorSchema,../session-evidence/pay/g2-transport-schemas.v1.json#/operations/foundation.version.create/headerSchema,../session-evidence/pay/g2-api-event-contracts.json#/operations/3,../session-evidence/pay/g2-transport-schemas.v1.json#/negativeTestRefs,NOT_STARTED_G3,NOT_AUTHORIZED_G6,RESOLVED_EXACT,4c4dc0b2f6cb4cdb096a6b06cf75073294aca4ad118ddd8bb085218429faf415
TSR-069,PAY,PEP-PAY-004,element.version.create,element.version.create,POST,/v1/elements/versions,PAY_ELEMENT_CONFIGURE,api-pep-binding-register.csv#binding_id=PEP-PAY-004,../session-evidence/pay/g2-api-event-contracts.json,../session-evidence/pay/g2-api-event-contracts.json#/operations/4,LOCAL_EXACT_SOURCE_OPERATION_PINNED,../session-evidence/pay/g2-transport-schemas.v1.json,../session-evidence/pay/g2-transport-schemas.v1.json#/operations/element.version.create/pathSchema,../session-evidence/pay/g2-transport-schemas.v1.json#/operations/element.version.create/querySchema,../session-evidence/pay/g2-transport-schemas.v1.json#/operations/element.version.create/requestBodySchema,../session-evidence/pay/g2-transport-schemas.v1.json#/operations/element.version.create/responseSchema,../session-evidence/pay/g2-transport-schemas.v1.json#/operations/element.version.create/errorSchema,../session-evidence/pay/g2-transport-schemas.v1.json#/operations/element.version.create/headerSchema,../session-evidence/pay/g2-api-event-contracts.json#/operations/4,../session-evidence/pay/g2-transport-schemas.v1.json#/negativeTestRefs,NOT_STARTED_G3,NOT_AUTHORIZED_G6,RESOLVED_EXACT,3abd53569f0e084955aa2cd692a96ecb0b3f8bb2d99c9bb4fa6462b9248ca55d
TSR-070,PAY,PEP-PAY-005,formula.version.create,formula.version.create,POST,/v1/formulas/versions,PAY_FORMULA_CONFIGURE,api-pep-binding-register.csv#binding_id=PEP-PAY-005,../session-evidence/pay/g2-api-event-contracts.json,../session-evidence/pay/g2-api-event-contracts.json#/operations/5,LOCAL_EXACT_SOURCE_OPERATION_PINNED,../session-evidence/pay/g2-transport-schemas.v1.json,../session-evidence/pay/g2-transport-schemas.v1.json#/operations/formula.version.create/pathSchema,../session-evidence/pay/g2-transport-schemas.v1.json#/operations/formula.version.create/querySchema,../session-evidence/pay/g2-transport-schemas.v1.json#/operations/formula.version.create/requestBodySchema,../session-evidence/pay/g2-transport-schemas.v1.json#/operations/formula.version.create/responseSchema,../session-evidence/pay/g2-transport-schemas.v1.json#/operations/formula.version.create/errorSchema,../session-evidence/pay/g2-transport-schemas.v1.json#/operations/formula.version.create/headerSchema,../session-evidence/pay/g2-api-event-contracts.json#/operations/5,../session-evidence/pay/g2-transport-schemas.v1.json#/negativeTestRefs,NOT_STARTED_G3,NOT_AUTHORIZED_G6,RESOLVED_EXACT,93a4a7131c886e6db0983e9de8e13341e2f07f5b1d40a030588809bb70f7144d
TSR-071,PAY,PEP-PAY-006,formula.validate,formula.validate,POST,/v1/formulas/{formulaId}/validations,PAY_FORMULA_VALIDATE,api-pep-binding-register.csv#binding_id=PEP-PAY-006,../session-evidence/pay/g2-api-event-contracts.json,../session-evidence/pay/g2-api-event-contracts.json#/operations/6,LOCAL_EXACT_SOURCE_OPERATION_PINNED,../session-evidence/pay/g2-transport-schemas.v1.json,../session-evidence/pay/g2-transport-schemas.v1.json#/operations/formula.validate/pathSchema,../session-evidence/pay/g2-transport-schemas.v1.json#/operations/formula.validate/querySchema,../session-evidence/pay/g2-transport-schemas.v1.json#/operations/formula.validate/requestBodySchema,../session-evidence/pay/g2-transport-schemas.v1.json#/operations/formula.validate/responseSchema,../session-evidence/pay/g2-transport-schemas.v1.json#/operations/formula.validate/errorSchema,../session-evidence/pay/g2-transport-schemas.v1.json#/operations/formula.validate/headerSchema,../session-evidence/pay/g2-api-event-contracts.json#/operations/6,../session-evidence/pay/g2-transport-schemas.v1.json#/negativeTestRefs,NOT_STARTED_G3,NOT_AUTHORIZED_G6,RESOLVED_EXACT,4470cc574ba66d92c992bd4bceed4b55004ec0a0939f52c6fc8c14a25e53c94b
TSR-072,PAY,PEP-PAY-007,formula.simulate,formula.simulate,POST,/v1/formulas/{formulaId}/simulations,PAY_FORMULA_SIMULATE,api-pep-binding-register.csv#binding_id=PEP-PAY-007,../session-evidence/pay/g2-api-event-contracts.json,../session-evidence/pay/g2-api-event-contracts.json#/operations/7,LOCAL_EXACT_SOURCE_OPERATION_PINNED,../session-evidence/pay/g2-transport-schemas.v1.json,../session-evidence/pay/g2-transport-schemas.v1.json#/operations/formula.simulate/pathSchema,../session-evidence/pay/g2-transport-schemas.v1.json#/operations/formula.simulate/querySchema,../session-evidence/pay/g2-transport-schemas.v1.json#/operations/formula.simulate/requestBodySchema,../session-evidence/pay/g2-transport-schemas.v1.json#/operations/formula.simulate/responseSchema,../session-evidence/pay/g2-transport-schemas.v1.json#/operations/formula.simulate/errorSchema,../session-evidence/pay/g2-transport-schemas.v1.json#/operations/formula.simulate/headerSchema,../session-evidence/pay/g2-api-event-contracts.json#/operations/7,../session-evidence/pay/g2-transport-schemas.v1.json#/negativeTestRefs,NOT_STARTED_G3,NOT_AUTHORIZED_G6,RESOLVED_EXACT,52b580a1ba700e7ca96f907a02ab897de8ae052b16e82f16977bab8ad29b48e8
TSR-073,PAY,PEP-PAY-008,formula.publish,formula.publish,POST,/v1/formulas/{formulaId}/publish,PAY_FORMULA_PUBLISH,api-pep-binding-register.csv#binding_id=PEP-PAY-008,../session-evidence/pay/g2-api-event-contracts.json,../session-evidence/pay/g2-api-event-contracts.json#/operations/8,LOCAL_EXACT_SOURCE_OPERATION_PINNED,../session-evidence/pay/g2-transport-schemas.v1.json,../session-evidence/pay/g2-transport-schemas.v1.json#/operations/formula.publish/pathSchema,../session-evidence/pay/g2-transport-schemas.v1.json#/operations/formula.publish/querySchema,../session-evidence/pay/g2-transport-schemas.v1.json#/operations/formula.publish/requestBodySchema,../session-evidence/pay/g2-transport-schemas.v1.json#/operations/formula.publish/responseSchema,../session-evidence/pay/g2-transport-schemas.v1.json#/operations/formula.publish/errorSchema,../session-evidence/pay/g2-transport-schemas.v1.json#/operations/formula.publish/headerSchema,../session-evidence/pay/g2-api-event-contracts.json#/operations/8,../session-evidence/pay/g2-transport-schemas.v1.json#/negativeTestRefs,NOT_STARTED_G3,NOT_AUTHORIZED_G6,RESOLVED_EXACT,e55ea7bc69f7780c6d9dcc786a2169f842872df087eff83803d937e139d10c95
TSR-074,PAY,PEP-PAY-009,worker.entry.create,worker.entry.create,POST,/v1/worker-entries,PAY_INPUT_WRITE,api-pep-binding-register.csv#binding_id=PEP-PAY-009,../session-evidence/pay/g2-api-event-contracts.json,../session-evidence/pay/g2-api-event-contracts.json#/operations/9,LOCAL_EXACT_SOURCE_OPERATION_PINNED,../session-evidence/pay/g2-transport-schemas.v1.json,../session-evidence/pay/g2-transport-schemas.v1.json#/operations/worker.entry.create/pathSchema,../session-evidence/pay/g2-transport-schemas.v1.json#/operations/worker.entry.create/querySchema,../session-evidence/pay/g2-transport-schemas.v1.json#/operations/worker.entry.create/requestBodySchema,../session-evidence/pay/g2-transport-schemas.v1.json#/operations/worker.entry.create/responseSchema,../session-evidence/pay/g2-transport-schemas.v1.json#/operations/worker.entry.create/errorSchema,../session-evidence/pay/g2-transport-schemas.v1.json#/operations/worker.entry.create/headerSchema,../session-evidence/pay/g2-api-event-contracts.json#/operations/9,../session-evidence/pay/g2-transport-schemas.v1.json#/negativeTestRefs,NOT_STARTED_G3,NOT_AUTHORIZED_G6,RESOLVED_EXACT,b399bc6cf52b4672e57cc9d499ba3f8fe50a1d89bf56c228db91c3c6f1194f51
TSR-075,PAY,PEP-PAY-010,worker.entry.correct,worker.entry.correct,POST,/v1/worker-entries/{entryId}/corrections,PAY_INPUT_CORRECT,api-pep-binding-register.csv#binding_id=PEP-PAY-010,../session-evidence/pay/g2-api-event-contracts.json,../session-evidence/pay/g2-api-event-contracts.json#/operations/10,LOCAL_EXACT_SOURCE_OPERATION_PINNED,../session-evidence/pay/g2-transport-schemas.v1.json,../session-evidence/pay/g2-transport-schemas.v1.json#/operations/worker.entry.correct/pathSchema,../session-evidence/pay/g2-transport-schemas.v1.json#/operations/worker.entry.correct/querySchema,../session-evidence/pay/g2-transport-schemas.v1.json#/operations/worker.entry.correct/requestBodySchema,../session-evidence/pay/g2-transport-schemas.v1.json#/operations/worker.entry.correct/responseSchema,../session-evidence/pay/g2-transport-schemas.v1.json#/operations/worker.entry.correct/errorSchema,../session-evidence/pay/g2-transport-schemas.v1.json#/operations/worker.entry.correct/headerSchema,../session-evidence/pay/g2-api-event-contracts.json#/operations/10,../session-evidence/pay/g2-transport-schemas.v1.json#/negativeTestRefs,NOT_STARTED_G3,NOT_AUTHORIZED_G6,RESOLVED_EXACT,cbb71df777fcc446516c1e25a906b0e652dec67ba6e35382d760efd5d835b7f1
TSR-076,PAY,PEP-PAY-011,run.prepare,run.prepare,POST,/v1/runs,PAY_RUN_PREPARE,api-pep-binding-register.csv#binding_id=PEP-PAY-011,../session-evidence/pay/g2-api-event-contracts.json,../session-evidence/pay/g2-api-event-contracts.json#/operations/11,LOCAL_EXACT_SOURCE_OPERATION_PINNED,../session-evidence/pay/g2-transport-schemas.v1.json,../session-evidence/pay/g2-transport-schemas.v1.json#/operations/run.prepare/pathSchema,../session-evidence/pay/g2-transport-schemas.v1.json#/operations/run.prepare/querySchema,../session-evidence/pay/g2-transport-schemas.v1.json#/operations/run.prepare/requestBodySchema,../session-evidence/pay/g2-transport-schemas.v1.json#/operations/run.prepare/responseSchema,../session-evidence/pay/g2-transport-schemas.v1.json#/operations/run.prepare/errorSchema,../session-evidence/pay/g2-transport-schemas.v1.json#/operations/run.prepare/headerSchema,../session-evidence/pay/g2-api-event-contracts.json#/operations/11,../session-evidence/pay/g2-transport-schemas.v1.json#/negativeTestRefs,NOT_STARTED_G3,NOT_AUTHORIZED_G6,RESOLVED_EXACT,53b30376be2a1a2437a5b459a75e904e6771a3d80319e77f1780f34dae0abc8c
TSR-077,PAY,PEP-PAY-012,run.calculate,run.calculate,POST,/v1/runs/{runId}/attempts,PAY_RUN_CALCULATE,api-pep-binding-register.csv#binding_id=PEP-PAY-012,../session-evidence/pay/g2-api-event-contracts.json,../session-evidence/pay/g2-api-event-contracts.json#/operations/12,LOCAL_EXACT_SOURCE_OPERATION_PINNED,../session-evidence/pay/g2-transport-schemas.v1.json,../session-evidence/pay/g2-transport-schemas.v1.json#/operations/run.calculate/pathSchema,../session-evidence/pay/g2-transport-schemas.v1.json#/operations/run.calculate/querySchema,../session-evidence/pay/g2-transport-schemas.v1.json#/operations/run.calculate/requestBodySchema,../session-evidence/pay/g2-transport-schemas.v1.json#/operations/run.calculate/responseSchema,../session-evidence/pay/g2-transport-schemas.v1.json#/operations/run.calculate/errorSchema,../session-evidence/pay/g2-transport-schemas.v1.json#/operations/run.calculate/headerSchema,../session-evidence/pay/g2-api-event-contracts.json#/operations/12,../session-evidence/pay/g2-transport-schemas.v1.json#/negativeTestRefs,NOT_STARTED_G3,NOT_AUTHORIZED_G6,RESOLVED_EXACT,8dbb396e729f1e26a4aaf2d173e13a1d04a962a4a207e5dbe80bd14048da85e5
TSR-078,PAY,PEP-PAY-013,run.query,run.query,GET,/v1/runs/{runId},PAY_RUN_VIEW,api-pep-binding-register.csv#binding_id=PEP-PAY-013,../session-evidence/pay/g2-api-event-contracts.json,../session-evidence/pay/g2-api-event-contracts.json#/operations/13,LOCAL_EXACT_SOURCE_OPERATION_PINNED,../session-evidence/pay/g2-transport-schemas.v1.json,../session-evidence/pay/g2-transport-schemas.v1.json#/operations/run.query/pathSchema,../session-evidence/pay/g2-transport-schemas.v1.json#/operations/run.query/querySchema,../session-evidence/pay/g2-transport-schemas.v1.json#/operations/run.query/requestBodySchema,../session-evidence/pay/g2-transport-schemas.v1.json#/operations/run.query/responseSchema,../session-evidence/pay/g2-transport-schemas.v1.json#/operations/run.query/errorSchema,../session-evidence/pay/g2-transport-schemas.v1.json#/operations/run.query/headerSchema,../session-evidence/pay/g2-api-event-contracts.json#/operations/13,../session-evidence/pay/g2-transport-schemas.v1.json#/negativeTestRefs,NOT_STARTED_G3,NOT_AUTHORIZED_G6,RESOLVED_EXACT,5f2fc865b3ced9813610382384b7e2f2730811773129be8d3dc6df089c0376d7
TSR-079,PAY,PEP-PAY-014,run.results,run.results,GET,/v1/runs/{runId}/results,PAY_RESULT_VIEW,api-pep-binding-register.csv#binding_id=PEP-PAY-014,../session-evidence/pay/g2-api-event-contracts.json,../session-evidence/pay/g2-api-event-contracts.json#/operations/14,LOCAL_EXACT_SOURCE_OPERATION_PINNED,../session-evidence/pay/g2-transport-schemas.v1.json,../session-evidence/pay/g2-transport-schemas.v1.json#/operations/run.results/pathSchema,../session-evidence/pay/g2-transport-schemas.v1.json#/operations/run.results/querySchema,../session-evidence/pay/g2-transport-schemas.v1.json#/operations/run.results/requestBodySchema,../session-evidence/pay/g2-transport-schemas.v1.json#/operations/run.results/responseSchema,../session-evidence/pay/g2-transport-schemas.v1.json#/operations/run.results/errorSchema,../session-evidence/pay/g2-transport-schemas.v1.json#/operations/run.results/headerSchema,../session-evidence/pay/g2-api-event-contracts.json#/operations/14,../session-evidence/pay/g2-transport-schemas.v1.json#/negativeTestRefs,NOT_STARTED_G3,NOT_AUTHORIZED_G6,RESOLVED_EXACT,91a372c71ecebd65b2cb22299377accc587511b0aef25f75d0bb97f66b4ed861
TSR-080,PAY,PEP-PAY-015,run.worker.trace,run.worker.trace,GET,/v1/runs/{runId}/workers/{workerId}/trace,PAY_TRACE_VIEW,api-pep-binding-register.csv#binding_id=PEP-PAY-015,../session-evidence/pay/g2-api-event-contracts.json,../session-evidence/pay/g2-api-event-contracts.json#/operations/15,LOCAL_EXACT_SOURCE_OPERATION_PINNED,../session-evidence/pay/g2-transport-schemas.v1.json,../session-evidence/pay/g2-transport-schemas.v1.json#/operations/run.worker.trace/pathSchema,../session-evidence/pay/g2-transport-schemas.v1.json#/operations/run.worker.trace/querySchema,../session-evidence/pay/g2-transport-schemas.v1.json#/operations/run.worker.trace/requestBodySchema,../session-evidence/pay/g2-transport-schemas.v1.json#/operations/run.worker.trace/responseSchema,../session-evidence/pay/g2-transport-schemas.v1.json#/operations/run.worker.trace/errorSchema,../session-evidence/pay/g2-transport-schemas.v1.json#/operations/run.worker.trace/headerSchema,../session-evidence/pay/g2-api-event-contracts.json#/operations/15,../session-evidence/pay/g2-transport-schemas.v1.json#/negativeTestRefs,NOT_STARTED_G3,NOT_AUTHORIZED_G6,RESOLVED_EXACT,0486abb9e2a7d57eb26c5f5bd74c2d52c71f13c7fbd726247f6bfd5fb06c1864
TSR-081,PAY,PEP-PAY-016,run.validate,run.validate,POST,/v1/runs/{runId}/validations,PAY_RUN_VALIDATE,api-pep-binding-register.csv#binding_id=PEP-PAY-016,../session-evidence/pay/g2-api-event-contracts.json,../session-evidence/pay/g2-api-event-contracts.json#/operations/16,LOCAL_EXACT_SOURCE_OPERATION_PINNED,../session-evidence/pay/g2-transport-schemas.v1.json,../session-evidence/pay/g2-transport-schemas.v1.json#/operations/run.validate/pathSchema,../session-evidence/pay/g2-transport-schemas.v1.json#/operations/run.validate/querySchema,../session-evidence/pay/g2-transport-schemas.v1.json#/operations/run.validate/requestBodySchema,../session-evidence/pay/g2-transport-schemas.v1.json#/operations/run.validate/responseSchema,../session-evidence/pay/g2-transport-schemas.v1.json#/operations/run.validate/errorSchema,../session-evidence/pay/g2-transport-schemas.v1.json#/operations/run.validate/headerSchema,../session-evidence/pay/g2-api-event-contracts.json#/operations/16,../session-evidence/pay/g2-transport-schemas.v1.json#/negativeTestRefs,NOT_STARTED_G3,NOT_AUTHORIZED_G6,RESOLVED_EXACT,d9fcd1763c4176401eaa184bec9ee7b701ff087678b2201feaa3eec2444db546
TSR-082,PAY,PEP-PAY-017,run.approve,run.approve,POST,/v1/runs/{runId}/approvals,PAY_RUN_APPROVE,api-pep-binding-register.csv#binding_id=PEP-PAY-017,../session-evidence/pay/g2-api-event-contracts.json,../session-evidence/pay/g2-api-event-contracts.json#/operations/17,LOCAL_EXACT_SOURCE_OPERATION_PINNED,../session-evidence/pay/g2-transport-schemas.v1.json,../session-evidence/pay/g2-transport-schemas.v1.json#/operations/run.approve/pathSchema,../session-evidence/pay/g2-transport-schemas.v1.json#/operations/run.approve/querySchema,../session-evidence/pay/g2-transport-schemas.v1.json#/operations/run.approve/requestBodySchema,../session-evidence/pay/g2-transport-schemas.v1.json#/operations/run.approve/responseSchema,../session-evidence/pay/g2-transport-schemas.v1.json#/operations/run.approve/errorSchema,../session-evidence/pay/g2-transport-schemas.v1.json#/operations/run.approve/headerSchema,../session-evidence/pay/g2-api-event-contracts.json#/operations/17,../session-evidence/pay/g2-transport-schemas.v1.json#/negativeTestRefs,NOT_STARTED_G3,NOT_AUTHORIZED_G6,RESOLVED_EXACT,5131f92b8635af530beab2c57a52283484bcc6a02e3bb9d0305f20accc878894
TSR-083,PAY,PEP-PAY-018,run.finalize,run.finalize,POST,/v1/runs/{runId}/finalize,PAY_RUN_FINALIZE,api-pep-binding-register.csv#binding_id=PEP-PAY-018,../session-evidence/pay/g2-api-event-contracts.json,../session-evidence/pay/g2-api-event-contracts.json#/operations/18,LOCAL_EXACT_SOURCE_OPERATION_PINNED,../session-evidence/pay/g2-transport-schemas.v1.json,../session-evidence/pay/g2-transport-schemas.v1.json#/operations/run.finalize/pathSchema,../session-evidence/pay/g2-transport-schemas.v1.json#/operations/run.finalize/querySchema,../session-evidence/pay/g2-transport-schemas.v1.json#/operations/run.finalize/requestBodySchema,../session-evidence/pay/g2-transport-schemas.v1.json#/operations/run.finalize/responseSchema,../session-evidence/pay/g2-transport-schemas.v1.json#/operations/run.finalize/errorSchema,../session-evidence/pay/g2-transport-schemas.v1.json#/operations/run.finalize/headerSchema,../session-evidence/pay/g2-api-event-contracts.json#/operations/18,../session-evidence/pay/g2-transport-schemas.v1.json#/negativeTestRefs,NOT_STARTED_G3,NOT_AUTHORIZED_G6,RESOLVED_EXACT,d48761a0ac0fbcc540e0b7581d7a629f18e55dd5c5e4bcd545e01ccbe3a82a0b
TSR-084,PAY,PEP-PAY-019,retro.create,retro.create,POST,/v1/retro-events,PAY_RETRO_ASSESS,api-pep-binding-register.csv#binding_id=PEP-PAY-019,../session-evidence/pay/g2-api-event-contracts.json,../session-evidence/pay/g2-api-event-contracts.json#/operations/19,LOCAL_EXACT_SOURCE_OPERATION_PINNED,../session-evidence/pay/g2-transport-schemas.v1.json,../session-evidence/pay/g2-transport-schemas.v1.json#/operations/retro.create/pathSchema,../session-evidence/pay/g2-transport-schemas.v1.json#/operations/retro.create/querySchema,../session-evidence/pay/g2-transport-schemas.v1.json#/operations/retro.create/requestBodySchema,../session-evidence/pay/g2-transport-schemas.v1.json#/operations/retro.create/responseSchema,../session-evidence/pay/g2-transport-schemas.v1.json#/operations/retro.create/errorSchema,../session-evidence/pay/g2-transport-schemas.v1.json#/operations/retro.create/headerSchema,../session-evidence/pay/g2-api-event-contracts.json#/operations/19,../session-evidence/pay/g2-transport-schemas.v1.json#/negativeTestRefs,NOT_STARTED_G3,NOT_AUTHORIZED_G6,RESOLVED_EXACT,47c277a97a6f1427dc6421377a12c9c6e35072cd2b79d285df0d4e1910f6710f
TSR-085,PAY,PEP-PAY-020,correction.create,correction.create,POST,/v1/runs/{runId}/corrections,PAY_CORRECTION_POST,api-pep-binding-register.csv#binding_id=PEP-PAY-020,../session-evidence/pay/g2-api-event-contracts.json,../session-evidence/pay/g2-api-event-contracts.json#/operations/20,LOCAL_EXACT_SOURCE_OPERATION_PINNED,../session-evidence/pay/g2-transport-schemas.v1.json,../session-evidence/pay/g2-transport-schemas.v1.json#/operations/correction.create/pathSchema,../session-evidence/pay/g2-transport-schemas.v1.json#/operations/correction.create/querySchema,../session-evidence/pay/g2-transport-schemas.v1.json#/operations/correction.create/requestBodySchema,../session-evidence/pay/g2-transport-schemas.v1.json#/operations/correction.create/responseSchema,../session-evidence/pay/g2-transport-schemas.v1.json#/operations/correction.create/errorSchema,../session-evidence/pay/g2-transport-schemas.v1.json#/operations/correction.create/headerSchema,../session-evidence/pay/g2-api-event-contracts.json#/operations/20,../session-evidence/pay/g2-transport-schemas.v1.json#/negativeTestRefs,NOT_STARTED_G3,NOT_AUTHORIZED_G6,RESOLVED_EXACT,190b3fc69936be0d5d108dd0f4b3fa15781f6c71b722cf809c1730c95895e0cd
TSR-086,PAY,PEP-PAY-021,payment.create,payment.create,POST,/v1/runs/{runId}/payment-batches,PAY_PAYMENT_PREPARE,api-pep-binding-register.csv#binding_id=PEP-PAY-021,../session-evidence/pay/g2-api-event-contracts.json,../session-evidence/pay/g2-api-event-contracts.json#/operations/21,LOCAL_EXACT_SOURCE_OPERATION_PINNED,../session-evidence/pay/g2-transport-schemas.v1.json,../session-evidence/pay/g2-transport-schemas.v1.json#/operations/payment.create/pathSchema,../session-evidence/pay/g2-transport-schemas.v1.json#/operations/payment.create/querySchema,../session-evidence/pay/g2-transport-schemas.v1.json#/operations/payment.create/requestBodySchema,../session-evidence/pay/g2-transport-schemas.v1.json#/operations/payment.create/responseSchema,../session-evidence/pay/g2-transport-schemas.v1.json#/operations/payment.create/errorSchema,../session-evidence/pay/g2-transport-schemas.v1.json#/operations/payment.create/headerSchema,../session-evidence/pay/g2-api-event-contracts.json#/operations/21,../session-evidence/pay/g2-transport-schemas.v1.json#/negativeTestRefs,NOT_STARTED_G3,NOT_AUTHORIZED_G6,RESOLVED_EXACT,98b66183227140532c98fdfbe832eb3b658a1097acab26950a6a94cf0a32299a
TSR-087,PAY,PEP-PAY-022,payment.release,payment.release,POST,/v1/payment-batches/{batchId}/release,PAY_PAYMENT_RELEASE,api-pep-binding-register.csv#binding_id=PEP-PAY-022,../session-evidence/pay/g2-api-event-contracts.json,../session-evidence/pay/g2-api-event-contracts.json#/operations/22,LOCAL_EXACT_SOURCE_OPERATION_PINNED,../session-evidence/pay/g2-transport-schemas.v1.json,../session-evidence/pay/g2-transport-schemas.v1.json#/operations/payment.release/pathSchema,../session-evidence/pay/g2-transport-schemas.v1.json#/operations/payment.release/querySchema,../session-evidence/pay/g2-transport-schemas.v1.json#/operations/payment.release/requestBodySchema,../session-evidence/pay/g2-transport-schemas.v1.json#/operations/payment.release/responseSchema,../session-evidence/pay/g2-transport-schemas.v1.json#/operations/payment.release/errorSchema,../session-evidence/pay/g2-transport-schemas.v1.json#/operations/payment.release/headerSchema,../session-evidence/pay/g2-api-event-contracts.json#/operations/22,../session-evidence/pay/g2-transport-schemas.v1.json#/negativeTestRefs,NOT_STARTED_G3,NOT_AUTHORIZED_G6,RESOLVED_EXACT,9322683c6c46ff01f4763ad14b66ea6f4b344a7b37d33549f490773ca6965321
TSR-088,PAY,PEP-PAY-023,payment.file.download,payment.file.download,POST,/v1/payment-files/{fileId}/download-grants,PAY_BANK_FILE_DOWNLOAD,api-pep-binding-register.csv#binding_id=PEP-PAY-023,../session-evidence/pay/g2-api-event-contracts.json,../session-evidence/pay/g2-api-event-contracts.json#/operations/23,LOCAL_EXACT_SOURCE_OPERATION_PINNED,../session-evidence/pay/g2-transport-schemas.v1.json,../session-evidence/pay/g2-transport-schemas.v1.json#/operations/payment.file.download/pathSchema,../session-evidence/pay/g2-transport-schemas.v1.json#/operations/payment.file.download/querySchema,../session-evidence/pay/g2-transport-schemas.v1.json#/operations/payment.file.download/requestBodySchema,../session-evidence/pay/g2-transport-schemas.v1.json#/operations/payment.file.download/responseSchema,../session-evidence/pay/g2-transport-schemas.v1.json#/operations/payment.file.download/errorSchema,../session-evidence/pay/g2-transport-schemas.v1.json#/operations/payment.file.download/headerSchema,../session-evidence/pay/g2-api-event-contracts.json#/operations/23,../session-evidence/pay/g2-transport-schemas.v1.json#/negativeTestRefs,NOT_STARTED_G3,NOT_AUTHORIZED_G6,RESOLVED_EXACT,ec79977e46c3ecec0c74dbc400732bb9b546a55358d3635fde90b5bdcdcea5ae
TSR-089,PAY,PEP-PAY-024,gl.create,gl.create,POST,/v1/runs/{runId}/gl-batches,PAY_GL_PREPARE,api-pep-binding-register.csv#binding_id=PEP-PAY-024,../session-evidence/pay/g2-api-event-contracts.json,../session-evidence/pay/g2-api-event-contracts.json#/operations/24,LOCAL_EXACT_SOURCE_OPERATION_PINNED,../session-evidence/pay/g2-transport-schemas.v1.json,../session-evidence/pay/g2-transport-schemas.v1.json#/operations/gl.create/pathSchema,../session-evidence/pay/g2-transport-schemas.v1.json#/operations/gl.create/querySchema,../session-evidence/pay/g2-transport-schemas.v1.json#/operations/gl.create/requestBodySchema,../session-evidence/pay/g2-transport-schemas.v1.json#/operations/gl.create/responseSchema,../session-evidence/pay/g2-transport-schemas.v1.json#/operations/gl.create/errorSchema,../session-evidence/pay/g2-transport-schemas.v1.json#/operations/gl.create/headerSchema,../session-evidence/pay/g2-api-event-contracts.json#/operations/24,../session-evidence/pay/g2-transport-schemas.v1.json#/negativeTestRefs,NOT_STARTED_G3,NOT_AUTHORIZED_G6,RESOLVED_EXACT,0455300993f2c3dc42dae3865f0b425484fa84db5b88cc18f2bb1aa2cac1642f
TSR-090,PAY,PEP-PAY-025,gl.post,gl.post,POST,/v1/gl-batches/{batchId}/post,PAY_GL_POST,api-pep-binding-register.csv#binding_id=PEP-PAY-025,../session-evidence/pay/g2-api-event-contracts.json,../session-evidence/pay/g2-api-event-contracts.json#/operations/25,LOCAL_EXACT_SOURCE_OPERATION_PINNED,../session-evidence/pay/g2-transport-schemas.v1.json,../session-evidence/pay/g2-transport-schemas.v1.json#/operations/gl.post/pathSchema,../session-evidence/pay/g2-transport-schemas.v1.json#/operations/gl.post/querySchema,../session-evidence/pay/g2-transport-schemas.v1.json#/operations/gl.post/requestBodySchema,../session-evidence/pay/g2-transport-schemas.v1.json#/operations/gl.post/responseSchema,../session-evidence/pay/g2-transport-schemas.v1.json#/operations/gl.post/errorSchema,../session-evidence/pay/g2-transport-schemas.v1.json#/operations/gl.post/headerSchema,../session-evidence/pay/g2-api-event-contracts.json#/operations/25,../session-evidence/pay/g2-transport-schemas.v1.json#/negativeTestRefs,NOT_STARTED_G3,NOT_AUTHORIZED_G6,RESOLVED_EXACT,93d8a1016ba1a88c6a41cc8af2bf668c6f9e7dde5de61f649461df1ffd0079d7
TSR-091,PAY,PEP-PAY-026,payslip.query,payslip.query,GET,/v1/payslips/{payslipId},PAYSLIP_VIEW,api-pep-binding-register.csv#binding_id=PEP-PAY-026,../session-evidence/pay/g2-api-event-contracts.json,../session-evidence/pay/g2-api-event-contracts.json#/operations/26,LOCAL_EXACT_SOURCE_OPERATION_PINNED,../session-evidence/pay/g2-transport-schemas.v1.json,../session-evidence/pay/g2-transport-schemas.v1.json#/operations/payslip.query/pathSchema,../session-evidence/pay/g2-transport-schemas.v1.json#/operations/payslip.query/querySchema,../session-evidence/pay/g2-transport-schemas.v1.json#/operations/payslip.query/requestBodySchema,../session-evidence/pay/g2-transport-schemas.v1.json#/operations/payslip.query/responseSchema,../session-evidence/pay/g2-transport-schemas.v1.json#/operations/payslip.query/errorSchema,../session-evidence/pay/g2-transport-schemas.v1.json#/operations/payslip.query/headerSchema,../session-evidence/pay/g2-api-event-contracts.json#/operations/26,../session-evidence/pay/g2-transport-schemas.v1.json#/negativeTestRefs,NOT_STARTED_G3,NOT_AUTHORIZED_G6,RESOLVED_EXACT,597e91ac79139b9956dd0221a23c5622cf8ecba57dd6f3d5fa11307e0a6ed079
TSR-092,PAY,PEP-PAY-027,payslip.download,payslip.download,POST,/v1/payslips/{payslipId}/download-grants,PAYSLIP_DOWNLOAD,api-pep-binding-register.csv#binding_id=PEP-PAY-027,../session-evidence/pay/g2-api-event-contracts.json,../session-evidence/pay/g2-api-event-contracts.json#/operations/27,LOCAL_EXACT_SOURCE_OPERATION_PINNED,../session-evidence/pay/g2-transport-schemas.v1.json,../session-evidence/pay/g2-transport-schemas.v1.json#/operations/payslip.download/pathSchema,../session-evidence/pay/g2-transport-schemas.v1.json#/operations/payslip.download/querySchema,../session-evidence/pay/g2-transport-schemas.v1.json#/operations/payslip.download/requestBodySchema,../session-evidence/pay/g2-transport-schemas.v1.json#/operations/payslip.download/responseSchema,../session-evidence/pay/g2-transport-schemas.v1.json#/operations/payslip.download/errorSchema,../session-evidence/pay/g2-transport-schemas.v1.json#/operations/payslip.download/headerSchema,../session-evidence/pay/g2-api-event-contracts.json#/operations/27,../session-evidence/pay/g2-transport-schemas.v1.json#/negativeTestRefs,NOT_STARTED_G3,NOT_AUTHORIZED_G6,RESOLVED_EXACT,bee23327082af095f58be83e8d2ce94bea6310a38eccf389ecc8840979e269f6
TSR-093,PAY,PEP-PAY-028,country.pack.activate,country.pack.activate,POST,/v1/country-packs/{packId}/activate,PAY_COUNTRY_PACK_ACTIVATE,api-pep-binding-register.csv#binding_id=PEP-PAY-028,../session-evidence/pay/g2-api-event-contracts.json,../session-evidence/pay/g2-api-event-contracts.json#/operations/28,LOCAL_EXACT_SOURCE_OPERATION_PINNED,../session-evidence/pay/g2-transport-schemas.v1.json,../session-evidence/pay/g2-transport-schemas.v1.json#/operations/country.pack.activate/pathSchema,../session-evidence/pay/g2-transport-schemas.v1.json#/operations/country.pack.activate/querySchema,../session-evidence/pay/g2-transport-schemas.v1.json#/operations/country.pack.activate/requestBodySchema,../session-evidence/pay/g2-transport-schemas.v1.json#/operations/country.pack.activate/responseSchema,../session-evidence/pay/g2-transport-schemas.v1.json#/operations/country.pack.activate/errorSchema,../session-evidence/pay/g2-transport-schemas.v1.json#/operations/country.pack.activate/headerSchema,../session-evidence/pay/g2-api-event-contracts.json#/operations/28,../session-evidence/pay/g2-transport-schemas.v1.json#/negativeTestRefs,NOT_STARTED_G3,NOT_AUTHORIZED_G6,RESOLVED_EXACT,bc77cc0c4c3108d0c31f75022f3879c31e6395d138ba48d532ea4a66e83805c8
TSR-094,PAY,PEP-PAY-029,yearend.case.create,yearend.case.create,POST,/v1/year-end-cases,YEA_CASE_CREATE,api-pep-binding-register.csv#binding_id=PEP-PAY-029,../session-evidence/pay/g2-api-event-contracts.json,../session-evidence/pay/g2-api-event-contracts.json#/operations/29,LOCAL_EXACT_SOURCE_OPERATION_PINNED,../session-evidence/pay/g2-transport-schemas.v1.json,../session-evidence/pay/g2-transport-schemas.v1.json#/operations/yearend.case.create/pathSchema,../session-evidence/pay/g2-transport-schemas.v1.json#/operations/yearend.case.create/querySchema,../session-evidence/pay/g2-transport-schemas.v1.json#/operations/yearend.case.create/requestBodySchema,../session-evidence/pay/g2-transport-schemas.v1.json#/operations/yearend.case.create/responseSchema,../session-evidence/pay/g2-transport-schemas.v1.json#/operations/yearend.case.create/errorSchema,../session-evidence/pay/g2-transport-schemas.v1.json#/operations/yearend.case.create/headerSchema,../session-evidence/pay/g2-api-event-contracts.json#/operations/29,../session-evidence/pay/g2-transport-schemas.v1.json#/negativeTestRefs,NOT_STARTED_G3,NOT_AUTHORIZED_G6,RESOLVED_EXACT,cca65c3f881cd30031688854bac6d9d111c3192235a39b18db9c9e3f5f5c6508
TSR-095,PAY,PEP-PAY-030,yearend.evidence.add,yearend.evidence.add,POST,/v1/year-end-cases/{caseId}/evidence,YEA_EVIDENCE_WRITE,api-pep-binding-register.csv#binding_id=PEP-PAY-030,../session-evidence/pay/g2-api-event-contracts.json,../session-evidence/pay/g2-api-event-contracts.json#/operations/30,LOCAL_EXACT_SOURCE_OPERATION_PINNED,../session-evidence/pay/g2-transport-schemas.v1.json,../session-evidence/pay/g2-transport-schemas.v1.json#/operations/yearend.evidence.add/pathSchema,../session-evidence/pay/g2-transport-schemas.v1.json#/operations/yearend.evidence.add/querySchema,../session-evidence/pay/g2-transport-schemas.v1.json#/operations/yearend.evidence.add/requestBodySchema,../session-evidence/pay/g2-transport-schemas.v1.json#/operations/yearend.evidence.add/responseSchema,../session-evidence/pay/g2-transport-schemas.v1.json#/operations/yearend.evidence.add/errorSchema,../session-evidence/pay/g2-transport-schemas.v1.json#/operations/yearend.evidence.add/headerSchema,../session-evidence/pay/g2-api-event-contracts.json#/operations/30,../session-evidence/pay/g2-transport-schemas.v1.json#/negativeTestRefs,NOT_STARTED_G3,NOT_AUTHORIZED_G6,RESOLVED_EXACT,4b0ea1f9341c49e077844523ca7c4efc5ee661824d73c0661b02fc3aa9f9e572
TSR-096,PAY,PEP-PAY-031,yearend.provider.submit,yearend.provider.submit,POST,/v1/year-end-cases/{caseId}/provider-submissions,YEA_PROVIDER_SUBMIT,api-pep-binding-register.csv#binding_id=PEP-PAY-031,../session-evidence/pay/g2-api-event-contracts.json,../session-evidence/pay/g2-api-event-contracts.json#/operations/31,LOCAL_EXACT_SOURCE_OPERATION_PINNED,../session-evidence/pay/g2-transport-schemas.v1.json,../session-evidence/pay/g2-transport-schemas.v1.json#/operations/yearend.provider.submit/pathSchema,../session-evidence/pay/g2-transport-schemas.v1.json#/operations/yearend.provider.submit/querySchema,../session-evidence/pay/g2-transport-schemas.v1.json#/operations/yearend.provider.submit/requestBodySchema,../session-evidence/pay/g2-transport-schemas.v1.json#/operations/yearend.provider.submit/responseSchema,../session-evidence/pay/g2-transport-schemas.v1.json#/operations/yearend.provider.submit/errorSchema,../session-evidence/pay/g2-transport-schemas.v1.json#/operations/yearend.provider.submit/headerSchema,../session-evidence/pay/g2-api-event-contracts.json#/operations/31,../session-evidence/pay/g2-transport-schemas.v1.json#/negativeTestRefs,NOT_STARTED_G3,NOT_AUTHORIZED_G6,RESOLVED_EXACT,f1d71905a908ad2a026ec53f9d6e7a858d28a2ae42a8cadc6e6b214cf667fde4
TSR-097,PAY,PEP-PAY-032,insight.export,insight.export,POST,/v1/insights/exports,PAY_EXPORT,api-pep-binding-register.csv#binding_id=PEP-PAY-032,../session-evidence/pay/g2-api-event-contracts.json,../session-evidence/pay/g2-api-event-contracts.json#/operations/32,LOCAL_EXACT_SOURCE_OPERATION_PINNED,../session-evidence/pay/g2-transport-schemas.v1.json,../session-evidence/pay/g2-transport-schemas.v1.json#/operations/insight.export/pathSchema,../session-evidence/pay/g2-transport-schemas.v1.json#/operations/insight.export/querySchema,../session-evidence/pay/g2-transport-schemas.v1.json#/operations/insight.export/requestBodySchema,../session-evidence/pay/g2-transport-schemas.v1.json#/operations/insight.export/responseSchema,../session-evidence/pay/g2-transport-schemas.v1.json#/operations/insight.export/errorSchema,../session-evidence/pay/g2-transport-schemas.v1.json#/operations/insight.export/headerSchema,../session-evidence/pay/g2-api-event-contracts.json#/operations/32,../session-evidence/pay/g2-transport-schemas.v1.json#/negativeTestRefs,NOT_STARTED_G3,NOT_AUTHORIZED_G6,RESOLVED_EXACT,d03bbaf7acb8c7e745d2a66be8662e0fc9412ed32fa993669c70ad664822f92f
TSR-098,PAY,PEP-PAY-033,command.receipt.query,command.receipt.query,GET,/v1/command-receipts/{receiptId},PAY_COMMAND_RECEIPT_READ,api-pep-binding-register.csv#binding_id=PEP-PAY-033,../session-evidence/pay/g2-api-event-contracts.json,../session-evidence/pay/g2-api-event-contracts.json#/operations/1,LOCAL_EXACT_SOURCE_OPERATION_PINNED,../session-evidence/pay/g2-transport-schemas.v1.json,../session-evidence/pay/g2-transport-schemas.v1.json#/operations/command.receipt.query/pathSchema,../session-evidence/pay/g2-transport-schemas.v1.json#/operations/command.receipt.query/querySchema,../session-evidence/pay/g2-transport-schemas.v1.json#/operations/command.receipt.query/requestBodySchema,../session-evidence/pay/g2-transport-schemas.v1.json#/operations/command.receipt.query/responseSchema,../session-evidence/pay/g2-transport-schemas.v1.json#/operations/command.receipt.query/errorSchema,../session-evidence/pay/g2-transport-schemas.v1.json#/operations/command.receipt.query/headerSchema,../session-evidence/pay/g2-api-event-contracts.json#/operations/1,../session-evidence/pay/g2-transport-schemas.v1.json#/negativeTestRefs,NOT_STARTED_G3,NOT_AUTHORIZED_G6,RESOLVED_EXACT,42d2371e028a16d82f721e005b944a2988d97d7c6b2b7fe4010f173da6fc054f
TSR-099,SYS,PEP-SYS-001,SYS-API-001,SYS-API-001,GET,/api/auth/v1/admin/hris/access-packages,HRIS_ACCESS_PACKAGE_READ,api-pep-binding-register.csv#binding_id=PEP-SYS-001,../session-evidence/sys/g2-contract-catalog.csv,../session-evidence/sys/g2-contract-catalog.csv#contract_id=SYS-API-001&method=GET,LOCAL_EXACT_SOURCE_OPERATION_PINNED,../session-evidence/sys/g2-transport-schemas.v1.json,../session-evidence/sys/g2-transport-schemas.v1.json#/operations/SYS-API-001/pathSchema,../session-evidence/sys/g2-transport-schemas.v1.json#/operations/SYS-API-001/querySchema,../session-evidence/sys/g2-transport-schemas.v1.json#/operations/SYS-API-001/requestBodySchema,../session-evidence/sys/g2-transport-schemas.v1.json#/operations/SYS-API-001/responseSchema,../session-evidence/sys/g2-transport-schemas.v1.json#/operations/SYS-API-001/errorSchema,../session-evidence/sys/g2-transport-schemas.v1.json#/operations/SYS-API-001/headerSchema,../session-evidence/sys/g2-contract-catalog.csv#contract_id=SYS-API-001&method=GET,../session-evidence/sys/g2-transport-schemas.v1.json#/negativeTestRefs,NOT_STARTED_G3,NOT_AUTHORIZED_G6,RESOLVED_EXACT,0771aa1e1461c0bbb80d24c40a593e6e6dd2c2e38b3222c52a1af5895461ccfd
TSR-100,SYS,PEP-SYS-002,SYS-API-002,SYS-API-002,POST,/api/auth/v1/admin/hris/access-packages,HRIS_ACCESS_PACKAGE_AUTHOR,api-pep-binding-register.csv#binding_id=PEP-SYS-002,../session-evidence/sys/g2-contract-catalog.csv,../session-evidence/sys/g2-contract-catalog.csv#contract_id=SYS-API-002&method=POST,LOCAL_EXACT_SOURCE_OPERATION_PINNED,../session-evidence/sys/g2-transport-schemas.v1.json,../session-evidence/sys/g2-transport-schemas.v1.json#/operations/SYS-API-002/pathSchema,../session-evidence/sys/g2-transport-schemas.v1.json#/operations/SYS-API-002/querySchema,../session-evidence/sys/g2-transport-schemas.v1.json#/operations/SYS-API-002/requestBodySchema,../session-evidence/sys/g2-transport-schemas.v1.json#/operations/SYS-API-002/responseSchema,../session-evidence/sys/g2-transport-schemas.v1.json#/operations/SYS-API-002/errorSchema,../session-evidence/sys/g2-transport-schemas.v1.json#/operations/SYS-API-002/headerSchema,../session-evidence/sys/g2-contract-catalog.csv#contract_id=SYS-API-002&method=POST,../session-evidence/sys/g2-transport-schemas.v1.json#/negativeTestRefs,NOT_STARTED_G3,NOT_AUTHORIZED_G6,RESOLVED_EXACT,5cbb4accfad1218827e60c07f775d2dd055169fb7a68625f89928aab0837be32
TSR-101,SYS,PEP-SYS-003,SYS-API-003,SYS-API-003,POST,/api/auth/v1/admin/hris/access-packages/{packageId}/versions/{version}/activate,HRIS_ACCESS_PACKAGE_PUBLISH,api-pep-binding-register.csv#binding_id=PEP-SYS-003,../session-evidence/sys/g2-contract-catalog.csv,../session-evidence/sys/g2-contract-catalog.csv#contract_id=SYS-API-003&method=POST,LOCAL_EXACT_SOURCE_OPERATION_PINNED,../session-evidence/sys/g2-transport-schemas.v1.json,../session-evidence/sys/g2-transport-schemas.v1.json#/operations/SYS-API-003/pathSchema,../session-evidence/sys/g2-transport-schemas.v1.json#/operations/SYS-API-003/querySchema,../session-evidence/sys/g2-transport-schemas.v1.json#/operations/SYS-API-003/requestBodySchema,../session-evidence/sys/g2-transport-schemas.v1.json#/operations/SYS-API-003/responseSchema,../session-evidence/sys/g2-transport-schemas.v1.json#/operations/SYS-API-003/errorSchema,../session-evidence/sys/g2-transport-schemas.v1.json#/operations/SYS-API-003/headerSchema,../session-evidence/sys/g2-contract-catalog.csv#contract_id=SYS-API-003&method=POST,../session-evidence/sys/g2-transport-schemas.v1.json#/negativeTestRefs,NOT_STARTED_G3,NOT_AUTHORIZED_G6,RESOLVED_EXACT,4821d16e782e465ea821e1d56026113c5bbb0fd4111b0b8c46560f7797a456ec
TSR-102,SYS,PEP-SYS-004,SYS-API-004,SYS-API-004,POST,/api/auth/v1/admin/hris/access-assignments/simulations,HRIS_ACCESS_ASSIGNMENT_AUTHOR,api-pep-binding-register.csv#binding_id=PEP-SYS-004,../session-evidence/sys/g2-contract-catalog.csv,../session-evidence/sys/g2-contract-catalog.csv#contract_id=SYS-API-004&method=POST,LOCAL_EXACT_SOURCE_OPERATION_PINNED,../session-evidence/sys/g2-transport-schemas.v1.json,../session-evidence/sys/g2-transport-schemas.v1.json#/operations/SYS-API-004/pathSchema,../session-evidence/sys/g2-transport-schemas.v1.json#/operations/SYS-API-004/querySchema,../session-evidence/sys/g2-transport-schemas.v1.json#/operations/SYS-API-004/requestBodySchema,../session-evidence/sys/g2-transport-schemas.v1.json#/operations/SYS-API-004/responseSchema,../session-evidence/sys/g2-transport-schemas.v1.json#/operations/SYS-API-004/errorSchema,../session-evidence/sys/g2-transport-schemas.v1.json#/operations/SYS-API-004/headerSchema,../session-evidence/sys/g2-contract-catalog.csv#contract_id=SYS-API-004&method=POST,../session-evidence/sys/g2-transport-schemas.v1.json#/negativeTestRefs,NOT_STARTED_G3,NOT_AUTHORIZED_G6,RESOLVED_EXACT,fc76471b728d41572793c4e84ead9303b7e03921a417b604d22927cbe6a23c7b
TSR-103,SYS,PEP-SYS-005,SYS-API-005,SYS-API-005,POST,/api/auth/v1/admin/hris/access-assignments,HRIS_ACCESS_ASSIGNMENT_AUTHOR,api-pep-binding-register.csv#binding_id=PEP-SYS-005,../session-evidence/sys/g2-contract-catalog.csv,../session-evidence/sys/g2-contract-catalog.csv#contract_id=SYS-API-005&method=POST,LOCAL_EXACT_SOURCE_OPERATION_PINNED,../session-evidence/sys/g2-transport-schemas.v1.json,../session-evidence/sys/g2-transport-schemas.v1.json#/operations/SYS-API-005/pathSchema,../session-evidence/sys/g2-transport-schemas.v1.json#/operations/SYS-API-005/querySchema,../session-evidence/sys/g2-transport-schemas.v1.json#/operations/SYS-API-005/requestBodySchema,../session-evidence/sys/g2-transport-schemas.v1.json#/operations/SYS-API-005/responseSchema,../session-evidence/sys/g2-transport-schemas.v1.json#/operations/SYS-API-005/errorSchema,../session-evidence/sys/g2-transport-schemas.v1.json#/operations/SYS-API-005/headerSchema,../session-evidence/sys/g2-contract-catalog.csv#contract_id=SYS-API-005&method=POST,../session-evidence/sys/g2-transport-schemas.v1.json#/negativeTestRefs,NOT_STARTED_G3,NOT_AUTHORIZED_G6,RESOLVED_EXACT,e89e865b3d5094f265d5806a17b225f830cc839fd27fb2d1938ce4fb1cdb1a04
TSR-104,SYS,PEP-SYS-006,SYS-API-006,SYS-API-006,POST,/api/auth/v1/admin/hris/access-assignments/{assignmentId}/submit,HRIS_ACCESS_ASSIGNMENT_AUTHOR,api-pep-binding-register.csv#binding_id=PEP-SYS-006,../session-evidence/sys/g2-contract-catalog.csv,../session-evidence/sys/g2-contract-catalog.csv#contract_id=SYS-API-006&method=POST,LOCAL_EXACT_SOURCE_OPERATION_PINNED,../session-evidence/sys/g2-transport-schemas.v1.json,../session-evidence/sys/g2-transport-schemas.v1.json#/operations/SYS-API-006/pathSchema,../session-evidence/sys/g2-transport-schemas.v1.json#/operations/SYS-API-006/querySchema,../session-evidence/sys/g2-transport-schemas.v1.json#/operations/SYS-API-006/requestBodySchema,../session-evidence/sys/g2-transport-schemas.v1.json#/operations/SYS-API-006/responseSchema,../session-evidence/sys/g2-transport-schemas.v1.json#/operations/SYS-API-006/errorSchema,../session-evidence/sys/g2-transport-schemas.v1.json#/operations/SYS-API-006/headerSchema,../session-evidence/sys/g2-contract-catalog.csv#contract_id=SYS-API-006&method=POST,../session-evidence/sys/g2-transport-schemas.v1.json#/negativeTestRefs,NOT_STARTED_G3,NOT_AUTHORIZED_G6,RESOLVED_EXACT,70917f9e79209b5e2ba42bbcaad1bae9b02005e990f74f4be4b9f24e8d768072
TSR-105,SYS,PEP-SYS-007,SYS-API-007,SYS-API-007,POST,/api/auth/v1/admin/hris/access-assignments/{assignmentId}/approve,HRIS_ACCESS_ASSIGNMENT_APPROVER,api-pep-binding-register.csv#binding_id=PEP-SYS-007,../session-evidence/sys/g2-contract-catalog.csv,../session-evidence/sys/g2-contract-catalog.csv#contract_id=SYS-API-007&method=POST,LOCAL_EXACT_SOURCE_OPERATION_PINNED,../session-evidence/sys/g2-transport-schemas.v1.json,../session-evidence/sys/g2-transport-schemas.v1.json#/operations/SYS-API-007/pathSchema,../session-evidence/sys/g2-transport-schemas.v1.json#/operations/SYS-API-007/querySchema,../session-evidence/sys/g2-transport-schemas.v1.json#/operations/SYS-API-007/requestBodySchema,../session-evidence/sys/g2-transport-schemas.v1.json#/operations/SYS-API-007/responseSchema,../session-evidence/sys/g2-transport-schemas.v1.json#/operations/SYS-API-007/errorSchema,../session-evidence/sys/g2-transport-schemas.v1.json#/operations/SYS-API-007/headerSchema,../session-evidence/sys/g2-contract-catalog.csv#contract_id=SYS-API-007&method=POST,../session-evidence/sys/g2-transport-schemas.v1.json#/negativeTestRefs,NOT_STARTED_G3,NOT_AUTHORIZED_G6,RESOLVED_EXACT,8a0d78e183981f9a40dc074b7617bbf928e8df76b78df17c3f445872a5601511
TSR-106,SYS,PEP-SYS-008,SYS-API-008,SYS-API-008,POST,/api/auth/v1/admin/hris/access-assignments/{assignmentId}/activate,HRIS_ACCESS_ASSIGNMENT_ACTIVATOR,api-pep-binding-register.csv#binding_id=PEP-SYS-008,../session-evidence/sys/g2-contract-catalog.csv,../session-evidence/sys/g2-contract-catalog.csv#contract_id=SYS-API-008&method=POST,LOCAL_EXACT_SOURCE_OPERATION_PINNED,../session-evidence/sys/g2-transport-schemas.v1.json,../session-evidence/sys/g2-transport-schemas.v1.json#/operations/SYS-API-008/pathSchema,../session-evidence/sys/g2-transport-schemas.v1.json#/operations/SYS-API-008/querySchema,../session-evidence/sys/g2-transport-schemas.v1.json#/operations/SYS-API-008/requestBodySchema,../session-evidence/sys/g2-transport-schemas.v1.json#/operations/SYS-API-008/responseSchema,../session-evidence/sys/g2-transport-schemas.v1.json#/operations/SYS-API-008/errorSchema,../session-evidence/sys/g2-transport-schemas.v1.json#/operations/SYS-API-008/headerSchema,../session-evidence/sys/g2-contract-catalog.csv#contract_id=SYS-API-008&method=POST,../session-evidence/sys/g2-transport-schemas.v1.json#/negativeTestRefs,NOT_STARTED_G3,NOT_AUTHORIZED_G6,RESOLVED_EXACT,4cdc549611829b1faa44c2562f0d4d8db6ec304a10dcd7e156388c34bc9ca619
TSR-107,SYS,PEP-SYS-009,SYS-API-009,SYS-API-009,POST,/api/auth/v1/admin/hris/access-assignments/{assignmentId}/revoke,HRIS_ACCESS_ASSIGNMENT_REVOKER,api-pep-binding-register.csv#binding_id=PEP-SYS-009,../session-evidence/sys/g2-contract-catalog.csv,../session-evidence/sys/g2-contract-catalog.csv#contract_id=SYS-API-009&method=POST,LOCAL_EXACT_SOURCE_OPERATION_PINNED,../session-evidence/sys/g2-transport-schemas.v1.json,../session-evidence/sys/g2-transport-schemas.v1.json#/operations/SYS-API-009/pathSchema,../session-evidence/sys/g2-transport-schemas.v1.json#/operations/SYS-API-009/querySchema,../session-evidence/sys/g2-transport-schemas.v1.json#/operations/SYS-API-009/requestBodySchema,../session-evidence/sys/g2-transport-schemas.v1.json#/operations/SYS-API-009/responseSchema,../session-evidence/sys/g2-transport-schemas.v1.json#/operations/SYS-API-009/errorSchema,../session-evidence/sys/g2-transport-schemas.v1.json#/operations/SYS-API-009/headerSchema,../session-evidence/sys/g2-contract-catalog.csv#contract_id=SYS-API-009&method=POST,../session-evidence/sys/g2-transport-schemas.v1.json#/negativeTestRefs,NOT_STARTED_G3,NOT_AUTHORIZED_G6,RESOLVED_EXACT,50989a40e951d8e965fc979f162253ee71c99d528e42c2eef0466f262657f244
TSR-108,SYS,PEP-SYS-010,SYS-API-010,SYS-API-010,GET,/api/auth/v1/admin/hris/access-assignments/{assignmentId},HRIS_ACCESS_ASSIGNMENT_READ,api-pep-binding-register.csv#binding_id=PEP-SYS-010,../session-evidence/sys/g2-contract-catalog.csv,../session-evidence/sys/g2-contract-catalog.csv#contract_id=SYS-API-010&method=GET,LOCAL_EXACT_SOURCE_OPERATION_PINNED,../session-evidence/sys/g2-transport-schemas.v1.json,../session-evidence/sys/g2-transport-schemas.v1.json#/operations/SYS-API-010/pathSchema,../session-evidence/sys/g2-transport-schemas.v1.json#/operations/SYS-API-010/querySchema,../session-evidence/sys/g2-transport-schemas.v1.json#/operations/SYS-API-010/requestBodySchema,../session-evidence/sys/g2-transport-schemas.v1.json#/operations/SYS-API-010/responseSchema,../session-evidence/sys/g2-transport-schemas.v1.json#/operations/SYS-API-010/errorSchema,../session-evidence/sys/g2-transport-schemas.v1.json#/operations/SYS-API-010/headerSchema,../session-evidence/sys/g2-contract-catalog.csv#contract_id=SYS-API-010&method=GET,../session-evidence/sys/g2-transport-schemas.v1.json#/negativeTestRefs,NOT_STARTED_G3,NOT_AUTHORIZED_G6,RESOLVED_EXACT,13999f4ee6d4268206436d992ddfc2e77c1a66dde178f479bbe3416b532fcf5c
TSR-109,SYS,PEP-SYS-011,SYS-API-011,SYS-API-011,GET,/api/platform/v1/admin/hris/configurations,HRIS_CONFIG_READ,api-pep-binding-register.csv#binding_id=PEP-SYS-011,../session-evidence/sys/g2-contract-catalog.csv,../session-evidence/sys/g2-contract-catalog.csv#contract_id=SYS-API-011&method=GET,LOCAL_EXACT_SOURCE_OPERATION_PINNED,../session-evidence/sys/g2-transport-schemas.v1.json,../session-evidence/sys/g2-transport-schemas.v1.json#/operations/SYS-API-011/pathSchema,../session-evidence/sys/g2-transport-schemas.v1.json#/operations/SYS-API-011/querySchema,../session-evidence/sys/g2-transport-schemas.v1.json#/operations/SYS-API-011/requestBodySchema,../session-evidence/sys/g2-transport-schemas.v1.json#/operations/SYS-API-011/responseSchema,../session-evidence/sys/g2-transport-schemas.v1.json#/operations/SYS-API-011/errorSchema,../session-evidence/sys/g2-transport-schemas.v1.json#/operations/SYS-API-011/headerSchema,../session-evidence/sys/g2-contract-catalog.csv#contract_id=SYS-API-011&method=GET,../session-evidence/sys/g2-transport-schemas.v1.json#/negativeTestRefs,NOT_STARTED_G3,NOT_AUTHORIZED_G6,RESOLVED_EXACT,017812fc23a96ab5d26a1e345e75d6bc216dc1bb3f9825883249867c60264c76
TSR-110,SYS,PEP-SYS-012,SYS-API-012,SYS-API-012,POST,/api/platform/v1/admin/hris/configurations/{configId}/versions,HRIS_CONFIG_AUTHOR,api-pep-binding-register.csv#binding_id=PEP-SYS-012,../session-evidence/sys/g2-contract-catalog.csv,../session-evidence/sys/g2-contract-catalog.csv#contract_id=SYS-API-012&method=POST,LOCAL_EXACT_SOURCE_OPERATION_PINNED,../session-evidence/sys/g2-transport-schemas.v1.json,../session-evidence/sys/g2-transport-schemas.v1.json#/operations/SYS-API-012/pathSchema,../session-evidence/sys/g2-transport-schemas.v1.json#/operations/SYS-API-012/querySchema,../session-evidence/sys/g2-transport-schemas.v1.json#/operations/SYS-API-012/requestBodySchema,../session-evidence/sys/g2-transport-schemas.v1.json#/operations/SYS-API-012/responseSchema,../session-evidence/sys/g2-transport-schemas.v1.json#/operations/SYS-API-012/errorSchema,../session-evidence/sys/g2-transport-schemas.v1.json#/operations/SYS-API-012/headerSchema,../session-evidence/sys/g2-contract-catalog.csv#contract_id=SYS-API-012&method=POST,../session-evidence/sys/g2-transport-schemas.v1.json#/negativeTestRefs,NOT_STARTED_G3,NOT_AUTHORIZED_G6,RESOLVED_EXACT,36810e28308a1bb19a91f0efa79d76d2ed9b8adf7bb2726d393c4a9a34f0cfed
TSR-111,SYS,PEP-SYS-013,SYS-API-013,SYS-API-013,POST,/api/platform/v1/admin/hris/configurations/{configId}/versions/{version}/validate,HRIS_CONFIG_AUTHOR,api-pep-binding-register.csv#binding_id=PEP-SYS-013,../session-evidence/sys/g2-contract-catalog.csv,../session-evidence/sys/g2-contract-catalog.csv#contract_id=SYS-API-013&method=POST,LOCAL_EXACT_SOURCE_OPERATION_PINNED,../session-evidence/sys/g2-transport-schemas.v1.json,../session-evidence/sys/g2-transport-schemas.v1.json#/operations/SYS-API-013/pathSchema,../session-evidence/sys/g2-transport-schemas.v1.json#/operations/SYS-API-013/querySchema,../session-evidence/sys/g2-transport-schemas.v1.json#/operations/SYS-API-013/requestBodySchema,../session-evidence/sys/g2-transport-schemas.v1.json#/operations/SYS-API-013/responseSchema,../session-evidence/sys/g2-transport-schemas.v1.json#/operations/SYS-API-013/errorSchema,../session-evidence/sys/g2-transport-schemas.v1.json#/operations/SYS-API-013/headerSchema,../session-evidence/sys/g2-contract-catalog.csv#contract_id=SYS-API-013&method=POST,../session-evidence/sys/g2-transport-schemas.v1.json#/negativeTestRefs,NOT_STARTED_G3,NOT_AUTHORIZED_G6,RESOLVED_EXACT,2c1c58ed763f90cff2c1b25ccd35422b99481ace9a7a943344695532abe7998a
TSR-112,SYS,PEP-SYS-014,SYS-API-014,SYS-API-014,POST,/api/platform/v1/admin/hris/configurations/{configId}/versions/{version}/simulate,HRIS_CONFIG_AUTHOR,api-pep-binding-register.csv#binding_id=PEP-SYS-014,../session-evidence/sys/g2-contract-catalog.csv,../session-evidence/sys/g2-contract-catalog.csv#contract_id=SYS-API-014&method=POST,LOCAL_EXACT_SOURCE_OPERATION_PINNED,../session-evidence/sys/g2-transport-schemas.v1.json,../session-evidence/sys/g2-transport-schemas.v1.json#/operations/SYS-API-014/pathSchema,../session-evidence/sys/g2-transport-schemas.v1.json#/operations/SYS-API-014/querySchema,../session-evidence/sys/g2-transport-schemas.v1.json#/operations/SYS-API-014/requestBodySchema,../session-evidence/sys/g2-transport-schemas.v1.json#/operations/SYS-API-014/responseSchema,../session-evidence/sys/g2-transport-schemas.v1.json#/operations/SYS-API-014/errorSchema,../session-evidence/sys/g2-transport-schemas.v1.json#/operations/SYS-API-014/headerSchema,../session-evidence/sys/g2-contract-catalog.csv#contract_id=SYS-API-014&method=POST,../session-evidence/sys/g2-transport-schemas.v1.json#/negativeTestRefs,NOT_STARTED_G3,NOT_AUTHORIZED_G6,RESOLVED_EXACT,d811d2c31ab6ca33195488b89df8ce15db4493dac0f335003ab4b4b6e15e8166
TSR-113,SYS,PEP-SYS-015,SYS-API-015,SYS-API-015,POST,/api/platform/v1/admin/hris/configurations/{configId}/versions/{version}/approve,HRIS_CONFIG_PUBLISHER,api-pep-binding-register.csv#binding_id=PEP-SYS-015,../session-evidence/sys/g2-contract-catalog.csv,../session-evidence/sys/g2-contract-catalog.csv#contract_id=SYS-API-015&method=POST,LOCAL_EXACT_SOURCE_OPERATION_PINNED,../session-evidence/sys/g2-transport-schemas.v1.json,../session-evidence/sys/g2-transport-schemas.v1.json#/operations/SYS-API-015/pathSchema,../session-evidence/sys/g2-transport-schemas.v1.json#/operations/SYS-API-015/querySchema,../session-evidence/sys/g2-transport-schemas.v1.json#/operations/SYS-API-015/requestBodySchema,../session-evidence/sys/g2-transport-schemas.v1.json#/operations/SYS-API-015/responseSchema,../session-evidence/sys/g2-transport-schemas.v1.json#/operations/SYS-API-015/errorSchema,../session-evidence/sys/g2-transport-schemas.v1.json#/operations/SYS-API-015/headerSchema,../session-evidence/sys/g2-contract-catalog.csv#contract_id=SYS-API-015&method=POST,../session-evidence/sys/g2-transport-schemas.v1.json#/negativeTestRefs,NOT_STARTED_G3,NOT_AUTHORIZED_G6,RESOLVED_EXACT,f0267991d0709b85cc3e0c1e7ab2cd382335be2955bf0594cd99c332360c3e51
TSR-114,SYS,PEP-SYS-016,SYS-API-016,SYS-API-016,POST,/api/platform/v1/admin/hris/configurations/{configId}/versions/{version}/publish,HRIS_CONFIG_PUBLISHER,api-pep-binding-register.csv#binding_id=PEP-SYS-016,../session-evidence/sys/g2-contract-catalog.csv,../session-evidence/sys/g2-contract-catalog.csv#contract_id=SYS-API-016&method=POST,LOCAL_EXACT_SOURCE_OPERATION_PINNED,../session-evidence/sys/g2-transport-schemas.v1.json,../session-evidence/sys/g2-transport-schemas.v1.json#/operations/SYS-API-016/pathSchema,../session-evidence/sys/g2-transport-schemas.v1.json#/operations/SYS-API-016/querySchema,../session-evidence/sys/g2-transport-schemas.v1.json#/operations/SYS-API-016/requestBodySchema,../session-evidence/sys/g2-transport-schemas.v1.json#/operations/SYS-API-016/responseSchema,../session-evidence/sys/g2-transport-schemas.v1.json#/operations/SYS-API-016/errorSchema,../session-evidence/sys/g2-transport-schemas.v1.json#/operations/SYS-API-016/headerSchema,../session-evidence/sys/g2-contract-catalog.csv#contract_id=SYS-API-016&method=POST,../session-evidence/sys/g2-transport-schemas.v1.json#/negativeTestRefs,NOT_STARTED_G3,NOT_AUTHORIZED_G6,RESOLVED_EXACT,bb2210a2ac5a664768d9e452c82b6b204c67f41dc524a2dc19d85967f663feeb
TSR-115,SYS,PEP-SYS-017,SYS-API-017,SYS-API-017,GET,/api/platform/v1/admin/hris/automations,DWP_AUTOMATION_ADMIN,api-pep-binding-register.csv#binding_id=PEP-SYS-017,../session-evidence/sys/g2-contract-catalog.csv,../session-evidence/sys/g2-contract-catalog.csv#contract_id=SYS-API-017&method=GET,LOCAL_EXACT_SOURCE_OPERATION_PINNED,../session-evidence/sys/g2-transport-schemas.v1.json,../session-evidence/sys/g2-transport-schemas.v1.json#/operations/SYS-API-017.GET/pathSchema,../session-evidence/sys/g2-transport-schemas.v1.json#/operations/SYS-API-017.GET/querySchema,../session-evidence/sys/g2-transport-schemas.v1.json#/operations/SYS-API-017.GET/requestBodySchema,../session-evidence/sys/g2-transport-schemas.v1.json#/operations/SYS-API-017.GET/responseSchema,../session-evidence/sys/g2-transport-schemas.v1.json#/operations/SYS-API-017.GET/errorSchema,../session-evidence/sys/g2-transport-schemas.v1.json#/operations/SYS-API-017.GET/headerSchema,../session-evidence/sys/g2-contract-catalog.csv#contract_id=SYS-API-017&method=GET,../session-evidence/sys/g2-transport-schemas.v1.json#/negativeTestRefs,NOT_STARTED_G3,NOT_AUTHORIZED_G6,RESOLVED_EXACT,b28fb4de044bbf7c78f52fb02677c58d6ae927c763c2fbe69987a395f2aee297
TSR-116,SYS,PEP-SYS-018,SYS-API-017,SYS-API-017,POST,/api/platform/v1/admin/hris/automations,DWP_AUTOMATION_ADMIN,api-pep-binding-register.csv#binding_id=PEP-SYS-018,../session-evidence/sys/g2-contract-catalog.csv,../session-evidence/sys/g2-contract-catalog.csv#contract_id=SYS-API-017&method=POST,LOCAL_EXACT_SOURCE_OPERATION_PINNED,../session-evidence/sys/g2-transport-schemas.v1.json,../session-evidence/sys/g2-transport-schemas.v1.json#/operations/SYS-API-017.POST/pathSchema,../session-evidence/sys/g2-transport-schemas.v1.json#/operations/SYS-API-017.POST/querySchema,../session-evidence/sys/g2-transport-schemas.v1.json#/operations/SYS-API-017.POST/requestBodySchema,../session-evidence/sys/g2-transport-schemas.v1.json#/operations/SYS-API-017.POST/responseSchema,../session-evidence/sys/g2-transport-schemas.v1.json#/operations/SYS-API-017.POST/errorSchema,../session-evidence/sys/g2-transport-schemas.v1.json#/operations/SYS-API-017.POST/headerSchema,../session-evidence/sys/g2-contract-catalog.csv#contract_id=SYS-API-017&method=POST,../session-evidence/sys/g2-transport-schemas.v1.json#/negativeTestRefs,NOT_STARTED_G3,NOT_AUTHORIZED_G6,RESOLVED_EXACT,1ea105130a7708b51d4e2c161df4e95585c556bc020625a5cb68477e7469f369
TSR-117,SYS,PEP-SYS-019,SYS-API-018,SYS-API-018,POST,/api/platform/v1/admin/hris/automations/{automationId}/runs,DWP_AUTOMATION_EXECUTE,api-pep-binding-register.csv#binding_id=PEP-SYS-019,../session-evidence/sys/g2-contract-catalog.csv,../session-evidence/sys/g2-contract-catalog.csv#contract_id=SYS-API-018&method=POST,LOCAL_EXACT_SOURCE_OPERATION_PINNED,../session-evidence/sys/g2-transport-schemas.v1.json,../session-evidence/sys/g2-transport-schemas.v1.json#/operations/SYS-API-018/pathSchema,../session-evidence/sys/g2-transport-schemas.v1.json#/operations/SYS-API-018/querySchema,../session-evidence/sys/g2-transport-schemas.v1.json#/operations/SYS-API-018/requestBodySchema,../session-evidence/sys/g2-transport-schemas.v1.json#/operations/SYS-API-018/responseSchema,../session-evidence/sys/g2-transport-schemas.v1.json#/operations/SYS-API-018/errorSchema,../session-evidence/sys/g2-transport-schemas.v1.json#/operations/SYS-API-018/headerSchema,../session-evidence/sys/g2-contract-catalog.csv#contract_id=SYS-API-018&method=POST,../session-evidence/sys/g2-transport-schemas.v1.json#/negativeTestRefs,NOT_STARTED_G3,NOT_AUTHORIZED_G6,RESOLVED_EXACT,157930025f7e291fc5de4190d67d574c2c9254b1f5d3bf741fa789b33dabd41a
TSR-118,SYS,PEP-SYS-020,SYS-API-019,SYS-API-019,GET,/api/platform/v1/admin/hris/automation-runs/{runId},DWP_AUTOMATION_READ,api-pep-binding-register.csv#binding_id=PEP-SYS-020,../session-evidence/sys/g2-contract-catalog.csv,../session-evidence/sys/g2-contract-catalog.csv#contract_id=SYS-API-019&method=GET,LOCAL_EXACT_SOURCE_OPERATION_PINNED,../session-evidence/sys/g2-transport-schemas.v1.json,../session-evidence/sys/g2-transport-schemas.v1.json#/operations/SYS-API-019/pathSchema,../session-evidence/sys/g2-transport-schemas.v1.json#/operations/SYS-API-019/querySchema,../session-evidence/sys/g2-transport-schemas.v1.json#/operations/SYS-API-019/requestBodySchema,../session-evidence/sys/g2-transport-schemas.v1.json#/operations/SYS-API-019/responseSchema,../session-evidence/sys/g2-transport-schemas.v1.json#/operations/SYS-API-019/errorSchema,../session-evidence/sys/g2-transport-schemas.v1.json#/operations/SYS-API-019/headerSchema,../session-evidence/sys/g2-contract-catalog.csv#contract_id=SYS-API-019&method=GET,../session-evidence/sys/g2-transport-schemas.v1.json#/negativeTestRefs,NOT_STARTED_G3,NOT_AUTHORIZED_G6,RESOLVED_EXACT,a9c72cdbf3e00827104e366bf3903864df1beb99fc354d77eeb5d4e63fc59085
TSR-119,SYS,PEP-SYS-021,SYS-API-020,SYS-API-020,POST,/api/platform/v1/admin/hris/automation-runs/{runId}/retry,DWP_AUTOMATION_RETRY,api-pep-binding-register.csv#binding_id=PEP-SYS-021,../session-evidence/sys/g2-contract-catalog.csv,../session-evidence/sys/g2-contract-catalog.csv#contract_id=SYS-API-020&method=POST,LOCAL_EXACT_SOURCE_OPERATION_PINNED,../session-evidence/sys/g2-transport-schemas.v1.json,../session-evidence/sys/g2-transport-schemas.v1.json#/operations/SYS-API-020/pathSchema,../session-evidence/sys/g2-transport-schemas.v1.json#/operations/SYS-API-020/querySchema,../session-evidence/sys/g2-transport-schemas.v1.json#/operations/SYS-API-020/requestBodySchema,../session-evidence/sys/g2-transport-schemas.v1.json#/operations/SYS-API-020/responseSchema,../session-evidence/sys/g2-transport-schemas.v1.json#/operations/SYS-API-020/errorSchema,../session-evidence/sys/g2-transport-schemas.v1.json#/operations/SYS-API-020/headerSchema,../session-evidence/sys/g2-contract-catalog.csv#contract_id=SYS-API-020&method=POST,../session-evidence/sys/g2-transport-schemas.v1.json#/negativeTestRefs,NOT_STARTED_G3,NOT_AUTHORIZED_G6,RESOLVED_EXACT,7faa74df8152fd65353474302a794d2beb2a65444bc894f8a014916082040622
TSR-120,SYS,PEP-SYS-022,SYS-API-021,SYS-API-021,GET,/api/platform/v1/admin/hris/connectors,DWP_CONNECTOR_ADMIN,api-pep-binding-register.csv#binding_id=PEP-SYS-022,../session-evidence/sys/g2-contract-catalog.csv,../session-evidence/sys/g2-contract-catalog.csv#contract_id=SYS-API-021&method=GET,LOCAL_EXACT_SOURCE_OPERATION_PINNED,../session-evidence/sys/g2-transport-schemas.v1.json,../session-evidence/sys/g2-transport-schemas.v1.json#/operations/SYS-API-021.GET/pathSchema,../session-evidence/sys/g2-transport-schemas.v1.json#/operations/SYS-API-021.GET/querySchema,../session-evidence/sys/g2-transport-schemas.v1.json#/operations/SYS-API-021.GET/requestBodySchema,../session-evidence/sys/g2-transport-schemas.v1.json#/operations/SYS-API-021.GET/responseSchema,../session-evidence/sys/g2-transport-schemas.v1.json#/operations/SYS-API-021.GET/errorSchema,../session-evidence/sys/g2-transport-schemas.v1.json#/operations/SYS-API-021.GET/headerSchema,../session-evidence/sys/g2-contract-catalog.csv#contract_id=SYS-API-021&method=GET,../session-evidence/sys/g2-transport-schemas.v1.json#/negativeTestRefs,NOT_STARTED_G3,NOT_AUTHORIZED_G6,RESOLVED_EXACT,3c099aeee73879d75c2b3d7bffddfa5f2b06d012552ae31a2e46f19d9edf3aa3
TSR-121,SYS,PEP-SYS-023,SYS-API-021,SYS-API-021,POST,/api/platform/v1/admin/hris/connectors,DWP_CONNECTOR_ADMIN,api-pep-binding-register.csv#binding_id=PEP-SYS-023,../session-evidence/sys/g2-contract-catalog.csv,../session-evidence/sys/g2-contract-catalog.csv#contract_id=SYS-API-021&method=POST,LOCAL_EXACT_SOURCE_OPERATION_PINNED,../session-evidence/sys/g2-transport-schemas.v1.json,../session-evidence/sys/g2-transport-schemas.v1.json#/operations/SYS-API-021.POST/pathSchema,../session-evidence/sys/g2-transport-schemas.v1.json#/operations/SYS-API-021.POST/querySchema,../session-evidence/sys/g2-transport-schemas.v1.json#/operations/SYS-API-021.POST/requestBodySchema,../session-evidence/sys/g2-transport-schemas.v1.json#/operations/SYS-API-021.POST/responseSchema,../session-evidence/sys/g2-transport-schemas.v1.json#/operations/SYS-API-021.POST/errorSchema,../session-evidence/sys/g2-transport-schemas.v1.json#/operations/SYS-API-021.POST/headerSchema,../session-evidence/sys/g2-contract-catalog.csv#contract_id=SYS-API-021&method=POST,../session-evidence/sys/g2-transport-schemas.v1.json#/negativeTestRefs,NOT_STARTED_G3,NOT_AUTHORIZED_G6,RESOLVED_EXACT,9d311a32c163fbda973a3d029cb5aaa9120d4593766a905686f80871b16b4f82
TSR-122,SYS,PEP-SYS-024,SYS-API-022,SYS-API-022,POST,/api/platform/v1/admin/hris/connectors/{connectorId}/test,DWP_CONNECTOR_TEST,api-pep-binding-register.csv#binding_id=PEP-SYS-024,../session-evidence/sys/g2-contract-catalog.csv,../session-evidence/sys/g2-contract-catalog.csv#contract_id=SYS-API-022&method=POST,LOCAL_EXACT_SOURCE_OPERATION_PINNED,../session-evidence/sys/g2-transport-schemas.v1.json,../session-evidence/sys/g2-transport-schemas.v1.json#/operations/SYS-API-022/pathSchema,../session-evidence/sys/g2-transport-schemas.v1.json#/operations/SYS-API-022/querySchema,../session-evidence/sys/g2-transport-schemas.v1.json#/operations/SYS-API-022/requestBodySchema,../session-evidence/sys/g2-transport-schemas.v1.json#/operations/SYS-API-022/responseSchema,../session-evidence/sys/g2-transport-schemas.v1.json#/operations/SYS-API-022/errorSchema,../session-evidence/sys/g2-transport-schemas.v1.json#/operations/SYS-API-022/headerSchema,../session-evidence/sys/g2-contract-catalog.csv#contract_id=SYS-API-022&method=POST,../session-evidence/sys/g2-transport-schemas.v1.json#/negativeTestRefs,NOT_STARTED_G3,NOT_AUTHORIZED_G6,RESOLVED_EXACT,589765a8b44b95dd5d0209f90ee1fac1758564afbd3fd567074d2159b69ea5e0
TSR-123,SYS,PEP-SYS-025,SYS-API-023,SYS-API-023,POST,/api/platform/v1/admin/hris/connectors/{connectorId}/mappings/{version}/dry-runs,DWP_CONNECTOR_AUTHOR,api-pep-binding-register.csv#binding_id=PEP-SYS-025,../session-evidence/sys/g2-contract-catalog.csv,../session-evidence/sys/g2-contract-catalog.csv#contract_id=SYS-API-023&method=POST,LOCAL_EXACT_SOURCE_OPERATION_PINNED,../session-evidence/sys/g2-transport-schemas.v1.json,../session-evidence/sys/g2-transport-schemas.v1.json#/operations/SYS-API-023/pathSchema,../session-evidence/sys/g2-transport-schemas.v1.json#/operations/SYS-API-023/querySchema,../session-evidence/sys/g2-transport-schemas.v1.json#/operations/SYS-API-023/requestBodySchema,../session-evidence/sys/g2-transport-schemas.v1.json#/operations/SYS-API-023/responseSchema,../session-evidence/sys/g2-transport-schemas.v1.json#/operations/SYS-API-023/errorSchema,../session-evidence/sys/g2-transport-schemas.v1.json#/operations/SYS-API-023/headerSchema,../session-evidence/sys/g2-contract-catalog.csv#contract_id=SYS-API-023&method=POST,../session-evidence/sys/g2-transport-schemas.v1.json#/negativeTestRefs,NOT_STARTED_G3,NOT_AUTHORIZED_G6,RESOLVED_EXACT,e83c678cfe9f6fcc34c00eb5876109e42ca08f9e48e768f5acbe37db06e49ea9
TSR-124,SYS,PEP-SYS-026,SYS-API-024,SYS-API-024,POST,/api/platform/v1/admin/hris/connectors/{connectorId}/executions,DWP_CONNECTOR_EXECUTE,api-pep-binding-register.csv#binding_id=PEP-SYS-026,../session-evidence/sys/g2-contract-catalog.csv,../session-evidence/sys/g2-contract-catalog.csv#contract_id=SYS-API-024&method=POST,LOCAL_EXACT_SOURCE_OPERATION_PINNED,../session-evidence/sys/g2-transport-schemas.v1.json,../session-evidence/sys/g2-transport-schemas.v1.json#/operations/SYS-API-024/pathSchema,../session-evidence/sys/g2-transport-schemas.v1.json#/operations/SYS-API-024/querySchema,../session-evidence/sys/g2-transport-schemas.v1.json#/operations/SYS-API-024/requestBodySchema,../session-evidence/sys/g2-transport-schemas.v1.json#/operations/SYS-API-024/responseSchema,../session-evidence/sys/g2-transport-schemas.v1.json#/operations/SYS-API-024/errorSchema,../session-evidence/sys/g2-transport-schemas.v1.json#/operations/SYS-API-024/headerSchema,../session-evidence/sys/g2-contract-catalog.csv#contract_id=SYS-API-024&method=POST,../session-evidence/sys/g2-transport-schemas.v1.json#/negativeTestRefs,NOT_STARTED_G3,NOT_AUTHORIZED_G6,RESOLVED_EXACT,0e18e271bfd63fad7a6d6b1b2f19e97d689bb4b31e81128d78dbdd2bdd83f0fc
TSR-125,SYS,PEP-SYS-027,SYS-API-025,SYS-API-025,GET,/api/platform/v1/admin/hris/connector-executions/{executionId},DWP_CONNECTOR_READ,api-pep-binding-register.csv#binding_id=PEP-SYS-027,../session-evidence/sys/g2-contract-catalog.csv,../session-evidence/sys/g2-contract-catalog.csv#contract_id=SYS-API-025&method=GET,LOCAL_EXACT_SOURCE_OPERATION_PINNED,../session-evidence/sys/g2-transport-schemas.v1.json,../session-evidence/sys/g2-transport-schemas.v1.json#/operations/SYS-API-025/pathSchema,../session-evidence/sys/g2-transport-schemas.v1.json#/operations/SYS-API-025/querySchema,../session-evidence/sys/g2-transport-schemas.v1.json#/operations/SYS-API-025/requestBodySchema,../session-evidence/sys/g2-transport-schemas.v1.json#/operations/SYS-API-025/responseSchema,../session-evidence/sys/g2-transport-schemas.v1.json#/operations/SYS-API-025/errorSchema,../session-evidence/sys/g2-transport-schemas.v1.json#/operations/SYS-API-025/headerSchema,../session-evidence/sys/g2-contract-catalog.csv#contract_id=SYS-API-025&method=GET,../session-evidence/sys/g2-transport-schemas.v1.json#/negativeTestRefs,NOT_STARTED_G3,NOT_AUTHORIZED_G6,RESOLVED_EXACT,b7371befd8decb741b73d48c5ed3625d350db48b0b64f0e9ebdad0c18af491f0
TSR-126,SYS,PEP-SYS-028,SYS-API-026,SYS-API-026,GET,/api/platform/v1/hris/home,HRIS_APP_AND_WIDGET_CAPABILITIES,api-pep-binding-register.csv#binding_id=PEP-SYS-028,../session-evidence/sys/g2-contract-catalog.csv,../session-evidence/sys/g2-contract-catalog.csv#contract_id=SYS-API-026&method=GET,LOCAL_EXACT_SOURCE_OPERATION_PINNED,../session-evidence/sys/g2-transport-schemas.v1.json,../session-evidence/sys/g2-transport-schemas.v1.json#/operations/SYS-API-026/pathSchema,../session-evidence/sys/g2-transport-schemas.v1.json#/operations/SYS-API-026/querySchema,../session-evidence/sys/g2-transport-schemas.v1.json#/operations/SYS-API-026/requestBodySchema,../session-evidence/sys/g2-transport-schemas.v1.json#/operations/SYS-API-026/responseSchema,../session-evidence/sys/g2-transport-schemas.v1.json#/operations/SYS-API-026/errorSchema,../session-evidence/sys/g2-transport-schemas.v1.json#/operations/SYS-API-026/headerSchema,../session-evidence/sys/g2-contract-catalog.csv#contract_id=SYS-API-026&method=GET,../session-evidence/sys/g2-transport-schemas.v1.json#/negativeTestRefs,NOT_STARTED_G3,NOT_AUTHORIZED_G6,RESOLVED_EXACT,a9daf905bccef796e73612fd75a44abf7f05ee9d9dd6c4aacbcfe15f4d7b6546
TSR-127,SYS,PEP-SYS-029,SYS-API-027,SYS-API-027,GET,/api/platform/v1/hris/explorer,HRIS_APP_AND_ROUTE_CAPABILITIES,api-pep-binding-register.csv#binding_id=PEP-SYS-029,../session-evidence/sys/g2-contract-catalog.csv,../session-evidence/sys/g2-contract-catalog.csv#contract_id=SYS-API-027&method=GET,LOCAL_EXACT_SOURCE_OPERATION_PINNED,../session-evidence/sys/g2-transport-schemas.v1.json,../session-evidence/sys/g2-transport-schemas.v1.json#/operations/SYS-API-027/pathSchema,../session-evidence/sys/g2-transport-schemas.v1.json#/operations/SYS-API-027/querySchema,../session-evidence/sys/g2-transport-schemas.v1.json#/operations/SYS-API-027/requestBodySchema,../session-evidence/sys/g2-transport-schemas.v1.json#/operations/SYS-API-027/responseSchema,../session-evidence/sys/g2-transport-schemas.v1.json#/operations/SYS-API-027/errorSchema,../session-evidence/sys/g2-transport-schemas.v1.json#/operations/SYS-API-027/headerSchema,../session-evidence/sys/g2-contract-catalog.csv#contract_id=SYS-API-027&method=GET,../session-evidence/sys/g2-transport-schemas.v1.json#/negativeTestRefs,NOT_STARTED_G3,NOT_AUTHORIZED_G6,RESOLVED_EXACT,6acc1f1ad49127cf2ee935cb4b0629c9a97690b7f9e94c4649044def3fba3f3f
TSR-128,SYS,PEP-SYS-030,SYS-API-028,SYS-API-028,GET,/api/platform/v1/admin/hris/extension-packs,DWP_EXTENSION_READ,api-pep-binding-register.csv#binding_id=PEP-SYS-030,../session-evidence/sys/g2-contract-catalog.csv,../session-evidence/sys/g2-contract-catalog.csv#contract_id=SYS-API-028&method=GET,LOCAL_EXACT_SOURCE_OPERATION_PINNED,../session-evidence/sys/g2-transport-schemas.v1.json,../session-evidence/sys/g2-transport-schemas.v1.json#/operations/SYS-API-028/pathSchema,../session-evidence/sys/g2-transport-schemas.v1.json#/operations/SYS-API-028/querySchema,../session-evidence/sys/g2-transport-schemas.v1.json#/operations/SYS-API-028/requestBodySchema,../session-evidence/sys/g2-transport-schemas.v1.json#/operations/SYS-API-028/responseSchema,../session-evidence/sys/g2-transport-schemas.v1.json#/operations/SYS-API-028/errorSchema,../session-evidence/sys/g2-transport-schemas.v1.json#/operations/SYS-API-028/headerSchema,../session-evidence/sys/g2-contract-catalog.csv#contract_id=SYS-API-028&method=GET,../session-evidence/sys/g2-transport-schemas.v1.json#/negativeTestRefs,NOT_STARTED_G3,NOT_AUTHORIZED_G6,RESOLVED_EXACT,934ebafabafbc78d78e4bf29198874ec23e7da77f63181eb6f4f9f897114961e
TSR-129,SYS,PEP-SYS-031,SYS-API-029,SYS-API-029,POST,/api/platform/v1/admin/hris/tenants/{tenantId}/extension-installations,DWP_EXTENSION_INSTALL_REQUEST,api-pep-binding-register.csv#binding_id=PEP-SYS-031,../session-evidence/sys/g2-contract-catalog.csv,../session-evidence/sys/g2-contract-catalog.csv#contract_id=SYS-API-029&method=POST,LOCAL_EXACT_SOURCE_OPERATION_PINNED,../session-evidence/sys/g2-transport-schemas.v1.json,../session-evidence/sys/g2-transport-schemas.v1.json#/operations/SYS-API-029/pathSchema,../session-evidence/sys/g2-transport-schemas.v1.json#/operations/SYS-API-029/querySchema,../session-evidence/sys/g2-transport-schemas.v1.json#/operations/SYS-API-029/requestBodySchema,../session-evidence/sys/g2-transport-schemas.v1.json#/operations/SYS-API-029/responseSchema,../session-evidence/sys/g2-transport-schemas.v1.json#/operations/SYS-API-029/errorSchema,../session-evidence/sys/g2-transport-schemas.v1.json#/operations/SYS-API-029/headerSchema,../session-evidence/sys/g2-contract-catalog.csv#contract_id=SYS-API-029&method=POST,../session-evidence/sys/g2-transport-schemas.v1.json#/negativeTestRefs,NOT_STARTED_G3,NOT_AUTHORIZED_G6,RESOLVED_EXACT,462fcb333344b7a88f0dabd3a760ac7b865d3da2c45c30feb309806e220ef6f4
TSR-130,SYS,PEP-SYS-032,SYS-API-030,SYS-API-030,POST,/api/platform/v1/admin/hris/tenants/{tenantId}/extension-installations/{installationId}/enable,DWP_EXTENSION_ENABLE,api-pep-binding-register.csv#binding_id=PEP-SYS-032,../session-evidence/sys/g2-contract-catalog.csv,../session-evidence/sys/g2-contract-catalog.csv#contract_id=SYS-API-030&method=POST,LOCAL_EXACT_SOURCE_OPERATION_PINNED,../session-evidence/sys/g2-transport-schemas.v1.json,../session-evidence/sys/g2-transport-schemas.v1.json#/operations/SYS-API-030/pathSchema,../session-evidence/sys/g2-transport-schemas.v1.json#/operations/SYS-API-030/querySchema,../session-evidence/sys/g2-transport-schemas.v1.json#/operations/SYS-API-030/requestBodySchema,../session-evidence/sys/g2-transport-schemas.v1.json#/operations/SYS-API-030/responseSchema,../session-evidence/sys/g2-transport-schemas.v1.json#/operations/SYS-API-030/errorSchema,../session-evidence/sys/g2-transport-schemas.v1.json#/operations/SYS-API-030/headerSchema,../session-evidence/sys/g2-contract-catalog.csv#contract_id=SYS-API-030&method=POST,../session-evidence/sys/g2-transport-schemas.v1.json#/negativeTestRefs,NOT_STARTED_G3,NOT_AUTHORIZED_G6,RESOLVED_EXACT,0d52b6d4f5a77b85091263efe194e8ee648bd69a545c8a6b224c9993a775a498
TSR-131,SYS,PEP-SYS-033,SYS-API-031,SYS-API-031,GET,/api/platform/v1/home-preferences/surfaces/{surfaceKey},route.hcm.personal.home-preference.data,api-pep-binding-register.csv#binding_id=PEP-SYS-033,../session-evidence/sys/g2-contract-catalog.csv,../session-evidence/sys/g2-contract-catalog.csv#contract_id=SYS-API-031&method=GET,BASELINE_OPENAPI_REUSE,../session-evidence/sys/g2-transport-schemas.v1.json,DWP_BACKEND@5670877de7a39e94e75021c7e23cbbb553296c90:contracts/openapi/gateway-public.json#/paths/~1api~1platform~1v1~1home-preferences~1surfaces~1{surfaceKey}/get/parameters,NONE,NONE,DWP_BACKEND@5670877de7a39e94e75021c7e23cbbb553296c90:contracts/openapi/gateway-public.json#/components/schemas/platform_ApiResponseHomePreferenceResponse,../session-evidence/sys/g2-transport-schemas.v1.json#/operations/SYS-API-031/errorSchema,DWP_BACKEND@5670877de7a39e94e75021c7e23cbbb553296c90:contracts/openapi/gateway-public.json#/paths/~1api~1platform~1v1~1home-preferences~1surfaces~1{surfaceKey}/get/parameters,DWP_BACKEND@5670877de7a39e94e75021c7e23cbbb553296c90:contracts/openapi/gateway-public.json#/paths/~1api~1platform~1v1~1home-preferences~1surfaces~1{surfaceKey}/get,../session-evidence/sys/g2-transport-schemas.v1.json#/negativeTestRefs,NOT_STARTED_G3,NOT_AUTHORIZED_G6,RESOLVED_EXACT,c520bacd2073766fafb6e850200eb5c1bb1cfba929338ad1020ea4eb184a7be4
TSR-132,SYS,PEP-SYS-034,SYS-API-032,SYS-API-032,PUT,/api/platform/v1/home-preferences/surfaces/{surfaceKey},route.hcm.personal.home-preference-update.action,api-pep-binding-register.csv#binding_id=PEP-SYS-034,../session-evidence/sys/g2-contract-catalog.csv,../session-evidence/sys/g2-contract-catalog.csv#contract_id=SYS-API-032&method=PUT,BASELINE_BODY_VERSION_CAS,../session-evidence/sys/g2-transport-schemas.v1.json,DWP_BACKEND@5670877de7a39e94e75021c7e23cbbb553296c90:contracts/openapi/gateway-public.json#/paths/~1api~1platform~1v1~1home-preferences~1surfaces~1{surfaceKey}/put/parameters,NONE,DWP_BACKEND@5670877de7a39e94e75021c7e23cbbb553296c90:contracts/openapi/gateway-public.json#/components/schemas/platform_UpdateHomePreferenceRequest,DWP_BACKEND@5670877de7a39e94e75021c7e23cbbb553296c90:contracts/openapi/gateway-public.json#/components/schemas/platform_ApiResponseHomePreferenceResponse,../session-evidence/sys/g2-transport-schemas.v1.json#/operations/SYS-API-032/errorSchema,DWP_BACKEND@5670877de7a39e94e75021c7e23cbbb553296c90:contracts/openapi/gateway-public.json#/paths/~1api~1platform~1v1~1home-preferences~1surfaces~1{surfaceKey}/put/parameters,DWP_BACKEND@5670877de7a39e94e75021c7e23cbbb553296c90:contracts/openapi/gateway-public.json#/paths/~1api~1platform~1v1~1home-preferences~1surfaces~1{surfaceKey}/put,../session-evidence/sys/g2-transport-schemas.v1.json#/negativeTestRefs,NOT_STARTED_G3,NOT_AUTHORIZED_G6,RESOLVED_EXACT,d3854bcb63ba1ac5a42d2f7a14663ec7e89f349c95c633311f59bd5d26a597f2
TSR-133,SYS,PEP-SYS-035,SYS-API-033,SYS-API-033,GET,/api/platform/v1/admin/hris/file-transfers,DWP_CONTROLLED_TRANSFER_READ,api-pep-binding-register.csv#binding_id=PEP-SYS-035,../session-evidence/sys/g2-contract-catalog.csv,../session-evidence/sys/g2-contract-catalog.csv#contract_id=SYS-API-033&method=GET,LOCAL_EXACT_SOURCE_OPERATION_PINNED,../session-evidence/sys/g2-transport-schemas.v1.json,../session-evidence/sys/g2-transport-schemas.v1.json#/operations/SYS-API-033/pathSchema,../session-evidence/sys/g2-transport-schemas.v1.json#/operations/SYS-API-033/querySchema,../session-evidence/sys/g2-transport-schemas.v1.json#/operations/SYS-API-033/requestBodySchema,../session-evidence/sys/g2-transport-schemas.v1.json#/operations/SYS-API-033/responseSchema,../session-evidence/sys/g2-transport-schemas.v1.json#/operations/SYS-API-033/errorSchema,../session-evidence/sys/g2-transport-schemas.v1.json#/operations/SYS-API-033/headerSchema,../session-evidence/sys/g2-contract-catalog.csv#contract_id=SYS-API-033&method=GET,../session-evidence/sys/g2-transport-schemas.v1.json#/negativeTestRefs,NOT_STARTED_G3,NOT_AUTHORIZED_G6,RESOLVED_EXACT,e08151a74027d1ed789640d808f3adf8ebe7fc71668c726377bc9254e8e37a8c
TSR-134,SYS,PEP-SYS-036,SYS-API-034,SYS-API-034,POST,/api/platform/v1/admin/hris/file-transfers,DWP_CONTROLLED_TRANSFER_CREATE,api-pep-binding-register.csv#binding_id=PEP-SYS-036,../session-evidence/sys/g2-contract-catalog.csv,../session-evidence/sys/g2-contract-catalog.csv#contract_id=SYS-API-034&method=POST,LOCAL_EXACT_SOURCE_OPERATION_PINNED,../session-evidence/sys/g2-transport-schemas.v1.json,../session-evidence/sys/g2-transport-schemas.v1.json#/operations/SYS-API-034/pathSchema,../session-evidence/sys/g2-transport-schemas.v1.json#/operations/SYS-API-034/querySchema,../session-evidence/sys/g2-transport-schemas.v1.json#/operations/SYS-API-034/requestBodySchema,../session-evidence/sys/g2-transport-schemas.v1.json#/operations/SYS-API-034/responseSchema,../session-evidence/sys/g2-transport-schemas.v1.json#/operations/SYS-API-034/errorSchema,../session-evidence/sys/g2-transport-schemas.v1.json#/operations/SYS-API-034/headerSchema,../session-evidence/sys/g2-contract-catalog.csv#contract_id=SYS-API-034&method=POST,../session-evidence/sys/g2-transport-schemas.v1.json#/negativeTestRefs,NOT_STARTED_G3,NOT_AUTHORIZED_G6,RESOLVED_EXACT,05934b92183c4470275d6df8e34625da2db558f095ee0cc87465446893d31fe8
TSR-135,SYS,PEP-SYS-037,SYS-API-035,SYS-API-035,GET,/api/platform/v1/admin/hris/operations/exceptions,DWP_HRIS_OPERATIONS_EXCEPTION_READ,api-pep-binding-register.csv#binding_id=PEP-SYS-037,../session-evidence/sys/g2-contract-catalog.csv,../session-evidence/sys/g2-contract-catalog.csv#contract_id=SYS-API-035&method=GET,LOCAL_EXACT_SOURCE_OPERATION_PINNED,../session-evidence/sys/g2-transport-schemas.v1.json,../session-evidence/sys/g2-transport-schemas.v1.json#/operations/SYS-API-035/pathSchema,../session-evidence/sys/g2-transport-schemas.v1.json#/operations/SYS-API-035/querySchema,../session-evidence/sys/g2-transport-schemas.v1.json#/operations/SYS-API-035/requestBodySchema,../session-evidence/sys/g2-transport-schemas.v1.json#/operations/SYS-API-035/responseSchema,../session-evidence/sys/g2-transport-schemas.v1.json#/operations/SYS-API-035/errorSchema,../session-evidence/sys/g2-transport-schemas.v1.json#/operations/SYS-API-035/headerSchema,../session-evidence/sys/g2-contract-catalog.csv#contract_id=SYS-API-035&method=GET,../session-evidence/sys/g2-transport-schemas.v1.json#/negativeTestRefs,NOT_STARTED_G3,NOT_AUTHORIZED_G6,RESOLVED_EXACT,5f83487d9cb45fc8fb0ea68656dc6628a660a6375dc28e8a767c31960512b27d
TSR-136,SYS,PEP-SYS-038,SYS-API-036,SYS-API-036,GET,/api/platform/v1/admin/hris/operations/exceptions/{exceptionId},DWP_HRIS_OPERATIONS_EXCEPTION_READ,api-pep-binding-register.csv#binding_id=PEP-SYS-038,../session-evidence/sys/g2-contract-catalog.csv,../session-evidence/sys/g2-contract-catalog.csv#contract_id=SYS-API-036&method=GET,LOCAL_EXACT_SOURCE_OPERATION_PINNED,../session-evidence/sys/g2-transport-schemas.v1.json,../session-evidence/sys/g2-transport-schemas.v1.json#/operations/SYS-API-036/pathSchema,../session-evidence/sys/g2-transport-schemas.v1.json#/operations/SYS-API-036/querySchema,../session-evidence/sys/g2-transport-schemas.v1.json#/operations/SYS-API-036/requestBodySchema,../session-evidence/sys/g2-transport-schemas.v1.json#/operations/SYS-API-036/responseSchema,../session-evidence/sys/g2-transport-schemas.v1.json#/operations/SYS-API-036/errorSchema,../session-evidence/sys/g2-transport-schemas.v1.json#/operations/SYS-API-036/headerSchema,../session-evidence/sys/g2-contract-catalog.csv#contract_id=SYS-API-036&method=GET,../session-evidence/sys/g2-transport-schemas.v1.json#/negativeTestRefs,NOT_STARTED_G3,NOT_AUTHORIZED_G6,RESOLVED_EXACT,f34b739db6b8127ee120ef9cc3e9f94edbcfcbdc2e5e15b9bb53104c3b89b26f
TSR-137,SYS,PEP-SYS-039,SYS-API-037,SYS-API-037,GET,/api/auth/v1/admin/hris/command-receipts/{receiptId},HRIS_ACCESS_RECEIPT_READ,api-pep-binding-register.csv#binding_id=PEP-SYS-039,../session-evidence/sys/g2-contract-catalog.csv,../session-evidence/sys/g2-contract-catalog.csv#contract_id=SYS-API-037&method=GET,LOCAL_EXACT_SOURCE_OPERATION_PINNED,../session-evidence/sys/g2-transport-schemas.v1.json,../session-evidence/sys/g2-transport-schemas.v1.json#/operations/SYS-API-037/pathSchema,../session-evidence/sys/g2-transport-schemas.v1.json#/operations/SYS-API-037/querySchema,../session-evidence/sys/g2-transport-schemas.v1.json#/operations/SYS-API-037/requestBodySchema,../session-evidence/sys/g2-transport-schemas.v1.json#/operations/SYS-API-037/responseSchema,../session-evidence/sys/g2-transport-schemas.v1.json#/operations/SYS-API-037/errorSchema,../session-evidence/sys/g2-transport-schemas.v1.json#/operations/SYS-API-037/headerSchema,../session-evidence/sys/g2-contract-catalog.csv#contract_id=SYS-API-037&method=GET,../session-evidence/sys/g2-transport-schemas.v1.json#/negativeTestRefs,NOT_STARTED_G3,NOT_AUTHORIZED_G6,RESOLVED_EXACT,31c431fc7c0a76eb1d5c194c13c4c1d8a8a224fd092879719bdc2b8ff90c7282
TSR-138,SYS,PEP-SYS-040,SYS-API-038,SYS-API-038,GET,/api/platform/v1/admin/hris/command-receipts/{receiptId},DWP_HRIS_COMMAND_RECEIPT_READ,api-pep-binding-register.csv#binding_id=PEP-SYS-040,../session-evidence/sys/g2-contract-catalog.csv,../session-evidence/sys/g2-contract-catalog.csv#contract_id=SYS-API-038&method=GET,LOCAL_EXACT_SOURCE_OPERATION_PINNED,../session-evidence/sys/g2-transport-schemas.v1.json,../session-evidence/sys/g2-transport-schemas.v1.json#/operations/SYS-API-038/pathSchema,../session-evidence/sys/g2-transport-schemas.v1.json#/operations/SYS-API-038/querySchema,../session-evidence/sys/g2-transport-schemas.v1.json#/operations/SYS-API-038/requestBodySchema,../session-evidence/sys/g2-transport-schemas.v1.json#/operations/SYS-API-038/responseSchema,../session-evidence/sys/g2-transport-schemas.v1.json#/operations/SYS-API-038/errorSchema,../session-evidence/sys/g2-transport-schemas.v1.json#/operations/SYS-API-038/headerSchema,../session-evidence/sys/g2-contract-catalog.csv#contract_id=SYS-API-038&method=GET,../session-evidence/sys/g2-transport-schemas.v1.json#/negativeTestRefs,NOT_STARTED_G3,NOT_AUTHORIZED_G6,RESOLVED_EXACT,dc1fb7bb6fd02f7c45e364fe8777132fb576834eb01e24dc060e2feba83f4266
TSR-139,SYS,PEP-SYS-041,SYS-API-039,SYS-API-039,PUT,/api/platform/v1/hris/explorer/preferences,HRIS_APP_AND_ROUTE_CAPABILITIES,api-pep-binding-register.csv#binding_id=PEP-SYS-041,../session-evidence/sys/g2-contract-catalog.csv,../session-evidence/sys/g2-contract-catalog.csv#contract_id=SYS-API-039&method=PUT,LOCAL_EXACT_SOURCE_OPERATION_PINNED,../session-evidence/sys/g2-transport-schemas.v1.json,../session-evidence/sys/g2-transport-schemas.v1.json#/operations/SYS-API-039/pathSchema,../session-evidence/sys/g2-transport-schemas.v1.json#/operations/SYS-API-039/querySchema,../session-evidence/sys/g2-transport-schemas.v1.json#/operations/SYS-API-039/requestBodySchema,../session-evidence/sys/g2-transport-schemas.v1.json#/operations/SYS-API-039/responseSchema,../session-evidence/sys/g2-transport-schemas.v1.json#/operations/SYS-API-039/errorSchema,../session-evidence/sys/g2-transport-schemas.v1.json#/operations/SYS-API-039/headerSchema,../session-evidence/sys/g2-contract-catalog.csv#contract_id=SYS-API-039&method=PUT,../session-evidence/sys/g2-transport-schemas.v1.json#/negativeTestRefs,NOT_STARTED_G3,NOT_AUTHORIZED_G6,RESOLVED_EXACT,6a4f1ec8b31cadba6eb5056373bd5d2a3a7dbd5c9ab63163e25612bcd91242d4
TSR-140,SYS,PEP-SYS-042,SYS-API-040,SYS-API-040,POST,/api/platform/v1/hris/explorer/recents,HRIS_APP_AND_ROUTE_CAPABILITIES,api-pep-binding-register.csv#binding_id=PEP-SYS-042,../session-evidence/sys/g2-contract-catalog.csv,../session-evidence/sys/g2-contract-catalog.csv#contract_id=SYS-API-040&method=POST,LOCAL_EXACT_SOURCE_OPERATION_PINNED,../session-evidence/sys/g2-transport-schemas.v1.json,../session-evidence/sys/g2-transport-schemas.v1.json#/operations/SYS-API-040/pathSchema,../session-evidence/sys/g2-transport-schemas.v1.json#/operations/SYS-API-040/querySchema,../session-evidence/sys/g2-transport-schemas.v1.json#/operations/SYS-API-040/requestBodySchema,../session-evidence/sys/g2-transport-schemas.v1.json#/operations/SYS-API-040/responseSchema,../session-evidence/sys/g2-transport-schemas.v1.json#/operations/SYS-API-040/errorSchema,../session-evidence/sys/g2-transport-schemas.v1.json#/operations/SYS-API-040/headerSchema,../session-evidence/sys/g2-contract-catalog.csv#contract_id=SYS-API-040&method=POST,../session-evidence/sys/g2-transport-schemas.v1.json#/negativeTestRefs,NOT_STARTED_G3,NOT_AUTHORIZED_G6,RESOLVED_EXACT,fcc6b3fcfe5b3cd7a9432316896b00f3e139205f54d9c0e8bd6ce4cb57176d53
TSR-141,SYS,PEP-SYS-043,SYS-API-041,SYS-API-041,GET,/api/platform/v1/admin/hris/configurations/{configId}/versions/{version},HRIS_CONFIG_READ,api-pep-binding-register.csv#binding_id=PEP-SYS-043,../session-evidence/sys/g2-contract-catalog.csv,../session-evidence/sys/g2-contract-catalog.csv#contract_id=SYS-API-041&method=GET,LOCAL_EXACT_SOURCE_OPERATION_PINNED,../session-evidence/sys/g2-transport-schemas.v1.json,../session-evidence/sys/g2-transport-schemas.v1.json#/operations/SYS-API-041/pathSchema,../session-evidence/sys/g2-transport-schemas.v1.json#/operations/SYS-API-041/querySchema,../session-evidence/sys/g2-transport-schemas.v1.json#/operations/SYS-API-041/requestBodySchema,../session-evidence/sys/g2-transport-schemas.v1.json#/operations/SYS-API-041/responseSchema,../session-evidence/sys/g2-transport-schemas.v1.json#/operations/SYS-API-041/errorSchema,../session-evidence/sys/g2-transport-schemas.v1.json#/operations/SYS-API-041/headerSchema,../session-evidence/sys/g2-contract-catalog.csv#contract_id=SYS-API-041&method=GET,../session-evidence/sys/g2-transport-schemas.v1.json#/negativeTestRefs,NOT_STARTED_G3,NOT_AUTHORIZED_G6,RESOLVED_EXACT,7feb9e09e0e467392a14e3e6e8f2f660133ad888667bc86ad761cf64e0f803f5
TSR-142,SYS,PEP-SYS-044,SYS-API-042,SYS-API-042,POST,/api/platform/v1/admin/hris/configurations/{configId}/versions/{version}/submit,HRIS_CONFIG_AUTHOR,api-pep-binding-register.csv#binding_id=PEP-SYS-044,../session-evidence/sys/g2-contract-catalog.csv,../session-evidence/sys/g2-contract-catalog.csv#contract_id=SYS-API-042&method=POST,LOCAL_EXACT_SOURCE_OPERATION_PINNED,../session-evidence/sys/g2-transport-schemas.v1.json,../session-evidence/sys/g2-transport-schemas.v1.json#/operations/SYS-API-042/pathSchema,../session-evidence/sys/g2-transport-schemas.v1.json#/operations/SYS-API-042/querySchema,../session-evidence/sys/g2-transport-schemas.v1.json#/operations/SYS-API-042/requestBodySchema,../session-evidence/sys/g2-transport-schemas.v1.json#/operations/SYS-API-042/responseSchema,../session-evidence/sys/g2-transport-schemas.v1.json#/operations/SYS-API-042/errorSchema,../session-evidence/sys/g2-transport-schemas.v1.json#/operations/SYS-API-042/headerSchema,../session-evidence/sys/g2-contract-catalog.csv#contract_id=SYS-API-042&method=POST,../session-evidence/sys/g2-transport-schemas.v1.json#/negativeTestRefs,NOT_STARTED_G3,NOT_AUTHORIZED_G6,RESOLVED_EXACT,7b57bc833919d1812325965e4e3361d785f30c833ce83fbd7cb7faf668e76abf
TSR-143,SYS,PEP-SYS-045,SYS-API-043,SYS-API-043,POST,/api/platform/v1/admin/hris/configurations/{configId}/versions/{version}/schedule,HRIS_CONFIG_PUBLISHER,api-pep-binding-register.csv#binding_id=PEP-SYS-045,../session-evidence/sys/g2-contract-catalog.csv,../session-evidence/sys/g2-contract-catalog.csv#contract_id=SYS-API-043&method=POST,LOCAL_EXACT_SOURCE_OPERATION_PINNED,../session-evidence/sys/g2-transport-schemas.v1.json,../session-evidence/sys/g2-transport-schemas.v1.json#/operations/SYS-API-043/pathSchema,../session-evidence/sys/g2-transport-schemas.v1.json#/operations/SYS-API-043/querySchema,../session-evidence/sys/g2-transport-schemas.v1.json#/operations/SYS-API-043/requestBodySchema,../session-evidence/sys/g2-transport-schemas.v1.json#/operations/SYS-API-043/responseSchema,../session-evidence/sys/g2-transport-schemas.v1.json#/operations/SYS-API-043/errorSchema,../session-evidence/sys/g2-transport-schemas.v1.json#/operations/SYS-API-043/headerSchema,../session-evidence/sys/g2-contract-catalog.csv#contract_id=SYS-API-043&method=POST,../session-evidence/sys/g2-transport-schemas.v1.json#/negativeTestRefs,NOT_STARTED_G3,NOT_AUTHORIZED_G6,RESOLVED_EXACT,7d99e6539bd3484164739835735398c91bd8deb4b1120a1d4f8e691a42b6a508
TSR-144,SYS,PEP-SYS-046,SYS-API-044,SYS-API-044,POST,/api/platform/v1/admin/hris/configurations/{configId}/versions/{version}/rollback,HRIS_CONFIG_PUBLISHER,api-pep-binding-register.csv#binding_id=PEP-SYS-046,../session-evidence/sys/g2-contract-catalog.csv,../session-evidence/sys/g2-contract-catalog.csv#contract_id=SYS-API-044&method=POST,LOCAL_EXACT_SOURCE_OPERATION_PINNED,../session-evidence/sys/g2-transport-schemas.v1.json,../session-evidence/sys/g2-transport-schemas.v1.json#/operations/SYS-API-044/pathSchema,../session-evidence/sys/g2-transport-schemas.v1.json#/operations/SYS-API-044/querySchema,../session-evidence/sys/g2-transport-schemas.v1.json#/operations/SYS-API-044/requestBodySchema,../session-evidence/sys/g2-transport-schemas.v1.json#/operations/SYS-API-044/responseSchema,../session-evidence/sys/g2-transport-schemas.v1.json#/operations/SYS-API-044/errorSchema,../session-evidence/sys/g2-transport-schemas.v1.json#/operations/SYS-API-044/headerSchema,../session-evidence/sys/g2-contract-catalog.csv#contract_id=SYS-API-044&method=POST,../session-evidence/sys/g2-transport-schemas.v1.json#/negativeTestRefs,NOT_STARTED_G3,NOT_AUTHORIZED_G6,RESOLVED_EXACT,4b2121b881757265953cf97abef9383fc3b962f54770df4eae8e95116a9de703
TSR-145,SYS,PEP-SYS-047,SYS-API-045,SYS-API-045,POST,/api/platform/v1/admin/hris/configurations/{configId}/versions/{version}/retire,HRIS_CONFIG_PUBLISHER,api-pep-binding-register.csv#binding_id=PEP-SYS-047,../session-evidence/sys/g2-contract-catalog.csv,../session-evidence/sys/g2-contract-catalog.csv#contract_id=SYS-API-045&method=POST,LOCAL_EXACT_SOURCE_OPERATION_PINNED,../session-evidence/sys/g2-transport-schemas.v1.json,../session-evidence/sys/g2-transport-schemas.v1.json#/operations/SYS-API-045/pathSchema,../session-evidence/sys/g2-transport-schemas.v1.json#/operations/SYS-API-045/querySchema,../session-evidence/sys/g2-transport-schemas.v1.json#/operations/SYS-API-045/requestBodySchema,../session-evidence/sys/g2-transport-schemas.v1.json#/operations/SYS-API-045/responseSchema,../session-evidence/sys/g2-transport-schemas.v1.json#/operations/SYS-API-045/errorSchema,../session-evidence/sys/g2-transport-schemas.v1.json#/operations/SYS-API-045/headerSchema,../session-evidence/sys/g2-contract-catalog.csv#contract_id=SYS-API-045&method=POST,../session-evidence/sys/g2-transport-schemas.v1.json#/negativeTestRefs,NOT_STARTED_G3,NOT_AUTHORIZED_G6,RESOLVED_EXACT,ba28debeb61a4f4f9fe3b3d36a5bf14f94c1eae7d540727ee2b609efe44ffdba
TSR-146,SYS,PEP-SYS-048,SYS-API-046,SYS-API-046,POST,/api/platform/v1/admin/hris/automations/{automationId}/versions,DWP_AUTOMATION_ADMIN,api-pep-binding-register.csv#binding_id=PEP-SYS-048,../session-evidence/sys/g2-contract-catalog.csv,../session-evidence/sys/g2-contract-catalog.csv#contract_id=SYS-API-046&method=POST,LOCAL_EXACT_SOURCE_OPERATION_PINNED,../session-evidence/sys/g2-transport-schemas.v1.json,../session-evidence/sys/g2-transport-schemas.v1.json#/operations/SYS-API-046/pathSchema,../session-evidence/sys/g2-transport-schemas.v1.json#/operations/SYS-API-046/querySchema,../session-evidence/sys/g2-transport-schemas.v1.json#/operations/SYS-API-046/requestBodySchema,../session-evidence/sys/g2-transport-schemas.v1.json#/operations/SYS-API-046/responseSchema,../session-evidence/sys/g2-transport-schemas.v1.json#/operations/SYS-API-046/errorSchema,../session-evidence/sys/g2-transport-schemas.v1.json#/operations/SYS-API-046/headerSchema,../session-evidence/sys/g2-contract-catalog.csv#contract_id=SYS-API-046&method=POST,../session-evidence/sys/g2-transport-schemas.v1.json#/negativeTestRefs,NOT_STARTED_G3,NOT_AUTHORIZED_G6,RESOLVED_EXACT,1f6a52c4785187d89f5e062cccc7521c5f095a1b4ea07d5ed3e25d8c5e60ab5a
TSR-147,SYS,PEP-SYS-049,SYS-API-047,SYS-API-047,POST,/api/platform/v1/admin/hris/automations/{automationId}/versions/{version}/validate,DWP_AUTOMATION_ADMIN,api-pep-binding-register.csv#binding_id=PEP-SYS-049,../session-evidence/sys/g2-contract-catalog.csv,../session-evidence/sys/g2-contract-catalog.csv#contract_id=SYS-API-047&method=POST,LOCAL_EXACT_SOURCE_OPERATION_PINNED,../session-evidence/sys/g2-transport-schemas.v1.json,../session-evidence/sys/g2-transport-schemas.v1.json#/operations/SYS-API-047/pathSchema,../session-evidence/sys/g2-transport-schemas.v1.json#/operations/SYS-API-047/querySchema,../session-evidence/sys/g2-transport-schemas.v1.json#/operations/SYS-API-047/requestBodySchema,../session-evidence/sys/g2-transport-schemas.v1.json#/operations/SYS-API-047/responseSchema,../session-evidence/sys/g2-transport-schemas.v1.json#/operations/SYS-API-047/errorSchema,../session-evidence/sys/g2-transport-schemas.v1.json#/operations/SYS-API-047/headerSchema,../session-evidence/sys/g2-contract-catalog.csv#contract_id=SYS-API-047&method=POST,../session-evidence/sys/g2-transport-schemas.v1.json#/negativeTestRefs,NOT_STARTED_G3,NOT_AUTHORIZED_G6,RESOLVED_EXACT,4ac4f690ceab063fe5f6171ed24956d9f026eca8542d9d071735cc4d475e5fc7
TSR-148,SYS,PEP-SYS-050,SYS-API-048,SYS-API-048,POST,/api/platform/v1/admin/hris/automations/{automationId}/versions/{version}/submit,DWP_AUTOMATION_ADMIN,api-pep-binding-register.csv#binding_id=PEP-SYS-050,../session-evidence/sys/g2-contract-catalog.csv,../session-evidence/sys/g2-contract-catalog.csv#contract_id=SYS-API-048&method=POST,LOCAL_EXACT_SOURCE_OPERATION_PINNED,../session-evidence/sys/g2-transport-schemas.v1.json,../session-evidence/sys/g2-transport-schemas.v1.json#/operations/SYS-API-048/pathSchema,../session-evidence/sys/g2-transport-schemas.v1.json#/operations/SYS-API-048/querySchema,../session-evidence/sys/g2-transport-schemas.v1.json#/operations/SYS-API-048/requestBodySchema,../session-evidence/sys/g2-transport-schemas.v1.json#/operations/SYS-API-048/responseSchema,../session-evidence/sys/g2-transport-schemas.v1.json#/operations/SYS-API-048/errorSchema,../session-evidence/sys/g2-transport-schemas.v1.json#/operations/SYS-API-048/headerSchema,../session-evidence/sys/g2-contract-catalog.csv#contract_id=SYS-API-048&method=POST,../session-evidence/sys/g2-transport-schemas.v1.json#/negativeTestRefs,NOT_STARTED_G3,NOT_AUTHORIZED_G6,RESOLVED_EXACT,118576ae9439ba9f0995e3f236fb69d970ffab0126b79245aa8310d1e739a218
TSR-149,SYS,PEP-SYS-051,SYS-API-049,SYS-API-049,POST,/api/platform/v1/admin/hris/automations/{automationId}/versions/{version}/approve,DWP_AUTOMATION_APPROVE,api-pep-binding-register.csv#binding_id=PEP-SYS-051,../session-evidence/sys/g2-contract-catalog.csv,../session-evidence/sys/g2-contract-catalog.csv#contract_id=SYS-API-049&method=POST,LOCAL_EXACT_SOURCE_OPERATION_PINNED,../session-evidence/sys/g2-transport-schemas.v1.json,../session-evidence/sys/g2-transport-schemas.v1.json#/operations/SYS-API-049/pathSchema,../session-evidence/sys/g2-transport-schemas.v1.json#/operations/SYS-API-049/querySchema,../session-evidence/sys/g2-transport-schemas.v1.json#/operations/SYS-API-049/requestBodySchema,../session-evidence/sys/g2-transport-schemas.v1.json#/operations/SYS-API-049/responseSchema,../session-evidence/sys/g2-transport-schemas.v1.json#/operations/SYS-API-049/errorSchema,../session-evidence/sys/g2-transport-schemas.v1.json#/operations/SYS-API-049/headerSchema,../session-evidence/sys/g2-contract-catalog.csv#contract_id=SYS-API-049&method=POST,../session-evidence/sys/g2-transport-schemas.v1.json#/negativeTestRefs,NOT_STARTED_G3,NOT_AUTHORIZED_G6,RESOLVED_EXACT,7559d68db042ef73497bafd6b43a18fd49fea92442a2b20e54914aafd04fd4d7
TSR-150,SYS,PEP-SYS-052,SYS-API-050,SYS-API-050,POST,/api/platform/v1/admin/hris/automations/{automationId}/versions/{version}/activate,DWP_AUTOMATION_EXECUTE,api-pep-binding-register.csv#binding_id=PEP-SYS-052,../session-evidence/sys/g2-contract-catalog.csv,../session-evidence/sys/g2-contract-catalog.csv#contract_id=SYS-API-050&method=POST,LOCAL_EXACT_SOURCE_OPERATION_PINNED,../session-evidence/sys/g2-transport-schemas.v1.json,../session-evidence/sys/g2-transport-schemas.v1.json#/operations/SYS-API-050/pathSchema,../session-evidence/sys/g2-transport-schemas.v1.json#/operations/SYS-API-050/querySchema,../session-evidence/sys/g2-transport-schemas.v1.json#/operations/SYS-API-050/requestBodySchema,../session-evidence/sys/g2-transport-schemas.v1.json#/operations/SYS-API-050/responseSchema,../session-evidence/sys/g2-transport-schemas.v1.json#/operations/SYS-API-050/errorSchema,../session-evidence/sys/g2-transport-schemas.v1.json#/operations/SYS-API-050/headerSchema,../session-evidence/sys/g2-contract-catalog.csv#contract_id=SYS-API-050&method=POST,../session-evidence/sys/g2-transport-schemas.v1.json#/negativeTestRefs,NOT_STARTED_G3,NOT_AUTHORIZED_G6,RESOLVED_EXACT,69d8ffa98c327e3ed7535e55eb3707c330b4b6dd9df7fcd8c269c352081c0ef8
TSR-151,SYS,PEP-SYS-053,SYS-API-051,SYS-API-051,POST,/api/platform/v1/admin/hris/automations/{automationId}/schedules,DWP_AUTOMATION_ADMIN,api-pep-binding-register.csv#binding_id=PEP-SYS-053,../session-evidence/sys/g2-contract-catalog.csv,../session-evidence/sys/g2-contract-catalog.csv#contract_id=SYS-API-051&method=POST,LOCAL_EXACT_SOURCE_OPERATION_PINNED,../session-evidence/sys/g2-transport-schemas.v1.json,../session-evidence/sys/g2-transport-schemas.v1.json#/operations/SYS-API-051/pathSchema,../session-evidence/sys/g2-transport-schemas.v1.json#/operations/SYS-API-051/querySchema,../session-evidence/sys/g2-transport-schemas.v1.json#/operations/SYS-API-051/requestBodySchema,../session-evidence/sys/g2-transport-schemas.v1.json#/operations/SYS-API-051/responseSchema,../session-evidence/sys/g2-transport-schemas.v1.json#/operations/SYS-API-051/errorSchema,../session-evidence/sys/g2-transport-schemas.v1.json#/operations/SYS-API-051/headerSchema,../session-evidence/sys/g2-contract-catalog.csv#contract_id=SYS-API-051&method=POST,../session-evidence/sys/g2-transport-schemas.v1.json#/negativeTestRefs,NOT_STARTED_G3,NOT_AUTHORIZED_G6,RESOLVED_EXACT,6156a572c8c9312adef2b10be40fd8a8ebaf28e431bffd066706a7bd2885ddf2
TSR-152,SYS,PEP-SYS-054,SYS-API-052,SYS-API-052,POST,/api/platform/v1/admin/hris/automation-schedules/{scheduleId}/submit,DWP_AUTOMATION_ADMIN,api-pep-binding-register.csv#binding_id=PEP-SYS-054,../session-evidence/sys/g2-contract-catalog.csv,../session-evidence/sys/g2-contract-catalog.csv#contract_id=SYS-API-052&method=POST,LOCAL_EXACT_SOURCE_OPERATION_PINNED,../session-evidence/sys/g2-transport-schemas.v1.json,../session-evidence/sys/g2-transport-schemas.v1.json#/operations/SYS-API-052/pathSchema,../session-evidence/sys/g2-transport-schemas.v1.json#/operations/SYS-API-052/querySchema,../session-evidence/sys/g2-transport-schemas.v1.json#/operations/SYS-API-052/requestBodySchema,../session-evidence/sys/g2-transport-schemas.v1.json#/operations/SYS-API-052/responseSchema,../session-evidence/sys/g2-transport-schemas.v1.json#/operations/SYS-API-052/errorSchema,../session-evidence/sys/g2-transport-schemas.v1.json#/operations/SYS-API-052/headerSchema,../session-evidence/sys/g2-contract-catalog.csv#contract_id=SYS-API-052&method=POST,../session-evidence/sys/g2-transport-schemas.v1.json#/negativeTestRefs,NOT_STARTED_G3,NOT_AUTHORIZED_G6,RESOLVED_EXACT,bae83c6b51f959e825b4b0d29390f01bed723756defbcc689c9c2603b7d7ca9e
TSR-153,SYS,PEP-SYS-055,SYS-API-053,SYS-API-053,POST,/api/platform/v1/admin/hris/automation-schedules/{scheduleId}/approve,DWP_AUTOMATION_APPROVE,api-pep-binding-register.csv#binding_id=PEP-SYS-055,../session-evidence/sys/g2-contract-catalog.csv,../session-evidence/sys/g2-contract-catalog.csv#contract_id=SYS-API-053&method=POST,LOCAL_EXACT_SOURCE_OPERATION_PINNED,../session-evidence/sys/g2-transport-schemas.v1.json,../session-evidence/sys/g2-transport-schemas.v1.json#/operations/SYS-API-053/pathSchema,../session-evidence/sys/g2-transport-schemas.v1.json#/operations/SYS-API-053/querySchema,../session-evidence/sys/g2-transport-schemas.v1.json#/operations/SYS-API-053/requestBodySchema,../session-evidence/sys/g2-transport-schemas.v1.json#/operations/SYS-API-053/responseSchema,../session-evidence/sys/g2-transport-schemas.v1.json#/operations/SYS-API-053/errorSchema,../session-evidence/sys/g2-transport-schemas.v1.json#/operations/SYS-API-053/headerSchema,../session-evidence/sys/g2-contract-catalog.csv#contract_id=SYS-API-053&method=POST,../session-evidence/sys/g2-transport-schemas.v1.json#/negativeTestRefs,NOT_STARTED_G3,NOT_AUTHORIZED_G6,RESOLVED_EXACT,175d962318877e8b1c8be005f4d66907653ece8f4f568718409ef58dd21cc333
TSR-154,SYS,PEP-SYS-056,SYS-API-054,SYS-API-054,POST,/api/platform/v1/admin/hris/automation-schedules/{scheduleId}/activate,DWP_AUTOMATION_EXECUTE,api-pep-binding-register.csv#binding_id=PEP-SYS-056,../session-evidence/sys/g2-contract-catalog.csv,../session-evidence/sys/g2-contract-catalog.csv#contract_id=SYS-API-054&method=POST,LOCAL_EXACT_SOURCE_OPERATION_PINNED,../session-evidence/sys/g2-transport-schemas.v1.json,../session-evidence/sys/g2-transport-schemas.v1.json#/operations/SYS-API-054/pathSchema,../session-evidence/sys/g2-transport-schemas.v1.json#/operations/SYS-API-054/querySchema,../session-evidence/sys/g2-transport-schemas.v1.json#/operations/SYS-API-054/requestBodySchema,../session-evidence/sys/g2-transport-schemas.v1.json#/operations/SYS-API-054/responseSchema,../session-evidence/sys/g2-transport-schemas.v1.json#/operations/SYS-API-054/errorSchema,../session-evidence/sys/g2-transport-schemas.v1.json#/operations/SYS-API-054/headerSchema,../session-evidence/sys/g2-contract-catalog.csv#contract_id=SYS-API-054&method=POST,../session-evidence/sys/g2-transport-schemas.v1.json#/negativeTestRefs,NOT_STARTED_G3,NOT_AUTHORIZED_G6,RESOLVED_EXACT,8d49e7ceeae8196925b96d823463cc6af51bcde42ee4d2cf661296ea7f84618e
TSR-155,SYS,PEP-SYS-057,SYS-API-055,SYS-API-055,POST,/api/platform/v1/admin/hris/automation-schedules/{scheduleId}/suspend,DWP_AUTOMATION_EXECUTE,api-pep-binding-register.csv#binding_id=PEP-SYS-057,../session-evidence/sys/g2-contract-catalog.csv,../session-evidence/sys/g2-contract-catalog.csv#contract_id=SYS-API-055&method=POST,LOCAL_EXACT_SOURCE_OPERATION_PINNED,../session-evidence/sys/g2-transport-schemas.v1.json,../session-evidence/sys/g2-transport-schemas.v1.json#/operations/SYS-API-055/pathSchema,../session-evidence/sys/g2-transport-schemas.v1.json#/operations/SYS-API-055/querySchema,../session-evidence/sys/g2-transport-schemas.v1.json#/operations/SYS-API-055/requestBodySchema,../session-evidence/sys/g2-transport-schemas.v1.json#/operations/SYS-API-055/responseSchema,../session-evidence/sys/g2-transport-schemas.v1.json#/operations/SYS-API-055/errorSchema,../session-evidence/sys/g2-transport-schemas.v1.json#/operations/SYS-API-055/headerSchema,../session-evidence/sys/g2-contract-catalog.csv#contract_id=SYS-API-055&method=POST,../session-evidence/sys/g2-transport-schemas.v1.json#/negativeTestRefs,NOT_STARTED_G3,NOT_AUTHORIZED_G6,RESOLVED_EXACT,0335982e8f10deec0ba33bb05d44d70214a54db5e2b3f264d254854cd722fe4f
TSR-156,SYS,PEP-SYS-058,SYS-API-056,SYS-API-056,POST,/api/platform/v1/admin/hris/automation-runs/{runId}/cancel,DWP_AUTOMATION_EXECUTE,api-pep-binding-register.csv#binding_id=PEP-SYS-058,../session-evidence/sys/g2-contract-catalog.csv,../session-evidence/sys/g2-contract-catalog.csv#contract_id=SYS-API-056&method=POST,LOCAL_EXACT_SOURCE_OPERATION_PINNED,../session-evidence/sys/g2-transport-schemas.v1.json,../session-evidence/sys/g2-transport-schemas.v1.json#/operations/SYS-API-056/pathSchema,../session-evidence/sys/g2-transport-schemas.v1.json#/operations/SYS-API-056/querySchema,../session-evidence/sys/g2-transport-schemas.v1.json#/operations/SYS-API-056/requestBodySchema,../session-evidence/sys/g2-transport-schemas.v1.json#/operations/SYS-API-056/responseSchema,../session-evidence/sys/g2-transport-schemas.v1.json#/operations/SYS-API-056/errorSchema,../session-evidence/sys/g2-transport-schemas.v1.json#/operations/SYS-API-056/headerSchema,../session-evidence/sys/g2-contract-catalog.csv#contract_id=SYS-API-056&method=POST,../session-evidence/sys/g2-transport-schemas.v1.json#/negativeTestRefs,NOT_STARTED_G3,NOT_AUTHORIZED_G6,RESOLVED_EXACT,d87731ba19fb92e7aa64924e6650535f165f1793cf6e261006e5669c9b37a6aa
TSR-157,SYS,PEP-SYS-059,SYS-API-057,SYS-API-057,POST,/api/platform/v1/admin/hris/connectors/{connectorId}/validate,DWP_CONNECTOR_AUTHOR,api-pep-binding-register.csv#binding_id=PEP-SYS-059,../session-evidence/sys/g2-contract-catalog.csv,../session-evidence/sys/g2-contract-catalog.csv#contract_id=SYS-API-057&method=POST,LOCAL_EXACT_SOURCE_OPERATION_PINNED,../session-evidence/sys/g2-transport-schemas.v1.json,../session-evidence/sys/g2-transport-schemas.v1.json#/operations/SYS-API-057/pathSchema,../session-evidence/sys/g2-transport-schemas.v1.json#/operations/SYS-API-057/querySchema,../session-evidence/sys/g2-transport-schemas.v1.json#/operations/SYS-API-057/requestBodySchema,../session-evidence/sys/g2-transport-schemas.v1.json#/operations/SYS-API-057/responseSchema,../session-evidence/sys/g2-transport-schemas.v1.json#/operations/SYS-API-057/errorSchema,../session-evidence/sys/g2-transport-schemas.v1.json#/operations/SYS-API-057/headerSchema,../session-evidence/sys/g2-contract-catalog.csv#contract_id=SYS-API-057&method=POST,../session-evidence/sys/g2-transport-schemas.v1.json#/negativeTestRefs,NOT_STARTED_G3,NOT_AUTHORIZED_G6,RESOLVED_EXACT,1faf4d1cd3f7bb70cc2c084fdf58c28c0a5b1255eb4dc7c63a01216053bfc8e8
TSR-158,SYS,PEP-SYS-060,SYS-API-058,SYS-API-058,POST,/api/platform/v1/admin/hris/connectors/{connectorId}/submit,DWP_CONNECTOR_AUTHOR,api-pep-binding-register.csv#binding_id=PEP-SYS-060,../session-evidence/sys/g2-contract-catalog.csv,../session-evidence/sys/g2-contract-catalog.csv#contract_id=SYS-API-058&method=POST,LOCAL_EXACT_SOURCE_OPERATION_PINNED,../session-evidence/sys/g2-transport-schemas.v1.json,../session-evidence/sys/g2-transport-schemas.v1.json#/operations/SYS-API-058/pathSchema,../session-evidence/sys/g2-transport-schemas.v1.json#/operations/SYS-API-058/querySchema,../session-evidence/sys/g2-transport-schemas.v1.json#/operations/SYS-API-058/requestBodySchema,../session-evidence/sys/g2-transport-schemas.v1.json#/operations/SYS-API-058/responseSchema,../session-evidence/sys/g2-transport-schemas.v1.json#/operations/SYS-API-058/errorSchema,../session-evidence/sys/g2-transport-schemas.v1.json#/operations/SYS-API-058/headerSchema,../session-evidence/sys/g2-contract-catalog.csv#contract_id=SYS-API-058&method=POST,../session-evidence/sys/g2-transport-schemas.v1.json#/negativeTestRefs,NOT_STARTED_G3,NOT_AUTHORIZED_G6,RESOLVED_EXACT,c86e10b1115a901143421f18ffe076d88fe4cb6ddbc559fe6ebaafe74c652a54
TSR-159,SYS,PEP-SYS-061,SYS-API-059,SYS-API-059,POST,/api/platform/v1/admin/hris/connectors/{connectorId}/approve,DWP_CONNECTOR_APPROVE,api-pep-binding-register.csv#binding_id=PEP-SYS-061,../session-evidence/sys/g2-contract-catalog.csv,../session-evidence/sys/g2-contract-catalog.csv#contract_id=SYS-API-059&method=POST,LOCAL_EXACT_SOURCE_OPERATION_PINNED,../session-evidence/sys/g2-transport-schemas.v1.json,../session-evidence/sys/g2-transport-schemas.v1.json#/operations/SYS-API-059/pathSchema,../session-evidence/sys/g2-transport-schemas.v1.json#/operations/SYS-API-059/querySchema,../session-evidence/sys/g2-transport-schemas.v1.json#/operations/SYS-API-059/requestBodySchema,../session-evidence/sys/g2-transport-schemas.v1.json#/operations/SYS-API-059/responseSchema,../session-evidence/sys/g2-transport-schemas.v1.json#/operations/SYS-API-059/errorSchema,../session-evidence/sys/g2-transport-schemas.v1.json#/operations/SYS-API-059/headerSchema,../session-evidence/sys/g2-contract-catalog.csv#contract_id=SYS-API-059&method=POST,../session-evidence/sys/g2-transport-schemas.v1.json#/negativeTestRefs,NOT_STARTED_G3,NOT_AUTHORIZED_G6,RESOLVED_EXACT,c5554f05d2b8cdd9935e42eb317e19d02ff2648de4b3c7a3d005fd632ea2e51c
TSR-160,SYS,PEP-SYS-062,SYS-API-060,SYS-API-060,POST,/api/platform/v1/admin/hris/connectors/{connectorId}/activate,DWP_CONNECTOR_EXECUTE,api-pep-binding-register.csv#binding_id=PEP-SYS-062,../session-evidence/sys/g2-contract-catalog.csv,../session-evidence/sys/g2-contract-catalog.csv#contract_id=SYS-API-060&method=POST,LOCAL_EXACT_SOURCE_OPERATION_PINNED,../session-evidence/sys/g2-transport-schemas.v1.json,../session-evidence/sys/g2-transport-schemas.v1.json#/operations/SYS-API-060/pathSchema,../session-evidence/sys/g2-transport-schemas.v1.json#/operations/SYS-API-060/querySchema,../session-evidence/sys/g2-transport-schemas.v1.json#/operations/SYS-API-060/requestBodySchema,../session-evidence/sys/g2-transport-schemas.v1.json#/operations/SYS-API-060/responseSchema,../session-evidence/sys/g2-transport-schemas.v1.json#/operations/SYS-API-060/errorSchema,../session-evidence/sys/g2-transport-schemas.v1.json#/operations/SYS-API-060/headerSchema,../session-evidence/sys/g2-contract-catalog.csv#contract_id=SYS-API-060&method=POST,../session-evidence/sys/g2-transport-schemas.v1.json#/negativeTestRefs,NOT_STARTED_G3,NOT_AUTHORIZED_G6,RESOLVED_EXACT,83ac081fed39c234476ed116e01382e6878d3d0ee76fa11126de3979050c88bd
TSR-161,SYS,PEP-SYS-063,SYS-API-061,SYS-API-061,POST,/api/platform/v1/admin/hris/connectors/{connectorId}/mappings,DWP_CONNECTOR_AUTHOR,api-pep-binding-register.csv#binding_id=PEP-SYS-063,../session-evidence/sys/g2-contract-catalog.csv,../session-evidence/sys/g2-contract-catalog.csv#contract_id=SYS-API-061&method=POST,LOCAL_EXACT_SOURCE_OPERATION_PINNED,../session-evidence/sys/g2-transport-schemas.v1.json,../session-evidence/sys/g2-transport-schemas.v1.json#/operations/SYS-API-061/pathSchema,../session-evidence/sys/g2-transport-schemas.v1.json#/operations/SYS-API-061/querySchema,../session-evidence/sys/g2-transport-schemas.v1.json#/operations/SYS-API-061/requestBodySchema,../session-evidence/sys/g2-transport-schemas.v1.json#/operations/SYS-API-061/responseSchema,../session-evidence/sys/g2-transport-schemas.v1.json#/operations/SYS-API-061/errorSchema,../session-evidence/sys/g2-transport-schemas.v1.json#/operations/SYS-API-061/headerSchema,../session-evidence/sys/g2-contract-catalog.csv#contract_id=SYS-API-061&method=POST,../session-evidence/sys/g2-transport-schemas.v1.json#/negativeTestRefs,NOT_STARTED_G3,NOT_AUTHORIZED_G6,RESOLVED_EXACT,9d21219b299fdd6f051a4f7ade3489d1a2e84428ee82eab76c0b6cd73a8f3fd0
TSR-162,SYS,PEP-SYS-064,SYS-API-062,SYS-API-062,POST,/api/platform/v1/admin/hris/connectors/{connectorId}/mappings/{version}/validate,DWP_CONNECTOR_AUTHOR,api-pep-binding-register.csv#binding_id=PEP-SYS-064,../session-evidence/sys/g2-contract-catalog.csv,../session-evidence/sys/g2-contract-catalog.csv#contract_id=SYS-API-062&method=POST,LOCAL_EXACT_SOURCE_OPERATION_PINNED,../session-evidence/sys/g2-transport-schemas.v1.json,../session-evidence/sys/g2-transport-schemas.v1.json#/operations/SYS-API-062/pathSchema,../session-evidence/sys/g2-transport-schemas.v1.json#/operations/SYS-API-062/querySchema,../session-evidence/sys/g2-transport-schemas.v1.json#/operations/SYS-API-062/requestBodySchema,../session-evidence/sys/g2-transport-schemas.v1.json#/operations/SYS-API-062/responseSchema,../session-evidence/sys/g2-transport-schemas.v1.json#/operations/SYS-API-062/errorSchema,../session-evidence/sys/g2-transport-schemas.v1.json#/operations/SYS-API-062/headerSchema,../session-evidence/sys/g2-contract-catalog.csv#contract_id=SYS-API-062&method=POST,../session-evidence/sys/g2-transport-schemas.v1.json#/negativeTestRefs,NOT_STARTED_G3,NOT_AUTHORIZED_G6,RESOLVED_EXACT,d6c8932f243311e81e4110b9d8663dc5c0d89ed2824971f7e08ae7ffbfef3275
TSR-163,SYS,PEP-SYS-065,SYS-API-063,SYS-API-063,POST,/api/platform/v1/admin/hris/connectors/{connectorId}/mappings/{version}/submit,DWP_CONNECTOR_AUTHOR,api-pep-binding-register.csv#binding_id=PEP-SYS-065,../session-evidence/sys/g2-contract-catalog.csv,../session-evidence/sys/g2-contract-catalog.csv#contract_id=SYS-API-063&method=POST,LOCAL_EXACT_SOURCE_OPERATION_PINNED,../session-evidence/sys/g2-transport-schemas.v1.json,../session-evidence/sys/g2-transport-schemas.v1.json#/operations/SYS-API-063/pathSchema,../session-evidence/sys/g2-transport-schemas.v1.json#/operations/SYS-API-063/querySchema,../session-evidence/sys/g2-transport-schemas.v1.json#/operations/SYS-API-063/requestBodySchema,../session-evidence/sys/g2-transport-schemas.v1.json#/operations/SYS-API-063/responseSchema,../session-evidence/sys/g2-transport-schemas.v1.json#/operations/SYS-API-063/errorSchema,../session-evidence/sys/g2-transport-schemas.v1.json#/operations/SYS-API-063/headerSchema,../session-evidence/sys/g2-contract-catalog.csv#contract_id=SYS-API-063&method=POST,../session-evidence/sys/g2-transport-schemas.v1.json#/negativeTestRefs,NOT_STARTED_G3,NOT_AUTHORIZED_G6,RESOLVED_EXACT,239b7d1f691a90f88dd5f4bab7f9cfcc1e50ef85fcfd0ba72948e11c65680142
TSR-164,SYS,PEP-SYS-066,SYS-API-064,SYS-API-064,POST,/api/platform/v1/admin/hris/connectors/{connectorId}/mappings/{version}/approve,DWP_CONNECTOR_APPROVE,api-pep-binding-register.csv#binding_id=PEP-SYS-066,../session-evidence/sys/g2-contract-catalog.csv,../session-evidence/sys/g2-contract-catalog.csv#contract_id=SYS-API-064&method=POST,LOCAL_EXACT_SOURCE_OPERATION_PINNED,../session-evidence/sys/g2-transport-schemas.v1.json,../session-evidence/sys/g2-transport-schemas.v1.json#/operations/SYS-API-064/pathSchema,../session-evidence/sys/g2-transport-schemas.v1.json#/operations/SYS-API-064/querySchema,../session-evidence/sys/g2-transport-schemas.v1.json#/operations/SYS-API-064/requestBodySchema,../session-evidence/sys/g2-transport-schemas.v1.json#/operations/SYS-API-064/responseSchema,../session-evidence/sys/g2-transport-schemas.v1.json#/operations/SYS-API-064/errorSchema,../session-evidence/sys/g2-transport-schemas.v1.json#/operations/SYS-API-064/headerSchema,../session-evidence/sys/g2-contract-catalog.csv#contract_id=SYS-API-064&method=POST,../session-evidence/sys/g2-transport-schemas.v1.json#/negativeTestRefs,NOT_STARTED_G3,NOT_AUTHORIZED_G6,RESOLVED_EXACT,04d47372352325542a6b5b550a07001fe868c5ae83768bc3572811812ef2ec7d
TSR-165,SYS,PEP-SYS-067,SYS-API-065,SYS-API-065,POST,/api/platform/v1/admin/hris/connectors/{connectorId}/mappings/{version}/activate,DWP_CONNECTOR_EXECUTE,api-pep-binding-register.csv#binding_id=PEP-SYS-067,../session-evidence/sys/g2-contract-catalog.csv,../session-evidence/sys/g2-contract-catalog.csv#contract_id=SYS-API-065&method=POST,LOCAL_EXACT_SOURCE_OPERATION_PINNED,../session-evidence/sys/g2-transport-schemas.v1.json,../session-evidence/sys/g2-transport-schemas.v1.json#/operations/SYS-API-065/pathSchema,../session-evidence/sys/g2-transport-schemas.v1.json#/operations/SYS-API-065/querySchema,../session-evidence/sys/g2-transport-schemas.v1.json#/operations/SYS-API-065/requestBodySchema,../session-evidence/sys/g2-transport-schemas.v1.json#/operations/SYS-API-065/responseSchema,../session-evidence/sys/g2-transport-schemas.v1.json#/operations/SYS-API-065/errorSchema,../session-evidence/sys/g2-transport-schemas.v1.json#/operations/SYS-API-065/headerSchema,../session-evidence/sys/g2-contract-catalog.csv#contract_id=SYS-API-065&method=POST,../session-evidence/sys/g2-transport-schemas.v1.json#/negativeTestRefs,NOT_STARTED_G3,NOT_AUTHORIZED_G6,RESOLVED_EXACT,17cdb8a9fb2d55ac6192e754bd8201940eaafc1654a0975af272c3adaecd080b
TSR-166,SYS,PEP-SYS-068,SYS-API-066,SYS-API-066,POST,/api/platform/v1/admin/hris/connector-executions/{executionId}/reconcile,DWP_CONNECTOR_EXECUTE,api-pep-binding-register.csv#binding_id=PEP-SYS-068,../session-evidence/sys/g2-contract-catalog.csv,../session-evidence/sys/g2-contract-catalog.csv#contract_id=SYS-API-066&method=POST,LOCAL_EXACT_SOURCE_OPERATION_PINNED,../session-evidence/sys/g2-transport-schemas.v1.json,../session-evidence/sys/g2-transport-schemas.v1.json#/operations/SYS-API-066/pathSchema,../session-evidence/sys/g2-transport-schemas.v1.json#/operations/SYS-API-066/querySchema,../session-evidence/sys/g2-transport-schemas.v1.json#/operations/SYS-API-066/requestBodySchema,../session-evidence/sys/g2-transport-schemas.v1.json#/operations/SYS-API-066/responseSchema,../session-evidence/sys/g2-transport-schemas.v1.json#/operations/SYS-API-066/errorSchema,../session-evidence/sys/g2-transport-schemas.v1.json#/operations/SYS-API-066/headerSchema,../session-evidence/sys/g2-contract-catalog.csv#contract_id=SYS-API-066&method=POST,../session-evidence/sys/g2-transport-schemas.v1.json#/negativeTestRefs,NOT_STARTED_G3,NOT_AUTHORIZED_G6,RESOLVED_EXACT,a1af69c187aec29c253b90b23a4f0efac53bbda670df481d372f56c0123b9285
TSR-167,SYS,PEP-SYS-069,SYS-API-067,SYS-API-067,POST,/api/platform/v1/admin/hris/connector-executions/{executionId}/retry,DWP_CONNECTOR_EXECUTE,api-pep-binding-register.csv#binding_id=PEP-SYS-069,../session-evidence/sys/g2-contract-catalog.csv,../session-evidence/sys/g2-contract-catalog.csv#contract_id=SYS-API-067&method=POST,LOCAL_EXACT_SOURCE_OPERATION_PINNED,../session-evidence/sys/g2-transport-schemas.v1.json,../session-evidence/sys/g2-transport-schemas.v1.json#/operations/SYS-API-067/pathSchema,../session-evidence/sys/g2-transport-schemas.v1.json#/operations/SYS-API-067/querySchema,../session-evidence/sys/g2-transport-schemas.v1.json#/operations/SYS-API-067/requestBodySchema,../session-evidence/sys/g2-transport-schemas.v1.json#/operations/SYS-API-067/responseSchema,../session-evidence/sys/g2-transport-schemas.v1.json#/operations/SYS-API-067/errorSchema,../session-evidence/sys/g2-transport-schemas.v1.json#/operations/SYS-API-067/headerSchema,../session-evidence/sys/g2-contract-catalog.csv#contract_id=SYS-API-067&method=POST,../session-evidence/sys/g2-transport-schemas.v1.json#/negativeTestRefs,NOT_STARTED_G3,NOT_AUTHORIZED_G6,RESOLVED_EXACT,51da17c18c06e06c3a93905462b86c44d80fe4efd0ae796262ef6bf274ddfaa8
TSR-168,SYS,PEP-SYS-070,SYS-API-068,SYS-API-068,POST,/api/platform/v1/admin/hris/connector-executions/{executionId}/cancel,DWP_CONNECTOR_EXECUTE,api-pep-binding-register.csv#binding_id=PEP-SYS-070,../session-evidence/sys/g2-contract-catalog.csv,../session-evidence/sys/g2-contract-catalog.csv#contract_id=SYS-API-068&method=POST,LOCAL_EXACT_SOURCE_OPERATION_PINNED,../session-evidence/sys/g2-transport-schemas.v1.json,../session-evidence/sys/g2-transport-schemas.v1.json#/operations/SYS-API-068/pathSchema,../session-evidence/sys/g2-transport-schemas.v1.json#/operations/SYS-API-068/querySchema,../session-evidence/sys/g2-transport-schemas.v1.json#/operations/SYS-API-068/requestBodySchema,../session-evidence/sys/g2-transport-schemas.v1.json#/operations/SYS-API-068/responseSchema,../session-evidence/sys/g2-transport-schemas.v1.json#/operations/SYS-API-068/errorSchema,../session-evidence/sys/g2-transport-schemas.v1.json#/operations/SYS-API-068/headerSchema,../session-evidence/sys/g2-contract-catalog.csv#contract_id=SYS-API-068&method=POST,../session-evidence/sys/g2-transport-schemas.v1.json#/negativeTestRefs,NOT_STARTED_G3,NOT_AUTHORIZED_G6,RESOLVED_EXACT,836413d11120663cd09cf97ccf494653cf2ac18f03f1ef7dd7b56cd4f8372588
TSR-169,SYS,PEP-SYS-071,SYS-API-069,SYS-API-069,POST,/api/platform/v1/admin/hris/extension-packs/{packId}/versions/{version}/verify,DWP_EXTENSION_VERIFY,api-pep-binding-register.csv#binding_id=PEP-SYS-071,../session-evidence/sys/g2-contract-catalog.csv,../session-evidence/sys/g2-contract-catalog.csv#contract_id=SYS-API-069&method=POST,LOCAL_EXACT_SOURCE_OPERATION_PINNED,../session-evidence/sys/g2-transport-schemas.v1.json,../session-evidence/sys/g2-transport-schemas.v1.json#/operations/SYS-API-069/pathSchema,../session-evidence/sys/g2-transport-schemas.v1.json#/operations/SYS-API-069/querySchema,../session-evidence/sys/g2-transport-schemas.v1.json#/operations/SYS-API-069/requestBodySchema,../session-evidence/sys/g2-transport-schemas.v1.json#/operations/SYS-API-069/responseSchema,../session-evidence/sys/g2-transport-schemas.v1.json#/operations/SYS-API-069/errorSchema,../session-evidence/sys/g2-transport-schemas.v1.json#/operations/SYS-API-069/headerSchema,../session-evidence/sys/g2-contract-catalog.csv#contract_id=SYS-API-069&method=POST,../session-evidence/sys/g2-transport-schemas.v1.json#/negativeTestRefs,NOT_STARTED_G3,NOT_AUTHORIZED_G6,RESOLVED_EXACT,ef609c6b9185e7e0d29d6baf5eda1edc707851aaeb6de04ef785d14562feb69f
TSR-170,SYS,PEP-SYS-072,SYS-API-070,SYS-API-070,POST,/api/platform/v1/admin/hris/extension-packs/{packId}/versions/{version}/approve,DWP_EXTENSION_APPROVE,api-pep-binding-register.csv#binding_id=PEP-SYS-072,../session-evidence/sys/g2-contract-catalog.csv,../session-evidence/sys/g2-contract-catalog.csv#contract_id=SYS-API-070&method=POST,LOCAL_EXACT_SOURCE_OPERATION_PINNED,../session-evidence/sys/g2-transport-schemas.v1.json,../session-evidence/sys/g2-transport-schemas.v1.json#/operations/SYS-API-070/pathSchema,../session-evidence/sys/g2-transport-schemas.v1.json#/operations/SYS-API-070/querySchema,../session-evidence/sys/g2-transport-schemas.v1.json#/operations/SYS-API-070/requestBodySchema,../session-evidence/sys/g2-transport-schemas.v1.json#/operations/SYS-API-070/responseSchema,../session-evidence/sys/g2-transport-schemas.v1.json#/operations/SYS-API-070/errorSchema,../session-evidence/sys/g2-transport-schemas.v1.json#/operations/SYS-API-070/headerSchema,../session-evidence/sys/g2-contract-catalog.csv#contract_id=SYS-API-070&method=POST,../session-evidence/sys/g2-transport-schemas.v1.json#/negativeTestRefs,NOT_STARTED_G3,NOT_AUTHORIZED_G6,RESOLVED_EXACT,45f45375c3e372ac078eea67042b4d10628027a1f1042cbad622dfa96b25d149
TSR-171,SYS,PEP-SYS-073,SYS-API-071,SYS-API-071,POST,/api/platform/v1/admin/hris/tenants/{tenantId}/extension-installations/{installationId}/approve,DWP_EXTENSION_APPROVE,api-pep-binding-register.csv#binding_id=PEP-SYS-073,../session-evidence/sys/g2-contract-catalog.csv,../session-evidence/sys/g2-contract-catalog.csv#contract_id=SYS-API-071&method=POST,LOCAL_EXACT_SOURCE_OPERATION_PINNED,../session-evidence/sys/g2-transport-schemas.v1.json,../session-evidence/sys/g2-transport-schemas.v1.json#/operations/SYS-API-071/pathSchema,../session-evidence/sys/g2-transport-schemas.v1.json#/operations/SYS-API-071/querySchema,../session-evidence/sys/g2-transport-schemas.v1.json#/operations/SYS-API-071/requestBodySchema,../session-evidence/sys/g2-transport-schemas.v1.json#/operations/SYS-API-071/responseSchema,../session-evidence/sys/g2-transport-schemas.v1.json#/operations/SYS-API-071/errorSchema,../session-evidence/sys/g2-transport-schemas.v1.json#/operations/SYS-API-071/headerSchema,../session-evidence/sys/g2-contract-catalog.csv#contract_id=SYS-API-071&method=POST,../session-evidence/sys/g2-transport-schemas.v1.json#/negativeTestRefs,NOT_STARTED_G3,NOT_AUTHORIZED_G6,RESOLVED_EXACT,c50270f3db301bba8adb5ac60cb99a2670468de07043f6488d56913471124993
TSR-172,SYS,PEP-SYS-074,SYS-API-072,SYS-API-072,POST,/api/platform/v1/admin/hris/tenants/{tenantId}/extension-installations/{installationId}/install,DWP_EXTENSION_INSTALL,api-pep-binding-register.csv#binding_id=PEP-SYS-074,../session-evidence/sys/g2-contract-catalog.csv,../session-evidence/sys/g2-contract-catalog.csv#contract_id=SYS-API-072&method=POST,LOCAL_EXACT_SOURCE_OPERATION_PINNED,../session-evidence/sys/g2-transport-schemas.v1.json,../session-evidence/sys/g2-transport-schemas.v1.json#/operations/SYS-API-072/pathSchema,../session-evidence/sys/g2-transport-schemas.v1.json#/operations/SYS-API-072/querySchema,../session-evidence/sys/g2-transport-schemas.v1.json#/operations/SYS-API-072/requestBodySchema,../session-evidence/sys/g2-transport-schemas.v1.json#/operations/SYS-API-072/responseSchema,../session-evidence/sys/g2-transport-schemas.v1.json#/operations/SYS-API-072/errorSchema,../session-evidence/sys/g2-transport-schemas.v1.json#/operations/SYS-API-072/headerSchema,../session-evidence/sys/g2-contract-catalog.csv#contract_id=SYS-API-072&method=POST,../session-evidence/sys/g2-transport-schemas.v1.json#/negativeTestRefs,NOT_STARTED_G3,NOT_AUTHORIZED_G6,RESOLVED_EXACT,ee0f352fb85b245ea27121caa39a7cc2c7a75201bd6d3f44b0fe95aa154fde81
TSR-173,SYS,PEP-SYS-075,SYS-API-073,SYS-API-073,POST,/api/platform/v1/admin/hris/tenants/{tenantId}/extension-installations/{installationId}/suspend,DWP_EXTENSION_ENABLE,api-pep-binding-register.csv#binding_id=PEP-SYS-075,../session-evidence/sys/g2-contract-catalog.csv,../session-evidence/sys/g2-contract-catalog.csv#contract_id=SYS-API-073&method=POST,LOCAL_EXACT_SOURCE_OPERATION_PINNED,../session-evidence/sys/g2-transport-schemas.v1.json,../session-evidence/sys/g2-transport-schemas.v1.json#/operations/SYS-API-073/pathSchema,../session-evidence/sys/g2-transport-schemas.v1.json#/operations/SYS-API-073/querySchema,../session-evidence/sys/g2-transport-schemas.v1.json#/operations/SYS-API-073/requestBodySchema,../session-evidence/sys/g2-transport-schemas.v1.json#/operations/SYS-API-073/responseSchema,../session-evidence/sys/g2-transport-schemas.v1.json#/operations/SYS-API-073/errorSchema,../session-evidence/sys/g2-transport-schemas.v1.json#/operations/SYS-API-073/headerSchema,../session-evidence/sys/g2-contract-catalog.csv#contract_id=SYS-API-073&method=POST,../session-evidence/sys/g2-transport-schemas.v1.json#/negativeTestRefs,NOT_STARTED_G3,NOT_AUTHORIZED_G6,RESOLVED_EXACT,d3238b0ed2f1a3504d6af12ea2d8d8d1f43af26a0c5c8929ed1ba27d65eb0934
TSR-174,SYS,PEP-SYS-076,SYS-API-074,SYS-API-074,POST,/api/platform/v1/admin/hris/tenants/{tenantId}/extension-installations/{installationId}/revoke,DWP_EXTENSION_APPROVE,api-pep-binding-register.csv#binding_id=PEP-SYS-076,../session-evidence/sys/g2-contract-catalog.csv,../session-evidence/sys/g2-contract-catalog.csv#contract_id=SYS-API-074&method=POST,LOCAL_EXACT_SOURCE_OPERATION_PINNED,../session-evidence/sys/g2-transport-schemas.v1.json,../session-evidence/sys/g2-transport-schemas.v1.json#/operations/SYS-API-074/pathSchema,../session-evidence/sys/g2-transport-schemas.v1.json#/operations/SYS-API-074/querySchema,../session-evidence/sys/g2-transport-schemas.v1.json#/operations/SYS-API-074/requestBodySchema,../session-evidence/sys/g2-transport-schemas.v1.json#/operations/SYS-API-074/responseSchema,../session-evidence/sys/g2-transport-schemas.v1.json#/operations/SYS-API-074/errorSchema,../session-evidence/sys/g2-transport-schemas.v1.json#/operations/SYS-API-074/headerSchema,../session-evidence/sys/g2-contract-catalog.csv#contract_id=SYS-API-074&method=POST,../session-evidence/sys/g2-transport-schemas.v1.json#/negativeTestRefs,NOT_STARTED_G3,NOT_AUTHORIZED_G6,RESOLVED_EXACT,1beecf4f165e9095d2ce893e13e12f9f93716302dc3f0ffc066dca9f28c7cc35
TSR-175,SYS,PEP-SYS-077,SYS-API-075,SYS-API-075,POST,/api/platform/v1/admin/hris/extension-packs/{packId}/versions/{version}/revoke,DWP_EXTENSION_APPROVE,api-pep-binding-register.csv#binding_id=PEP-SYS-077,../session-evidence/sys/g2-contract-catalog.csv,../session-evidence/sys/g2-contract-catalog.csv#contract_id=SYS-API-075&method=POST,LOCAL_EXACT_SOURCE_OPERATION_PINNED,../session-evidence/sys/g2-transport-schemas.v1.json,../session-evidence/sys/g2-transport-schemas.v1.json#/operations/SYS-API-075/pathSchema,../session-evidence/sys/g2-transport-schemas.v1.json#/operations/SYS-API-075/querySchema,../session-evidence/sys/g2-transport-schemas.v1.json#/operations/SYS-API-075/requestBodySchema,../session-evidence/sys/g2-transport-schemas.v1.json#/operations/SYS-API-075/responseSchema,../session-evidence/sys/g2-transport-schemas.v1.json#/operations/SYS-API-075/errorSchema,../session-evidence/sys/g2-transport-schemas.v1.json#/operations/SYS-API-075/headerSchema,../session-evidence/sys/g2-contract-catalog.csv#contract_id=SYS-API-075&method=POST,../session-evidence/sys/g2-transport-schemas.v1.json#/negativeTestRefs,NOT_STARTED_G3,NOT_AUTHORIZED_G6,RESOLVED_EXACT,83c8eaa021f94fa3c3b586778053b723f141e441bea71dce8027890a3d850262
