session_id,source_module,artifact_type,artifact_id,display_key,source_file,source_line,legacy_contract,legacy_component_or_table,observed_metadata,disposition,target_capability_id,target_bounded_context_candidate,target_api_or_event,target_data_owner,process_change,genericity,acceptance_evidence,decision_status,decision_owner,notes
HRIS-SYS,sys,ROUTE,route:sys:sys/src/benitworx/router/portalRouter.js:4,JobSeqno,sys/src/benitworx/router/portalRouter.js,4,'/hr/:moduleName/job-seqno',@/benitworx/views/com/jobSeqno/JobSeqno,,REBUILD,DWP.AUTOMATION.CONTROL_PLANE,DWP_PLATFORM_AUTOMATION,GET|POST /api/platform/v1/admin/hris/automations; dwp.hris.automation.run.state-changed.v1,dwp-platform-server,"Replace class/method-driven batch execution with signed versioned job manifests, schema-validated parameters, leases, idempotent attempts, retry/DLQ and immutable receipts.",DWP_SHARED_PLATFORM,DEC-SYS-004|SYS-GOLDEN-AUTOMATION|tenant-negative|SoD-negative|receipt-replay,DECIDED,ROLE.HRIS_SYS_PRODUCT_OWNER,BEHAVIORAL_REIMPLEMENTATION_NO_CODE_REUSE; source artifact retained for traceability; operational parity evidence is activation-scoped.
HRIS-SYS,sys,ROUTE,route:sys:sys/src/benitworx/router/portalRouter.js:9,JobSeqnoDetail,sys/src/benitworx/router/portalRouter.js,9,'/hr/:moduleName/job-seqno/detail',@/benitworx/views/com/jobSeqno/JobSeqnoDetail,,REBUILD,DWP.AUTOMATION.CONTROL_PLANE,DWP_PLATFORM_AUTOMATION,GET|POST /api/platform/v1/admin/hris/automations; dwp.hris.automation.run.state-changed.v1,dwp-platform-server,"Replace class/method-driven batch execution with signed versioned job manifests, schema-validated parameters, leases, idempotent attempts, retry/DLQ and immutable receipts.",DWP_SHARED_PLATFORM,DEC-SYS-004|SYS-GOLDEN-AUTOMATION|tenant-negative|SoD-negative|receipt-replay,DECIDED,ROLE.HRIS_SYS_PRODUCT_OWNER,BEHAVIORAL_REIMPLEMENTATION_NO_CODE_REUSE; source artifact retained for traceability; operational parity evidence is activation-scoped.
HRIS-SYS,sys,ROUTE,route:sys:sys/src/benitworx/router/portalRouter.js:14,ModuleCodeAbleAttr,sys/src/benitworx/router/portalRouter.js,14,'/hr/:moduleName/module-code-able-attr',@/benitworx/views/com/moduleCdAbleAttr/ModuleCodeAbleAttr,,CONFIGURE,HRIS.CONFIG.REFERENCE_DATA,HRIS_CONFIGURATION,GET|POST /api/platform/v1/admin/hris/configurations; HrisReferenceDataPublished.v1,dwp-platform-server,"Consolidate list/detail screens into a typed, effective-dated reference-data studio with validation, simulation, approval and publish lifecycle.",PRODUCT_CORE|TENANT_CONFIG,DEC-SYS-003|SYS-GOLDEN-REFERENCE|tenant-negative|SoD-negative|receipt-replay,DECIDED,ROLE.HRIS_SYS_PRODUCT_OWNER,BEHAVIORAL_REIMPLEMENTATION_NO_CODE_REUSE; source artifact retained for traceability; operational parity evidence is activation-scoped.
HRIS-SYS,sys,ROUTE,route:sys:sys/src/benitworx/router/portalRouter.js:19,ModuleCodeAbleAttrDetail,sys/src/benitworx/router/portalRouter.js,19,'/hr/:moduleName/module-code-able-attr/detail',@/benitworx/views/com/moduleCdAbleAttr/ModuleCodeAbleAttrDetail,,CONFIGURE,HRIS.CONFIG.REFERENCE_DATA,HRIS_CONFIGURATION,GET|POST /api/platform/v1/admin/hris/configurations; HrisReferenceDataPublished.v1,dwp-platform-server,"Consolidate list/detail screens into a typed, effective-dated reference-data studio with validation, simulation, approval and publish lifecycle.",PRODUCT_CORE|TENANT_CONFIG,DEC-SYS-003|SYS-GOLDEN-REFERENCE|tenant-negative|SoD-negative|receipt-replay,DECIDED,ROLE.HRIS_SYS_PRODUCT_OWNER,BEHAVIORAL_REIMPLEMENTATION_NO_CODE_REUSE; source artifact retained for traceability; operational parity evidence is activation-scoped.
HRIS-SYS,sys,ROUTE,route:sys:sys/src/benitworx/router/portalRouter.js:24,ModuleCodeType,sys/src/benitworx/router/portalRouter.js,24,'/hr/:moduleName/module-code-type',@/benitworx/views/com/moduleCdType/ModuleCodeType,,CONFIGURE,HRIS.CONFIG.REFERENCE_DATA,HRIS_CONFIGURATION,GET|POST /api/platform/v1/admin/hris/configurations; HrisReferenceDataPublished.v1,dwp-platform-server,"Consolidate list/detail screens into a typed, effective-dated reference-data studio with validation, simulation, approval and publish lifecycle.",PRODUCT_CORE|TENANT_CONFIG,DEC-SYS-003|SYS-GOLDEN-REFERENCE|tenant-negative|SoD-negative|receipt-replay,DECIDED,ROLE.HRIS_SYS_PRODUCT_OWNER,BEHAVIORAL_REIMPLEMENTATION_NO_CODE_REUSE; source artifact retained for traceability; operational parity evidence is activation-scoped.
HRIS-SYS,sys,ROUTE,route:sys:sys/src/benitworx/router/portalRouter.js:29,ModuleCodeTypeDetail,sys/src/benitworx/router/portalRouter.js,29,'/hr/:moduleName/module-code-type/detail',@/benitworx/views/com/moduleCdType/ModuleCodeTypeDetail,,CONFIGURE,HRIS.CONFIG.REFERENCE_DATA,HRIS_CONFIGURATION,GET|POST /api/platform/v1/admin/hris/configurations; HrisReferenceDataPublished.v1,dwp-platform-server,"Consolidate list/detail screens into a typed, effective-dated reference-data studio with validation, simulation, approval and publish lifecycle.",PRODUCT_CORE|TENANT_CONFIG,DEC-SYS-003|SYS-GOLDEN-REFERENCE|tenant-negative|SoD-negative|receipt-replay,DECIDED,ROLE.HRIS_SYS_PRODUCT_OWNER,BEHAVIORAL_REIMPLEMENTATION_NO_CODE_REUSE; source artifact retained for traceability; operational parity evidence is activation-scoped.
HRIS-SYS,sys,ROUTE,route:sys:sys/src/benitworx/router/portalRouter.js:35,dataSync,sys/src/benitworx/router/portalRouter.js,35,'/hr/:moduleName/dataSync',@/benitworx/views/com/dataSync/DataSync,,REBUILD,DWP.INTEGRATION.CONTROL_PLANE,DWP_PLATFORM_INTEGRATION,GET|POST /api/platform/v1/admin/hris/connectors; dwp.hris.connector.execution.state-changed.v1,dwp-platform-server,"Replace FTP/data-sync/bulk screens with adapter registry, secret references, allowlisted endpoints, mapping versions, quarantine, replay and reconciliation receipts.",DWP_SHARED_PLATFORM|TENANT_CONFIG|EXTENSION_PACK,DEC-SYS-005|SYS-GOLDEN-INTEGRATION|tenant-negative|SoD-negative|receipt-replay,DECIDED,ROLE.HRIS_SYS_PRODUCT_OWNER,BEHAVIORAL_REIMPLEMENTATION_NO_CODE_REUSE; source artifact retained for traceability; operational parity evidence is activation-scoped.
HRIS-SYS,sys,ROUTE,route:sys:sys/src/benitworx/router/portalRouter.js:40,DataSyncDetail,sys/src/benitworx/router/portalRouter.js,40,'/hr/:moduleName/dataSync/detail',@/benitworx/views/com/dataSync/DataSyncDetail,,REBUILD,DWP.INTEGRATION.CONTROL_PLANE,DWP_PLATFORM_INTEGRATION,GET|POST /api/platform/v1/admin/hris/connectors; dwp.hris.connector.execution.state-changed.v1,dwp-platform-server,"Replace FTP/data-sync/bulk screens with adapter registry, secret references, allowlisted endpoints, mapping versions, quarantine, replay and reconciliation receipts.",DWP_SHARED_PLATFORM|TENANT_CONFIG|EXTENSION_PACK,DEC-SYS-005|SYS-GOLDEN-INTEGRATION|tenant-negative|SoD-negative|receipt-replay,DECIDED,ROLE.HRIS_SYS_PRODUCT_OWNER,BEHAVIORAL_REIMPLEMENTATION_NO_CODE_REUSE; source artifact retained for traceability; operational parity evidence is activation-scoped.
HRIS-SYS,sys,ROUTE,route:sys:sys/src/benitworx/router/portalRouter.js:45,DataSyncProc,sys/src/benitworx/router/portalRouter.js,45,'/hr/:moduleName/dataSync/proc',@/benitworx/views/com/dataSync/DataSyncProc,,REBUILD,DWP.INTEGRATION.CONTROL_PLANE,DWP_PLATFORM_INTEGRATION,GET|POST /api/platform/v1/admin/hris/connectors; dwp.hris.connector.execution.state-changed.v1,dwp-platform-server,"Replace FTP/data-sync/bulk screens with adapter registry, secret references, allowlisted endpoints, mapping versions, quarantine, replay and reconciliation receipts.",DWP_SHARED_PLATFORM|TENANT_CONFIG|EXTENSION_PACK,DEC-SYS-005|SYS-GOLDEN-INTEGRATION|tenant-negative|SoD-negative|receipt-replay,DECIDED,ROLE.HRIS_SYS_PRODUCT_OWNER,BEHAVIORAL_REIMPLEMENTATION_NO_CODE_REUSE; source artifact retained for traceability; operational parity evidence is activation-scoped.
HRIS-SYS,sys,ROUTE,route:sys:sys/src/benitworx/router/portalRouter.js:51,DynamicBoard,sys/src/benitworx/router/portalRouter.js,51,'/hr/:moduleName/dynamic-board/:progKey',@/benitworx/views/com/dynamicBoard/DynamicBoard.vue,,REUSE,DWP.COMMUNICATION.TEMPLATES,DWP_NOTIFICATION_PLATFORM,GET|POST /api/notifications/v1/admin/templates; NotificationTemplatePublished.v1,dwp-notification-server,Reuse DWP notification/template delivery and audit; domain services emit intent events and never invoke legacy direct mail/notification send controllers.,DWP_SHARED_PLATFORM|TENANT_CONFIG,DEC-SYS-007|SYS-GOLDEN-COMMUNICATION|tenant-negative|SoD-negative|receipt-replay,DECIDED,ROLE.HRIS_SYS_PRODUCT_OWNER,BEHAVIORAL_REIMPLEMENTATION_NO_CODE_REUSE; source artifact retained for traceability; operational parity evidence is activation-scoped.
HRIS-SYS,sys,ROUTE,route:sys:sys/src/benitworx/router/portalRouter.js:56,DynamicBoardDetail,sys/src/benitworx/router/portalRouter.js,56,'/hr/:moduleName/dynamic-board/:progKey/detail',@/benitworx/views/com/dynamicBoard/DynamicBoardDetail.vue,,REUSE,DWP.COMMUNICATION.TEMPLATES,DWP_NOTIFICATION_PLATFORM,GET|POST /api/notifications/v1/admin/templates; NotificationTemplatePublished.v1,dwp-notification-server,Reuse DWP notification/template delivery and audit; domain services emit intent events and never invoke legacy direct mail/notification send controllers.,DWP_SHARED_PLATFORM|TENANT_CONFIG,DEC-SYS-007|SYS-GOLDEN-COMMUNICATION|tenant-negative|SoD-negative|receipt-replay,DECIDED,ROLE.HRIS_SYS_PRODUCT_OWNER,BEHAVIORAL_REIMPLEMENTATION_NO_CODE_REUSE; source artifact retained for traceability; operational parity evidence is activation-scoped.
HRIS-SYS,sys,ROUTE,route:sys:sys/src/benitworx/router/portalRouter.js:64,Root,sys/src/benitworx/router/portalRouter.js,64,'/',@/benitworx/views/portal/Login,,REUSE,DWP.IDENTITY.PRODUCT_ACCESS,DWP_AUTH_PLATFORM,GET|POST /api/auth/v1/admin/hris/access-packages; dwp.hris.access.assignment.changed.v1,dwp-auth-server,"Replace legacy menu/user ACL screens with versioned app entitlement, access package, atomic duty, scope/field policy and SoD projection.",DWP_SHARED_PLATFORM,DEC-SYS-001|SYS-GOLDEN-IDENTITY|tenant-negative|SoD-negative|receipt-replay,DECIDED,ROLE.HRIS_SYS_PRODUCT_OWNER,BEHAVIORAL_REIMPLEMENTATION_NO_CODE_REUSE; source artifact retained for traceability; operational parity evidence is activation-scoped.
HRIS-SYS,sys,ROUTE,route:sys:sys/src/benitworx/router/portalRouter.js:69,PortalLogin,sys/src/benitworx/router/portalRouter.js,69,process.env.VUE_APP_ROUTER_LOGIN,@/benitworx/views/portal/Login,,REUSE,DWP.IDENTITY.PRODUCT_ACCESS,DWP_AUTH_PLATFORM,GET|POST /api/auth/v1/admin/hris/access-packages; dwp.hris.access.assignment.changed.v1,dwp-auth-server,"Replace legacy menu/user ACL screens with versioned app entitlement, access package, atomic duty, scope/field policy and SoD projection.",DWP_SHARED_PLATFORM,DEC-SYS-001|SYS-GOLDEN-IDENTITY|tenant-negative|SoD-negative|receipt-replay,DECIDED,ROLE.HRIS_SYS_PRODUCT_OWNER,BEHAVIORAL_REIMPLEMENTATION_NO_CODE_REUSE; source artifact retained for traceability; operational parity evidence is activation-scoped.
HRIS-SYS,sys,ROUTE,route:sys:sys/src/benitworx/router/portalRouter.js:75,FindInfo,sys/src/benitworx/router/portalRouter.js,75,process.env.VUE_APP_ROUTER_FIND_INFO,@/benitworx/views/portal/FindInfo.vue,,REBUILD,HRIS.EXPERIENCE.COMPOSITION,HRIS_SHELL_EXPERIENCE,GET|PUT /api/platform/v1/home-preferences/surfaces/{surfaceKey}; fixed surfaceKey=hcm-home; HrisHomeContributionChanged.v1,dwp-platform-server|dwp-frontend,"Reuse the governed DWP HomePreference surface with fixed hcm-home compatibility key, a role/scope widget dashboard and a separate governed work explorer; remove free-form portal/page/menu composition as an authorization source.",PRODUCT_CORE|TENANT_CONFIG,DEC-SYS-008|SYS-GOLDEN-EXPERIENCE|tenant-negative|SoD-negative|receipt-replay,DECIDED,ROLE.HRIS_SYS_PRODUCT_OWNER,BEHAVIORAL_REIMPLEMENTATION_NO_CODE_REUSE; source artifact retained for traceability; operational parity evidence is activation-scoped.
HRIS-SYS,sys,ROUTE,route:sys:sys/src/benitworx/router/portalRouter.js:81,FirstPWSet,sys/src/benitworx/router/portalRouter.js,81,process.env.VUE_APP_ROUTER_FIRST_PASSWORD_SET,@/benitworx/views/portal/FirstPWSet.vue,,REUSE,DWP.IDENTITY.PRODUCT_ACCESS,DWP_AUTH_PLATFORM,GET|POST /api/auth/v1/admin/hris/access-packages; dwp.hris.access.assignment.changed.v1,dwp-auth-server,"Replace legacy menu/user ACL screens with versioned app entitlement, access package, atomic duty, scope/field policy and SoD projection.",DWP_SHARED_PLATFORM,DEC-SYS-001|SYS-GOLDEN-IDENTITY|tenant-negative|SoD-negative|receipt-replay,DECIDED,ROLE.HRIS_SYS_PRODUCT_OWNER,BEHAVIORAL_REIMPLEMENTATION_NO_CODE_REUSE; source artifact retained for traceability; operational parity evidence is activation-scoped.
HRIS-SYS,sys,ROUTE,route:sys:sys/src/benitworx/router/portalRouter.js:87,WarnPWChange,sys/src/benitworx/router/portalRouter.js,87,process.env.VUE_APP_ROUTER_WARN_PASSWORD_CHANGE,@/benitworx/views/portal/WarnPWChange.vue,,REUSE,DWP.IDENTITY.PRODUCT_ACCESS,DWP_AUTH_PLATFORM,GET|POST /api/auth/v1/admin/hris/access-packages; dwp.hris.access.assignment.changed.v1,dwp-auth-server,"Replace legacy menu/user ACL screens with versioned app entitlement, access package, atomic duty, scope/field policy and SoD projection.",DWP_SHARED_PLATFORM,DEC-SYS-001|SYS-GOLDEN-IDENTITY|tenant-negative|SoD-negative|receipt-replay,DECIDED,ROLE.HRIS_SYS_PRODUCT_OWNER,BEHAVIORAL_REIMPLEMENTATION_NO_CODE_REUSE; source artifact retained for traceability; operational parity evidence is activation-scoped.
HRIS-SYS,sys,ROUTE,route:sys:sys/src/benitworx/router/portalRouter.js:93,ResetPassword,sys/src/benitworx/router/portalRouter.js,93,process.env.VUE_APP_ROUTER_RESET_PASSWORD,@/benitworx/views/portal/ResetPassword.vue,,REUSE,DWP.IDENTITY.PRODUCT_ACCESS,DWP_AUTH_PLATFORM,GET|POST /api/auth/v1/admin/hris/access-packages; dwp.hris.access.assignment.changed.v1,dwp-auth-server,"Replace legacy menu/user ACL screens with versioned app entitlement, access package, atomic duty, scope/field policy and SoD projection.",DWP_SHARED_PLATFORM,DEC-SYS-001|SYS-GOLDEN-IDENTITY|tenant-negative|SoD-negative|receipt-replay,DECIDED,ROLE.HRIS_SYS_PRODUCT_OWNER,BEHAVIORAL_REIMPLEMENTATION_NO_CODE_REUSE; source artifact retained for traceability; operational parity evidence is activation-scoped.
HRIS-SYS,sys,ROUTE,route:sys:sys/src/benitworx/router/portalRouter.js:99,PortalLogout,sys/src/benitworx/router/portalRouter.js,99,process.env.VUE_APP_ROUTER_LOGOUT,@/benitworx/views/portal/Logout,,REUSE,DWP.IDENTITY.PRODUCT_ACCESS,DWP_AUTH_PLATFORM,GET|POST /api/auth/v1/admin/hris/access-packages; dwp.hris.access.assignment.changed.v1,dwp-auth-server,"Replace legacy menu/user ACL screens with versioned app entitlement, access package, atomic duty, scope/field policy and SoD projection.",DWP_SHARED_PLATFORM,DEC-SYS-001|SYS-GOLDEN-IDENTITY|tenant-negative|SoD-negative|receipt-replay,DECIDED,ROLE.HRIS_SYS_PRODUCT_OWNER,BEHAVIORAL_REIMPLEMENTATION_NO_CODE_REUSE; source artifact retained for traceability; operational parity evidence is activation-scoped.
HRIS-SYS,sys,ROUTE,route:sys:sys/src/benitworx/router/portalRouter.js:105,LoginAfter,sys/src/benitworx/router/portalRouter.js,105,process.env.VUE_APP_ROUTER_LOGIN_AFTER,@/benitworx/views/portal/LoginAfterPage.vue,,REUSE,DWP.IDENTITY.PRODUCT_ACCESS,DWP_AUTH_PLATFORM,GET|POST /api/auth/v1/admin/hris/access-packages; dwp.hris.access.assignment.changed.v1,dwp-auth-server,"Replace legacy menu/user ACL screens with versioned app entitlement, access package, atomic duty, scope/field policy and SoD projection.",DWP_SHARED_PLATFORM,DEC-SYS-001|SYS-GOLDEN-IDENTITY|tenant-negative|SoD-negative|receipt-replay,DECIDED,ROLE.HRIS_SYS_PRODUCT_OWNER,BEHAVIORAL_REIMPLEMENTATION_NO_CODE_REUSE; source artifact retained for traceability; operational parity evidence is activation-scoped.
HRIS-SYS,sys,ROUTE,route:sys:sys/src/benitworx/router/portalRouter.js:119,Server Error,sys/src/benitworx/router/portalRouter.js,119,'/hr/com/server-error',@/benitworx/views/com/ServerError,,REUSE,DWP.OPERATIONS.OBSERVABILITY,DWP_OPERATIONS_PLATFORM,GET /api/platform/v1/admin/hris/operations/exceptions; OperationalExceptionChanged.v1,dwp-platform-server,"Project domain errors, health, SLO and correlation traces into a common operations center; keep detailed recovery commands in the owning domain.",DWP_SHARED_PLATFORM,DEC-SYS-012|SYS-GOLDEN-OPERATIONS|tenant-negative|SoD-negative|receipt-replay,DECIDED,ROLE.HRIS_SYS_PRODUCT_OWNER,BEHAVIORAL_REIMPLEMENTATION_NO_CODE_REUSE; source artifact retained for traceability; operational parity evidence is activation-scoped.
HRIS-SYS,sys,ROUTE,route:sys:sys/src/benitworx/router/portalRouter.js:125,Not Found,sys/src/benitworx/router/portalRouter.js,125,'/hr/com/page-not-found',@/benitworx/views/com/PageNotFound,,REUSE,DWP.IDENTITY.PRODUCT_ACCESS,DWP_AUTH_PLATFORM,GET|POST /api/auth/v1/admin/hris/access-packages; dwp.hris.access.assignment.changed.v1,dwp-auth-server,"Replace legacy menu/user ACL screens with versioned app entitlement, access package, atomic duty, scope/field policy and SoD projection.",DWP_SHARED_PLATFORM,DEC-SYS-001|SYS-GOLDEN-IDENTITY|tenant-negative|SoD-negative|receipt-replay,DECIDED,ROLE.HRIS_SYS_PRODUCT_OWNER,BEHAVIORAL_REIMPLEMENTATION_NO_CODE_REUSE; source artifact retained for traceability; operational parity evidence is activation-scoped.
HRIS-SYS,sys,ROUTE,route:sys:sys/src/benitworx/router/portalRouter.js:131,Unauthorized,sys/src/benitworx/router/portalRouter.js,131,'/hr/com/unauthorized',@/benitworx/views/com/Unauthorized,,REUSE,DWP.OPERATIONS.OBSERVABILITY,DWP_OPERATIONS_PLATFORM,GET /api/platform/v1/admin/hris/operations/exceptions; OperationalExceptionChanged.v1,dwp-platform-server,"Project domain errors, health, SLO and correlation traces into a common operations center; keep detailed recovery commands in the owning domain.",DWP_SHARED_PLATFORM,DEC-SYS-012|SYS-GOLDEN-OPERATIONS|tenant-negative|SoD-negative|receipt-replay,DECIDED,ROLE.HRIS_SYS_PRODUCT_OWNER,BEHAVIORAL_REIMPLEMENTATION_NO_CODE_REUSE; source artifact retained for traceability; operational parity evidence is activation-scoped.
HRIS-SYS,sys,ROUTE,route:sys:sys/src/benitworx/router/portalRouter.js:137,RequiredExternalLogin,sys/src/benitworx/router/portalRouter.js,137,'/hr/com/required-external-login',@/benitworx/views/com/RequiredExternalLogin,,REUSE,DWP.IDENTITY.PRODUCT_ACCESS,DWP_AUTH_PLATFORM,GET|POST /api/auth/v1/admin/hris/access-packages; dwp.hris.access.assignment.changed.v1,dwp-auth-server,"Replace legacy menu/user ACL screens with versioned app entitlement, access package, atomic duty, scope/field policy and SoD projection.",DWP_SHARED_PLATFORM,DEC-SYS-001|SYS-GOLDEN-IDENTITY|tenant-negative|SoD-negative|receipt-replay,DECIDED,ROLE.HRIS_SYS_PRODUCT_OWNER,BEHAVIORAL_REIMPLEMENTATION_NO_CODE_REUSE; source artifact retained for traceability; operational parity evidence is activation-scoped.
HRIS-SYS,sys,ROUTE,route:sys:sys/src/benitworx/router/portalRouter.js:143,RequiredMobileLogin,sys/src/benitworx/router/portalRouter.js,143,'/hr/com/required-mobile-login',@/benitworx/views/com/RequiredMobileLogin,,REUSE,DWP.IDENTITY.PRODUCT_ACCESS,DWP_AUTH_PLATFORM,GET|POST /api/auth/v1/admin/hris/access-packages; dwp.hris.access.assignment.changed.v1,dwp-auth-server,"Replace legacy menu/user ACL screens with versioned app entitlement, access package, atomic duty, scope/field policy and SoD projection.",DWP_SHARED_PLATFORM,DEC-SYS-001|SYS-GOLDEN-IDENTITY|tenant-negative|SoD-negative|receipt-replay,DECIDED,ROLE.HRIS_SYS_PRODUCT_OWNER,BEHAVIORAL_REIMPLEMENTATION_NO_CODE_REUSE; source artifact retained for traceability; operational parity evidence is activation-scoped.
HRIS-SYS,sys,ROUTE,route:sys:sys/src/benitworx/router/portalRouter.js:149,AccessDenied,sys/src/benitworx/router/portalRouter.js,149,'/hr/com/access-denied',@/benitworx/views/com/AccessDenied,,REUSE,DWP.OPERATIONS.OBSERVABILITY,DWP_OPERATIONS_PLATFORM,GET /api/platform/v1/admin/hris/operations/exceptions; OperationalExceptionChanged.v1,dwp-platform-server,"Project domain errors, health, SLO and correlation traces into a common operations center; keep detailed recovery commands in the owning domain.",DWP_SHARED_PLATFORM,DEC-SYS-012|SYS-GOLDEN-OPERATIONS|tenant-negative|SoD-negative|receipt-replay,DECIDED,ROLE.HRIS_SYS_PRODUCT_OWNER,BEHAVIORAL_REIMPLEMENTATION_NO_CODE_REUSE; source artifact retained for traceability; operational parity evidence is activation-scoped.
HRIS-SYS,sys,ROUTE,route:sys:sys/src/benitworx/router/portalRouter.js:155,AuthNotFound,sys/src/benitworx/router/portalRouter.js,155,'/hr/com/auth-not-found',@/benitworx/views/com/AuthNotFound,,REUSE,DWP.IDENTITY.PRODUCT_ACCESS,DWP_AUTH_PLATFORM,GET|POST /api/auth/v1/admin/hris/access-packages; dwp.hris.access.assignment.changed.v1,dwp-auth-server,"Replace legacy menu/user ACL screens with versioned app entitlement, access package, atomic duty, scope/field policy and SoD projection.",DWP_SHARED_PLATFORM,DEC-SYS-001|SYS-GOLDEN-IDENTITY|tenant-negative|SoD-negative|receipt-replay,DECIDED,ROLE.HRIS_SYS_PRODUCT_OWNER,BEHAVIORAL_REIMPLEMENTATION_NO_CODE_REUSE; source artifact retained for traceability; operational parity evidence is activation-scoped.
HRIS-SYS,sys,ROUTE,route:sys:sys/src/benitworx/router/sysRouter.js:5,Tenant,sys/src/benitworx/router/sysRouter.js,5,'/hr/sys/tenant',@/benitworx/views/sys/tenant/Tenant,,REUSE,DWP.IDENTITY.PRODUCT_ACCESS,DWP_AUTH_PLATFORM,GET|POST /api/auth/v1/admin/hris/access-packages; dwp.hris.access.assignment.changed.v1,dwp-auth-server,"Replace legacy menu/user ACL screens with versioned app entitlement, access package, atomic duty, scope/field policy and SoD projection.",DWP_SHARED_PLATFORM,DEC-SYS-001|SYS-GOLDEN-IDENTITY|tenant-negative|SoD-negative|receipt-replay,DECIDED,ROLE.HRIS_SYS_PRODUCT_OWNER,BEHAVIORAL_REIMPLEMENTATION_NO_CODE_REUSE; source artifact retained for traceability; operational parity evidence is activation-scoped.
HRIS-SYS,sys,ROUTE,route:sys:sys/src/benitworx/router/sysRouter.js:10,TenantDetail,sys/src/benitworx/router/sysRouter.js,10,'/hr/sys/tenant/detail',@/benitworx/views/sys/tenant/TenantDetail,,REUSE,DWP.IDENTITY.PRODUCT_ACCESS,DWP_AUTH_PLATFORM,GET|POST /api/auth/v1/admin/hris/access-packages; dwp.hris.access.assignment.changed.v1,dwp-auth-server,"Replace legacy menu/user ACL screens with versioned app entitlement, access package, atomic duty, scope/field policy and SoD projection.",DWP_SHARED_PLATFORM,DEC-SYS-001|SYS-GOLDEN-IDENTITY|tenant-negative|SoD-negative|receipt-replay,DECIDED,ROLE.HRIS_SYS_PRODUCT_OWNER,BEHAVIORAL_REIMPLEMENTATION_NO_CODE_REUSE; source artifact retained for traceability; operational parity evidence is activation-scoped.
HRIS-SYS,sys,ROUTE,route:sys:sys/src/benitworx/router/sysRouter.js:16,Company,sys/src/benitworx/router/sysRouter.js,16,'/hr/sys/company',@/benitworx/views/sys/company/Company,,REUSE,DWP.TENANT.ENTERPRISE_DIRECTORY,DWP_TENANT_ENTERPRISE,GET|POST /api/provider/v1/admin/tenants; TenantConfigurationChanged.v1,dwp-provider-server,Reuse DWP tenant and People enterprise masters; remove duplicated SYS employee and organization stores and consume versioned projections.,DWP_SHARED_PLATFORM,DEC-SYS-002|SYS-GOLDEN-TENANT|tenant-negative|SoD-negative|receipt-replay,DECIDED,ROLE.HRIS_SYS_PRODUCT_OWNER,BEHAVIORAL_REIMPLEMENTATION_NO_CODE_REUSE; source artifact retained for traceability; operational parity evidence is activation-scoped.
HRIS-SYS,sys,ROUTE,route:sys:sys/src/benitworx/router/sysRouter.js:21,CompanyDetail,sys/src/benitworx/router/sysRouter.js,21,'/hr/sys/company/detail',@/benitworx/views/sys/company/CompanyDetail,,REUSE,DWP.TENANT.ENTERPRISE_DIRECTORY,DWP_TENANT_ENTERPRISE,GET|POST /api/provider/v1/admin/tenants; TenantConfigurationChanged.v1,dwp-provider-server,Reuse DWP tenant and People enterprise masters; remove duplicated SYS employee and organization stores and consume versioned projections.,DWP_SHARED_PLATFORM,DEC-SYS-002|SYS-GOLDEN-TENANT|tenant-negative|SoD-negative|receipt-replay,DECIDED,ROLE.HRIS_SYS_PRODUCT_OWNER,BEHAVIORAL_REIMPLEMENTATION_NO_CODE_REUSE; source artifact retained for traceability; operational parity evidence is activation-scoped.
HRIS-SYS,sys,ROUTE,route:sys:sys/src/benitworx/router/sysRouter.js:27,CompanyAllTenants,sys/src/benitworx/router/sysRouter.js,27,'/hr/sys/company-all-tenants',@/benitworx/views/sys/companyAllTenants/CompanyAllTenants,,REUSE,DWP.IDENTITY.PRODUCT_ACCESS,DWP_AUTH_PLATFORM,GET|POST /api/auth/v1/admin/hris/access-packages; dwp.hris.access.assignment.changed.v1,dwp-auth-server,"Replace legacy menu/user ACL screens with versioned app entitlement, access package, atomic duty, scope/field policy and SoD projection.",DWP_SHARED_PLATFORM,DEC-SYS-001|SYS-GOLDEN-IDENTITY|tenant-negative|SoD-negative|receipt-replay,DECIDED,ROLE.HRIS_SYS_PRODUCT_OWNER,BEHAVIORAL_REIMPLEMENTATION_NO_CODE_REUSE; source artifact retained for traceability; operational parity evidence is activation-scoped.
HRIS-SYS,sys,ROUTE,route:sys:sys/src/benitworx/router/sysRouter.js:32,CompanyAllTenantsDetail,sys/src/benitworx/router/sysRouter.js,32,'/hr/sys/company-all-tenants/detail',@/benitworx/views/sys/companyAllTenants/CompanyAllTenantsDetail,,REUSE,DWP.IDENTITY.PRODUCT_ACCESS,DWP_AUTH_PLATFORM,GET|POST /api/auth/v1/admin/hris/access-packages; dwp.hris.access.assignment.changed.v1,dwp-auth-server,"Replace legacy menu/user ACL screens with versioned app entitlement, access package, atomic duty, scope/field policy and SoD projection.",DWP_SHARED_PLATFORM,DEC-SYS-001|SYS-GOLDEN-IDENTITY|tenant-negative|SoD-negative|receipt-replay,DECIDED,ROLE.HRIS_SYS_PRODUCT_OWNER,BEHAVIORAL_REIMPLEMENTATION_NO_CODE_REUSE; source artifact retained for traceability; operational parity evidence is activation-scoped.
HRIS-SYS,sys,ROUTE,route:sys:sys/src/benitworx/router/sysRouter.js:38,User,sys/src/benitworx/router/sysRouter.js,38,'/hr/sys/user',@/benitworx/views/sys/user/User,,CONFIGURE,HRIS.CONFIG.REFERENCE_DATA,HRIS_CONFIGURATION,GET|POST /api/platform/v1/admin/hris/configurations; HrisReferenceDataPublished.v1,dwp-platform-server,"Consolidate list/detail screens into a typed, effective-dated reference-data studio with validation, simulation, approval and publish lifecycle.",PRODUCT_CORE|TENANT_CONFIG,DEC-SYS-003|SYS-GOLDEN-REFERENCE|tenant-negative|SoD-negative|receipt-replay,DECIDED,ROLE.HRIS_SYS_PRODUCT_OWNER,BEHAVIORAL_REIMPLEMENTATION_NO_CODE_REUSE; source artifact retained for traceability; operational parity evidence is activation-scoped.
HRIS-SYS,sys,ROUTE,route:sys:sys/src/benitworx/router/sysRouter.js:43,UserDetail,sys/src/benitworx/router/sysRouter.js,43,'/hr/sys/user/detail',@/benitworx/views/sys/user/UserDetail,,CONFIGURE,HRIS.CONFIG.REFERENCE_DATA,HRIS_CONFIGURATION,GET|POST /api/platform/v1/admin/hris/configurations; HrisReferenceDataPublished.v1,dwp-platform-server,"Consolidate list/detail screens into a typed, effective-dated reference-data studio with validation, simulation, approval and publish lifecycle.",PRODUCT_CORE|TENANT_CONFIG,DEC-SYS-003|SYS-GOLDEN-REFERENCE|tenant-negative|SoD-negative|receipt-replay,DECIDED,ROLE.HRIS_SYS_PRODUCT_OWNER,BEHAVIORAL_REIMPLEMENTATION_NO_CODE_REUSE; source artifact retained for traceability; operational parity evidence is activation-scoped.
HRIS-SYS,sys,ROUTE,route:sys:sys/src/benitworx/router/sysRouter.js:48,UserAll,sys/src/benitworx/router/sysRouter.js,48,'/hr/sys/user-all',@/benitworx/views/sys/user/UserAll,,CONFIGURE,HRIS.CONFIG.REFERENCE_DATA,HRIS_CONFIGURATION,GET|POST /api/platform/v1/admin/hris/configurations; HrisReferenceDataPublished.v1,dwp-platform-server,"Consolidate list/detail screens into a typed, effective-dated reference-data studio with validation, simulation, approval and publish lifecycle.",PRODUCT_CORE|TENANT_CONFIG,DEC-SYS-003|SYS-GOLDEN-REFERENCE|tenant-negative|SoD-negative|receipt-replay,DECIDED,ROLE.HRIS_SYS_PRODUCT_OWNER,BEHAVIORAL_REIMPLEMENTATION_NO_CODE_REUSE; source artifact retained for traceability; operational parity evidence is activation-scoped.
HRIS-SYS,sys,ROUTE,route:sys:sys/src/benitworx/router/sysRouter.js:53,UserCommon,sys/src/benitworx/router/sysRouter.js,53,'/hr/sys/user-common',@/benitworx/views/sys/user/UserCommon,,CONFIGURE,HRIS.CONFIG.REFERENCE_DATA,HRIS_CONFIGURATION,GET|POST /api/platform/v1/admin/hris/configurations; HrisReferenceDataPublished.v1,dwp-platform-server,"Consolidate list/detail screens into a typed, effective-dated reference-data studio with validation, simulation, approval and publish lifecycle.",PRODUCT_CORE|TENANT_CONFIG,DEC-SYS-003|SYS-GOLDEN-REFERENCE|tenant-negative|SoD-negative|receipt-replay,DECIDED,ROLE.HRIS_SYS_PRODUCT_OWNER,BEHAVIORAL_REIMPLEMENTATION_NO_CODE_REUSE; source artifact retained for traceability; operational parity evidence is activation-scoped.
HRIS-SYS,sys,ROUTE,route:sys:sys/src/benitworx/router/sysRouter.js:58,UserCommonDetail,sys/src/benitworx/router/sysRouter.js,58,'/hr/sys/user-common/detail',@/benitworx/views/sys/user/UserCommonDetail,,CONFIGURE,HRIS.CONFIG.REFERENCE_DATA,HRIS_CONFIGURATION,GET|POST /api/platform/v1/admin/hris/configurations; HrisReferenceDataPublished.v1,dwp-platform-server,"Consolidate list/detail screens into a typed, effective-dated reference-data studio with validation, simulation, approval and publish lifecycle.",PRODUCT_CORE|TENANT_CONFIG,DEC-SYS-003|SYS-GOLDEN-REFERENCE|tenant-negative|SoD-negative|receipt-replay,DECIDED,ROLE.HRIS_SYS_PRODUCT_OWNER,BEHAVIORAL_REIMPLEMENTATION_NO_CODE_REUSE; source artifact retained for traceability; operational parity evidence is activation-scoped.
HRIS-SYS,sys,ROUTE,route:sys:sys/src/benitworx/router/sysRouter.js:64,Menu,sys/src/benitworx/router/sysRouter.js,64,'/hr/sys/menu',@/benitworx/views/sys/menu/Menu,,REUSE,DWP.IDENTITY.PRODUCT_ACCESS,DWP_AUTH_PLATFORM,GET|POST /api/auth/v1/admin/hris/access-packages; dwp.hris.access.assignment.changed.v1,dwp-auth-server,"Replace legacy menu/user ACL screens with versioned app entitlement, access package, atomic duty, scope/field policy and SoD projection.",DWP_SHARED_PLATFORM,DEC-SYS-001|SYS-GOLDEN-IDENTITY|tenant-negative|SoD-negative|receipt-replay,DECIDED,ROLE.HRIS_SYS_PRODUCT_OWNER,BEHAVIORAL_REIMPLEMENTATION_NO_CODE_REUSE; source artifact retained for traceability; operational parity evidence is activation-scoped.
HRIS-SYS,sys,ROUTE,route:sys:sys/src/benitworx/router/sysRouter.js:69,MenuDetail,sys/src/benitworx/router/sysRouter.js,69,'/hr/sys/menu/detail',@/benitworx/views/sys/menu/MenuDetail,,REUSE,DWP.IDENTITY.PRODUCT_ACCESS,DWP_AUTH_PLATFORM,GET|POST /api/auth/v1/admin/hris/access-packages; dwp.hris.access.assignment.changed.v1,dwp-auth-server,"Replace legacy menu/user ACL screens with versioned app entitlement, access package, atomic duty, scope/field policy and SoD projection.",DWP_SHARED_PLATFORM,DEC-SYS-001|SYS-GOLDEN-IDENTITY|tenant-negative|SoD-negative|receipt-replay,DECIDED,ROLE.HRIS_SYS_PRODUCT_OWNER,BEHAVIORAL_REIMPLEMENTATION_NO_CODE_REUSE; source artifact retained for traceability; operational parity evidence is activation-scoped.
HRIS-SYS,sys,ROUTE,route:sys:sys/src/benitworx/router/sysRouter.js:74,Filter,sys/src/benitworx/router/sysRouter.js,74,'/hr/sys/filter',@/benitworx/views/sys/filter/Filter,,CONFIGURE,HRIS.CONFIG.REFERENCE_DATA,HRIS_CONFIGURATION,GET|POST /api/platform/v1/admin/hris/configurations; HrisReferenceDataPublished.v1,dwp-platform-server,"Consolidate list/detail screens into a typed, effective-dated reference-data studio with validation, simulation, approval and publish lifecycle.",PRODUCT_CORE|TENANT_CONFIG,DEC-SYS-003|SYS-GOLDEN-REFERENCE|tenant-negative|SoD-negative|receipt-replay,DECIDED,ROLE.HRIS_SYS_PRODUCT_OWNER,BEHAVIORAL_REIMPLEMENTATION_NO_CODE_REUSE; source artifact retained for traceability; operational parity evidence is activation-scoped.
HRIS-SYS,sys,ROUTE,route:sys:sys/src/benitworx/router/sysRouter.js:79,FilterDetail,sys/src/benitworx/router/sysRouter.js,79,'/hr/sys/filter/detail',@/benitworx/views/sys/filter/FilterDetail,,CONFIGURE,HRIS.CONFIG.REFERENCE_DATA,HRIS_CONFIGURATION,GET|POST /api/platform/v1/admin/hris/configurations; HrisReferenceDataPublished.v1,dwp-platform-server,"Consolidate list/detail screens into a typed, effective-dated reference-data studio with validation, simulation, approval and publish lifecycle.",PRODUCT_CORE|TENANT_CONFIG,DEC-SYS-003|SYS-GOLDEN-REFERENCE|tenant-negative|SoD-negative|receipt-replay,DECIDED,ROLE.HRIS_SYS_PRODUCT_OWNER,BEHAVIORAL_REIMPLEMENTATION_NO_CODE_REUSE; source artifact retained for traceability; operational parity evidence is activation-scoped.
HRIS-SYS,sys,ROUTE,route:sys:sys/src/benitworx/router/sysRouter.js:85,Role,sys/src/benitworx/router/sysRouter.js,85,'/hr/sys/role',@/benitworx/views/sys/role/Role,,REUSE,DWP.IDENTITY.PRODUCT_ACCESS,DWP_AUTH_PLATFORM,GET|POST /api/auth/v1/admin/hris/access-packages; dwp.hris.access.assignment.changed.v1,dwp-auth-server,"Replace legacy menu/user ACL screens with versioned app entitlement, access package, atomic duty, scope/field policy and SoD projection.",DWP_SHARED_PLATFORM,DEC-SYS-001|SYS-GOLDEN-IDENTITY|tenant-negative|SoD-negative|receipt-replay,DECIDED,ROLE.HRIS_SYS_PRODUCT_OWNER,BEHAVIORAL_REIMPLEMENTATION_NO_CODE_REUSE; source artifact retained for traceability; operational parity evidence is activation-scoped.
HRIS-SYS,sys,ROUTE,route:sys:sys/src/benitworx/router/sysRouter.js:90,RoleDetail,sys/src/benitworx/router/sysRouter.js,90,'/hr/sys/role/detail',@/benitworx/views/sys/role/RoleDetail,,REUSE,DWP.IDENTITY.PRODUCT_ACCESS,DWP_AUTH_PLATFORM,GET|POST /api/auth/v1/admin/hris/access-packages; dwp.hris.access.assignment.changed.v1,dwp-auth-server,"Replace legacy menu/user ACL screens with versioned app entitlement, access package, atomic duty, scope/field policy and SoD projection.",DWP_SHARED_PLATFORM,DEC-SYS-001|SYS-GOLDEN-IDENTITY|tenant-negative|SoD-negative|receipt-replay,DECIDED,ROLE.HRIS_SYS_PRODUCT_OWNER,BEHAVIORAL_REIMPLEMENTATION_NO_CODE_REUSE; source artifact retained for traceability; operational parity evidence is activation-scoped.
HRIS-SYS,sys,ROUTE,route:sys:sys/src/benitworx/router/sysRouter.js:95,UserRole,sys/src/benitworx/router/sysRouter.js,95,'/hr/sys/userrole',@/benitworx/views/sys/role/UserRole,,REUSE,DWP.IDENTITY.PRODUCT_ACCESS,DWP_AUTH_PLATFORM,GET|POST /api/auth/v1/admin/hris/access-packages; dwp.hris.access.assignment.changed.v1,dwp-auth-server,"Replace legacy menu/user ACL screens with versioned app entitlement, access package, atomic duty, scope/field policy and SoD projection.",DWP_SHARED_PLATFORM,DEC-SYS-001|SYS-GOLDEN-IDENTITY|tenant-negative|SoD-negative|receipt-replay,DECIDED,ROLE.HRIS_SYS_PRODUCT_OWNER,BEHAVIORAL_REIMPLEMENTATION_NO_CODE_REUSE; source artifact retained for traceability; operational parity evidence is activation-scoped.
HRIS-SYS,sys,ROUTE,route:sys:sys/src/benitworx/router/sysRouter.js:100,RoleClient,sys/src/benitworx/router/sysRouter.js,100,'/hr/sys/role-client',@/benitworx/views/sys/role/RoleClient,,REUSE,DWP.IDENTITY.PRODUCT_ACCESS,DWP_AUTH_PLATFORM,GET|POST /api/auth/v1/admin/hris/access-packages; dwp.hris.access.assignment.changed.v1,dwp-auth-server,"Replace legacy menu/user ACL screens with versioned app entitlement, access package, atomic duty, scope/field policy and SoD projection.",DWP_SHARED_PLATFORM,DEC-SYS-001|SYS-GOLDEN-IDENTITY|tenant-negative|SoD-negative|receipt-replay,DECIDED,ROLE.HRIS_SYS_PRODUCT_OWNER,BEHAVIORAL_REIMPLEMENTATION_NO_CODE_REUSE; source artifact retained for traceability; operational parity evidence is activation-scoped.
HRIS-SYS,sys,ROUTE,route:sys:sys/src/benitworx/router/sysRouter.js:106,Mnlang,sys/src/benitworx/router/sysRouter.js,106,'/hr/sys/mnlang',@/benitworx/views/sys/mnlang/Mnlang,,CONFIGURE,HRIS.CONFIG.REFERENCE_DATA,HRIS_CONFIGURATION,GET|POST /api/platform/v1/admin/hris/configurations; HrisReferenceDataPublished.v1,dwp-platform-server,"Consolidate list/detail screens into a typed, effective-dated reference-data studio with validation, simulation, approval and publish lifecycle.",PRODUCT_CORE|TENANT_CONFIG,DEC-SYS-003|SYS-GOLDEN-REFERENCE|tenant-negative|SoD-negative|receipt-replay,DECIDED,ROLE.HRIS_SYS_PRODUCT_OWNER,BEHAVIORAL_REIMPLEMENTATION_NO_CODE_REUSE; source artifact retained for traceability; operational parity evidence is activation-scoped.
HRIS-SYS,sys,ROUTE,route:sys:sys/src/benitworx/router/sysRouter.js:111,MnlangDetail,sys/src/benitworx/router/sysRouter.js,111,'/hr/sys/mnlang/detail',@/benitworx/views/sys/mnlang/MnlangDetail,,CONFIGURE,HRIS.CONFIG.REFERENCE_DATA,HRIS_CONFIGURATION,GET|POST /api/platform/v1/admin/hris/configurations; HrisReferenceDataPublished.v1,dwp-platform-server,"Consolidate list/detail screens into a typed, effective-dated reference-data studio with validation, simulation, approval and publish lifecycle.",PRODUCT_CORE|TENANT_CONFIG,DEC-SYS-003|SYS-GOLDEN-REFERENCE|tenant-negative|SoD-negative|receipt-replay,DECIDED,ROLE.HRIS_SYS_PRODUCT_OWNER,BEHAVIORAL_REIMPLEMENTATION_NO_CODE_REUSE; source artifact retained for traceability; operational parity evidence is activation-scoped.
HRIS-SYS,sys,ROUTE,route:sys:sys/src/benitworx/router/sysRouter.js:116,MnlangAll,sys/src/benitworx/router/sysRouter.js,116,'/hr/sys/mnlang-all',@/benitworx/views/sys/mnlang/MnlangAll,,CONFIGURE,HRIS.CONFIG.REFERENCE_DATA,HRIS_CONFIGURATION,GET|POST /api/platform/v1/admin/hris/configurations; HrisReferenceDataPublished.v1,dwp-platform-server,"Consolidate list/detail screens into a typed, effective-dated reference-data studio with validation, simulation, approval and publish lifecycle.",PRODUCT_CORE|TENANT_CONFIG,DEC-SYS-003|SYS-GOLDEN-REFERENCE|tenant-negative|SoD-negative|receipt-replay,DECIDED,ROLE.HRIS_SYS_PRODUCT_OWNER,BEHAVIORAL_REIMPLEMENTATION_NO_CODE_REUSE; source artifact retained for traceability; operational parity evidence is activation-scoped.
HRIS-SYS,sys,ROUTE,route:sys:sys/src/benitworx/router/sysRouter.js:121,MnlangAllDetail,sys/src/benitworx/router/sysRouter.js,121,'/hr/sys/mnlang-all/detail',@/benitworx/views/sys/mnlang/MnlangDetail,,CONFIGURE,HRIS.CONFIG.REFERENCE_DATA,HRIS_CONFIGURATION,GET|POST /api/platform/v1/admin/hris/configurations; HrisReferenceDataPublished.v1,dwp-platform-server,"Consolidate list/detail screens into a typed, effective-dated reference-data studio with validation, simulation, approval and publish lifecycle.",PRODUCT_CORE|TENANT_CONFIG,DEC-SYS-003|SYS-GOLDEN-REFERENCE|tenant-negative|SoD-negative|receipt-replay,DECIDED,ROLE.HRIS_SYS_PRODUCT_OWNER,BEHAVIORAL_REIMPLEMENTATION_NO_CODE_REUSE; source artifact retained for traceability; operational parity evidence is activation-scoped.
HRIS-SYS,sys,ROUTE,route:sys:sys/src/benitworx/router/sysRouter.js:127,Dictionary,sys/src/benitworx/router/sysRouter.js,127,'/hr/sys/dictionary',@/benitworx/views/sys/dictionary/Dictionary,,CONFIGURE,HRIS.CONFIG.REFERENCE_DATA,HRIS_CONFIGURATION,GET|POST /api/platform/v1/admin/hris/configurations; HrisReferenceDataPublished.v1,dwp-platform-server,"Consolidate list/detail screens into a typed, effective-dated reference-data studio with validation, simulation, approval and publish lifecycle.",PRODUCT_CORE|TENANT_CONFIG,DEC-SYS-003|SYS-GOLDEN-REFERENCE|tenant-negative|SoD-negative|receipt-replay,DECIDED,ROLE.HRIS_SYS_PRODUCT_OWNER,BEHAVIORAL_REIMPLEMENTATION_NO_CODE_REUSE; source artifact retained for traceability; operational parity evidence is activation-scoped.
HRIS-SYS,sys,ROUTE,route:sys:sys/src/benitworx/router/sysRouter.js:132,DictionaryDetail,sys/src/benitworx/router/sysRouter.js,132,'/hr/sys/dictionary/detail',@/benitworx/views/sys/dictionary/DictionaryDetail,,CONFIGURE,HRIS.CONFIG.REFERENCE_DATA,HRIS_CONFIGURATION,GET|POST /api/platform/v1/admin/hris/configurations; HrisReferenceDataPublished.v1,dwp-platform-server,"Consolidate list/detail screens into a typed, effective-dated reference-data studio with validation, simulation, approval and publish lifecycle.",PRODUCT_CORE|TENANT_CONFIG,DEC-SYS-003|SYS-GOLDEN-REFERENCE|tenant-negative|SoD-negative|receipt-replay,DECIDED,ROLE.HRIS_SYS_PRODUCT_OWNER,BEHAVIORAL_REIMPLEMENTATION_NO_CODE_REUSE; source artifact retained for traceability; operational parity evidence is activation-scoped.
HRIS-SYS,sys,ROUTE,route:sys:sys/src/benitworx/router/sysRouter.js:138,Module,sys/src/benitworx/router/sysRouter.js,138,'/hr/sys/module',@/benitworx/views/sys/module/Module,,CONFIGURE,HRIS.CONFIG.REFERENCE_DATA,HRIS_CONFIGURATION,GET|POST /api/platform/v1/admin/hris/configurations; HrisReferenceDataPublished.v1,dwp-platform-server,"Consolidate list/detail screens into a typed, effective-dated reference-data studio with validation, simulation, approval and publish lifecycle.",PRODUCT_CORE|TENANT_CONFIG,DEC-SYS-003|SYS-GOLDEN-REFERENCE|tenant-negative|SoD-negative|receipt-replay,DECIDED,ROLE.HRIS_SYS_PRODUCT_OWNER,BEHAVIORAL_REIMPLEMENTATION_NO_CODE_REUSE; source artifact retained for traceability; operational parity evidence is activation-scoped.
HRIS-SYS,sys,ROUTE,route:sys:sys/src/benitworx/router/sysRouter.js:143,ModuleDetail,sys/src/benitworx/router/sysRouter.js,143,'/hr/sys/module/detail',@/benitworx/views/sys/module/ModuleDetail,,CONFIGURE,HRIS.CONFIG.REFERENCE_DATA,HRIS_CONFIGURATION,GET|POST /api/platform/v1/admin/hris/configurations; HrisReferenceDataPublished.v1,dwp-platform-server,"Consolidate list/detail screens into a typed, effective-dated reference-data studio with validation, simulation, approval and publish lifecycle.",PRODUCT_CORE|TENANT_CONFIG,DEC-SYS-003|SYS-GOLDEN-REFERENCE|tenant-negative|SoD-negative|receipt-replay,DECIDED,ROLE.HRIS_SYS_PRODUCT_OWNER,BEHAVIORAL_REIMPLEMENTATION_NO_CODE_REUSE; source artifact retained for traceability; operational parity evidence is activation-scoped.
HRIS-SYS,sys,ROUTE,route:sys:sys/src/benitworx/router/sysRouter.js:149,SystemUri,sys/src/benitworx/router/sysRouter.js,149,'/hr/sys/uri',@/benitworx/views/sys/uri/Uri,,REUSE,DWP.IDENTITY.PRODUCT_ACCESS,DWP_AUTH_PLATFORM,GET|POST /api/auth/v1/admin/hris/access-packages; dwp.hris.access.assignment.changed.v1,dwp-auth-server,"Replace legacy menu/user ACL screens with versioned app entitlement, access package, atomic duty, scope/field policy and SoD projection.",DWP_SHARED_PLATFORM,DEC-SYS-001|SYS-GOLDEN-IDENTITY|tenant-negative|SoD-negative|receipt-replay,DECIDED,ROLE.HRIS_SYS_PRODUCT_OWNER,BEHAVIORAL_REIMPLEMENTATION_NO_CODE_REUSE; source artifact retained for traceability; operational parity evidence is activation-scoped.
HRIS-SYS,sys,ROUTE,route:sys:sys/src/benitworx/router/sysRouter.js:154,UriDetail,sys/src/benitworx/router/sysRouter.js,154,'/hr/sys/uri/detail',@/benitworx/views/sys/uri/UriDetail,,REUSE,DWP.IDENTITY.PRODUCT_ACCESS,DWP_AUTH_PLATFORM,GET|POST /api/auth/v1/admin/hris/access-packages; dwp.hris.access.assignment.changed.v1,dwp-auth-server,"Replace legacy menu/user ACL screens with versioned app entitlement, access package, atomic duty, scope/field policy and SoD projection.",DWP_SHARED_PLATFORM,DEC-SYS-001|SYS-GOLDEN-IDENTITY|tenant-negative|SoD-negative|receipt-replay,DECIDED,ROLE.HRIS_SYS_PRODUCT_OWNER,BEHAVIORAL_REIMPLEMENTATION_NO_CODE_REUSE; source artifact retained for traceability; operational parity evidence is activation-scoped.
HRIS-SYS,sys,ROUTE,route:sys:sys/src/benitworx/router/sysRouter.js:160,AccessFile,sys/src/benitworx/router/sysRouter.js,160,'/hr/sys/file-status-hist',@/benitworx/views/sys/accesslog/AccessFile,,REUSE,DWP.GOVERNANCE.AUDIT_EVIDENCE,DWP_AUDIT_GOVERNANCE,GET /api/platform/v1/admin/audit-control/events; AuditEvidenceExported.v1,dwp-platform-server,"Consolidate access, API, export, file and delivery history into purpose-bound immutable evidence views with masking, retention and controlled export.",DWP_SHARED_PLATFORM,DEC-SYS-009|SYS-GOLDEN-AUDIT|tenant-negative|SoD-negative|receipt-replay,DECIDED,ROLE.HRIS_SYS_PRODUCT_OWNER,BEHAVIORAL_REIMPLEMENTATION_NO_CODE_REUSE; source artifact retained for traceability; operational parity evidence is activation-scoped.
HRIS-SYS,sys,ROUTE,route:sys:sys/src/benitworx/router/sysRouter.js:165,accessLogin,sys/src/benitworx/router/sysRouter.js,165,'/hr/sys/accesslog/login',@/benitworx/views/sys/accesslog/AccessLogin,,REUSE,DWP.GOVERNANCE.AUDIT_EVIDENCE,DWP_AUDIT_GOVERNANCE,GET /api/platform/v1/admin/audit-control/events; AuditEvidenceExported.v1,dwp-platform-server,"Consolidate access, API, export, file and delivery history into purpose-bound immutable evidence views with masking, retention and controlled export.",DWP_SHARED_PLATFORM,DEC-SYS-009|SYS-GOLDEN-AUDIT|tenant-negative|SoD-negative|receipt-replay,DECIDED,ROLE.HRIS_SYS_PRODUCT_OWNER,BEHAVIORAL_REIMPLEMENTATION_NO_CODE_REUSE; source artifact retained for traceability; operational parity evidence is activation-scoped.
HRIS-SYS,sys,ROUTE,route:sys:sys/src/benitworx/router/sysRouter.js:170,AccessStats,sys/src/benitworx/router/sysRouter.js,170,'/hr/sys/accesslog/accessStats',@/benitworx/views/sys/accesslog/AccessStats,,REUSE,DWP.GOVERNANCE.AUDIT_EVIDENCE,DWP_AUDIT_GOVERNANCE,GET /api/platform/v1/admin/audit-control/events; AuditEvidenceExported.v1,dwp-platform-server,"Consolidate access, API, export, file and delivery history into purpose-bound immutable evidence views with masking, retention and controlled export.",DWP_SHARED_PLATFORM,DEC-SYS-009|SYS-GOLDEN-AUDIT|tenant-negative|SoD-negative|receipt-replay,DECIDED,ROLE.HRIS_SYS_PRODUCT_OWNER,BEHAVIORAL_REIMPLEMENTATION_NO_CODE_REUSE; source artifact retained for traceability; operational parity evidence is activation-scoped.
HRIS-SYS,sys,ROUTE,route:sys:sys/src/benitworx/router/sysRouter.js:175,AccessLoginDetail,sys/src/benitworx/router/sysRouter.js,175,'/hr/sys/accesslog/login/detail',@/benitworx/views/sys/accesslog/AccessLoginDetail,,REUSE,DWP.GOVERNANCE.AUDIT_EVIDENCE,DWP_AUDIT_GOVERNANCE,GET /api/platform/v1/admin/audit-control/events; AuditEvidenceExported.v1,dwp-platform-server,"Consolidate access, API, export, file and delivery history into purpose-bound immutable evidence views with masking, retention and controlled export.",DWP_SHARED_PLATFORM,DEC-SYS-009|SYS-GOLDEN-AUDIT|tenant-negative|SoD-negative|receipt-replay,DECIDED,ROLE.HRIS_SYS_PRODUCT_OWNER,BEHAVIORAL_REIMPLEMENTATION_NO_CODE_REUSE; source artifact retained for traceability; operational parity evidence is activation-scoped.
HRIS-SYS,sys,ROUTE,route:sys:sys/src/benitworx/router/sysRouter.js:180,AccessApi,sys/src/benitworx/router/sysRouter.js,180,'/hr/sys/accesslog/api',@/benitworx/views/sys/accesslog/AccessApi,,REUSE,DWP.GOVERNANCE.AUDIT_EVIDENCE,DWP_AUDIT_GOVERNANCE,GET /api/platform/v1/admin/audit-control/events; AuditEvidenceExported.v1,dwp-platform-server,"Consolidate access, API, export, file and delivery history into purpose-bound immutable evidence views with masking, retention and controlled export.",DWP_SHARED_PLATFORM,DEC-SYS-009|SYS-GOLDEN-AUDIT|tenant-negative|SoD-negative|receipt-replay,DECIDED,ROLE.HRIS_SYS_PRODUCT_OWNER,BEHAVIORAL_REIMPLEMENTATION_NO_CODE_REUSE; source artifact retained for traceability; operational parity evidence is activation-scoped.
HRIS-SYS,sys,ROUTE,route:sys:sys/src/benitworx/router/sysRouter.js:185,AccessApiDetail,sys/src/benitworx/router/sysRouter.js,185,'/hr/sys/accesslog/api/detail',@/benitworx/views/sys/accesslog/AccessApiDetail,,REUSE,DWP.GOVERNANCE.AUDIT_EVIDENCE,DWP_AUDIT_GOVERNANCE,GET /api/platform/v1/admin/audit-control/events; AuditEvidenceExported.v1,dwp-platform-server,"Consolidate access, API, export, file and delivery history into purpose-bound immutable evidence views with masking, retention and controlled export.",DWP_SHARED_PLATFORM,DEC-SYS-009|SYS-GOLDEN-AUDIT|tenant-negative|SoD-negative|receipt-replay,DECIDED,ROLE.HRIS_SYS_PRODUCT_OWNER,BEHAVIORAL_REIMPLEMENTATION_NO_CODE_REUSE; source artifact retained for traceability; operational parity evidence is activation-scoped.
HRIS-SYS,sys,ROUTE,route:sys:sys/src/benitworx/router/sysRouter.js:190,Notice,sys/src/benitworx/router/sysRouter.js,190,'/hr/sys/notice',@/benitworx/views/sys/notice/Notice,,REUSE,DWP.COMMUNICATION.TEMPLATES,DWP_NOTIFICATION_PLATFORM,GET|POST /api/notifications/v1/admin/templates; NotificationTemplatePublished.v1,dwp-notification-server,Reuse DWP notification/template delivery and audit; domain services emit intent events and never invoke legacy direct mail/notification send controllers.,DWP_SHARED_PLATFORM|TENANT_CONFIG,DEC-SYS-007|SYS-GOLDEN-COMMUNICATION|tenant-negative|SoD-negative|receipt-replay,DECIDED,ROLE.HRIS_SYS_PRODUCT_OWNER,BEHAVIORAL_REIMPLEMENTATION_NO_CODE_REUSE; source artifact retained for traceability; operational parity evidence is activation-scoped.
HRIS-SYS,sys,ROUTE,route:sys:sys/src/benitworx/router/sysRouter.js:195,NoticeDetail,sys/src/benitworx/router/sysRouter.js,195,'/hr/sys/notice/detail',@/benitworx/views/sys/notice/NoticeDetail,,REUSE,DWP.COMMUNICATION.TEMPLATES,DWP_NOTIFICATION_PLATFORM,GET|POST /api/notifications/v1/admin/templates; NotificationTemplatePublished.v1,dwp-notification-server,Reuse DWP notification/template delivery and audit; domain services emit intent events and never invoke legacy direct mail/notification send controllers.,DWP_SHARED_PLATFORM|TENANT_CONFIG,DEC-SYS-007|SYS-GOLDEN-COMMUNICATION|tenant-negative|SoD-negative|receipt-replay,DECIDED,ROLE.HRIS_SYS_PRODUCT_OWNER,BEHAVIORAL_REIMPLEMENTATION_NO_CODE_REUSE; source artifact retained for traceability; operational parity evidence is activation-scoped.
HRIS-SYS,sys,ROUTE,route:sys:sys/src/benitworx/router/sysRouter.js:200,Board,sys/src/benitworx/router/sysRouter.js,200,'/hr/sys/board',@/benitworx/views/sys/board/Board,,REUSE,DWP.COMMUNICATION.TEMPLATES,DWP_NOTIFICATION_PLATFORM,GET|POST /api/notifications/v1/admin/templates; NotificationTemplatePublished.v1,dwp-notification-server,Reuse DWP notification/template delivery and audit; domain services emit intent events and never invoke legacy direct mail/notification send controllers.,DWP_SHARED_PLATFORM|TENANT_CONFIG,DEC-SYS-007|SYS-GOLDEN-COMMUNICATION|tenant-negative|SoD-negative|receipt-replay,DECIDED,ROLE.HRIS_SYS_PRODUCT_OWNER,BEHAVIORAL_REIMPLEMENTATION_NO_CODE_REUSE; source artifact retained for traceability; operational parity evidence is activation-scoped.
HRIS-SYS,sys,ROUTE,route:sys:sys/src/benitworx/router/sysRouter.js:205,BoardDetail,sys/src/benitworx/router/sysRouter.js,205,'/hr/sys/board/detail',@/benitworx/views/sys/board/BoardDetail,,REUSE,DWP.COMMUNICATION.TEMPLATES,DWP_NOTIFICATION_PLATFORM,GET|POST /api/notifications/v1/admin/templates; NotificationTemplatePublished.v1,dwp-notification-server,Reuse DWP notification/template delivery and audit; domain services emit intent events and never invoke legacy direct mail/notification send controllers.,DWP_SHARED_PLATFORM|TENANT_CONFIG,DEC-SYS-007|SYS-GOLDEN-COMMUNICATION|tenant-negative|SoD-negative|receipt-replay,DECIDED,ROLE.HRIS_SYS_PRODUCT_OWNER,BEHAVIORAL_REIMPLEMENTATION_NO_CODE_REUSE; source artifact retained for traceability; operational parity evidence is activation-scoped.
HRIS-SYS,sys,ROUTE,route:sys:sys/src/benitworx/router/sysRouter.js:210,Guide,sys/src/benitworx/router/sysRouter.js,210,'/hr/sys/menu/guide',@/benitworx/views/sys/guide/Guide,,REUSE,DWP.IDENTITY.PRODUCT_ACCESS,DWP_AUTH_PLATFORM,GET|POST /api/auth/v1/admin/hris/access-packages; dwp.hris.access.assignment.changed.v1,dwp-auth-server,"Replace legacy menu/user ACL screens with versioned app entitlement, access package, atomic duty, scope/field policy and SoD projection.",DWP_SHARED_PLATFORM,DEC-SYS-001|SYS-GOLDEN-IDENTITY|tenant-negative|SoD-negative|receipt-replay,DECIDED,ROLE.HRIS_SYS_PRODUCT_OWNER,BEHAVIORAL_REIMPLEMENTATION_NO_CODE_REUSE; source artifact retained for traceability; operational parity evidence is activation-scoped.
HRIS-SYS,sys,ROUTE,route:sys:sys/src/benitworx/router/sysRouter.js:215,GuideDetail,sys/src/benitworx/router/sysRouter.js,215,'/hr/sys/menu/guide/detail',@/benitworx/views/sys/guide/GuideDetail,,REUSE,DWP.IDENTITY.PRODUCT_ACCESS,DWP_AUTH_PLATFORM,GET|POST /api/auth/v1/admin/hris/access-packages; dwp.hris.access.assignment.changed.v1,dwp-auth-server,"Replace legacy menu/user ACL screens with versioned app entitlement, access package, atomic duty, scope/field policy and SoD projection.",DWP_SHARED_PLATFORM,DEC-SYS-001|SYS-GOLDEN-IDENTITY|tenant-negative|SoD-negative|receipt-replay,DECIDED,ROLE.HRIS_SYS_PRODUCT_OWNER,BEHAVIORAL_REIMPLEMENTATION_NO_CODE_REUSE; source artifact retained for traceability; operational parity evidence is activation-scoped.
HRIS-SYS,sys,ROUTE,route:sys:sys/src/benitworx/router/sysRouter.js:220,MailTmplt,sys/src/benitworx/router/sysRouter.js,220,'/hr/sys/template/mail',@/benitworx/views/sys/template/mail/MailTmplt,,REUSE,DWP.COMMUNICATION.TEMPLATES,DWP_NOTIFICATION_PLATFORM,GET|POST /api/notifications/v1/admin/templates; NotificationTemplatePublished.v1,dwp-notification-server,Reuse DWP notification/template delivery and audit; domain services emit intent events and never invoke legacy direct mail/notification send controllers.,DWP_SHARED_PLATFORM|TENANT_CONFIG,DEC-SYS-007|SYS-GOLDEN-COMMUNICATION|tenant-negative|SoD-negative|receipt-replay,DECIDED,ROLE.HRIS_SYS_PRODUCT_OWNER,BEHAVIORAL_REIMPLEMENTATION_NO_CODE_REUSE; source artifact retained for traceability; operational parity evidence is activation-scoped.
HRIS-SYS,sys,ROUTE,route:sys:sys/src/benitworx/router/sysRouter.js:225,MailTmpltDetail,sys/src/benitworx/router/sysRouter.js,225,'/hr/sys/template/mail/detail',@/benitworx/views/sys/template/mail/MailTmpltDetail,,REUSE,DWP.COMMUNICATION.TEMPLATES,DWP_NOTIFICATION_PLATFORM,GET|POST /api/notifications/v1/admin/templates; NotificationTemplatePublished.v1,dwp-notification-server,Reuse DWP notification/template delivery and audit; domain services emit intent events and never invoke legacy direct mail/notification send controllers.,DWP_SHARED_PLATFORM|TENANT_CONFIG,DEC-SYS-007|SYS-GOLDEN-COMMUNICATION|tenant-negative|SoD-negative|receipt-replay,DECIDED,ROLE.HRIS_SYS_PRODUCT_OWNER,BEHAVIORAL_REIMPLEMENTATION_NO_CODE_REUSE; source artifact retained for traceability; operational parity evidence is activation-scoped.
HRIS-SYS,sys,ROUTE,route:sys:sys/src/benitworx/router/sysRouter.js:230,NotfcTmplt,sys/src/benitworx/router/sysRouter.js,230,'/hr/sys/template/notfc',@/benitworx/views/sys/template/notfc/NotfcTmplt,,REUSE,DWP.COMMUNICATION.TEMPLATES,DWP_NOTIFICATION_PLATFORM,GET|POST /api/notifications/v1/admin/templates; NotificationTemplatePublished.v1,dwp-notification-server,Reuse DWP notification/template delivery and audit; domain services emit intent events and never invoke legacy direct mail/notification send controllers.,DWP_SHARED_PLATFORM|TENANT_CONFIG,DEC-SYS-007|SYS-GOLDEN-COMMUNICATION|tenant-negative|SoD-negative|receipt-replay,DECIDED,ROLE.HRIS_SYS_PRODUCT_OWNER,BEHAVIORAL_REIMPLEMENTATION_NO_CODE_REUSE; source artifact retained for traceability; operational parity evidence is activation-scoped.
HRIS-SYS,sys,ROUTE,route:sys:sys/src/benitworx/router/sysRouter.js:235,NotfcTmpltDetail,sys/src/benitworx/router/sysRouter.js,235,'/hr/sys/template/notfc/detail',@/benitworx/views/sys/template/notfc/NotfcTmpltDetail,,REUSE,DWP.COMMUNICATION.TEMPLATES,DWP_NOTIFICATION_PLATFORM,GET|POST /api/notifications/v1/admin/templates; NotificationTemplatePublished.v1,dwp-notification-server,Reuse DWP notification/template delivery and audit; domain services emit intent events and never invoke legacy direct mail/notification send controllers.,DWP_SHARED_PLATFORM|TENANT_CONFIG,DEC-SYS-007|SYS-GOLDEN-COMMUNICATION|tenant-negative|SoD-negative|receipt-replay,DECIDED,ROLE.HRIS_SYS_PRODUCT_OWNER,BEHAVIORAL_REIMPLEMENTATION_NO_CODE_REUSE; source artifact retained for traceability; operational parity evidence is activation-scoped.
HRIS-SYS,sys,ROUTE,route:sys:sys/src/benitworx/router/sysRouter.js:240,Work,sys/src/benitworx/router/sysRouter.js,240,'/hr/sys/work',@/benitworx/views/sys/work/Work,,REBUILD,DWP.AUTOMATION.CONTROL_PLANE,DWP_PLATFORM_AUTOMATION,GET|POST /api/platform/v1/admin/hris/automations; dwp.hris.automation.run.state-changed.v1,dwp-platform-server,"Replace class/method-driven batch execution with signed versioned job manifests, schema-validated parameters, leases, idempotent attempts, retry/DLQ and immutable receipts.",DWP_SHARED_PLATFORM,DEC-SYS-004|SYS-GOLDEN-AUTOMATION|tenant-negative|SoD-negative|receipt-replay,DECIDED,ROLE.HRIS_SYS_PRODUCT_OWNER,BEHAVIORAL_REIMPLEMENTATION_NO_CODE_REUSE; source artifact retained for traceability; operational parity evidence is activation-scoped.
HRIS-SYS,sys,ROUTE,route:sys:sys/src/benitworx/router/sysRouter.js:245,WorkDetail,sys/src/benitworx/router/sysRouter.js,245,'/hr/sys/work/detail',@/benitworx/views/sys/work/WorkDetail,,REBUILD,DWP.AUTOMATION.CONTROL_PLANE,DWP_PLATFORM_AUTOMATION,GET|POST /api/platform/v1/admin/hris/automations; dwp.hris.automation.run.state-changed.v1,dwp-platform-server,"Replace class/method-driven batch execution with signed versioned job manifests, schema-validated parameters, leases, idempotent attempts, retry/DLQ and immutable receipts.",DWP_SHARED_PLATFORM,DEC-SYS-004|SYS-GOLDEN-AUTOMATION|tenant-negative|SoD-negative|receipt-replay,DECIDED,ROLE.HRIS_SYS_PRODUCT_OWNER,BEHAVIORAL_REIMPLEMENTATION_NO_CODE_REUSE; source artifact retained for traceability; operational parity evidence is activation-scoped.
HRIS-SYS,sys,ROUTE,route:sys:sys/src/benitworx/router/sysRouter.js:250,WorkExeHist,sys/src/benitworx/router/sysRouter.js,250,'/hr/sys/work-exec-hist',@/benitworx/views/sys/workExecHist/WorkExecHist,,REBUILD,DWP.AUTOMATION.CONTROL_PLANE,DWP_PLATFORM_AUTOMATION,GET|POST /api/platform/v1/admin/hris/automations; dwp.hris.automation.run.state-changed.v1,dwp-platform-server,"Replace class/method-driven batch execution with signed versioned job manifests, schema-validated parameters, leases, idempotent attempts, retry/DLQ and immutable receipts.",DWP_SHARED_PLATFORM,DEC-SYS-004|SYS-GOLDEN-AUTOMATION|tenant-negative|SoD-negative|receipt-replay,DECIDED,ROLE.HRIS_SYS_PRODUCT_OWNER,BEHAVIORAL_REIMPLEMENTATION_NO_CODE_REUSE; source artifact retained for traceability; operational parity evidence is activation-scoped.
HRIS-SYS,sys,ROUTE,route:sys:sys/src/benitworx/router/sysRouter.js:255,WorkExeHistDetail,sys/src/benitworx/router/sysRouter.js,255,'/hr/sys/work-exec-hist/detail',@/benitworx/views/sys/workExecHist/WorkExecHistDetail,,REBUILD,DWP.AUTOMATION.CONTROL_PLANE,DWP_PLATFORM_AUTOMATION,GET|POST /api/platform/v1/admin/hris/automations; dwp.hris.automation.run.state-changed.v1,dwp-platform-server,"Replace class/method-driven batch execution with signed versioned job manifests, schema-validated parameters, leases, idempotent attempts, retry/DLQ and immutable receipts.",DWP_SHARED_PLATFORM,DEC-SYS-004|SYS-GOLDEN-AUTOMATION|tenant-negative|SoD-negative|receipt-replay,DECIDED,ROLE.HRIS_SYS_PRODUCT_OWNER,BEHAVIORAL_REIMPLEMENTATION_NO_CODE_REUSE; source artifact retained for traceability; operational parity evidence is activation-scoped.
HRIS-SYS,sys,ROUTE,route:sys:sys/src/benitworx/router/sysRouter.js:260,GlobalCode,sys/src/benitworx/router/sysRouter.js,260,'/hr/sys/global-code-type',@/benitworx/views/sys/globalCode/GlobalCode,,CONFIGURE,HRIS.CONFIG.REFERENCE_DATA,HRIS_CONFIGURATION,GET|POST /api/platform/v1/admin/hris/configurations; HrisReferenceDataPublished.v1,dwp-platform-server,"Consolidate list/detail screens into a typed, effective-dated reference-data studio with validation, simulation, approval and publish lifecycle.",PRODUCT_CORE|TENANT_CONFIG,DEC-SYS-003|SYS-GOLDEN-REFERENCE|tenant-negative|SoD-negative|receipt-replay,DECIDED,ROLE.HRIS_SYS_PRODUCT_OWNER,BEHAVIORAL_REIMPLEMENTATION_NO_CODE_REUSE; source artifact retained for traceability; operational parity evidence is activation-scoped.
HRIS-SYS,sys,ROUTE,route:sys:sys/src/benitworx/router/sysRouter.js:265,GlobalCodeDetail,sys/src/benitworx/router/sysRouter.js,265,'/hr/sys/global-code-type/detail',@/benitworx/views/sys/globalCode/GlobalCodeDetail,,CONFIGURE,HRIS.CONFIG.REFERENCE_DATA,HRIS_CONFIGURATION,GET|POST /api/platform/v1/admin/hris/configurations; HrisReferenceDataPublished.v1,dwp-platform-server,"Consolidate list/detail screens into a typed, effective-dated reference-data studio with validation, simulation, approval and publish lifecycle.",PRODUCT_CORE|TENANT_CONFIG,DEC-SYS-003|SYS-GOLDEN-REFERENCE|tenant-negative|SoD-negative|receipt-replay,DECIDED,ROLE.HRIS_SYS_PRODUCT_OWNER,BEHAVIORAL_REIMPLEMENTATION_NO_CODE_REUSE; source artifact retained for traceability; operational parity evidence is activation-scoped.
HRIS-SYS,sys,ROUTE,route:sys:sys/src/benitworx/router/sysRouter.js:272,MngMain,sys/src/benitworx/router/sysRouter.js,272,'/hr/sys/mng-main',@/benitworx/views/sys/mngMain/MngMain.vue,,REBUILD,HRIS.EXPERIENCE.COMPOSITION,HRIS_SHELL_EXPERIENCE,GET|PUT /api/platform/v1/home-preferences/surfaces/{surfaceKey}; fixed surfaceKey=hcm-home; HrisHomeContributionChanged.v1,dwp-platform-server|dwp-frontend,"Reuse the governed DWP HomePreference surface with fixed hcm-home compatibility key, a role/scope widget dashboard and a separate governed work explorer; remove free-form portal/page/menu composition as an authorization source.",PRODUCT_CORE|TENANT_CONFIG,DEC-SYS-008|SYS-GOLDEN-EXPERIENCE|tenant-negative|SoD-negative|receipt-replay,DECIDED,ROLE.HRIS_SYS_PRODUCT_OWNER,BEHAVIORAL_REIMPLEMENTATION_NO_CODE_REUSE; source artifact retained for traceability; operational parity evidence is activation-scoped.
HRIS-SYS,sys,ROUTE,route:sys:sys/src/benitworx/router/sysRouter.js:278,Widget,sys/src/benitworx/router/sysRouter.js,278,'/hr/sys/widget',@/benitworx/views/sys/widget/Widget,,REBUILD,HRIS.EXPERIENCE.COMPOSITION,HRIS_SHELL_EXPERIENCE,GET|PUT /api/platform/v1/home-preferences/surfaces/{surfaceKey}; fixed surfaceKey=hcm-home; HrisHomeContributionChanged.v1,dwp-platform-server|dwp-frontend,"Reuse the governed DWP HomePreference surface with fixed hcm-home compatibility key, a role/scope widget dashboard and a separate governed work explorer; remove free-form portal/page/menu composition as an authorization source.",PRODUCT_CORE|TENANT_CONFIG,DEC-SYS-008|SYS-GOLDEN-EXPERIENCE|tenant-negative|SoD-negative|receipt-replay,DECIDED,ROLE.HRIS_SYS_PRODUCT_OWNER,BEHAVIORAL_REIMPLEMENTATION_NO_CODE_REUSE; source artifact retained for traceability; operational parity evidence is activation-scoped.
HRIS-SYS,sys,ROUTE,route:sys:sys/src/benitworx/router/sysRouter.js:283,WidgetDetail,sys/src/benitworx/router/sysRouter.js,283,'/hr/sys/widget/detail',@/benitworx/views/sys/widget/WidgetDetail,,REBUILD,HRIS.EXPERIENCE.COMPOSITION,HRIS_SHELL_EXPERIENCE,GET|PUT /api/platform/v1/home-preferences/surfaces/{surfaceKey}; fixed surfaceKey=hcm-home; HrisHomeContributionChanged.v1,dwp-platform-server|dwp-frontend,"Reuse the governed DWP HomePreference surface with fixed hcm-home compatibility key, a role/scope widget dashboard and a separate governed work explorer; remove free-form portal/page/menu composition as an authorization source.",PRODUCT_CORE|TENANT_CONFIG,DEC-SYS-008|SYS-GOLDEN-EXPERIENCE|tenant-negative|SoD-negative|receipt-replay,DECIDED,ROLE.HRIS_SYS_PRODUCT_OWNER,BEHAVIORAL_REIMPLEMENTATION_NO_CODE_REUSE; source artifact retained for traceability; operational parity evidence is activation-scoped.
HRIS-SYS,sys,ROUTE,route:sys:sys/src/benitworx/router/sysRouter.js:289,fileStatus,sys/src/benitworx/router/sysRouter.js,289,'/hr/sys/file-status',@/benitworx/views/sys/fileStatus/FileStatus,,REBUILD,DWP.INTEGRATION.CONTROL_PLANE,DWP_PLATFORM_INTEGRATION,GET|POST /api/platform/v1/admin/hris/connectors; dwp.hris.connector.execution.state-changed.v1,dwp-platform-server,"Replace FTP/data-sync/bulk screens with adapter registry, secret references, allowlisted endpoints, mapping versions, quarantine, replay and reconciliation receipts.",DWP_SHARED_PLATFORM|TENANT_CONFIG|EXTENSION_PACK,DEC-SYS-005|SYS-GOLDEN-INTEGRATION|tenant-negative|SoD-negative|receipt-replay,DECIDED,ROLE.HRIS_SYS_PRODUCT_OWNER,BEHAVIORAL_REIMPLEMENTATION_NO_CODE_REUSE; source artifact retained for traceability; operational parity evidence is activation-scoped.
HRIS-SYS,sys,ROUTE,route:sys:sys/src/benitworx/router/sysRouter.js:294,fileStatusDetail,sys/src/benitworx/router/sysRouter.js,294,'/hr/sys/file-status/detail',@/benitworx/views/sys/fileStatus/FileStatusDetail,,REBUILD,DWP.INTEGRATION.CONTROL_PLANE,DWP_PLATFORM_INTEGRATION,GET|POST /api/platform/v1/admin/hris/connectors; dwp.hris.connector.execution.state-changed.v1,dwp-platform-server,"Replace FTP/data-sync/bulk screens with adapter registry, secret references, allowlisted endpoints, mapping versions, quarantine, replay and reconciliation receipts.",DWP_SHARED_PLATFORM|TENANT_CONFIG|EXTENSION_PACK,DEC-SYS-005|SYS-GOLDEN-INTEGRATION|tenant-negative|SoD-negative|receipt-replay,DECIDED,ROLE.HRIS_SYS_PRODUCT_OWNER,BEHAVIORAL_REIMPLEMENTATION_NO_CODE_REUSE; source artifact retained for traceability; operational parity evidence is activation-scoped.
HRIS-SYS,sys,ROUTE,route:sys:sys/src/benitworx/router/sysRouter.js:300,FileType,sys/src/benitworx/router/sysRouter.js,300,'/hr/sys/file-type',@/benitworx/views/sys/fileType/FileType,,REBUILD,DWP.INTEGRATION.CONTROL_PLANE,DWP_PLATFORM_INTEGRATION,GET|POST /api/platform/v1/admin/hris/connectors; dwp.hris.connector.execution.state-changed.v1,dwp-platform-server,"Replace FTP/data-sync/bulk screens with adapter registry, secret references, allowlisted endpoints, mapping versions, quarantine, replay and reconciliation receipts.",DWP_SHARED_PLATFORM|TENANT_CONFIG|EXTENSION_PACK,DEC-SYS-005|SYS-GOLDEN-INTEGRATION|tenant-negative|SoD-negative|receipt-replay,DECIDED,ROLE.HRIS_SYS_PRODUCT_OWNER,BEHAVIORAL_REIMPLEMENTATION_NO_CODE_REUSE; source artifact retained for traceability; operational parity evidence is activation-scoped.
HRIS-SYS,sys,ROUTE,route:sys:sys/src/benitworx/router/sysRouter.js:305,FileDetail,sys/src/benitworx/router/sysRouter.js,305,'/hr/sys/file-type/detail',@/benitworx/views/sys/fileType/FileTypeDetail,,REBUILD,DWP.INTEGRATION.CONTROL_PLANE,DWP_PLATFORM_INTEGRATION,GET|POST /api/platform/v1/admin/hris/connectors; dwp.hris.connector.execution.state-changed.v1,dwp-platform-server,"Replace FTP/data-sync/bulk screens with adapter registry, secret references, allowlisted endpoints, mapping versions, quarantine, replay and reconciliation receipts.",DWP_SHARED_PLATFORM|TENANT_CONFIG|EXTENSION_PACK,DEC-SYS-005|SYS-GOLDEN-INTEGRATION|tenant-negative|SoD-negative|receipt-replay,DECIDED,ROLE.HRIS_SYS_PRODUCT_OWNER,BEHAVIORAL_REIMPLEMENTATION_NO_CODE_REUSE; source artifact retained for traceability; operational parity evidence is activation-scoped.
HRIS-SYS,sys,ROUTE,route:sys:sys/src/benitworx/router/sysRouter.js:310,Program,sys/src/benitworx/router/sysRouter.js,310,'/hr/sys/program',@/benitworx/views/sys/program/Program,,REUSE,DWP.IDENTITY.PRODUCT_ACCESS,DWP_AUTH_PLATFORM,GET|POST /api/auth/v1/admin/hris/access-packages; dwp.hris.access.assignment.changed.v1,dwp-auth-server,"Replace legacy menu/user ACL screens with versioned app entitlement, access package, atomic duty, scope/field policy and SoD projection.",DWP_SHARED_PLATFORM,DEC-SYS-001|SYS-GOLDEN-IDENTITY|tenant-negative|SoD-negative|receipt-replay,DECIDED,ROLE.HRIS_SYS_PRODUCT_OWNER,BEHAVIORAL_REIMPLEMENTATION_NO_CODE_REUSE; source artifact retained for traceability; operational parity evidence is activation-scoped.
HRIS-SYS,sys,ROUTE,route:sys:sys/src/benitworx/router/sysRouter.js:315,ProgramDetail,sys/src/benitworx/router/sysRouter.js,315,'/hr/sys/program/detail',@/benitworx/views/sys/program/ProgramDetail,,REUSE,DWP.IDENTITY.PRODUCT_ACCESS,DWP_AUTH_PLATFORM,GET|POST /api/auth/v1/admin/hris/access-packages; dwp.hris.access.assignment.changed.v1,dwp-auth-server,"Replace legacy menu/user ACL screens with versioned app entitlement, access package, atomic duty, scope/field policy and SoD projection.",DWP_SHARED_PLATFORM,DEC-SYS-001|SYS-GOLDEN-IDENTITY|tenant-negative|SoD-negative|receipt-replay,DECIDED,ROLE.HRIS_SYS_PRODUCT_OWNER,BEHAVIORAL_REIMPLEMENTATION_NO_CODE_REUSE; source artifact retained for traceability; operational parity evidence is activation-scoped.
HRIS-SYS,sys,ROUTE,route:sys:sys/src/benitworx/router/sysRouter.js:321,Portal,sys/src/benitworx/router/sysRouter.js,321,'/hr/sys/portal',@/benitworx/views/sys/portal/Portal,,REBUILD,HRIS.EXPERIENCE.COMPOSITION,HRIS_SHELL_EXPERIENCE,GET|PUT /api/platform/v1/home-preferences/surfaces/{surfaceKey}; fixed surfaceKey=hcm-home; HrisHomeContributionChanged.v1,dwp-platform-server|dwp-frontend,"Reuse the governed DWP HomePreference surface with fixed hcm-home compatibility key, a role/scope widget dashboard and a separate governed work explorer; remove free-form portal/page/menu composition as an authorization source.",PRODUCT_CORE|TENANT_CONFIG,DEC-SYS-008|SYS-GOLDEN-EXPERIENCE|tenant-negative|SoD-negative|receipt-replay,DECIDED,ROLE.HRIS_SYS_PRODUCT_OWNER,BEHAVIORAL_REIMPLEMENTATION_NO_CODE_REUSE; source artifact retained for traceability; operational parity evidence is activation-scoped.
HRIS-SYS,sys,ROUTE,route:sys:sys/src/benitworx/router/sysRouter.js:326,PortalDetail,sys/src/benitworx/router/sysRouter.js,326,'/hr/sys/portal/detail',@/benitworx/views/sys/portal/PortalDetail,,REBUILD,HRIS.EXPERIENCE.COMPOSITION,HRIS_SHELL_EXPERIENCE,GET|PUT /api/platform/v1/home-preferences/surfaces/{surfaceKey}; fixed surfaceKey=hcm-home; HrisHomeContributionChanged.v1,dwp-platform-server|dwp-frontend,"Reuse the governed DWP HomePreference surface with fixed hcm-home compatibility key, a role/scope widget dashboard and a separate governed work explorer; remove free-form portal/page/menu composition as an authorization source.",PRODUCT_CORE|TENANT_CONFIG,DEC-SYS-008|SYS-GOLDEN-EXPERIENCE|tenant-negative|SoD-negative|receipt-replay,DECIDED,ROLE.HRIS_SYS_PRODUCT_OWNER,BEHAVIORAL_REIMPLEMENTATION_NO_CODE_REUSE; source artifact retained for traceability; operational parity evidence is activation-scoped.
HRIS-SYS,sys,ROUTE,route:sys:sys/src/benitworx/router/sysRouter.js:332,BusinessUnit,sys/src/benitworx/router/sysRouter.js,332,'/hr/sys/business-unit',@/benitworx/views/sys/businessUnit/businessUnit,,REUSE,DWP.TENANT.ENTERPRISE_DIRECTORY,DWP_TENANT_ENTERPRISE,GET|POST /api/provider/v1/admin/tenants; TenantConfigurationChanged.v1,dwp-provider-server,Reuse DWP tenant and People enterprise masters; remove duplicated SYS employee and organization stores and consume versioned projections.,DWP_SHARED_PLATFORM,DEC-SYS-002|SYS-GOLDEN-TENANT|tenant-negative|SoD-negative|receipt-replay,DECIDED,ROLE.HRIS_SYS_PRODUCT_OWNER,BEHAVIORAL_REIMPLEMENTATION_NO_CODE_REUSE; source artifact retained for traceability; operational parity evidence is activation-scoped.
HRIS-SYS,sys,ROUTE,route:sys:sys/src/benitworx/router/sysRouter.js:337,BusinessUnitDetail,sys/src/benitworx/router/sysRouter.js,337,'/hr/sys/business-unit/detail',@/benitworx/views/sys/businessUnit/businessUnitDetail,,REUSE,DWP.TENANT.ENTERPRISE_DIRECTORY,DWP_TENANT_ENTERPRISE,GET|POST /api/provider/v1/admin/tenants; TenantConfigurationChanged.v1,dwp-provider-server,Reuse DWP tenant and People enterprise masters; remove duplicated SYS employee and organization stores and consume versioned projections.,DWP_SHARED_PLATFORM,DEC-SYS-002|SYS-GOLDEN-TENANT|tenant-negative|SoD-negative|receipt-replay,DECIDED,ROLE.HRIS_SYS_PRODUCT_OWNER,BEHAVIORAL_REIMPLEMENTATION_NO_CODE_REUSE; source artifact retained for traceability; operational parity evidence is activation-scoped.
HRIS-SYS,sys,ROUTE,route:sys:sys/src/benitworx/router/sysRouter.js:342,MailSend,sys/src/benitworx/router/sysRouter.js,342,'/hr/sys/accesslog/mail-send',@/benitworx/views/sys/accesslog/AccessMailSend,,REUSE,DWP.GOVERNANCE.AUDIT_EVIDENCE,DWP_AUDIT_GOVERNANCE,GET /api/platform/v1/admin/audit-control/events; AuditEvidenceExported.v1,dwp-platform-server,"Consolidate access, API, export, file and delivery history into purpose-bound immutable evidence views with masking, retention and controlled export.",DWP_SHARED_PLATFORM,DEC-SYS-009|SYS-GOLDEN-AUDIT|tenant-negative|SoD-negative|receipt-replay,DECIDED,ROLE.HRIS_SYS_PRODUCT_OWNER,BEHAVIORAL_REIMPLEMENTATION_NO_CODE_REUSE; source artifact retained for traceability; operational parity evidence is activation-scoped.
HRIS-SYS,sys,ROUTE,route:sys:sys/src/benitworx/router/sysRouter.js:347,MailSendDetail,sys/src/benitworx/router/sysRouter.js,347,'/hr/sys/accesslog/mail-send/detail',@/benitworx/views/sys/accesslog/AccessMailSendDetail,,REUSE,DWP.GOVERNANCE.AUDIT_EVIDENCE,DWP_AUDIT_GOVERNANCE,GET /api/platform/v1/admin/audit-control/events; AuditEvidenceExported.v1,dwp-platform-server,"Consolidate access, API, export, file and delivery history into purpose-bound immutable evidence views with masking, retention and controlled export.",DWP_SHARED_PLATFORM,DEC-SYS-009|SYS-GOLDEN-AUDIT|tenant-negative|SoD-negative|receipt-replay,DECIDED,ROLE.HRIS_SYS_PRODUCT_OWNER,BEHAVIORAL_REIMPLEMENTATION_NO_CODE_REUSE; source artifact retained for traceability; operational parity evidence is activation-scoped.
HRIS-SYS,sys,ROUTE,route:sys:sys/src/benitworx/router/sysRouter.js:352,NotfcSend,sys/src/benitworx/router/sysRouter.js,352,'/hr/sys/accesslog/notfc-send',@/benitworx/views/sys/accesslog/AccessNotfcSend,,REUSE,DWP.GOVERNANCE.AUDIT_EVIDENCE,DWP_AUDIT_GOVERNANCE,GET /api/platform/v1/admin/audit-control/events; AuditEvidenceExported.v1,dwp-platform-server,"Consolidate access, API, export, file and delivery history into purpose-bound immutable evidence views with masking, retention and controlled export.",DWP_SHARED_PLATFORM,DEC-SYS-009|SYS-GOLDEN-AUDIT|tenant-negative|SoD-negative|receipt-replay,DECIDED,ROLE.HRIS_SYS_PRODUCT_OWNER,BEHAVIORAL_REIMPLEMENTATION_NO_CODE_REUSE; source artifact retained for traceability; operational parity evidence is activation-scoped.
HRIS-SYS,sys,ROUTE,route:sys:sys/src/benitworx/router/sysRouter.js:357,NotfcSendDetail,sys/src/benitworx/router/sysRouter.js,357,'/hr/sys/accesslog/notfc-send/detail',@/benitworx/views/sys/accesslog/AccessNotfcSendDetail,,REUSE,DWP.GOVERNANCE.AUDIT_EVIDENCE,DWP_AUDIT_GOVERNANCE,GET /api/platform/v1/admin/audit-control/events; AuditEvidenceExported.v1,dwp-platform-server,"Consolidate access, API, export, file and delivery history into purpose-bound immutable evidence views with masking, retention and controlled export.",DWP_SHARED_PLATFORM,DEC-SYS-009|SYS-GOLDEN-AUDIT|tenant-negative|SoD-negative|receipt-replay,DECIDED,ROLE.HRIS_SYS_PRODUCT_OWNER,BEHAVIORAL_REIMPLEMENTATION_NO_CODE_REUSE; source artifact retained for traceability; operational parity evidence is activation-scoped.
HRIS-SYS,sys,ROUTE,route:sys:sys/src/benitworx/router/sysRouter.js:362,MenuAccess,sys/src/benitworx/router/sysRouter.js,362,'/hr/sys/accesslog/menu',@/benitworx/views/sys/accesslog/AccessMenu,,REUSE,DWP.GOVERNANCE.AUDIT_EVIDENCE,DWP_AUDIT_GOVERNANCE,GET /api/platform/v1/admin/audit-control/events; AuditEvidenceExported.v1,dwp-platform-server,"Consolidate access, API, export, file and delivery history into purpose-bound immutable evidence views with masking, retention and controlled export.",DWP_SHARED_PLATFORM,DEC-SYS-009|SYS-GOLDEN-AUDIT|tenant-negative|SoD-negative|receipt-replay,DECIDED,ROLE.HRIS_SYS_PRODUCT_OWNER,BEHAVIORAL_REIMPLEMENTATION_NO_CODE_REUSE; source artifact retained for traceability; operational parity evidence is activation-scoped.
HRIS-SYS,sys,ROUTE,route:sys:sys/src/benitworx/router/sysRouter.js:368,Bizplc,sys/src/benitworx/router/sysRouter.js,368,'/hr/sys/bizplc',@/benitworx/views/sys/bizplc/bizplc,,REUSE,DWP.TENANT.ENTERPRISE_DIRECTORY,DWP_TENANT_ENTERPRISE,GET|POST /api/provider/v1/admin/tenants; TenantConfigurationChanged.v1,dwp-provider-server,Reuse DWP tenant and People enterprise masters; remove duplicated SYS employee and organization stores and consume versioned projections.,DWP_SHARED_PLATFORM,DEC-SYS-002|SYS-GOLDEN-TENANT|tenant-negative|SoD-negative|receipt-replay,DECIDED,ROLE.HRIS_SYS_PRODUCT_OWNER,BEHAVIORAL_REIMPLEMENTATION_NO_CODE_REUSE; source artifact retained for traceability; operational parity evidence is activation-scoped.
HRIS-SYS,sys,ROUTE,route:sys:sys/src/benitworx/router/sysRouter.js:373,BizplcDetail,sys/src/benitworx/router/sysRouter.js,373,'/hr/sys/bizplc/detail',@/benitworx/views/sys/bizplc/bizplcDetail,,REUSE,DWP.TENANT.ENTERPRISE_DIRECTORY,DWP_TENANT_ENTERPRISE,GET|POST /api/provider/v1/admin/tenants; TenantConfigurationChanged.v1,dwp-provider-server,Reuse DWP tenant and People enterprise masters; remove duplicated SYS employee and organization stores and consume versioned projections.,DWP_SHARED_PLATFORM,DEC-SYS-002|SYS-GOLDEN-TENANT|tenant-negative|SoD-negative|receipt-replay,DECIDED,ROLE.HRIS_SYS_PRODUCT_OWNER,BEHAVIORAL_REIMPLEMENTATION_NO_CODE_REUSE; source artifact retained for traceability; operational parity evidence is activation-scoped.
HRIS-SYS,sys,ROUTE,route:sys:sys/src/benitworx/router/sysRouter.js:379,CalendarMng,sys/src/benitworx/router/sysRouter.js,379,'/hr/sys/calendar-mng',@/benitworx/views/sys/calendar/CalendarMng,,CONFIGURE,HRIS.CONFIG.REFERENCE_DATA,HRIS_CONFIGURATION,GET|POST /api/platform/v1/admin/hris/configurations; HrisReferenceDataPublished.v1,dwp-platform-server,"Consolidate list/detail screens into a typed, effective-dated reference-data studio with validation, simulation, approval and publish lifecycle.",PRODUCT_CORE|TENANT_CONFIG,DEC-SYS-003|SYS-GOLDEN-REFERENCE|tenant-negative|SoD-negative|receipt-replay,DECIDED,ROLE.HRIS_SYS_PRODUCT_OWNER,BEHAVIORAL_REIMPLEMENTATION_NO_CODE_REUSE; source artifact retained for traceability; operational parity evidence is activation-scoped.
HRIS-SYS,sys,ROUTE,route:sys:sys/src/benitworx/router/sysRouter.js:384,CalendarSchdDetail,sys/src/benitworx/router/sysRouter.js,384,'/hr/sys/calendar-schd-detail',@/benitworx/views/sys/calendar/popup/CalendarSchdDetail,,CONFIGURE,HRIS.CONFIG.REFERENCE_DATA,HRIS_CONFIGURATION,GET|POST /api/platform/v1/admin/hris/configurations; HrisReferenceDataPublished.v1,dwp-platform-server,"Consolidate list/detail screens into a typed, effective-dated reference-data studio with validation, simulation, approval and publish lifecycle.",PRODUCT_CORE|TENANT_CONFIG,DEC-SYS-003|SYS-GOLDEN-REFERENCE|tenant-negative|SoD-negative|receipt-replay,DECIDED,ROLE.HRIS_SYS_PRODUCT_OWNER,BEHAVIORAL_REIMPLEMENTATION_NO_CODE_REUSE; source artifact retained for traceability; operational parity evidence is activation-scoped.
HRIS-SYS,sys,ROUTE,route:sys:sys/src/benitworx/router/sysRouter.js:389,CalendarDetail,sys/src/benitworx/router/sysRouter.js,389,'/hr/sys/calendar/detail',@/benitworx/views/sys/calendar/CalendarDetail,,CONFIGURE,HRIS.CONFIG.REFERENCE_DATA,HRIS_CONFIGURATION,GET|POST /api/platform/v1/admin/hris/configurations; HrisReferenceDataPublished.v1,dwp-platform-server,"Consolidate list/detail screens into a typed, effective-dated reference-data studio with validation, simulation, approval and publish lifecycle.",PRODUCT_CORE|TENANT_CONFIG,DEC-SYS-003|SYS-GOLDEN-REFERENCE|tenant-negative|SoD-negative|receipt-replay,DECIDED,ROLE.HRIS_SYS_PRODUCT_OWNER,BEHAVIORAL_REIMPLEMENTATION_NO_CODE_REUSE; source artifact retained for traceability; operational parity evidence is activation-scoped.
HRIS-SYS,sys,ROUTE,route:sys:sys/src/benitworx/router/sysRouter.js:395,ComOrganization,sys/src/benitworx/router/sysRouter.js,395,'/hr/sys/com-organization',@/benitworx/views/sys/comOrganization/ComOrganization,,REUSE,DWP.TENANT.ENTERPRISE_DIRECTORY,DWP_TENANT_ENTERPRISE,GET|POST /api/provider/v1/admin/tenants; TenantConfigurationChanged.v1,dwp-provider-server,Reuse DWP tenant and People enterprise masters; remove duplicated SYS employee and organization stores and consume versioned projections.,DWP_SHARED_PLATFORM,DEC-SYS-002|SYS-GOLDEN-TENANT|tenant-negative|SoD-negative|receipt-replay,DECIDED,ROLE.HRIS_SYS_PRODUCT_OWNER,BEHAVIORAL_REIMPLEMENTATION_NO_CODE_REUSE; source artifact retained for traceability; operational parity evidence is activation-scoped.
HRIS-SYS,sys,ROUTE,route:sys:sys/src/benitworx/router/sysRouter.js:400,ComOrganizationDetail,sys/src/benitworx/router/sysRouter.js,400,'/hr/sys/com-organization/detail',@/benitworx/views/sys/comOrganization/ComOrganizationDetail,,REUSE,DWP.TENANT.ENTERPRISE_DIRECTORY,DWP_TENANT_ENTERPRISE,GET|POST /api/provider/v1/admin/tenants; TenantConfigurationChanged.v1,dwp-provider-server,Reuse DWP tenant and People enterprise masters; remove duplicated SYS employee and organization stores and consume versioned projections.,DWP_SHARED_PLATFORM,DEC-SYS-002|SYS-GOLDEN-TENANT|tenant-negative|SoD-negative|receipt-replay,DECIDED,ROLE.HRIS_SYS_PRODUCT_OWNER,BEHAVIORAL_REIMPLEMENTATION_NO_CODE_REUSE; source artifact retained for traceability; operational parity evidence is activation-scoped.
HRIS-SYS,sys,ROUTE,route:sys:sys/src/benitworx/router/sysRouter.js:405,comEmployee,sys/src/benitworx/router/sysRouter.js,405,'/hr/sys/com-employee',@/benitworx/views/sys/comEmployee/ComEmployee,,REUSE,DWP.TENANT.ENTERPRISE_DIRECTORY,DWP_TENANT_ENTERPRISE,GET|POST /api/provider/v1/admin/tenants; TenantConfigurationChanged.v1,dwp-provider-server,Reuse DWP tenant and People enterprise masters; remove duplicated SYS employee and organization stores and consume versioned projections.,DWP_SHARED_PLATFORM,DEC-SYS-002|SYS-GOLDEN-TENANT|tenant-negative|SoD-negative|receipt-replay,DECIDED,ROLE.HRIS_SYS_PRODUCT_OWNER,BEHAVIORAL_REIMPLEMENTATION_NO_CODE_REUSE; source artifact retained for traceability; operational parity evidence is activation-scoped.
HRIS-SYS,sys,ROUTE,route:sys:sys/src/benitworx/router/sysRouter.js:410,comEmployeeDetail,sys/src/benitworx/router/sysRouter.js,410,'/hr/sys/com-employee/detail',@/benitworx/views/sys/comEmployee/ComEmployeeDetail,,REUSE,DWP.TENANT.ENTERPRISE_DIRECTORY,DWP_TENANT_ENTERPRISE,GET|POST /api/provider/v1/admin/tenants; TenantConfigurationChanged.v1,dwp-provider-server,Reuse DWP tenant and People enterprise masters; remove duplicated SYS employee and organization stores and consume versioned projections.,DWP_SHARED_PLATFORM,DEC-SYS-002|SYS-GOLDEN-TENANT|tenant-negative|SoD-negative|receipt-replay,DECIDED,ROLE.HRIS_SYS_PRODUCT_OWNER,BEHAVIORAL_REIMPLEMENTATION_NO_CODE_REUSE; source artifact retained for traceability; operational parity evidence is activation-scoped.
HRIS-SYS,sys,ROUTE,route:sys:sys/src/benitworx/router/sysRouter.js:416,Page,sys/src/benitworx/router/sysRouter.js,416,'/hr/sys/page',@/benitworx/views/sys/page/Page,,REUSE,DWP.IDENTITY.PRODUCT_ACCESS,DWP_AUTH_PLATFORM,GET|POST /api/auth/v1/admin/hris/access-packages; dwp.hris.access.assignment.changed.v1,dwp-auth-server,"Replace legacy menu/user ACL screens with versioned app entitlement, access package, atomic duty, scope/field policy and SoD projection.",DWP_SHARED_PLATFORM,DEC-SYS-001|SYS-GOLDEN-IDENTITY|tenant-negative|SoD-negative|receipt-replay,DECIDED,ROLE.HRIS_SYS_PRODUCT_OWNER,BEHAVIORAL_REIMPLEMENTATION_NO_CODE_REUSE; source artifact retained for traceability; operational parity evidence is activation-scoped.
HRIS-SYS,sys,ROUTE,route:sys:sys/src/benitworx/router/sysRouter.js:421,PageDetail,sys/src/benitworx/router/sysRouter.js,421,'/hr/sys/page/detail',@/benitworx/views/sys/page/PageDetail,,REUSE,DWP.IDENTITY.PRODUCT_ACCESS,DWP_AUTH_PLATFORM,GET|POST /api/auth/v1/admin/hris/access-packages; dwp.hris.access.assignment.changed.v1,dwp-auth-server,"Replace legacy menu/user ACL screens with versioned app entitlement, access package, atomic duty, scope/field policy and SoD projection.",DWP_SHARED_PLATFORM,DEC-SYS-001|SYS-GOLDEN-IDENTITY|tenant-negative|SoD-negative|receipt-replay,DECIDED,ROLE.HRIS_SYS_PRODUCT_OWNER,BEHAVIORAL_REIMPLEMENTATION_NO_CODE_REUSE; source artifact retained for traceability; operational parity evidence is activation-scoped.
HRIS-SYS,sys,ROUTE,route:sys:sys/src/benitworx/router/sysRouter.js:427,Approval,sys/src/benitworx/router/sysRouter.js,427,'/hr/sys/approval',@/benitworx/views/sys/approvalSubmit/Approval,,REUSE,DWP.APPROVAL.WORKFLOW,DWP_APPROVAL_PLATFORM,GET|POST /api/approvals/v1/admin/policies; ApprovalCaseStateChanged.v1,dwp-approval-server,Map HRIS approval semantics to the DWP approval service; keep domain command guards and evidence in the owner service instead of duplicating an approval engine.,DWP_SHARED_PLATFORM|TENANT_CONFIG,DEC-SYS-006|SYS-GOLDEN-WORKFLOW|tenant-negative|SoD-negative|receipt-replay,DECIDED,ROLE.HRIS_SYS_PRODUCT_OWNER,BEHAVIORAL_REIMPLEMENTATION_NO_CODE_REUSE; source artifact retained for traceability; operational parity evidence is activation-scoped.
HRIS-SYS,sys,ROUTE,route:sys:sys/src/benitworx/router/sysRouter.js:432,ApprovalDetail,sys/src/benitworx/router/sysRouter.js,432,'/hr/sys/approval/detail',@/benitworx/views/sys/approvalSubmit/ApprovalDetail,,REUSE,DWP.APPROVAL.WORKFLOW,DWP_APPROVAL_PLATFORM,GET|POST /api/approvals/v1/admin/policies; ApprovalCaseStateChanged.v1,dwp-approval-server,Map HRIS approval semantics to the DWP approval service; keep domain command guards and evidence in the owner service instead of duplicating an approval engine.,DWP_SHARED_PLATFORM|TENANT_CONFIG,DEC-SYS-006|SYS-GOLDEN-WORKFLOW|tenant-negative|SoD-negative|receipt-replay,DECIDED,ROLE.HRIS_SYS_PRODUCT_OWNER,BEHAVIORAL_REIMPLEMENTATION_NO_CODE_REUSE; source artifact retained for traceability; operational parity evidence is activation-scoped.
HRIS-SYS,sys,ROUTE,route:sys:sys/src/benitworx/router/sysRouter.js:438,ApprovalLine,sys/src/benitworx/router/sysRouter.js,438,'/hr/sys/approvalLine',@/benitworx/views/sys/approval/ApprovalLine,,REUSE,DWP.APPROVAL.WORKFLOW,DWP_APPROVAL_PLATFORM,GET|POST /api/approvals/v1/admin/policies; ApprovalCaseStateChanged.v1,dwp-approval-server,Map HRIS approval semantics to the DWP approval service; keep domain command guards and evidence in the owner service instead of duplicating an approval engine.,DWP_SHARED_PLATFORM|TENANT_CONFIG,DEC-SYS-006|SYS-GOLDEN-WORKFLOW|tenant-negative|SoD-negative|receipt-replay,DECIDED,ROLE.HRIS_SYS_PRODUCT_OWNER,BEHAVIORAL_REIMPLEMENTATION_NO_CODE_REUSE; source artifact retained for traceability; operational parity evidence is activation-scoped.
HRIS-SYS,sys,ROUTE,route:sys:sys/src/benitworx/router/sysRouter.js:443,ApprovalLineDetail,sys/src/benitworx/router/sysRouter.js,443,'/hr/sys/approvalLine/detail',@/benitworx/views/sys/approval/ApprovalLineDetail,,REUSE,DWP.APPROVAL.WORKFLOW,DWP_APPROVAL_PLATFORM,GET|POST /api/approvals/v1/admin/policies; ApprovalCaseStateChanged.v1,dwp-approval-server,Map HRIS approval semantics to the DWP approval service; keep domain command guards and evidence in the owner service instead of duplicating an approval engine.,DWP_SHARED_PLATFORM|TENANT_CONFIG,DEC-SYS-006|SYS-GOLDEN-WORKFLOW|tenant-negative|SoD-negative|receipt-replay,DECIDED,ROLE.HRIS_SYS_PRODUCT_OWNER,BEHAVIORAL_REIMPLEMENTATION_NO_CODE_REUSE; source artifact retained for traceability; operational parity evidence is activation-scoped.
HRIS-SYS,sys,ROUTE,route:sys:sys/src/benitworx/router/sysRouter.js:449,Approvaler,sys/src/benitworx/router/sysRouter.js,449,'/hr/sys/approvaler',@/benitworx/views/sys/approval/Approvaler,,REUSE,DWP.APPROVAL.WORKFLOW,DWP_APPROVAL_PLATFORM,GET|POST /api/approvals/v1/admin/policies; ApprovalCaseStateChanged.v1,dwp-approval-server,Map HRIS approval semantics to the DWP approval service; keep domain command guards and evidence in the owner service instead of duplicating an approval engine.,DWP_SHARED_PLATFORM|TENANT_CONFIG,DEC-SYS-006|SYS-GOLDEN-WORKFLOW|tenant-negative|SoD-negative|receipt-replay,DECIDED,ROLE.HRIS_SYS_PRODUCT_OWNER,BEHAVIORAL_REIMPLEMENTATION_NO_CODE_REUSE; source artifact retained for traceability; operational parity evidence is activation-scoped.
HRIS-SYS,sys,ROUTE,route:sys:sys/src/benitworx/router/sysRouter.js:454,ApprovalerDetail,sys/src/benitworx/router/sysRouter.js,454,'/hr/sys/approvaler/detail',@/benitworx/views/sys/approval/ApprovalerDetail,,REUSE,DWP.APPROVAL.WORKFLOW,DWP_APPROVAL_PLATFORM,GET|POST /api/approvals/v1/admin/policies; ApprovalCaseStateChanged.v1,dwp-approval-server,Map HRIS approval semantics to the DWP approval service; keep domain command guards and evidence in the owner service instead of duplicating an approval engine.,DWP_SHARED_PLATFORM|TENANT_CONFIG,DEC-SYS-006|SYS-GOLDEN-WORKFLOW|tenant-negative|SoD-negative|receipt-replay,DECIDED,ROLE.HRIS_SYS_PRODUCT_OWNER,BEHAVIORAL_REIMPLEMENTATION_NO_CODE_REUSE; source artifact retained for traceability; operational parity evidence is activation-scoped.
HRIS-SYS,sys,ROUTE,route:sys:sys/src/benitworx/router/sysRouter.js:460,ApprovalStandard,sys/src/benitworx/router/sysRouter.js,460,'/hr/sys/approvalStandard',@/benitworx/views/sys/approval/ApprovalStandard,,REUSE,DWP.APPROVAL.WORKFLOW,DWP_APPROVAL_PLATFORM,GET|POST /api/approvals/v1/admin/policies; ApprovalCaseStateChanged.v1,dwp-approval-server,Map HRIS approval semantics to the DWP approval service; keep domain command guards and evidence in the owner service instead of duplicating an approval engine.,DWP_SHARED_PLATFORM|TENANT_CONFIG,DEC-SYS-006|SYS-GOLDEN-WORKFLOW|tenant-negative|SoD-negative|receipt-replay,DECIDED,ROLE.HRIS_SYS_PRODUCT_OWNER,BEHAVIORAL_REIMPLEMENTATION_NO_CODE_REUSE; source artifact retained for traceability; operational parity evidence is activation-scoped.
HRIS-SYS,sys,ROUTE,route:sys:sys/src/benitworx/router/sysRouter.js:465,ApprovalStandardDetail,sys/src/benitworx/router/sysRouter.js,465,'/hr/sys/approvalStandard/detail',@/benitworx/views/sys/approval/ApprovalStandardDetail,,REUSE,DWP.APPROVAL.WORKFLOW,DWP_APPROVAL_PLATFORM,GET|POST /api/approvals/v1/admin/policies; ApprovalCaseStateChanged.v1,dwp-approval-server,Map HRIS approval semantics to the DWP approval service; keep domain command guards and evidence in the owner service instead of duplicating an approval engine.,DWP_SHARED_PLATFORM|TENANT_CONFIG,DEC-SYS-006|SYS-GOLDEN-WORKFLOW|tenant-negative|SoD-negative|receipt-replay,DECIDED,ROLE.HRIS_SYS_PRODUCT_OWNER,BEHAVIORAL_REIMPLEMENTATION_NO_CODE_REUSE; source artifact retained for traceability; operational parity evidence is activation-scoped.
HRIS-SYS,sys,ROUTE,route:sys:sys/src/benitworx/router/sysRouter.js:471,ApprovalSubmit,sys/src/benitworx/router/sysRouter.js,471,'/hr/sys/approvalSubmit',@/benitworx/views/sys/approvalSubmit/ApprovalSubmit,,REUSE,DWP.APPROVAL.WORKFLOW,DWP_APPROVAL_PLATFORM,GET|POST /api/approvals/v1/admin/policies; ApprovalCaseStateChanged.v1,dwp-approval-server,Map HRIS approval semantics to the DWP approval service; keep domain command guards and evidence in the owner service instead of duplicating an approval engine.,DWP_SHARED_PLATFORM|TENANT_CONFIG,DEC-SYS-006|SYS-GOLDEN-WORKFLOW|tenant-negative|SoD-negative|receipt-replay,DECIDED,ROLE.HRIS_SYS_PRODUCT_OWNER,BEHAVIORAL_REIMPLEMENTATION_NO_CODE_REUSE; source artifact retained for traceability; operational parity evidence is activation-scoped.
HRIS-SYS,sys,ROUTE,route:sys:sys/src/benitworx/router/sysRouter.js:476,ApprovalSubmitDetail,sys/src/benitworx/router/sysRouter.js,476,'/hr/sys/approvalSubmit/detail',@/benitworx/views/sys/approvalSubmit/ApprovalSubmitDetail,,REUSE,DWP.APPROVAL.WORKFLOW,DWP_APPROVAL_PLATFORM,GET|POST /api/approvals/v1/admin/policies; ApprovalCaseStateChanged.v1,dwp-approval-server,Map HRIS approval semantics to the DWP approval service; keep domain command guards and evidence in the owner service instead of duplicating an approval engine.,DWP_SHARED_PLATFORM|TENANT_CONFIG,DEC-SYS-006|SYS-GOLDEN-WORKFLOW|tenant-negative|SoD-negative|receipt-replay,DECIDED,ROLE.HRIS_SYS_PRODUCT_OWNER,BEHAVIORAL_REIMPLEMENTATION_NO_CODE_REUSE; source artifact retained for traceability; operational parity evidence is activation-scoped.
HRIS-SYS,sys,ROUTE,route:sys:sys/src/benitworx/router/sysRouter.js:482,Certification,sys/src/benitworx/router/sysRouter.js,482,'/hr/sys/certification',@/benitworx/views/sys/certification/Certification,,REBUILD,DWP.OBJECT.CONTROLLED_TRANSFER,DWP_FILE_PLATFORM,GET|POST /api/platform/v1/admin/hris/file-transfers; ControlledTransferCompleted.v1,dwp-platform-server,"Use object references, malware scanning, digest, expiry, encrypted transfer and download audit; never store credentials or arbitrary paths in HRIS configuration.",DWP_SHARED_PLATFORM|EXTENSION_PACK,DEC-SYS-011|SYS-GOLDEN-FILES|tenant-negative|SoD-negative|receipt-replay,DECIDED,ROLE.HRIS_SYS_PRODUCT_OWNER,BEHAVIORAL_REIMPLEMENTATION_NO_CODE_REUSE; source artifact retained for traceability; operational parity evidence is activation-scoped.
HRIS-SYS,sys,ROUTE,route:sys:sys/src/benitworx/router/sysRouter.js:487,CertificationDetail,sys/src/benitworx/router/sysRouter.js,487,'/hr/sys/certification/detail',@/benitworx/views/sys/certification/CertificationDetail,,REBUILD,DWP.OBJECT.CONTROLLED_TRANSFER,DWP_FILE_PLATFORM,GET|POST /api/platform/v1/admin/hris/file-transfers; ControlledTransferCompleted.v1,dwp-platform-server,"Use object references, malware scanning, digest, expiry, encrypted transfer and download audit; never store credentials or arbitrary paths in HRIS configuration.",DWP_SHARED_PLATFORM|EXTENSION_PACK,DEC-SYS-011|SYS-GOLDEN-FILES|tenant-negative|SoD-negative|receipt-replay,DECIDED,ROLE.HRIS_SYS_PRODUCT_OWNER,BEHAVIORAL_REIMPLEMENTATION_NO_CODE_REUSE; source artifact retained for traceability; operational parity evidence is activation-scoped.
HRIS-SYS,sys,ROUTE,route:sys:sys/src/benitworx/router/sysRouter.js:492,RoleUserHist,sys/src/benitworx/router/sysRouter.js,492,'/hr/sys/role-user-hist',@/benitworx/views/sys/role/RoleUserHist,,REUSE,DWP.GOVERNANCE.AUDIT_EVIDENCE,DWP_AUDIT_GOVERNANCE,GET /api/platform/v1/admin/audit-control/events; AuditEvidenceExported.v1,dwp-platform-server,"Consolidate access, API, export, file and delivery history into purpose-bound immutable evidence views with masking, retention and controlled export.",DWP_SHARED_PLATFORM,DEC-SYS-009|SYS-GOLDEN-AUDIT|tenant-negative|SoD-negative|receipt-replay,DECIDED,ROLE.HRIS_SYS_PRODUCT_OWNER,BEHAVIORAL_REIMPLEMENTATION_NO_CODE_REUSE; source artifact retained for traceability; operational parity evidence is activation-scoped.
HRIS-SYS,sys,ROUTE,route:sys:sys/src/benitworx/router/sysRouter.js:497,UserHist,sys/src/benitworx/router/sysRouter.js,497,'/hr/sys/user-hist',@/benitworx/views/sys/user/UserHist,,REUSE,DWP.GOVERNANCE.AUDIT_EVIDENCE,DWP_AUDIT_GOVERNANCE,GET /api/platform/v1/admin/audit-control/events; AuditEvidenceExported.v1,dwp-platform-server,"Consolidate access, API, export, file and delivery history into purpose-bound immutable evidence views with masking, retention and controlled export.",DWP_SHARED_PLATFORM,DEC-SYS-009|SYS-GOLDEN-AUDIT|tenant-negative|SoD-negative|receipt-replay,DECIDED,ROLE.HRIS_SYS_PRODUCT_OWNER,BEHAVIORAL_REIMPLEMENTATION_NO_CODE_REUSE; source artifact retained for traceability; operational parity evidence is activation-scoped.
HRIS-SYS,sys,ROUTE,route:sys:sys/src/benitworx/router/sysRouter.js:503,userAccessStats,sys/src/benitworx/router/sysRouter.js,503,'/hr/sys/userAccessStats',@/benitworx/views/sys/user/userAccessStats,,REUSE,DWP.GOVERNANCE.AUDIT_EVIDENCE,DWP_AUDIT_GOVERNANCE,GET /api/platform/v1/admin/audit-control/events; AuditEvidenceExported.v1,dwp-platform-server,"Consolidate access, API, export, file and delivery history into purpose-bound immutable evidence views with masking, retention and controlled export.",DWP_SHARED_PLATFORM,DEC-SYS-009|SYS-GOLDEN-AUDIT|tenant-negative|SoD-negative|receipt-replay,DECIDED,ROLE.HRIS_SYS_PRODUCT_OWNER,BEHAVIORAL_REIMPLEMENTATION_NO_CODE_REUSE; source artifact retained for traceability; operational parity evidence is activation-scoped.
HRIS-SYS,sys,ROUTE,route:sys:sys/src/benitworx/router/sysRouter.js:509,LogLevel,sys/src/benitworx/router/sysRouter.js,509,'/hr/sys/loglevel',@/benitworx/views/sys/accesslog/LogLevel,,REUSE,DWP.GOVERNANCE.AUDIT_EVIDENCE,DWP_AUDIT_GOVERNANCE,GET /api/platform/v1/admin/audit-control/events; AuditEvidenceExported.v1,dwp-platform-server,"Consolidate access, API, export, file and delivery history into purpose-bound immutable evidence views with masking, retention and controlled export.",DWP_SHARED_PLATFORM,DEC-SYS-009|SYS-GOLDEN-AUDIT|tenant-negative|SoD-negative|receipt-replay,DECIDED,ROLE.HRIS_SYS_PRODUCT_OWNER,BEHAVIORAL_REIMPLEMENTATION_NO_CODE_REUSE; source artifact retained for traceability; operational parity evidence is activation-scoped.
HRIS-SYS,sys,ROUTE,route:sys:sys/src/benitworx/router/sysRouter.js:514,Auth,sys/src/benitworx/router/sysRouter.js,514,'/hr/sys/auth',@/benitworx/views/sys/auth/Auth,,REUSE,DWP.IDENTITY.PRODUCT_ACCESS,DWP_AUTH_PLATFORM,GET|POST /api/auth/v1/admin/hris/access-packages; dwp.hris.access.assignment.changed.v1,dwp-auth-server,"Replace legacy menu/user ACL screens with versioned app entitlement, access package, atomic duty, scope/field policy and SoD projection.",DWP_SHARED_PLATFORM,DEC-SYS-001|SYS-GOLDEN-IDENTITY|tenant-negative|SoD-negative|receipt-replay,DECIDED,ROLE.HRIS_SYS_PRODUCT_OWNER,BEHAVIORAL_REIMPLEMENTATION_NO_CODE_REUSE; source artifact retained for traceability; operational parity evidence is activation-scoped.
HRIS-SYS,sys,ROUTE,route:sys:sys/src/benitworx/router/sysRouter.js:519,AuthDetail,sys/src/benitworx/router/sysRouter.js,519,'/hr/sys/auth/detail',@/benitworx/views/sys/auth/AuthDetail,,REUSE,DWP.IDENTITY.PRODUCT_ACCESS,DWP_AUTH_PLATFORM,GET|POST /api/auth/v1/admin/hris/access-packages; dwp.hris.access.assignment.changed.v1,dwp-auth-server,"Replace legacy menu/user ACL screens with versioned app entitlement, access package, atomic duty, scope/field policy and SoD projection.",DWP_SHARED_PLATFORM,DEC-SYS-001|SYS-GOLDEN-IDENTITY|tenant-negative|SoD-negative|receipt-replay,DECIDED,ROLE.HRIS_SYS_PRODUCT_OWNER,BEHAVIORAL_REIMPLEMENTATION_NO_CODE_REUSE; source artifact retained for traceability; operational parity evidence is activation-scoped.
HRIS-SYS,sys,ROUTE,route:sys:sys/src/benitworx/router/sysRouter.js:525,TableInfo,sys/src/benitworx/router/sysRouter.js,525,'/hr/sys/table-info',@/benitworx/views/sys/report/table/TableInfo.vue,,REBUILD,DWP.DATA.GOVERNANCE,DWP_DATA_GOVERNANCE,GET|POST /api/provider/v1/admin/data-governance; DataPolicyPublished.v1,dwp-provider-server,"Replace physical table/vendor/domain access screens with governed data-product catalog, purpose, classification, retention and policy-based report access.",DWP_SHARED_PLATFORM|TENANT_CONFIG,DEC-SYS-010|SYS-GOLDEN-DATA_GOVERNANCE|tenant-negative|SoD-negative|receipt-replay,DECIDED,ROLE.HRIS_SYS_PRODUCT_OWNER,BEHAVIORAL_REIMPLEMENTATION_NO_CODE_REUSE; source artifact retained for traceability; operational parity evidence is activation-scoped.
HRIS-SYS,sys,ROUTE,route:sys:sys/src/benitworx/router/sysRouter.js:530,TableInfoDetail,sys/src/benitworx/router/sysRouter.js,530,'/hr/sys/table-info/detail',@/benitworx/views/sys/report/table/TableInfoDetail.vue,,REBUILD,DWP.DATA.GOVERNANCE,DWP_DATA_GOVERNANCE,GET|POST /api/provider/v1/admin/data-governance; DataPolicyPublished.v1,dwp-provider-server,"Replace physical table/vendor/domain access screens with governed data-product catalog, purpose, classification, retention and policy-based report access.",DWP_SHARED_PLATFORM|TENANT_CONFIG,DEC-SYS-010|SYS-GOLDEN-DATA_GOVERNANCE|tenant-negative|SoD-negative|receipt-replay,DECIDED,ROLE.HRIS_SYS_PRODUCT_OWNER,BEHAVIORAL_REIMPLEMENTATION_NO_CODE_REUSE; source artifact retained for traceability; operational parity evidence is activation-scoped.
HRIS-SYS,sys,ROUTE,route:sys:sys/src/benitworx/router/sysRouter.js:535,Vendor,sys/src/benitworx/router/sysRouter.js,535,'/hr/sys/table-vendor',@/benitworx/views/sys/report/vendor/Vendor,,REBUILD,DWP.DATA.GOVERNANCE,DWP_DATA_GOVERNANCE,GET|POST /api/provider/v1/admin/data-governance; DataPolicyPublished.v1,dwp-provider-server,"Replace physical table/vendor/domain access screens with governed data-product catalog, purpose, classification, retention and policy-based report access.",DWP_SHARED_PLATFORM|TENANT_CONFIG,DEC-SYS-010|SYS-GOLDEN-DATA_GOVERNANCE|tenant-negative|SoD-negative|receipt-replay,DECIDED,ROLE.HRIS_SYS_PRODUCT_OWNER,BEHAVIORAL_REIMPLEMENTATION_NO_CODE_REUSE; source artifact retained for traceability; operational parity evidence is activation-scoped.
HRIS-SYS,sys,ROUTE,route:sys:sys/src/benitworx/router/sysRouter.js:540,VendorDetail,sys/src/benitworx/router/sysRouter.js,540,'/hr/sys/table-vendor/detail',@/benitworx/views/sys/report/vendor/VendorDetail,,REBUILD,DWP.DATA.GOVERNANCE,DWP_DATA_GOVERNANCE,GET|POST /api/provider/v1/admin/data-governance; DataPolicyPublished.v1,dwp-provider-server,"Replace physical table/vendor/domain access screens with governed data-product catalog, purpose, classification, retention and policy-based report access.",DWP_SHARED_PLATFORM|TENANT_CONFIG,DEC-SYS-010|SYS-GOLDEN-DATA_GOVERNANCE|tenant-negative|SoD-negative|receipt-replay,DECIDED,ROLE.HRIS_SYS_PRODUCT_OWNER,BEHAVIORAL_REIMPLEMENTATION_NO_CODE_REUSE; source artifact retained for traceability; operational parity evidence is activation-scoped.
HRIS-SYS,sys,ROUTE,route:sys:sys/src/benitworx/router/sysRouter.js:545,Domain,sys/src/benitworx/router/sysRouter.js,545,'/hr/sys/table-domain',@/benitworx/views/sys/report/domain/Domain,,REBUILD,DWP.DATA.GOVERNANCE,DWP_DATA_GOVERNANCE,GET|POST /api/provider/v1/admin/data-governance; DataPolicyPublished.v1,dwp-provider-server,"Replace physical table/vendor/domain access screens with governed data-product catalog, purpose, classification, retention and policy-based report access.",DWP_SHARED_PLATFORM|TENANT_CONFIG,DEC-SYS-010|SYS-GOLDEN-DATA_GOVERNANCE|tenant-negative|SoD-negative|receipt-replay,DECIDED,ROLE.HRIS_SYS_PRODUCT_OWNER,BEHAVIORAL_REIMPLEMENTATION_NO_CODE_REUSE; source artifact retained for traceability; operational parity evidence is activation-scoped.
HRIS-SYS,sys,ROUTE,route:sys:sys/src/benitworx/router/sysRouter.js:550,DomainDetail,sys/src/benitworx/router/sysRouter.js,550,'/hr/sys/table-domain/detail',@/benitworx/views/sys/report/domain/DomainDetail,,REBUILD,DWP.DATA.GOVERNANCE,DWP_DATA_GOVERNANCE,GET|POST /api/provider/v1/admin/data-governance; DataPolicyPublished.v1,dwp-provider-server,"Replace physical table/vendor/domain access screens with governed data-product catalog, purpose, classification, retention and policy-based report access.",DWP_SHARED_PLATFORM|TENANT_CONFIG,DEC-SYS-010|SYS-GOLDEN-DATA_GOVERNANCE|tenant-negative|SoD-negative|receipt-replay,DECIDED,ROLE.HRIS_SYS_PRODUCT_OWNER,BEHAVIORAL_REIMPLEMENTATION_NO_CODE_REUSE; source artifact retained for traceability; operational parity evidence is activation-scoped.
HRIS-SYS,sys,ROUTE,route:sys:sys/src/benitworx/router/sysRouter.js:555,UserDomain,sys/src/benitworx/router/sysRouter.js,555,'/hr/sys/report',@/benitworx/views/sys/report/user/UserDomain,,REBUILD,DWP.DATA.GOVERNANCE,DWP_DATA_GOVERNANCE,GET|POST /api/provider/v1/admin/data-governance; DataPolicyPublished.v1,dwp-provider-server,"Replace physical table/vendor/domain access screens with governed data-product catalog, purpose, classification, retention and policy-based report access.",DWP_SHARED_PLATFORM|TENANT_CONFIG,DEC-SYS-010|SYS-GOLDEN-DATA_GOVERNANCE|tenant-negative|SoD-negative|receipt-replay,DECIDED,ROLE.HRIS_SYS_PRODUCT_OWNER,BEHAVIORAL_REIMPLEMENTATION_NO_CODE_REUSE; source artifact retained for traceability; operational parity evidence is activation-scoped.
HRIS-SYS,sys,ROUTE,route:sys:sys/src/benitworx/router/sysRouter.js:560,UserDomainMngDetail,sys/src/benitworx/router/sysRouter.js,560,'/hr/sys/report/mng-detail',@/benitworx/views/sys/report/user/UserDomainMngDetail.vue,,REBUILD,DWP.DATA.GOVERNANCE,DWP_DATA_GOVERNANCE,GET|POST /api/provider/v1/admin/data-governance; DataPolicyPublished.v1,dwp-provider-server,"Replace physical table/vendor/domain access screens with governed data-product catalog, purpose, classification, retention and policy-based report access.",DWP_SHARED_PLATFORM|TENANT_CONFIG,DEC-SYS-010|SYS-GOLDEN-DATA_GOVERNANCE|tenant-negative|SoD-negative|receipt-replay,DECIDED,ROLE.HRIS_SYS_PRODUCT_OWNER,BEHAVIORAL_REIMPLEMENTATION_NO_CODE_REUSE; source artifact retained for traceability; operational parity evidence is activation-scoped.
HRIS-SYS,sys,ROUTE,route:sys:sys/src/benitworx/router/sysRouter.js:565,ReportDetail,sys/src/benitworx/router/sysRouter.js,565,'/hr/sys/report/detail',@/benitworx/views/sys/report/user/UserDomainReportDetail.vue,,REBUILD,DWP.DATA.GOVERNANCE,DWP_DATA_GOVERNANCE,GET|POST /api/provider/v1/admin/data-governance; DataPolicyPublished.v1,dwp-provider-server,"Replace physical table/vendor/domain access screens with governed data-product catalog, purpose, classification, retention and policy-based report access.",DWP_SHARED_PLATFORM|TENANT_CONFIG,DEC-SYS-010|SYS-GOLDEN-DATA_GOVERNANCE|tenant-negative|SoD-negative|receipt-replay,DECIDED,ROLE.HRIS_SYS_PRODUCT_OWNER,BEHAVIORAL_REIMPLEMENTATION_NO_CODE_REUSE; source artifact retained for traceability; operational parity evidence is activation-scoped.
HRIS-SYS,sys,ROUTE,route:sys:sys/src/benitworx/router/sysRouter.js:570,userMenu,sys/src/benitworx/router/sysRouter.js,570,'/hr/sys/user-menu',@/benitworx/views/sys/userMenu/UserMenu,,REUSE,DWP.IDENTITY.PRODUCT_ACCESS,DWP_AUTH_PLATFORM,GET|POST /api/auth/v1/admin/hris/access-packages; dwp.hris.access.assignment.changed.v1,dwp-auth-server,"Replace legacy menu/user ACL screens with versioned app entitlement, access package, atomic duty, scope/field policy and SoD projection.",DWP_SHARED_PLATFORM,DEC-SYS-001|SYS-GOLDEN-IDENTITY|tenant-negative|SoD-negative|receipt-replay,DECIDED,ROLE.HRIS_SYS_PRODUCT_OWNER,BEHAVIORAL_REIMPLEMENTATION_NO_CODE_REUSE; source artifact retained for traceability; operational parity evidence is activation-scoped.
HRIS-SYS,sys,ROUTE,route:sys:sys/src/benitworx/router/sysRouter.js:575,userMenuDetail,sys/src/benitworx/router/sysRouter.js,575,'/hr/sys/user-menu/detail',@/benitworx/views/sys/userMenu/UserMenuDetail,,REUSE,DWP.IDENTITY.PRODUCT_ACCESS,DWP_AUTH_PLATFORM,GET|POST /api/auth/v1/admin/hris/access-packages; dwp.hris.access.assignment.changed.v1,dwp-auth-server,"Replace legacy menu/user ACL screens with versioned app entitlement, access package, atomic duty, scope/field policy and SoD projection.",DWP_SHARED_PLATFORM,DEC-SYS-001|SYS-GOLDEN-IDENTITY|tenant-negative|SoD-negative|receipt-replay,DECIDED,ROLE.HRIS_SYS_PRODUCT_OWNER,BEHAVIORAL_REIMPLEMENTATION_NO_CODE_REUSE; source artifact retained for traceability; operational parity evidence is activation-scoped.
HRIS-SYS,sys,ROUTE,route:sys:sys/src/benitworx/router/sysRouter.js:580,FtpSendFile,sys/src/benitworx/router/sysRouter.js,580,'/hr/sys/ftp-send-file',@/benitworx/views/sys/ftp/FtpSendFile.vue,,REBUILD,DWP.INTEGRATION.CONTROL_PLANE,DWP_PLATFORM_INTEGRATION,GET|POST /api/platform/v1/admin/hris/connectors; dwp.hris.connector.execution.state-changed.v1,dwp-platform-server,"Replace FTP/data-sync/bulk screens with adapter registry, secret references, allowlisted endpoints, mapping versions, quarantine, replay and reconciliation receipts.",DWP_SHARED_PLATFORM|TENANT_CONFIG|EXTENSION_PACK,DEC-SYS-005|SYS-GOLDEN-INTEGRATION|tenant-negative|SoD-negative|receipt-replay,DECIDED,ROLE.HRIS_SYS_PRODUCT_OWNER,BEHAVIORAL_REIMPLEMENTATION_NO_CODE_REUSE; source artifact retained for traceability; operational parity evidence is activation-scoped.
HRIS-SYS,sys,ROUTE,route:sys:sys/src/benitworx/router/sysRouter.js:585,FtpSendFileDetail,sys/src/benitworx/router/sysRouter.js,585,'/hr/sys/ftp-send-file/detail',@/benitworx/views/sys/ftp/FtpSendFileDetail.vue,,REBUILD,DWP.INTEGRATION.CONTROL_PLANE,DWP_PLATFORM_INTEGRATION,GET|POST /api/platform/v1/admin/hris/connectors; dwp.hris.connector.execution.state-changed.v1,dwp-platform-server,"Replace FTP/data-sync/bulk screens with adapter registry, secret references, allowlisted endpoints, mapping versions, quarantine, replay and reconciliation receipts.",DWP_SHARED_PLATFORM|TENANT_CONFIG|EXTENSION_PACK,DEC-SYS-005|SYS-GOLDEN-INTEGRATION|tenant-negative|SoD-negative|receipt-replay,DECIDED,ROLE.HRIS_SYS_PRODUCT_OWNER,BEHAVIORAL_REIMPLEMENTATION_NO_CODE_REUSE; source artifact retained for traceability; operational parity evidence is activation-scoped.
HRIS-SYS,sys,ROUTE,route:sys:sys/src/benitworx/router/sysRouter.js:590,FtpSetup,sys/src/benitworx/router/sysRouter.js,590,'/hr/sys/ftp-setup',@/benitworx/views/sys/ftp/FtpSetup.vue,,REBUILD,DWP.INTEGRATION.CONTROL_PLANE,DWP_PLATFORM_INTEGRATION,GET|POST /api/platform/v1/admin/hris/connectors; dwp.hris.connector.execution.state-changed.v1,dwp-platform-server,"Replace FTP/data-sync/bulk screens with adapter registry, secret references, allowlisted endpoints, mapping versions, quarantine, replay and reconciliation receipts.",DWP_SHARED_PLATFORM|TENANT_CONFIG|EXTENSION_PACK,DEC-SYS-005|SYS-GOLDEN-INTEGRATION|tenant-negative|SoD-negative|receipt-replay,DECIDED,ROLE.HRIS_SYS_PRODUCT_OWNER,BEHAVIORAL_REIMPLEMENTATION_NO_CODE_REUSE; source artifact retained for traceability; operational parity evidence is activation-scoped.
HRIS-SYS,sys,ROUTE,route:sys:sys/src/benitworx/router/sysRouter.js:595,FtpSetupDetail,sys/src/benitworx/router/sysRouter.js,595,'/hr/sys/ftp-setup/detail',@/benitworx/views/sys/ftp/FtpSetupDetail.vue,,REBUILD,DWP.INTEGRATION.CONTROL_PLANE,DWP_PLATFORM_INTEGRATION,GET|POST /api/platform/v1/admin/hris/connectors; dwp.hris.connector.execution.state-changed.v1,dwp-platform-server,"Replace FTP/data-sync/bulk screens with adapter registry, secret references, allowlisted endpoints, mapping versions, quarantine, replay and reconciliation receipts.",DWP_SHARED_PLATFORM|TENANT_CONFIG|EXTENSION_PACK,DEC-SYS-005|SYS-GOLDEN-INTEGRATION|tenant-negative|SoD-negative|receipt-replay,DECIDED,ROLE.HRIS_SYS_PRODUCT_OWNER,BEHAVIORAL_REIMPLEMENTATION_NO_CODE_REUSE; source artifact retained for traceability; operational parity evidence is activation-scoped.
HRIS-SYS,sys,ROUTE,route:sys:sys/src/benitworx/router/sysRouter.js:600,FtpExecHistory,sys/src/benitworx/router/sysRouter.js,600,'/hr/sys/ftp-exec-history',@/benitworx/views/sys/ftp/FtpExecHistory.vue,,REBUILD,DWP.INTEGRATION.CONTROL_PLANE,DWP_PLATFORM_INTEGRATION,GET|POST /api/platform/v1/admin/hris/connectors; dwp.hris.connector.execution.state-changed.v1,dwp-platform-server,"Replace FTP/data-sync/bulk screens with adapter registry, secret references, allowlisted endpoints, mapping versions, quarantine, replay and reconciliation receipts.",DWP_SHARED_PLATFORM|TENANT_CONFIG|EXTENSION_PACK,DEC-SYS-005|SYS-GOLDEN-INTEGRATION|tenant-negative|SoD-negative|receipt-replay,DECIDED,ROLE.HRIS_SYS_PRODUCT_OWNER,BEHAVIORAL_REIMPLEMENTATION_NO_CODE_REUSE; source artifact retained for traceability; operational parity evidence is activation-scoped.
HRIS-SYS,sys,ROUTE,route:sys:sys/src/benitworx/router/sysRouter.js:605,FtpExecHistoryDetail,sys/src/benitworx/router/sysRouter.js,605,'/hr/sys/ftp-exec-history/detail',@/benitworx/views/sys/ftp/FtpExecHistoryDetail.vue,,REBUILD,DWP.INTEGRATION.CONTROL_PLANE,DWP_PLATFORM_INTEGRATION,GET|POST /api/platform/v1/admin/hris/connectors; dwp.hris.connector.execution.state-changed.v1,dwp-platform-server,"Replace FTP/data-sync/bulk screens with adapter registry, secret references, allowlisted endpoints, mapping versions, quarantine, replay and reconciliation receipts.",DWP_SHARED_PLATFORM|TENANT_CONFIG|EXTENSION_PACK,DEC-SYS-005|SYS-GOLDEN-INTEGRATION|tenant-negative|SoD-negative|receipt-replay,DECIDED,ROLE.HRIS_SYS_PRODUCT_OWNER,BEHAVIORAL_REIMPLEMENTATION_NO_CODE_REUSE; source artifact retained for traceability; operational parity evidence is activation-scoped.
HRIS-SYS,sys,ROUTE,route:sys:sys/src/benitworx/router/sysRouter.js:611,Frmt,sys/src/benitworx/router/sysRouter.js,611,'/hr/sys/frmt',@/benitworx/views/sys/frmt/Frmt.vue,,REBUILD,DWP.INTEGRATION.CONTROL_PLANE,DWP_PLATFORM_INTEGRATION,GET|POST /api/platform/v1/admin/hris/connectors; dwp.hris.connector.execution.state-changed.v1,dwp-platform-server,"Replace FTP/data-sync/bulk screens with adapter registry, secret references, allowlisted endpoints, mapping versions, quarantine, replay and reconciliation receipts.",DWP_SHARED_PLATFORM|TENANT_CONFIG|EXTENSION_PACK,DEC-SYS-005|SYS-GOLDEN-INTEGRATION|tenant-negative|SoD-negative|receipt-replay,DECIDED,ROLE.HRIS_SYS_PRODUCT_OWNER,BEHAVIORAL_REIMPLEMENTATION_NO_CODE_REUSE; source artifact retained for traceability; operational parity evidence is activation-scoped.
HRIS-SYS,sys,ROUTE,route:sys:sys/src/benitworx/router/sysRouter.js:616,FrmtDetail,sys/src/benitworx/router/sysRouter.js,616,'/hr/sys/frmt/detail',@/benitworx/views/sys/frmt/FrmtDetail.vue,,REBUILD,DWP.INTEGRATION.CONTROL_PLANE,DWP_PLATFORM_INTEGRATION,GET|POST /api/platform/v1/admin/hris/connectors; dwp.hris.connector.execution.state-changed.v1,dwp-platform-server,"Replace FTP/data-sync/bulk screens with adapter registry, secret references, allowlisted endpoints, mapping versions, quarantine, replay and reconciliation receipts.",DWP_SHARED_PLATFORM|TENANT_CONFIG|EXTENSION_PACK,DEC-SYS-005|SYS-GOLDEN-INTEGRATION|tenant-negative|SoD-negative|receipt-replay,DECIDED,ROLE.HRIS_SYS_PRODUCT_OWNER,BEHAVIORAL_REIMPLEMENTATION_NO_CODE_REUSE; source artifact retained for traceability; operational parity evidence is activation-scoped.
HRIS-SYS,sys,ROUTE,route:sys:sys/src/benitworx/router/sysRouter.js:621,BulkUpload,sys/src/benitworx/router/sysRouter.js,621,'/hr/sys/bulk-upload',@/benitworx/views/sys/bulkUpload/BulkUpload.vue,,REBUILD,DWP.INTEGRATION.CONTROL_PLANE,DWP_PLATFORM_INTEGRATION,GET|POST /api/platform/v1/admin/hris/connectors; dwp.hris.connector.execution.state-changed.v1,dwp-platform-server,"Replace FTP/data-sync/bulk screens with adapter registry, secret references, allowlisted endpoints, mapping versions, quarantine, replay and reconciliation receipts.",DWP_SHARED_PLATFORM|TENANT_CONFIG|EXTENSION_PACK,DEC-SYS-005|SYS-GOLDEN-INTEGRATION|tenant-negative|SoD-negative|receipt-replay,DECIDED,ROLE.HRIS_SYS_PRODUCT_OWNER,BEHAVIORAL_REIMPLEMENTATION_NO_CODE_REUSE; source artifact retained for traceability; operational parity evidence is activation-scoped.
HRIS-SYS,sys,ROUTE,route:sys:sys/src/benitworx/router/sysRouter.js:626,BulkUploadDetail,sys/src/benitworx/router/sysRouter.js,626,'/hr/sys/bulk-upload/detail',@/benitworx/views/sys/bulkUpload/BulkUploadDetail.vue,,REBUILD,DWP.INTEGRATION.CONTROL_PLANE,DWP_PLATFORM_INTEGRATION,GET|POST /api/platform/v1/admin/hris/connectors; dwp.hris.connector.execution.state-changed.v1,dwp-platform-server,"Replace FTP/data-sync/bulk screens with adapter registry, secret references, allowlisted endpoints, mapping versions, quarantine, replay and reconciliation receipts.",DWP_SHARED_PLATFORM|TENANT_CONFIG|EXTENSION_PACK,DEC-SYS-005|SYS-GOLDEN-INTEGRATION|tenant-negative|SoD-negative|receipt-replay,DECIDED,ROLE.HRIS_SYS_PRODUCT_OWNER,BEHAVIORAL_REIMPLEMENTATION_NO_CODE_REUSE; source artifact retained for traceability; operational parity evidence is activation-scoped.
HRIS-SYS,sys,ROUTE,route:sys:sys/src/benitworx/router/sysRouter.js:631,BulkUploadRslt,sys/src/benitworx/router/sysRouter.js,631,'/hr/sys/bulk-upload-rslt',@/benitworx/views/sys/bulkUploadRslt/BulkUploadRslt.vue,,REBUILD,DWP.INTEGRATION.CONTROL_PLANE,DWP_PLATFORM_INTEGRATION,GET|POST /api/platform/v1/admin/hris/connectors; dwp.hris.connector.execution.state-changed.v1,dwp-platform-server,"Replace FTP/data-sync/bulk screens with adapter registry, secret references, allowlisted endpoints, mapping versions, quarantine, replay and reconciliation receipts.",DWP_SHARED_PLATFORM|TENANT_CONFIG|EXTENSION_PACK,DEC-SYS-005|SYS-GOLDEN-INTEGRATION|tenant-negative|SoD-negative|receipt-replay,DECIDED,ROLE.HRIS_SYS_PRODUCT_OWNER,BEHAVIORAL_REIMPLEMENTATION_NO_CODE_REUSE; source artifact retained for traceability; operational parity evidence is activation-scoped.
HRIS-SYS,sys,ROUTE,route:sys:sys/src/benitworx/router/sysRouter.js:636,BulkUploadRsltDetail,sys/src/benitworx/router/sysRouter.js,636,'/hr/sys/bulk-upload-rslt/detail',@/benitworx/views/sys/bulkUploadRslt/BulkUploadRsltDetail.vue,,REBUILD,DWP.INTEGRATION.CONTROL_PLANE,DWP_PLATFORM_INTEGRATION,GET|POST /api/platform/v1/admin/hris/connectors; dwp.hris.connector.execution.state-changed.v1,dwp-platform-server,"Replace FTP/data-sync/bulk screens with adapter registry, secret references, allowlisted endpoints, mapping versions, quarantine, replay and reconciliation receipts.",DWP_SHARED_PLATFORM|TENANT_CONFIG|EXTENSION_PACK,DEC-SYS-005|SYS-GOLDEN-INTEGRATION|tenant-negative|SoD-negative|receipt-replay,DECIDED,ROLE.HRIS_SYS_PRODUCT_OWNER,BEHAVIORAL_REIMPLEMENTATION_NO_CODE_REUSE; source artifact retained for traceability; operational parity evidence is activation-scoped.
HRIS-SYS,sys,ROUTE,route:sys:sys/src/benitworx/router/sysRouter.js:641,ExceptionHist,sys/src/benitworx/router/sysRouter.js,641,'/hr/sys/exception-hist',@/benitworx/views/sys/exceptionHist/ExceptionHist,,REUSE,DWP.OPERATIONS.OBSERVABILITY,DWP_OPERATIONS_PLATFORM,GET /api/platform/v1/admin/hris/operations/exceptions; OperationalExceptionChanged.v1,dwp-platform-server,"Project domain errors, health, SLO and correlation traces into a common operations center; keep detailed recovery commands in the owning domain.",DWP_SHARED_PLATFORM,DEC-SYS-012|SYS-GOLDEN-OPERATIONS|tenant-negative|SoD-negative|receipt-replay,DECIDED,ROLE.HRIS_SYS_PRODUCT_OWNER,BEHAVIORAL_REIMPLEMENTATION_NO_CODE_REUSE; source artifact retained for traceability; operational parity evidence is activation-scoped.
HRIS-SYS,sys,ROUTE,route:sys:sys/src/benitworx/router/sysRouter.js:646,ExceptionHistDetail,sys/src/benitworx/router/sysRouter.js,646,'/hr/sys/exception-hist/detail',@/benitworx/views/sys/exceptionHist/ExceptionHistDetail,,REUSE,DWP.OPERATIONS.OBSERVABILITY,DWP_OPERATIONS_PLATFORM,GET /api/platform/v1/admin/hris/operations/exceptions; OperationalExceptionChanged.v1,dwp-platform-server,"Project domain errors, health, SLO and correlation traces into a common operations center; keep detailed recovery commands in the owning domain.",DWP_SHARED_PLATFORM,DEC-SYS-012|SYS-GOLDEN-OPERATIONS|tenant-negative|SoD-negative|receipt-replay,DECIDED,ROLE.HRIS_SYS_PRODUCT_OWNER,BEHAVIORAL_REIMPLEMENTATION_NO_CODE_REUSE; source artifact retained for traceability; operational parity evidence is activation-scoped.
HRIS-SYS,sys,ROUTE,route:sys:sys/src/benitworx/router/sysRouter.js:651,UserNotice,sys/src/benitworx/router/sysRouter.js,651,'/hr/sys/notice-board',@/benitworx/views/sys/notice/NoticeInq,,REUSE,DWP.COMMUNICATION.TEMPLATES,DWP_NOTIFICATION_PLATFORM,GET|POST /api/notifications/v1/admin/templates; NotificationTemplatePublished.v1,dwp-notification-server,Reuse DWP notification/template delivery and audit; domain services emit intent events and never invoke legacy direct mail/notification send controllers.,DWP_SHARED_PLATFORM|TENANT_CONFIG,DEC-SYS-007|SYS-GOLDEN-COMMUNICATION|tenant-negative|SoD-negative|receipt-replay,DECIDED,ROLE.HRIS_SYS_PRODUCT_OWNER,BEHAVIORAL_REIMPLEMENTATION_NO_CODE_REUSE; source artifact retained for traceability; operational parity evidence is activation-scoped.
HRIS-SYS,sys,ROUTE,route:sys:sys/src/benitworx/router/sysRouter.js:656,UserNoticeDetail,sys/src/benitworx/router/sysRouter.js,656,'/hr/sys/notice-board/detail',@/benitworx/views/sys/notice/NoticeInqDetail,,REUSE,DWP.COMMUNICATION.TEMPLATES,DWP_NOTIFICATION_PLATFORM,GET|POST /api/notifications/v1/admin/templates; NotificationTemplatePublished.v1,dwp-notification-server,Reuse DWP notification/template delivery and audit; domain services emit intent events and never invoke legacy direct mail/notification send controllers.,DWP_SHARED_PLATFORM|TENANT_CONFIG,DEC-SYS-007|SYS-GOLDEN-COMMUNICATION|tenant-negative|SoD-negative|receipt-replay,DECIDED,ROLE.HRIS_SYS_PRODUCT_OWNER,BEHAVIORAL_REIMPLEMENTATION_NO_CODE_REUSE; source artifact retained for traceability; operational parity evidence is activation-scoped.
HRIS-SYS,sys,ROUTE,route:sys:sys/src/benitworx/router/sysRouter.js:661,AccessDataExtrc,sys/src/benitworx/router/sysRouter.js,661,'/hr/sys/accesslog/data-extrc',@/benitworx/views/sys/accesslog/AccessDataExtrc,,REUSE,DWP.GOVERNANCE.AUDIT_EVIDENCE,DWP_AUDIT_GOVERNANCE,GET /api/platform/v1/admin/audit-control/events; AuditEvidenceExported.v1,dwp-platform-server,"Consolidate access, API, export, file and delivery history into purpose-bound immutable evidence views with masking, retention and controlled export.",DWP_SHARED_PLATFORM,DEC-SYS-009|SYS-GOLDEN-AUDIT|tenant-negative|SoD-negative|receipt-replay,DECIDED,ROLE.HRIS_SYS_PRODUCT_OWNER,BEHAVIORAL_REIMPLEMENTATION_NO_CODE_REUSE; source artifact retained for traceability; operational parity evidence is activation-scoped.
HRIS-SYS,sys,ROUTE,route:sys:sys/src/benitworx/router/sysRouter.js:666,MyPortal,sys/src/benitworx/router/sysRouter.js,666,'/hr/sys/my-portal',@/benitworx/views/sys/myPortal/MyPortal,,REBUILD,HRIS.EXPERIENCE.COMPOSITION,HRIS_SHELL_EXPERIENCE,GET|PUT /api/platform/v1/home-preferences/surfaces/{surfaceKey}; fixed surfaceKey=hcm-home; HrisHomeContributionChanged.v1,dwp-platform-server|dwp-frontend,"Reuse the governed DWP HomePreference surface with fixed hcm-home compatibility key, a role/scope widget dashboard and a separate governed work explorer; remove free-form portal/page/menu composition as an authorization source.",PRODUCT_CORE|TENANT_CONFIG,DEC-SYS-008|SYS-GOLDEN-EXPERIENCE|tenant-negative|SoD-negative|receipt-replay,DECIDED,ROLE.HRIS_SYS_PRODUCT_OWNER,BEHAVIORAL_REIMPLEMENTATION_NO_CODE_REUSE; source artifact retained for traceability; operational parity evidence is activation-scoped.
HRIS-SYS,sys,CONTROLLER,controller:sys:cloudhr-sys/src/main/java/com/kolonbenit/benitworx/app/com/batch/controller/BatchController.java,BatchController,cloudhr-sys/src/main/java/com/kolonbenit/benitworx/app/com/batch/controller/BatchController.java,,"""/sys/batch""",,method_mapping_count=2,REBUILD,DWP.AUTOMATION.CONTROL_PLANE,DWP_PLATFORM_AUTOMATION,GET|POST /api/platform/v1/admin/hris/automations; dwp.hris.automation.run.state-changed.v1,dwp-platform-server,"Replace class/method-driven batch execution with signed versioned job manifests, schema-validated parameters, leases, idempotent attempts, retry/DLQ and immutable receipts.",DWP_SHARED_PLATFORM,DEC-SYS-004|SYS-GOLDEN-AUTOMATION|tenant-negative|SoD-negative|receipt-replay,DECIDED,ROLE.HRIS_SYS_PRODUCT_OWNER,BEHAVIORAL_REIMPLEMENTATION_NO_CODE_REUSE; source artifact retained for traceability; operational parity evidence is activation-scoped.
HRIS-SYS,sys,CONTROLLER,controller:sys:cloudhr-sys/src/main/java/com/kolonbenit/benitworx/app/com/comhrm/controller/ComEmployeeController.java,ComEmployeeController,cloudhr-sys/src/main/java/com/kolonbenit/benitworx/app/com/comhrm/controller/ComEmployeeController.java,,"""/sys/com-employee""",,method_mapping_count=2,REUSE,DWP.TENANT.ENTERPRISE_DIRECTORY,DWP_TENANT_ENTERPRISE,GET|POST /api/provider/v1/admin/tenants; TenantConfigurationChanged.v1,dwp-provider-server,Reuse DWP tenant and People enterprise masters; remove duplicated SYS employee and organization stores and consume versioned projections.,DWP_SHARED_PLATFORM,DEC-SYS-002|SYS-GOLDEN-TENANT|tenant-negative|SoD-negative|receipt-replay,DECIDED,ROLE.HRIS_SYS_PRODUCT_OWNER,BEHAVIORAL_REIMPLEMENTATION_NO_CODE_REUSE; source artifact retained for traceability; operational parity evidence is activation-scoped.
HRIS-SYS,sys,CONTROLLER,controller:sys:cloudhr-sys/src/main/java/com/kolonbenit/benitworx/app/com/comhrm/controller/ComEmployeeInitController.java,ComEmployeeInitController,cloudhr-sys/src/main/java/com/kolonbenit/benitworx/app/com/comhrm/controller/ComEmployeeInitController.java,,"""/sys/com-employee""",,method_mapping_count=2,REUSE,DWP.TENANT.ENTERPRISE_DIRECTORY,DWP_TENANT_ENTERPRISE,GET|POST /api/provider/v1/admin/tenants; TenantConfigurationChanged.v1,dwp-provider-server,Reuse DWP tenant and People enterprise masters; remove duplicated SYS employee and organization stores and consume versioned projections.,DWP_SHARED_PLATFORM,DEC-SYS-002|SYS-GOLDEN-TENANT|tenant-negative|SoD-negative|receipt-replay,DECIDED,ROLE.HRIS_SYS_PRODUCT_OWNER,BEHAVIORAL_REIMPLEMENTATION_NO_CODE_REUSE; source artifact retained for traceability; operational parity evidence is activation-scoped.
HRIS-SYS,sys,CONTROLLER,controller:sys:cloudhr-sys/src/main/java/com/kolonbenit/benitworx/app/com/comhrm/controller/ComOrganizationController.java,ComOrganizationController,cloudhr-sys/src/main/java/com/kolonbenit/benitworx/app/com/comhrm/controller/ComOrganizationController.java,,"""/sys/com-organization""",,method_mapping_count=2,REUSE,DWP.TENANT.ENTERPRISE_DIRECTORY,DWP_TENANT_ENTERPRISE,GET|POST /api/provider/v1/admin/tenants; TenantConfigurationChanged.v1,dwp-provider-server,Reuse DWP tenant and People enterprise masters; remove duplicated SYS employee and organization stores and consume versioned projections.,DWP_SHARED_PLATFORM,DEC-SYS-002|SYS-GOLDEN-TENANT|tenant-negative|SoD-negative|receipt-replay,DECIDED,ROLE.HRIS_SYS_PRODUCT_OWNER,BEHAVIORAL_REIMPLEMENTATION_NO_CODE_REUSE; source artifact retained for traceability; operational parity evidence is activation-scoped.
HRIS-SYS,sys,CONTROLLER,controller:sys:cloudhr-sys/src/main/java/com/kolonbenit/benitworx/app/com/comhrm/controller/ComOrganizationInitController.java,ComOrganizationInitController,cloudhr-sys/src/main/java/com/kolonbenit/benitworx/app/com/comhrm/controller/ComOrganizationInitController.java,,"""/sys/com-organization""",,method_mapping_count=2,REUSE,DWP.TENANT.ENTERPRISE_DIRECTORY,DWP_TENANT_ENTERPRISE,GET|POST /api/provider/v1/admin/tenants; TenantConfigurationChanged.v1,dwp-provider-server,Reuse DWP tenant and People enterprise masters; remove duplicated SYS employee and organization stores and consume versioned projections.,DWP_SHARED_PLATFORM,DEC-SYS-002|SYS-GOLDEN-TENANT|tenant-negative|SoD-negative|receipt-replay,DECIDED,ROLE.HRIS_SYS_PRODUCT_OWNER,BEHAVIORAL_REIMPLEMENTATION_NO_CODE_REUSE; source artifact retained for traceability; operational parity evidence is activation-scoped.
HRIS-SYS,sys,CONTROLLER,controller:sys:cloudhr-sys/src/main/java/com/kolonbenit/benitworx/app/com/dictionary/controller/DictionaryQueryController.java,DictionaryQueryController,cloudhr-sys/src/main/java/com/kolonbenit/benitworx/app/com/dictionary/controller/DictionaryQueryController.java,,"""/sys/dictionary/query""",,method_mapping_count=1,CONFIGURE,HRIS.CONFIG.REFERENCE_DATA,HRIS_CONFIGURATION,GET|POST /api/platform/v1/admin/hris/configurations; HrisReferenceDataPublished.v1,dwp-platform-server,"Consolidate list/detail screens into a typed, effective-dated reference-data studio with validation, simulation, approval and publish lifecycle.",PRODUCT_CORE|TENANT_CONFIG,DEC-SYS-003|SYS-GOLDEN-REFERENCE|tenant-negative|SoD-negative|receipt-replay,DECIDED,ROLE.HRIS_SYS_PRODUCT_OWNER,BEHAVIORAL_REIMPLEMENTATION_NO_CODE_REUSE; source artifact retained for traceability; operational parity evidence is activation-scoped.
HRIS-SYS,sys,CONTROLLER,controller:sys:cloudhr-sys/src/main/java/com/kolonbenit/benitworx/app/com/jobSeqno/controller/JobSeqnoController.java,JobSeqnoController,cloudhr-sys/src/main/java/com/kolonbenit/benitworx/app/com/jobSeqno/controller/JobSeqnoController.java,,"""/sys/job-seqno""",,method_mapping_count=7,REBUILD,DWP.AUTOMATION.CONTROL_PLANE,DWP_PLATFORM_AUTOMATION,GET|POST /api/platform/v1/admin/hris/automations; dwp.hris.automation.run.state-changed.v1,dwp-platform-server,"Replace class/method-driven batch execution with signed versioned job manifests, schema-validated parameters, leases, idempotent attempts, retry/DLQ and immutable receipts.",DWP_SHARED_PLATFORM,DEC-SYS-004|SYS-GOLDEN-AUTOMATION|tenant-negative|SoD-negative|receipt-replay,DECIDED,ROLE.HRIS_SYS_PRODUCT_OWNER,BEHAVIORAL_REIMPLEMENTATION_NO_CODE_REUSE; source artifact retained for traceability; operational parity evidence is activation-scoped.
HRIS-SYS,sys,CONTROLLER,controller:sys:cloudhr-sys/src/main/java/com/kolonbenit/benitworx/app/com/jobSeqno/controller/JobSeqnoInitController.java,JobSeqnoInitController,cloudhr-sys/src/main/java/com/kolonbenit/benitworx/app/com/jobSeqno/controller/JobSeqnoInitController.java,,"""/sys/job-seqno""",,method_mapping_count=2,REBUILD,DWP.AUTOMATION.CONTROL_PLANE,DWP_PLATFORM_AUTOMATION,GET|POST /api/platform/v1/admin/hris/automations; dwp.hris.automation.run.state-changed.v1,dwp-platform-server,"Replace class/method-driven batch execution with signed versioned job manifests, schema-validated parameters, leases, idempotent attempts, retry/DLQ and immutable receipts.",DWP_SHARED_PLATFORM,DEC-SYS-004|SYS-GOLDEN-AUTOMATION|tenant-negative|SoD-negative|receipt-replay,DECIDED,ROLE.HRIS_SYS_PRODUCT_OWNER,BEHAVIORAL_REIMPLEMENTATION_NO_CODE_REUSE; source artifact retained for traceability; operational parity evidence is activation-scoped.
HRIS-SYS,sys,CONTROLLER,controller:sys:cloudhr-sys/src/main/java/com/kolonbenit/benitworx/app/com/login/KolonMobileSSOLoginController.java,KolonMobileSSOLoginController,cloudhr-sys/src/main/java/com/kolonbenit/benitworx/app/com/login/KolonMobileSSOLoginController.java,,"""/sys/login""",,method_mapping_count=1,RETIRE,DWP.PLATFORM.RETIRED_LEGACY_PATH,DWP_SHARED_PLATFORM,No target endpoint; replacement contract referenced by decision,dwp-platform-server,"Retire legacy duplicate, direct-send, vendor-specific or security-sensitive path after its supported replacement and retention/export obligations are verified.",RETIRED,DEC-SYS-013|SYS-GOLDEN-RETIRE|tenant-negative|SoD-negative|receipt-replay,DECIDED,ROLE.HRIS_SYS_PRODUCT_OWNER,BEHAVIORAL_REIMPLEMENTATION_NO_CODE_REUSE; source artifact retained for traceability; operational parity evidence is activation-scoped.
HRIS-SYS,sys,CONTROLLER,controller:sys:cloudhr-sys/src/main/java/com/kolonbenit/benitworx/app/com/login/KolonRedirectMobileSSOLoginController.java,KolonRedirectMobileSSOLoginController,cloudhr-sys/src/main/java/com/kolonbenit/benitworx/app/com/login/KolonRedirectMobileSSOLoginController.java,,"""/sys/login""",,method_mapping_count=1,RETIRE,DWP.PLATFORM.RETIRED_LEGACY_PATH,DWP_SHARED_PLATFORM,No target endpoint; replacement contract referenced by decision,dwp-platform-server,"Retire legacy duplicate, direct-send, vendor-specific or security-sensitive path after its supported replacement and retention/export obligations are verified.",RETIRED,DEC-SYS-013|SYS-GOLDEN-RETIRE|tenant-negative|SoD-negative|receipt-replay,DECIDED,ROLE.HRIS_SYS_PRODUCT_OWNER,BEHAVIORAL_REIMPLEMENTATION_NO_CODE_REUSE; source artifact retained for traceability; operational parity evidence is activation-scoped.
HRIS-SYS,sys,CONTROLLER,controller:sys:cloudhr-sys/src/main/java/com/kolonbenit/benitworx/app/com/login/MobileSSOLoginController.java,MobileSSOLoginController,cloudhr-sys/src/main/java/com/kolonbenit/benitworx/app/com/login/MobileSSOLoginController.java,,"""/sys/login""",,method_mapping_count=1,REUSE,DWP.IDENTITY.PRODUCT_ACCESS,DWP_AUTH_PLATFORM,GET|POST /api/auth/v1/admin/hris/access-packages; dwp.hris.access.assignment.changed.v1,dwp-auth-server,"Replace legacy menu/user ACL screens with versioned app entitlement, access package, atomic duty, scope/field policy and SoD projection.",DWP_SHARED_PLATFORM,DEC-SYS-001|SYS-GOLDEN-IDENTITY|tenant-negative|SoD-negative|receipt-replay,DECIDED,ROLE.HRIS_SYS_PRODUCT_OWNER,BEHAVIORAL_REIMPLEMENTATION_NO_CODE_REUSE; source artifact retained for traceability; operational parity evidence is activation-scoped.
HRIS-SYS,sys,CONTROLLER,controller:sys:cloudhr-sys/src/main/java/com/kolonbenit/benitworx/app/com/modulecode/controller/ModuleCodeAbleAttrController.java,ModuleCodeAbleAttrController,cloudhr-sys/src/main/java/com/kolonbenit/benitworx/app/com/modulecode/controller/ModuleCodeAbleAttrController.java,,"""/sys/module-code-able-attr""",,method_mapping_count=7,CONFIGURE,HRIS.CONFIG.REFERENCE_DATA,HRIS_CONFIGURATION,GET|POST /api/platform/v1/admin/hris/configurations; HrisReferenceDataPublished.v1,dwp-platform-server,"Consolidate list/detail screens into a typed, effective-dated reference-data studio with validation, simulation, approval and publish lifecycle.",PRODUCT_CORE|TENANT_CONFIG,DEC-SYS-003|SYS-GOLDEN-REFERENCE|tenant-negative|SoD-negative|receipt-replay,DECIDED,ROLE.HRIS_SYS_PRODUCT_OWNER,BEHAVIORAL_REIMPLEMENTATION_NO_CODE_REUSE; source artifact retained for traceability; operational parity evidence is activation-scoped.
HRIS-SYS,sys,CONTROLLER,controller:sys:cloudhr-sys/src/main/java/com/kolonbenit/benitworx/app/com/modulecode/controller/ModuleCodeAbleAttrInitController.java,ModuleCodeAbleAttrInitController,cloudhr-sys/src/main/java/com/kolonbenit/benitworx/app/com/modulecode/controller/ModuleCodeAbleAttrInitController.java,,"""/sys/module-code-able-attr""",,method_mapping_count=2,CONFIGURE,HRIS.CONFIG.REFERENCE_DATA,HRIS_CONFIGURATION,GET|POST /api/platform/v1/admin/hris/configurations; HrisReferenceDataPublished.v1,dwp-platform-server,"Consolidate list/detail screens into a typed, effective-dated reference-data studio with validation, simulation, approval and publish lifecycle.",PRODUCT_CORE|TENANT_CONFIG,DEC-SYS-003|SYS-GOLDEN-REFERENCE|tenant-negative|SoD-negative|receipt-replay,DECIDED,ROLE.HRIS_SYS_PRODUCT_OWNER,BEHAVIORAL_REIMPLEMENTATION_NO_CODE_REUSE; source artifact retained for traceability; operational parity evidence is activation-scoped.
HRIS-SYS,sys,CONTROLLER,controller:sys:cloudhr-sys/src/main/java/com/kolonbenit/benitworx/app/com/modulecode/controller/ModuleCodeTypeController.java,ModuleCodeTypeController,cloudhr-sys/src/main/java/com/kolonbenit/benitworx/app/com/modulecode/controller/ModuleCodeTypeController.java,,"""/sys/module-code-type""",,method_mapping_count=8,CONFIGURE,HRIS.CONFIG.REFERENCE_DATA,HRIS_CONFIGURATION,GET|POST /api/platform/v1/admin/hris/configurations; HrisReferenceDataPublished.v1,dwp-platform-server,"Consolidate list/detail screens into a typed, effective-dated reference-data studio with validation, simulation, approval and publish lifecycle.",PRODUCT_CORE|TENANT_CONFIG,DEC-SYS-003|SYS-GOLDEN-REFERENCE|tenant-negative|SoD-negative|receipt-replay,DECIDED,ROLE.HRIS_SYS_PRODUCT_OWNER,BEHAVIORAL_REIMPLEMENTATION_NO_CODE_REUSE; source artifact retained for traceability; operational parity evidence is activation-scoped.
HRIS-SYS,sys,CONTROLLER,controller:sys:cloudhr-sys/src/main/java/com/kolonbenit/benitworx/app/com/modulecode/controller/ModuleCodeTypeInitController.java,ModuleCodeTypeInitController,cloudhr-sys/src/main/java/com/kolonbenit/benitworx/app/com/modulecode/controller/ModuleCodeTypeInitController.java,,"""/sys/module-code-type""",,method_mapping_count=2,CONFIGURE,HRIS.CONFIG.REFERENCE_DATA,HRIS_CONFIGURATION,GET|POST /api/platform/v1/admin/hris/configurations; HrisReferenceDataPublished.v1,dwp-platform-server,"Consolidate list/detail screens into a typed, effective-dated reference-data studio with validation, simulation, approval and publish lifecycle.",PRODUCT_CORE|TENANT_CONFIG,DEC-SYS-003|SYS-GOLDEN-REFERENCE|tenant-negative|SoD-negative|receipt-replay,DECIDED,ROLE.HRIS_SYS_PRODUCT_OWNER,BEHAVIORAL_REIMPLEMENTATION_NO_CODE_REUSE; source artifact retained for traceability; operational parity evidence is activation-scoped.
HRIS-SYS,sys,CONTROLLER,controller:sys:cloudhr-sys/src/main/java/com/kolonbenit/benitworx/app/com/role/ComRoleUserController.java,ComRoleUserController,cloudhr-sys/src/main/java/com/kolonbenit/benitworx/app/com/role/ComRoleUserController.java,,"""/sys/role""",,method_mapping_count=2,REUSE,DWP.IDENTITY.PRODUCT_ACCESS,DWP_AUTH_PLATFORM,GET|POST /api/auth/v1/admin/hris/access-packages; dwp.hris.access.assignment.changed.v1,dwp-auth-server,"Replace legacy menu/user ACL screens with versioned app entitlement, access package, atomic duty, scope/field policy and SoD projection.",DWP_SHARED_PLATFORM,DEC-SYS-001|SYS-GOLDEN-IDENTITY|tenant-negative|SoD-negative|receipt-replay,DECIDED,ROLE.HRIS_SYS_PRODUCT_OWNER,BEHAVIORAL_REIMPLEMENTATION_NO_CODE_REUSE; source artifact retained for traceability; operational parity evidence is activation-scoped.
HRIS-SYS,sys,CONTROLLER,controller:sys:cloudhr-sys/src/main/java/com/kolonbenit/benitworx/app/com/saml/controller/IdPSelectionController.java,IdPSelectionController,cloudhr-sys/src/main/java/com/kolonbenit/benitworx/app/com/saml/controller/IdPSelectionController.java,,,,method_mapping_count=2,REUSE,DWP.IDENTITY.PRODUCT_ACCESS,DWP_AUTH_PLATFORM,GET|POST /api/auth/v1/admin/hris/access-packages; dwp.hris.access.assignment.changed.v1,dwp-auth-server,"Replace legacy menu/user ACL screens with versioned app entitlement, access package, atomic duty, scope/field policy and SoD projection.",DWP_SHARED_PLATFORM,DEC-SYS-001|SYS-GOLDEN-IDENTITY|tenant-negative|SoD-negative|receipt-replay,DECIDED,ROLE.HRIS_SYS_PRODUCT_OWNER,BEHAVIORAL_REIMPLEMENTATION_NO_CODE_REUSE; source artifact retained for traceability; operational parity evidence is activation-scoped.
HRIS-SYS,sys,CONTROLLER,controller:sys:cloudhr-sys/src/main/java/com/kolonbenit/benitworx/app/com/saml/controller/SamlController.java,SamlController,cloudhr-sys/src/main/java/com/kolonbenit/benitworx/app/com/saml/controller/SamlController.java,,"""/sys/saml""",,method_mapping_count=3,REUSE,DWP.IDENTITY.PRODUCT_ACCESS,DWP_AUTH_PLATFORM,GET|POST /api/auth/v1/admin/hris/access-packages; dwp.hris.access.assignment.changed.v1,dwp-auth-server,"Replace legacy menu/user ACL screens with versioned app entitlement, access package, atomic duty, scope/field policy and SoD projection.",DWP_SHARED_PLATFORM,DEC-SYS-001|SYS-GOLDEN-IDENTITY|tenant-negative|SoD-negative|receipt-replay,DECIDED,ROLE.HRIS_SYS_PRODUCT_OWNER,BEHAVIORAL_REIMPLEMENTATION_NO_CODE_REUSE; source artifact retained for traceability; operational parity evidence is activation-scoped.
HRIS-SYS,sys,CONTROLLER,controller:sys:cloudhr-sys/src/main/java/com/kolonbenit/benitworx/app/com/template/DeprecatedMailSendController.java,DeprecatedMailSendController,cloudhr-sys/src/main/java/com/kolonbenit/benitworx/app/com/template/DeprecatedMailSendController.java,,"""/sys/mailSend""",,method_mapping_count=2,RETIRE,DWP.PLATFORM.RETIRED_LEGACY_PATH,DWP_SHARED_PLATFORM,No target endpoint; replacement contract referenced by decision,dwp-platform-server,"Retire legacy duplicate, direct-send, vendor-specific or security-sensitive path after its supported replacement and retention/export obligations are verified.",RETIRED,DEC-SYS-013|SYS-GOLDEN-RETIRE|tenant-negative|SoD-negative|receipt-replay,DECIDED,ROLE.HRIS_SYS_PRODUCT_OWNER,BEHAVIORAL_REIMPLEMENTATION_NO_CODE_REUSE; source artifact retained for traceability; operational parity evidence is activation-scoped.
HRIS-SYS,sys,CONTROLLER,controller:sys:cloudhr-sys/src/main/java/com/kolonbenit/benitworx/app/com/template/DeprecatedNotfcSendController.java,DeprecatedNotfcSendController,cloudhr-sys/src/main/java/com/kolonbenit/benitworx/app/com/template/DeprecatedNotfcSendController.java,,"""/sys/notfcSend""",,method_mapping_count=2,RETIRE,DWP.PLATFORM.RETIRED_LEGACY_PATH,DWP_SHARED_PLATFORM,No target endpoint; replacement contract referenced by decision,dwp-platform-server,"Retire legacy duplicate, direct-send, vendor-specific or security-sensitive path after its supported replacement and retention/export obligations are verified.",RETIRED,DEC-SYS-013|SYS-GOLDEN-RETIRE|tenant-negative|SoD-negative|receipt-replay,DECIDED,ROLE.HRIS_SYS_PRODUCT_OWNER,BEHAVIORAL_REIMPLEMENTATION_NO_CODE_REUSE; source artifact retained for traceability; operational parity evidence is activation-scoped.
HRIS-SYS,sys,CONTROLLER,controller:sys:cloudhr-sys/src/main/java/com/kolonbenit/benitworx/app/com/user/controller/SysUserClientController.java,SysUserClientController,cloudhr-sys/src/main/java/com/kolonbenit/benitworx/app/com/user/controller/SysUserClientController.java,,"""/sys/user/client""",,method_mapping_count=3,REUSE,DWP.IDENTITY.PRODUCT_ACCESS,DWP_AUTH_PLATFORM,GET|POST /api/auth/v1/admin/hris/access-packages; dwp.hris.access.assignment.changed.v1,dwp-auth-server,"Replace legacy menu/user ACL screens with versioned app entitlement, access package, atomic duty, scope/field policy and SoD projection.",DWP_SHARED_PLATFORM,DEC-SYS-001|SYS-GOLDEN-IDENTITY|tenant-negative|SoD-negative|receipt-replay,DECIDED,ROLE.HRIS_SYS_PRODUCT_OWNER,BEHAVIORAL_REIMPLEMENTATION_NO_CODE_REUSE; source artifact retained for traceability; operational parity evidence is activation-scoped.
HRIS-SYS,sys,CONTROLLER,controller:sys:cloudhr-sys/src/main/java/com/kolonbenit/benitworx/app/com/user/controller/SysUserClientInitController.java,SysUserClientInitController,cloudhr-sys/src/main/java/com/kolonbenit/benitworx/app/com/user/controller/SysUserClientInitController.java,,"""/sys/user/client""",,method_mapping_count=2,REUSE,DWP.IDENTITY.PRODUCT_ACCESS,DWP_AUTH_PLATFORM,GET|POST /api/auth/v1/admin/hris/access-packages; dwp.hris.access.assignment.changed.v1,dwp-auth-server,"Replace legacy menu/user ACL screens with versioned app entitlement, access package, atomic duty, scope/field policy and SoD projection.",DWP_SHARED_PLATFORM,DEC-SYS-001|SYS-GOLDEN-IDENTITY|tenant-negative|SoD-negative|receipt-replay,DECIDED,ROLE.HRIS_SYS_PRODUCT_OWNER,BEHAVIORAL_REIMPLEMENTATION_NO_CODE_REUSE; source artifact retained for traceability; operational parity evidence is activation-scoped.
HRIS-SYS,sys,ENTITY,entity:sys:cloudhr-sys/src/main/java/com/kolonbenit/benitworx/app/com/comhrm/entity/ComAppointment.java,ComAppointment,cloudhr-sys/src/main/java/com/kolonbenit/benitworx/app/com/comhrm/entity/ComAppointment.java,,com_appointment,com_appointment,id_strategy=@Id|@GeneratedValue;tenant_company_fields=coId,REUSE,DWP.TENANT.ENTERPRISE_DIRECTORY,DWP_TENANT_ENTERPRISE,GET|POST /api/provider/v1/admin/tenants; TenantConfigurationChanged.v1,dwp-provider-server,Reuse DWP tenant and People enterprise masters; remove duplicated SYS employee and organization stores and consume versioned projections.,DWP_SHARED_PLATFORM,DEC-SYS-002|SYS-GOLDEN-TENANT|tenant-negative|SoD-negative|receipt-replay,DECIDED,ROLE.HRIS_SYS_PRODUCT_OWNER,BEHAVIORAL_REIMPLEMENTATION_NO_CODE_REUSE; source artifact retained for traceability; operational parity evidence is activation-scoped.
HRIS-SYS,sys,ENTITY,entity:sys:cloudhr-sys/src/main/java/com/kolonbenit/benitworx/app/com/comhrm/entity/ComEmployee.java,ComEmployee,cloudhr-sys/src/main/java/com/kolonbenit/benitworx/app/com/comhrm/entity/ComEmployee.java,,com_employee,com_employee,id_strategy=@Id|@GeneratedValue;tenant_company_fields=coId|buId|bizplcId|tenantId,REUSE,DWP.TENANT.ENTERPRISE_DIRECTORY,DWP_TENANT_ENTERPRISE,GET|POST /api/provider/v1/admin/tenants; TenantConfigurationChanged.v1,dwp-provider-server,Reuse DWP tenant and People enterprise masters; remove duplicated SYS employee and organization stores and consume versioned projections.,DWP_SHARED_PLATFORM,DEC-SYS-002|SYS-GOLDEN-TENANT|tenant-negative|SoD-negative|receipt-replay,DECIDED,ROLE.HRIS_SYS_PRODUCT_OWNER,BEHAVIORAL_REIMPLEMENTATION_NO_CODE_REUSE; source artifact retained for traceability; operational parity evidence is activation-scoped.
HRIS-SYS,sys,ENTITY,entity:sys:cloudhr-sys/src/main/java/com/kolonbenit/benitworx/app/com/comhrm/entity/ComEmployeeState.java,ComEmployeeState,cloudhr-sys/src/main/java/com/kolonbenit/benitworx/app/com/comhrm/entity/ComEmployeeState.java,,com_employee_state,com_employee_state,id_strategy=@Id|@GeneratedValue;effective_date_fields=beginDt|endDt;tenant_company_fields=coId|buId|bizplcId,REUSE,DWP.TENANT.ENTERPRISE_DIRECTORY,DWP_TENANT_ENTERPRISE,GET|POST /api/provider/v1/admin/tenants; TenantConfigurationChanged.v1,dwp-provider-server,Reuse DWP tenant and People enterprise masters; remove duplicated SYS employee and organization stores and consume versioned projections.,DWP_SHARED_PLATFORM,DEC-SYS-002|SYS-GOLDEN-TENANT|tenant-negative|SoD-negative|receipt-replay,DECIDED,ROLE.HRIS_SYS_PRODUCT_OWNER,BEHAVIORAL_REIMPLEMENTATION_NO_CODE_REUSE; source artifact retained for traceability; operational parity evidence is activation-scoped.
HRIS-SYS,sys,ENTITY,entity:sys:cloudhr-sys/src/main/java/com/kolonbenit/benitworx/app/com/comhrm/entity/ComOrganization.java,ComOrganization,cloudhr-sys/src/main/java/com/kolonbenit/benitworx/app/com/comhrm/entity/ComOrganization.java,,com_organization,com_organization,id_strategy=@Id|@GeneratedValue;effective_date_fields=beginDt|endDt;tenant_company_fields=coId|buId|bizplcId,REUSE,DWP.TENANT.ENTERPRISE_DIRECTORY,DWP_TENANT_ENTERPRISE,GET|POST /api/provider/v1/admin/tenants; TenantConfigurationChanged.v1,dwp-provider-server,Reuse DWP tenant and People enterprise masters; remove duplicated SYS employee and organization stores and consume versioned projections.,DWP_SHARED_PLATFORM,DEC-SYS-002|SYS-GOLDEN-TENANT|tenant-negative|SoD-negative|receipt-replay,DECIDED,ROLE.HRIS_SYS_PRODUCT_OWNER,BEHAVIORAL_REIMPLEMENTATION_NO_CODE_REUSE; source artifact retained for traceability; operational parity evidence is activation-scoped.
HRIS-SYS,sys,ENTITY,entity:sys:cloudhr-sys/src/main/java/com/kolonbenit/benitworx/app/com/comhrm/entity/ComOrganizationAll.java,ComOrganizationAll,cloudhr-sys/src/main/java/com/kolonbenit/benitworx/app/com/comhrm/entity/ComOrganizationAll.java,,com_organization_all,com_organization_all,id_strategy=@Id|@GeneratedValue;tenant_company_fields=coId,REUSE,DWP.TENANT.ENTERPRISE_DIRECTORY,DWP_TENANT_ENTERPRISE,GET|POST /api/provider/v1/admin/tenants; TenantConfigurationChanged.v1,dwp-provider-server,Reuse DWP tenant and People enterprise masters; remove duplicated SYS employee and organization stores and consume versioned projections.,DWP_SHARED_PLATFORM,DEC-SYS-002|SYS-GOLDEN-TENANT|tenant-negative|SoD-negative|receipt-replay,DECIDED,ROLE.HRIS_SYS_PRODUCT_OWNER,BEHAVIORAL_REIMPLEMENTATION_NO_CODE_REUSE; source artifact retained for traceability; operational parity evidence is activation-scoped.
HRIS-SYS,sys,ENTITY,entity:sys:cloudhr-sys/src/main/java/com/kolonbenit/benitworx/app/com/jobSeqno/entity/JobSeqno.java,JobSeqno,cloudhr-sys/src/main/java/com/kolonbenit/benitworx/app/com/jobSeqno/entity/JobSeqno.java,,sys_job_seqno,sys_job_seqno,id_strategy=@Id|@GeneratedValue;tenant_company_fields=coId,REBUILD,DWP.AUTOMATION.CONTROL_PLANE,DWP_PLATFORM_AUTOMATION,GET|POST /api/platform/v1/admin/hris/automations; dwp.hris.automation.run.state-changed.v1,dwp-platform-server,"Replace class/method-driven batch execution with signed versioned job manifests, schema-validated parameters, leases, idempotent attempts, retry/DLQ and immutable receipts.",DWP_SHARED_PLATFORM,DEC-SYS-004|SYS-GOLDEN-AUTOMATION|tenant-negative|SoD-negative|receipt-replay,DECIDED,ROLE.HRIS_SYS_PRODUCT_OWNER,BEHAVIORAL_REIMPLEMENTATION_NO_CODE_REUSE; source artifact retained for traceability; operational parity evidence is activation-scoped.
HRIS-SYS,sys,ENTITY,entity:sys:cloudhr-sys/src/main/java/com/kolonbenit/benitworx/app/com/modulecode/entity/attr/ModuleCodeAbleAttr.java,ModuleCodeAbleAttr,cloudhr-sys/src/main/java/com/kolonbenit/benitworx/app/com/modulecode/entity/attr/ModuleCodeAbleAttr.java,,sys_module_cd_able_attr,sys_module_cd_able_attr,id_strategy=@Id|@GeneratedValue;tenant_company_fields=coId,CONFIGURE,HRIS.CONFIG.REFERENCE_DATA,HRIS_CONFIGURATION,GET|POST /api/platform/v1/admin/hris/configurations; HrisReferenceDataPublished.v1,dwp-platform-server,"Consolidate list/detail screens into a typed, effective-dated reference-data studio with validation, simulation, approval and publish lifecycle.",PRODUCT_CORE|TENANT_CONFIG,DEC-SYS-003|SYS-GOLDEN-REFERENCE|tenant-negative|SoD-negative|receipt-replay,DECIDED,ROLE.HRIS_SYS_PRODUCT_OWNER,BEHAVIORAL_REIMPLEMENTATION_NO_CODE_REUSE; source artifact retained for traceability; operational parity evidence is activation-scoped.
HRIS-SYS,sys,ENTITY,entity:sys:cloudhr-sys/src/main/java/com/kolonbenit/benitworx/app/com/modulecode/entity/attr/ModuleCodeAbleAttrLang.java,ModuleCodeAbleAttrLang,cloudhr-sys/src/main/java/com/kolonbenit/benitworx/app/com/modulecode/entity/attr/ModuleCodeAbleAttrLang.java,,sys_module_cd_able_attr_lang,sys_module_cd_able_attr_lang,id_strategy=@Id|@GeneratedValue;tenant_company_fields=coId,CONFIGURE,HRIS.CONFIG.REFERENCE_DATA,HRIS_CONFIGURATION,GET|POST /api/platform/v1/admin/hris/configurations; HrisReferenceDataPublished.v1,dwp-platform-server,"Consolidate list/detail screens into a typed, effective-dated reference-data studio with validation, simulation, approval and publish lifecycle.",PRODUCT_CORE|TENANT_CONFIG,DEC-SYS-003|SYS-GOLDEN-REFERENCE|tenant-negative|SoD-negative|receipt-replay,DECIDED,ROLE.HRIS_SYS_PRODUCT_OWNER,BEHAVIORAL_REIMPLEMENTATION_NO_CODE_REUSE; source artifact retained for traceability; operational parity evidence is activation-scoped.
HRIS-SYS,sys,ENTITY,entity:sys:cloudhr-sys/src/main/java/com/kolonbenit/benitworx/app/com/modulecode/entity/code/ModuleCode.java,ModuleCode,cloudhr-sys/src/main/java/com/kolonbenit/benitworx/app/com/modulecode/entity/code/ModuleCode.java,,sys_module_cd,sys_module_cd,id_strategy=@Id|@GeneratedValue;effective_date_fields=beginDt|endDt;tenant_company_fields=coId,CONFIGURE,HRIS.CONFIG.REFERENCE_DATA,HRIS_CONFIGURATION,GET|POST /api/platform/v1/admin/hris/configurations; HrisReferenceDataPublished.v1,dwp-platform-server,"Consolidate list/detail screens into a typed, effective-dated reference-data studio with validation, simulation, approval and publish lifecycle.",PRODUCT_CORE|TENANT_CONFIG,DEC-SYS-003|SYS-GOLDEN-REFERENCE|tenant-negative|SoD-negative|receipt-replay,DECIDED,ROLE.HRIS_SYS_PRODUCT_OWNER,BEHAVIORAL_REIMPLEMENTATION_NO_CODE_REUSE; source artifact retained for traceability; operational parity evidence is activation-scoped.
HRIS-SYS,sys,ENTITY,entity:sys:cloudhr-sys/src/main/java/com/kolonbenit/benitworx/app/com/modulecode/entity/code/ModuleCodeAttr.java,ModuleCodeAttr,cloudhr-sys/src/main/java/com/kolonbenit/benitworx/app/com/modulecode/entity/code/ModuleCodeAttr.java,,sys_module_cd_attr,sys_module_cd_attr,id_strategy=@Id|@GeneratedValue;effective_date_fields=beginDt;tenant_company_fields=coId,CONFIGURE,HRIS.CONFIG.REFERENCE_DATA,HRIS_CONFIGURATION,GET|POST /api/platform/v1/admin/hris/configurations; HrisReferenceDataPublished.v1,dwp-platform-server,"Consolidate list/detail screens into a typed, effective-dated reference-data studio with validation, simulation, approval and publish lifecycle.",PRODUCT_CORE|TENANT_CONFIG,DEC-SYS-003|SYS-GOLDEN-REFERENCE|tenant-negative|SoD-negative|receipt-replay,DECIDED,ROLE.HRIS_SYS_PRODUCT_OWNER,BEHAVIORAL_REIMPLEMENTATION_NO_CODE_REUSE; source artifact retained for traceability; operational parity evidence is activation-scoped.
HRIS-SYS,sys,ENTITY,entity:sys:cloudhr-sys/src/main/java/com/kolonbenit/benitworx/app/com/modulecode/entity/code/ModuleCodeLang.java,ModuleCodeLang,cloudhr-sys/src/main/java/com/kolonbenit/benitworx/app/com/modulecode/entity/code/ModuleCodeLang.java,,sys_module_cd_lang,sys_module_cd_lang,id_strategy=@Id|@GeneratedValue;effective_date_fields=beginDt;tenant_company_fields=coId,CONFIGURE,HRIS.CONFIG.REFERENCE_DATA,HRIS_CONFIGURATION,GET|POST /api/platform/v1/admin/hris/configurations; HrisReferenceDataPublished.v1,dwp-platform-server,"Consolidate list/detail screens into a typed, effective-dated reference-data studio with validation, simulation, approval and publish lifecycle.",PRODUCT_CORE|TENANT_CONFIG,DEC-SYS-003|SYS-GOLDEN-REFERENCE|tenant-negative|SoD-negative|receipt-replay,DECIDED,ROLE.HRIS_SYS_PRODUCT_OWNER,BEHAVIORAL_REIMPLEMENTATION_NO_CODE_REUSE; source artifact retained for traceability; operational parity evidence is activation-scoped.
HRIS-SYS,sys,ENTITY,entity:sys:cloudhr-sys/src/main/java/com/kolonbenit/benitworx/app/com/modulecode/entity/type/ModuleCodeType.java,ModuleCodeType,cloudhr-sys/src/main/java/com/kolonbenit/benitworx/app/com/modulecode/entity/type/ModuleCodeType.java,,sys_module_cd_tp,sys_module_cd_tp,id_strategy=@Id|@GeneratedValue;tenant_company_fields=coId,CONFIGURE,HRIS.CONFIG.REFERENCE_DATA,HRIS_CONFIGURATION,GET|POST /api/platform/v1/admin/hris/configurations; HrisReferenceDataPublished.v1,dwp-platform-server,"Consolidate list/detail screens into a typed, effective-dated reference-data studio with validation, simulation, approval and publish lifecycle.",PRODUCT_CORE|TENANT_CONFIG,DEC-SYS-003|SYS-GOLDEN-REFERENCE|tenant-negative|SoD-negative|receipt-replay,DECIDED,ROLE.HRIS_SYS_PRODUCT_OWNER,BEHAVIORAL_REIMPLEMENTATION_NO_CODE_REUSE; source artifact retained for traceability; operational parity evidence is activation-scoped.
HRIS-SYS,sys,ENTITY,entity:sys:cloudhr-sys/src/main/java/com/kolonbenit/benitworx/app/com/modulecode/entity/type/ModuleCodeTypeAttr.java,ModuleCodeTypeAttr,cloudhr-sys/src/main/java/com/kolonbenit/benitworx/app/com/modulecode/entity/type/ModuleCodeTypeAttr.java,,sys_module_cd_tp_attr,sys_module_cd_tp_attr,id_strategy=@Id|@GeneratedValue;tenant_company_fields=coId,CONFIGURE,HRIS.CONFIG.REFERENCE_DATA,HRIS_CONFIGURATION,GET|POST /api/platform/v1/admin/hris/configurations; HrisReferenceDataPublished.v1,dwp-platform-server,"Consolidate list/detail screens into a typed, effective-dated reference-data studio with validation, simulation, approval and publish lifecycle.",PRODUCT_CORE|TENANT_CONFIG,DEC-SYS-003|SYS-GOLDEN-REFERENCE|tenant-negative|SoD-negative|receipt-replay,DECIDED,ROLE.HRIS_SYS_PRODUCT_OWNER,BEHAVIORAL_REIMPLEMENTATION_NO_CODE_REUSE; source artifact retained for traceability; operational parity evidence is activation-scoped.
HRIS-SYS,sys,ENTITY,entity:sys:cloudhr-sys/src/main/java/com/kolonbenit/benitworx/app/com/modulecode/entity/type/ModuleCodeTypeLang.java,ModuleCodeTypeLang,cloudhr-sys/src/main/java/com/kolonbenit/benitworx/app/com/modulecode/entity/type/ModuleCodeTypeLang.java,,sys_module_cd_tp_lang,sys_module_cd_tp_lang,id_strategy=@Id|@GeneratedValue;tenant_company_fields=coId,CONFIGURE,HRIS.CONFIG.REFERENCE_DATA,HRIS_CONFIGURATION,GET|POST /api/platform/v1/admin/hris/configurations; HrisReferenceDataPublished.v1,dwp-platform-server,"Consolidate list/detail screens into a typed, effective-dated reference-data studio with validation, simulation, approval and publish lifecycle.",PRODUCT_CORE|TENANT_CONFIG,DEC-SYS-003|SYS-GOLDEN-REFERENCE|tenant-negative|SoD-negative|receipt-replay,DECIDED,ROLE.HRIS_SYS_PRODUCT_OWNER,BEHAVIORAL_REIMPLEMENTATION_NO_CODE_REUSE; source artifact retained for traceability; operational parity evidence is activation-scoped.
